origin,destination,expanded_workers_2010,sample_records
3300100,2611606,10.7350664224131,1
3300100,2916609,6.8052254464738,1
3300100,2918506,10.3459339415942,1
3300100,3106200,32.9911763527782,3
3300100,3107505,5.9869935264373,1
3300100,3136702,10.4091015644975,1
3300100,3163706,11.1554267711781,1
3300100,3205309,11.4997010202958,1
3300100,3300100,56189.43550478803,5337
3300100,3300233,11.5926435260834,1
3300100,3300407,22.4993084414508,2
3300100,3300704,10.3704668987083,1
3300100,3301009,15.6797597851612,2
3300100,3301702,8.4027409736537,1
3300100,3302007,105.37711742433412,9
3300100,3302270,18.4796122785906,1
3300100,3302403,117.16163224741922,11
3300100,3302601,206.9467552754102,18
3300100,3302700,7.0941716636638,1
3300100,3303302,45.981217928552695,4
3300100,3303401,17.4975950188792,2
3300100,3303500,12.2463851073299,1
3300100,3303807,404.4350520983559,36
3300100,3304003,11.5080868842823,1
3300100,3304409,19.4332702572627,2
3300100,3304557,766.8414865854145,71
3300100,3304904,11.4398966513917,1
3300100,3305109,31.1532029741549,3
3300100,3306305,46.7019751585348,5
3300100,3399999,63.6614393174066,6
3300100,3510500,34.1299475807471,3
3300100,3525003,10.219668878966,1
3300100,3534401,10.9244991079446,1
3300100,3548500,24.732332648214403,3
3300100,3549904,45.405216007753296,4
3300100,3550308,48.10129324216629,4
3300100,3551009,8.688427864706,1
3300100,3552205,7.302089148984,1
3300100,3555406,23.014309668752198,2
3300100,4115705,13.5303769541019,1
3300100,4318101,13.2983098948102,1
3300100,8888888,15.162534667465,1
3300159,3101508,5.7682727962034,1
3300159,3106200,6.7047638824865,1
3300159,3151107,5.0304255205111,1
3300159,3300159,3184.437239863709,645
3300159,3300605,2.6356095889349,1
3300159,3300902,80.40965362540139,15
3300159,3301009,8.3943189608152,2
3300159,3301108,5.8277517574193,1
3300159,3301504,6.8116383476977,1
3300159,3302106,306.6625977117086,62
3300159,3302205,12.8386511396897,3
3300159,3302403,57.0204077331181,12
3300159,3303302,4.4900864045045,1
3300159,3303401,10.2558528802731,2
3300159,3304524,15.373230912647799,3
3300159,3304557,8.524297184691001,2
3300159,3304706,197.86391303384409,41
3300159,3304805,7.5661338551575,2
3300209,1200401,12.2170124787018,1
3300209,2606408,11.3538929589312,1
3300209,2920601,12.6918838381386,1
3300209,3202306,11.440454011053,1
3300209,3202405,15.775613973183,1
3300209,3205309,10.2100461300508,1
3300209,3300100,31.194703619027997,3
3300209,3300209,30524.754295945553,3030
3300209,3300233,105.9488203166706,11
3300209,3300258,61.9231951646179,6
3300209,3300456,26.7941632961676,2
3300209,3300704,962.0929283232672,99
3300209,3301009,65.5477064193177,7
3300209,3301306,11.5919095507945,1
3300209,3301405,12.1309325676612,1
3300209,3301702,30.080057321121302,3
3300209,3301876,379.3232307478031,36
3300209,3301900,18.7957639485499,2
3300209,3302007,11.2492638650519,1
3300209,3302106,7.9738908134223,1
3300209,3302205,11.966522068641,1
3300209,3302403,459.9199046082872,46
3300209,3302502,20.785940224278,2
3300209,3302700,20.8533798649752,2
3300209,3303203,33.2004383695708,3
3300209,3303302,494.59089819188944,50
3300209,3303401,9.5952190921637,1
3300209,3303500,7.023060792971,1
3300209,3303906,20.7175381774876,2
3300209,3304110,15.1133499266276,2
3300209,3304201,19.767275339187,2
3300209,3304300,100.39969637247569,9
3300209,3304524,115.1254282875217,13
3300209,3304557,1834.8018709360836,192
3300209,3304904,93.61979945409671,10
3300209,3305109,8.5234974921479,1
3300209,3305208,460.27975462455515,43
3300209,3305505,435.14245113060235,41
3300209,3305604,38.8844707042923,4
3300209,3305752,8.4367666472746,1
3300209,3306206,10.6598218291896,1
3300209,3509502,11.7199766495855,1
3300209,3550308,17.0287069998259,2
3300209,4314902,4.8903713351321,1
3300209,8888888,55.322738686480804,6
3300225,2608909,5.2910835157448,1
3300225,3106200,4.4359729163811,1
3300225,3112059,6.1037865676596,1
3300225,3115300,5.8199529911666,1
3300225,3116209,6.4516332752239,1
3300225,3136702,5.5406637771629,1
3300225,3300100,6.4423258114817,1
3300225,3300225,2866.863665423961,548
3300225,3300951,10.1404377303931,2
3300225,3301108,5.2248022322896,1
3300225,3301702,11.6592360887418,2
3300225,3302007,5.7386867917484,1
3300225,3302205,3.3525596390887,1
3300225,3302403,4.0744061924034,1
3300225,3303708,31.0289408138067,6
3300225,3303906,888.6763657156947,172
3300225,3304201,5.7955126974303,1
3300225,3304557,100.72259405523681,19
3300225,3305158,9.2848867718438,2
3300225,3305802,4.1508354708211,1
3300225,3306008,178.63562203286307,34
3300225,3306206,5.5134638724315,1
3300225,5103403,4.4399160221943,1
3300233,3300233,9993.02925155396,1004
3300233,3300258,11.5475572770538,1
3300233,3300704,258.23751343906446,23
3300233,3301009,12.330643668721,1
3300233,3302403,10.1100994853743,1
3300233,3302700,12.756857968218,1
3300233,3304524,26.5180874174891,3
3300233,3304557,159.72680766928542,17
3300233,3305208,21.933447010733502,2
3300258,2699999,8.2391710077461,1
3300258,2933307,10.116128114083,1
3300258,3300100,25.349769730240602,2
3300258,3300209,58.1022603084712,6
3300258,3300233,70.6220065233225,7
3300258,3300258,7691.468295759755,754
3300258,3300704,1057.5466106735892,105
3300258,3301009,32.6839143299812,3
3300258,3301306,9.7410075379942,1
3300258,3301702,46.534037538180904,5
3300258,3301876,9.3615012011483,1
3300258,3302007,6.7759108424984,1
3300258,3302403,323.0659370377551,31
3300258,3303302,38.4563548846677,4
3300258,3304524,10.9886739931497,1
3300258,3304557,393.66787905337304,40
3300258,3304904,12.2090092111091,2
3300258,3305208,102.0399701185618,10
3300258,3550308,10.5755834864612,1
3300308,3106200,8.1661175124672,1
3300308,3136702,7.9285912064881,1
3300308,3155900,9.8195004019488,1
3300308,3205309,8.5504051051513,1
3300308,3300100,175.91677989272767,17
3300308,3300308,25176.1120440118,2457
3300308,3300407,254.37424848454287,26
3300308,3300456,23.5283453031344,2
3300308,3301009,17.216191787998902,2
3300308,3301207,11.5821280077879,1
3300308,3301702,22.5166419190945,2
3300308,3301801,21.5414832939433,2
3300308,3302007,121.18498616010481,11
3300308,3302254,22.292108333117,3
3300308,3302270,10.0429396880049,1
3300308,3302403,61.7705900773277,5
3300308,3302601,36.9508889291214,3
3300308,3302809,115.1729030955812,11
3300308,3302908,19.9505101055918,1
3300308,3303203,17.718034103306,2
3300308,3303302,34.6751296447395,4
3300308,3303401,11.6446671713987,1
3300308,3303500,21.211317121242,2
3300308,3303609,11.1603723038716,1
3300308,3303906,14.672827724291,1
3300308,3303955,215.467919797554,21
3300308,3304003,1146.1039163092353,113
3300308,3304110,42.9506532958887,4
3300308,3304128,9.7795897070526,1
3300308,3304201,158.49888306238515,15
3300308,3304557,568.9035722005866,55
3300308,3304904,8.5459013519633,1
3300308,3305554,14.6785596743248,2
3300308,3306008,35.066334141455094,4
3300308,3306107,275.99843480332135,26
3300308,3306206,371.2879654319912,35
3300308,3306305,3707.8334958924465,367
3300308,3399999,17.2468983834174,2
3300308,3513504,11.4569250811293,1
3300308,3538006,10.6213265181487,1
3300308,3549904,24.7650407244952,2
3300308,3550308,60.646710203427,6
3300308,3554102,2.000000000002,2
3300308,8888888,40.7895337745751,4
3300407,1500602,11.04031642576,1
3300407,2910727,9.5076042968899,1
3300407,3102803,19.854984089584498,2
3300407,3104106,8.4109169950749,1
3300407,3118007,19.7503207275222,2
3300407,3118304,19.68327910683,2
3300407,3139409,10.2683050032602,1
3300407,3145901,10.2604927489122,1
3300407,3200201,10.4467005740719,1
3300407,3200607,10.763107623214,1
3300407,3205309,8.6275633657423,1
3300407,3300100,629.3880121718239,64
3300407,3300308,238.7602766283147,21
3300407,3300407,47064.48962132656,4614
3300407,3300704,20.4920903579923,2
3300407,3301009,19.0813208557612,2
3300407,3301702,62.861961500956895,7
3300407,3302007,247.48176099232015,25
3300407,3302254,131.8691677258595,13
3300407,3302403,158.44531283188817,15
3300407,3302601,20.1653241187111,2
3300407,3303302,92.3503282404903,10
3300407,3303500,65.8046358628897,6
3300407,3303807,8.0956042652299,1
3300407,3303906,21.2432492660987,2
3300407,3303955,95.04883871381952,11
3300407,3304003,82.7718531524588,8
3300407,3304110,1073.7436116077542,104
3300407,3304128,201.05671265437513,20
3300407,3304144,41.3494884397835,4
3300407,3304201,2275.5657094768017,225
3300407,3304409,76.1751833228125,6
3300407,3304557,836.9138454882692,82
3300407,3304904,12.4239140874876,1
3300407,3305109,8.4799592944964,1
3300407,3305554,28.1007612531145,3
3300407,3306008,9.403603807571,1
3300407,3306107,45.4686278815509,4
3300407,3306206,12.1477470871148,1
3300407,3306305,12034.260849582795,1177
3300407,3399999,32.3481907605754,3
3300407,3503158,26.0908781096633,2
3300407,3503307,10.2034833293665,1
3300407,3504909,64.1589149381089,7
3300407,3505708,8.6226954479551,1
3300407,3508504,6.1920545059841,1
3300407,3509502,13.549724373816,1
3300407,3513405,21.3526689856123,2
3300407,3513504,14.1763941004326,1
3300407,3518800,9.8677996202245,1
3300407,3524402,8.0215555968981,1
3300407,3530607,11.1917244555125,1
3300407,3536505,10.662272789306,1
3300407,3541901,5.5899458591883,1
3300407,3549102,9.3846432501549,1
3300407,3549904,22.3098514055239,2
3300407,3550308,125.96548776334501,13
3300407,3550605,7.6188262992388,1
3300407,3550704,8.6505594973987,1
3300407,3551009,16.602253164472,1
3300407,3554102,13.3612779581937,1
3300407,3599999,12.2746467157483,1
3300407,4101804,29.545373391742,2
3300407,4106902,11.6132957778197,1
3300407,5003702,8.0955534733694,1
3300407,8888888,88.56946444267129,9
3300456,1501402,22.8760251631535,1
3300456,1600105,22.9932735771423,1
3300456,2499999,19.8682056264342,1
3300456,2611606,40.4630877513939,2
3300456,2704708,19.0368155062367,1
3300456,2804805,21.4325970427167,1
3300456,3136702,63.7477560657278,3
3300456,3138401,21.7856652628341,1
3300456,3141801,16.9826411726588,1
3300456,3300100,150.47112716576981,7
3300456,3300209,23.3506673448857,1
3300456,3300407,43.7425758827292,2
3300456,3300456,52638.45445301621,2558
3300456,3300506,20.8701943163478,1
3300456,3301009,67.5070292941081,3
3300456,3301702,11616.498136437427,561
3300456,3301900,20.9037744870769,1
3300456,3302007,160.28831868432562,8
3300456,3302205,20.3014428002338,1
3300456,3302270,42.5197702241056,2
3300456,3302403,362.7799438329323,17
3300456,3302502,137.4729016340931,6
3300456,3302601,20.2002471434713,1
3300456,3302858,778.3596646488935,36
3300456,3303203,535.3915416066174,24
3300456,3303302,1029.6183426029997,51
3300456,3303500,10622.587390965213,512
3300456,3303856,42.4974813296524,2
3300456,3303906,86.28312405293559,4
3300456,3304144,384.7923221693905,18
3300456,3304201,19.3488811818839,1
3300456,3304557,66861.70524745512,3220
3300456,3304904,37.0271824199017,2
3300456,3305109,5920.713033646747,286
3300456,3305554,17.2730410881408,1
3300456,3305802,20.429058850416,1
3300456,3306305,58.5015709786382,3
3300456,3399999,699.5434210082796,34
3300456,3530607,20.9835957757485,1
3300456,3543303,25.0206379841834,1
3300456,3543402,17.5753287068675,1
3300456,3549904,24.9208349538831,1
3300456,3550308,189.4782314110095,9
3300456,3599999,23.7252240154633,1
3300456,4212502,20.391079960553,1
3300456,4307708,17.113905490147,1
3300456,4314902,21.688234228406,1
3300456,8888888,589.1418426913091,27
3300506,3117900,12.1467394575925,1
3300506,3126109,10.1990520263503,1
3300506,3300506,7947.8448195878345,757
3300506,3301108,44.751310081911996,4
3300506,3301504,22.745334513717403,2
3300506,3301603,78.8144795657499,8
3300506,3302403,21.3291828546601,2
3300506,3303302,48.06605732210009,5
3300506,3303401,1444.2157429262095,138
3300506,3304557,56.5717999756126,5
3300506,3304904,15.0408176759154,1
3300506,3305703,8.818952301262,1
3300506,3305901,10.1572803836576,1
3300506,3399999,12.4511456134015,1
3300506,3550308,45.2451887333749,4
3300506,4106902,11.3678954430823,1
3300605,3101508,15.1609239127052,2
3300605,3106705,7.4356085934845,1
3300605,3143906,16.525031605688298,2
3300605,3170800,7.103315380409,1
3300605,3200201,12.2227316972671,1
3300605,3200508,59.63752267130411,7
3300605,3201100,386.23529628964445,38
3300605,3201209,20.9662546329654,2
3300605,3201704,13.5115649595551,1
3300605,3202553,9.1720725498202,1
3300605,3202603,11.3204344222636,1
3300605,3203403,2.9369168735514,1
3300605,3204302,12.1930290838812,1
3300605,3204807,59.8818767346333,7
3300605,3205309,36.4944105153386,4
3300605,3300159,10.3804170147653,1
3300605,3300209,13.1132215352865,1
3300605,3300233,18.7140053533192,2
3300605,3300605,9386.660830808589,939
3300605,3301009,294.1998849156668,27
3300605,3301702,12.1581847318929,1
3300605,3302205,221.34139423962793,21
3300605,3302304,12.6037436009835,1
3300605,3302403,129.65418208530522,13
3300605,3303302,18.0388610557672,2
3300605,3303906,6.5934862656685,1
3300605,3304151,11.4243653533953,1
3300605,3304524,37.2895633918193,3
3300605,3304557,119.04465675035532,12
3300605,3304706,10.2020847425092,1
3300605,3304755,6.6527445776609,1
3300605,3304904,12.3165760896474,1
3300605,3305133,10.3018146679326,1
3300605,3305208,10.3287882919278,1
3300605,3548500,12.5025068573751,1
3300605,3550308,9.2749145024252,1
3300704,1302603,6.6843244835047,1
3300704,2512101,8.527423906647,1
3300704,2925303,18.7408358706146,1
3300704,3105608,20.9053357981548,2
3300704,3106200,30.5239510436924,3
3300704,3122306,7.6773180793916,1
3300704,3136702,21.0944176473415,2
3300704,3203205,10.6428341540289,1
3300704,3205200,6.3347058517372,1
3300704,3205309,7.338740583773101,2
3300704,3300100,15.278973643058,1
3300704,3300209,129.3122515692136,13
3300704,3300233,5338.782288132333,519
3300704,3300258,546.7870105860302,53
3300704,3300704,53521.32142384155,5096
3300704,3301009,232.08874440173201,21
3300704,3301306,775.5657717498182,67
3300704,3301702,32.985848079966,3
3300704,3301876,102.6222091093643,9
3300704,3301900,19.0071749197167,2
3300704,3302205,25.3280667526261,2
3300704,3302403,2599.6412491421906,238
3300704,3302502,23.0257654548385,2
3300704,3303203,20.383560992457,2
3300704,3303302,148.7255684477284,16
3300704,3303500,57.9030563445803,5
3300704,3303906,8.3292184147538,1
3300704,3304003,36.3190509108506,2
3300704,3304300,10.3595974215618,1
3300704,3304524,1447.6197935717303,132
3300704,3304557,1510.3056675201644,145
3300704,3304607,24.1657312900038,2
3300704,3304904,35.9514009184435,3
3300704,3305109,8.724032341818,1
3300704,3305208,985.8352080827036,99
3300704,3305505,43.8024526929485,4
3300704,3305802,10.6762202844973,1
3300704,3306305,11.1951490817804,1
3300704,3505708,9.8878709421252,1
3300704,3506003,12.0828656450019,1
3300704,3509502,11.487613983073,1
3300704,3523107,15.0236695835555,1
3300704,3547809,8.0927101729023,1
3300704,3548708,5.5835678588898,1
3300704,4113205,8.4562015003644,1
3300704,4199999,6.2526342630153,1
3300704,4314902,8.4765909061649,1
3300704,4315602,10.7959454719541,1
3300704,5103403,8.3557102408964,1
3300704,5300108,9.3364681083251,1
3300704,8888888,87.75191474035981,8
3300803,3205309,11.0276202085476,1
3300803,3300100,30.2854476931508,3
3300803,3300308,10.2984837368632,1
3300803,3300506,39.7028359113319,4
3300803,3300803,15772.890894331777,1522
3300803,3301306,16.820227396070898,2
3300803,3301702,21.2251769542484,2
3300803,3301850,21.3749145943963,3
3300803,3301900,474.7060157956256,46
3300803,3302403,40.5878471861114,4
3300803,3302502,40.9973291930488,4
3300803,3302700,16.8087290751862,2
3300803,3303302,534.6723015659275,57
3300803,3303401,389.1126909765204,42
3300803,3303500,19.2706219411561,2
3300803,3303906,9.12795430471,1
3300803,3304300,26.5052448216043,3
3300803,3304524,47.7247902111795,5
3300803,3304557,997.3182717057177,97
3300803,3304904,153.7302741270906,15
3300803,3305208,7.4906564013905,1
3300803,3305505,10.0137784966286,1
3300803,3305554,10.5659219519283,1
3300803,3305802,47.5502562714523,4
3300803,3306305,11.1412788891629,1
3300803,3550308,32.118546260785,4
3300803,4118204,10.251687805761,1
3300803,4205407,8.0903339106975,1
3300803,8888888,16.0948779709668,2
3300902,2800308,4.4919082053901,1
3300902,3300159,380.7066885505108,75
3300902,3300902,4354.626462407913,839
3300902,3301009,62.4887001414217,12
3300902,3301157,5.8220051481793,1
3300902,3301603,4.5732400330291,1
3300902,3302056,18.5407330877052,3
3300902,3302106,116.7384225362649,22
3300902,3302205,71.93964962856379,15
3300902,3302403,75.29669222092211,15
3300902,3302452,11.4926488594158,2
3300902,3302601,6.9072840104325,1
3300902,3303005,3.8762388747602,1
3300902,3303302,8.5859418987702,2
3300902,3303401,14.4216700041742,2
3300902,3303906,5.7521192275241,1
3300902,3304557,44.380834080174196,9
3300902,3304706,29.409719577419203,6
3300902,3304755,6.3458653916532,1
3300902,3304805,17.201889443511,3
3300902,3305000,10.130970805965301,2
3300902,3305133,20.2969626365664,4
3300902,3550308,5.6908622815176,1
3300936,1302603,5.1843577722475,1
3300936,3199999,5.5900094560831,1
3300936,3205002,7.0763302374612,1
3300936,3299999,5.2250274925052,1
3300936,3300100,13.526908274584702,3
3300936,3300233,6.087235044946,1
3300936,3300936,2110.8645353183806,413
3300936,3301009,33.3626385577723,7
3300936,3301405,12.6190877818367,3
3300936,3301702,3.2614450583905,1
3300936,3302403,2227.095044949088,438
3300936,3304151,60.0552959875662,13
3300936,3304524,27.037676005483,6
3300936,3304557,23.4744396108637,5
3300936,3305208,5.51077133983,1
3300936,3399999,5.0707586986504,1
3300936,4101804,5.1211403248586,1
3300936,8888888,3.2359256724335,1
3300951,3101508,6.3390772930609,1
3300951,3106101,5.4771265863818,1
3300951,3136702,56.76034745612989,12
3300951,3140803,17.2546676907062,3
3300951,3158607,114.45555536528855,24
3300951,3167509,65.65034438050469,11
3300951,3300225,13.956888710887402,2
3300951,3300308,4.7476850602281,1
3300951,3300951,1580.2750152220851,327
3300951,3301702,5.898697521146,1
3300951,3302403,6.2455634780868,1
3300951,3303401,3.8053718451254,1
3300951,3303708,38.3973263204148,7
3300951,3303906,66.93405623132271,13
3300951,3304409,5.7132474606812,1
3300951,3304508,1.9177124757216,1
3300951,3304557,98.4829154351442,22
3300951,3305406,6.2456581578052,2
3300951,3306008,671.326798010211,132
3300951,3306305,8.4515074889237,2
3300951,3519071,8.0427237251795,2
3300951,3530607,5.5389449363991,1
3300951,3550308,30.0909832052606,7
3300951,8888888,3.3420571099708,1
3301009,2211001,10.7590371440348,1
3301009,2304400,9.0088522627207,1
3301009,2513703,10.7590371440348,1
3301009,2800308,40.1188413576159,4
3301009,2927408,10.2621707083162,1
3301009,2930709,7.5076138146592,1
3301009,2999999,10.9851155329915,1
3301009,3106200,9.7627968959418,1
3301009,3136702,17.6611578694713,2
3301009,3143906,10.1742782160113,1
3301009,3200607,16.4384089333756,2
3301009,3201209,30.1056793580278,3
3301009,3201308,9.6263785849041,1
3301009,3203320,9.2470067212716,1
3301009,3203403,34.2864039649704,3
3301009,3204906,9.1821498864632,1
3301009,3205002,7.7862587131877,1
3301009,3205200,9.9233476404917,1
3301009,3205309,160.16184121631932,16
3301009,3299999,11.2321162436994,1
3301009,3300100,48.229324273916006,4
3301009,3300209,22.1780980808972,2
3301009,3300233,10.9069264356484,1
3301009,3300456,11.7878364353047,1
3301009,3300506,10.8371432341453,1
3301009,3300605,94.2074685924102,10
3301009,3300704,175.0489648537237,17
3301009,3300902,21.9106016910587,2
3301009,3300936,21.255994903933498,2
3301009,3301009,130736.36444884713,12601
3301009,3301108,11.117742967191,1
3301009,3301157,155.6595951783378,15
3301009,3301306,21.9384894748299,2
3301009,3301405,64.3797637840498,6
3301009,3301702,52.366161742718695,5
3301009,3302056,72.4248374976397,6
3301009,3302205,137.167340699807,13
3301009,3302403,6572.582464462045,634
3301009,3303302,102.2733237844393,9
3301009,3303401,30.5508328130211,3
3301009,3303500,32.1752837129412,3
3301009,3304151,202.7192295135769,20
3301009,3304524,174.85479754733558,16
3301009,3304557,780.4825628741875,72
3301009,3304706,10.9689685992465,1
3301009,3304755,511.00743347288227,49
3301009,3304805,73.8156170318946,7
3301009,3304904,36.1428564409455,4
3301009,3305000,1373.5035989899065,132
3301009,3305604,10.3984043399925,1
3301009,3306305,19.821192813763,2
3301009,3399999,16.845215392249898,2
3301009,3509502,9.7428420641752,1
3301009,3521309,10.851301178686,1
3301009,3548500,74.5426039023335,7
3301009,3549904,9.9411299971707,1
3301009,3550308,60.0593018483555,6
3301009,3599999,9.9096316537815,1
3301009,4208203,11.8724612362459,1
3301009,4310330,11.314187492927,1
3301009,4317509,9.8539396978289,1
3301009,5300108,10.4356276619903,1
3301009,8888888,163.9780393918678,15
3301009,9999999,11.4160237972576,1
3301108,3110301,8.2983002160499,1
3301108,3300506,68.2035052308748,6
3301108,3301009,7.5136884110778,1
3301108,3301108,4906.341722091123,453
3301108,3301207,9.7546427189431,1
3301108,3301504,435.94912857076287,38
3301108,3301603,49.3579746079141,4
3301108,3302106,24.6762803009231,2
3301108,3302403,49.707189849676396,4
3301108,3302452,18.2408127134788,2
3301108,3303302,45.1929521925627,4
3301108,3303401,196.8445104032748,19
3301108,3303807,8.7470224931417,1
3301108,3304151,11.6152615382546,1
3301108,3304524,38.676247565006804,3
3301108,3304557,88.4381103378483,8
3301108,3304706,26.1424709683914,2
3301108,3304904,12.1330529244512,1
3301108,3305307,33.3943765438622,3
3301108,8888888,21.747195511275102,4
3301157,3106200,3.5233319766473,1
3301157,3143906,5.9378563128966,1
3301157,3170503,3.7586426451134,1
3301157,3205309,23.8153825276941,4
3301157,3300100,4.6482947268522,1
3301157,3300233,5.1992659879414,1
3301157,3300258,3.5937491722197,1
3301157,3300704,3.281319475136,1
3301157,3300902,5.8921663988259,1
3301157,3301009,357.15081291716507,71
3301157,3301157,2846.3931131374675,549
3301157,3302056,39.5000213500299,8
3301157,3302403,197.37130186239023,36
3301157,3303104,8.562255091262799,2
3301157,3303302,17.8630210291509,3
3301157,3304151,8.9582966991606,1
3301157,3304524,10.6618100549728,2
3301157,3304557,9.3467419156866,2
3301157,3304755,5.5653655733974,1
3301157,3304805,23.0277788650222,5
3301157,3305000,4.9105477424723,1
3301157,3518800,4.2862331389454,1
3301157,3529401,5.167120484373,1
3301207,2210805,9.2005481828482,2
3301207,2999999,4.7138084921224,1
3301207,3101508,314.55531342193046,58
3301207,3116209,10.1041218311553,2
3301207,3172004,5.5187062141306,1
3301207,3172103,9.9329827511846,2
3301207,3300233,4.9188116101281,1
3301207,3300407,5.7982678236021,1
3301207,3300506,5.1276088863506,1
3301207,3301009,18.5845273251366,4
3301207,3301108,105.22545371162398,20
3301207,3301207,5445.542861707242,1076
3301207,3301900,13.595228516389199,3
3301207,3302007,4.261937926706,1
3301207,3302403,4.9862558657628,1
3301207,3302452,5.7698668442135,1
3301207,3303302,5.0112635005763,1
3301207,3303401,22.966385676772198,4
3301207,3303906,5.4338670975294,1
3301207,3304201,4.5505963533012,1
3301207,3304524,5.6282094952818,1
3301207,3304557,50.4639317156444,10
3301207,3304904,5.8256165834425,1
3301207,3305307,6.7848788452651,1
3301207,3305406,286.1893291712468,57
3301207,3305703,74.40452673904429,15
3301207,3305802,11.404308944145,2
3301207,3306008,4.8414738221302,1
3301207,3506003,4.975435670615,1
3301207,3550308,6.0484465836242,1
3301207,8888888,5.1134497841653,1
3301306,3202405,10.4180269648906,1
3301306,3205309,5.4723493326272,1
3301306,3300100,10.9907463155433,1
3301306,3300233,40.6701183516204,4
3301306,3300407,14.3664929661699,1
3301306,3300704,259.78420705488656,24
3301306,3300803,5.7549421213515,1
3301306,3300902,10.016311000491,1
3301306,3301009,28.5106449012119,4
3301306,3301306,9620.567201712236,937
3301306,3301405,19.8975664034687,2
3301306,3301702,11.6593308215922,1
3301306,3302403,1559.7131689636842,149
3301306,3303302,65.122096859943,6
3301306,3303401,19.3336534925999,2
3301306,3303500,10.3810682645586,1
3301306,3304201,9.299284665808,1
3301306,3304300,45.6493183778621,4
3301306,3304508,10.194017490312,1
3301306,3304524,2066.034841972966,193
3301306,3304557,362.15523262186525,33
3301306,3305208,9.5520490092604,1
3301306,3305505,17.4160328505328,1
3301306,3305604,120.38672653810922,11
3301306,3305752,6.2523155128815,1
3301306,3548500,9.299284665808,1
3301306,3550308,8.3087898697557,1
3301306,4106902,16.1342132505235,1
3301306,5300108,10.1572639814179,1
3301306,8888888,11.3793187363256,1
3301405,3300100,8.9502430455279,1
3301405,3300209,10.1918643874269,1
3301405,3300704,9.0683461793567,1
3301405,3300936,29.0473218573846,3
3301405,3301009,156.42774592115177,16
3301405,3301108,7.3726160785435,1
3301405,3301405,5183.827556674921,520
3301405,3302403,2721.8648732981965,267
3301405,3302452,10.6634146033186,1
3301405,3303302,9.861318641739,1
3301405,3304151,135.4820767106846,13
3301405,3304524,22.2003516396433,2
3301405,3304557,73.79372842864029,7
3301405,3304607,91.86708418965341,9
3301405,3304805,7.1866968800098,1
3301405,3305604,8.4273664961104,1
3301405,3305901,12.1034385571784,1
3301405,3522109,7.1517081178913,1
3301405,3548500,9.8066462543874,1
3301405,8888888,9.3999409326758,1
3301504,3101508,5.5956063762358,1
3301504,3138401,5.2318534832385,1
3301504,3205309,4.1187916106596,1
3301504,3300506,96.13633881916762,18
3301504,3300803,10.3592853349872,2
3301504,3301108,976.2996160378385,196
3301504,3301207,3.861516663847,1
3301504,3301504,6385.773267457868,1261
3301504,3301603,41.8810186758451,9
3301504,3301900,4.7385706064769,1
3301504,3302106,11.0039478800316,2
3301504,3302403,103.32662267461261,20
3301504,3302452,107.36290933647788,22
3301504,3303302,15.613328240361101,3
3301504,3303401,301.8375592096945,61
3301504,3304524,10.63400020323,2
3301504,3304557,118.403793431997,21
3301504,3304706,4.9265502113878,1
3301504,3305307,47.2053344841648,9
3301504,3305901,14.048071483966101,3
3301504,3399999,5.4786212774529,1
3301504,3523909,5.8342600023975,1
3301504,3548500,6.2231491135806,1
3301504,3550308,8.1544814457705,2
3301504,5208707,4.7675589849328,1
3301504,5208905,5.679643697912,1
3301504,8888888,9.991987826480699,2
3301603,2613909,5.4408091252138,1
3301603,3300506,363.183435767759,75
3301603,3300803,5.9903025804864,1
3301603,3301009,6.4135147589598,1
3301603,3301108,40.9808975535105,9
3301603,3301207,5.6661003876093,1
3301603,3301504,72.8469503692435,14
3301603,3301603,3219.044177076455,622
3301603,3302403,4.1867314046322,1
3301603,3302452,12.921139558609301,3
3301603,3303401,456.65265982062834,86
3301603,3304557,25.023864453515298,5
3301603,3305406,10.1370459105972,2
3301603,3305703,42.5205385779484,8
3301603,3305901,8.4697756716464,2
3301603,3550308,6.0157693576851,1
3301603,8888888,1.0000000000005,1
3301702,1100023,17.9235022539001,1
3301702,1100205,44.2840360407552,2
3301702,1299999,20.5767025255694,1
3301702,1302603,53.9805329895956,2
3301702,2508109,22.2987817751433,1
3301702,2611606,62.0827355416325,3
3301702,2699999,18.3850879467066,1
3301702,2704302,9.3316825019028,1
3301702,2704708,35.767540234754804,2
3301702,2706703,26.6880618177263,1
3301702,2922805,18.5631724661058,1
3301702,3106200,29.2941181560118,1
3301702,3139508,11.9268475481022,1
3301702,3139805,39.5739590497738,2
3301702,3203809,25.306757837123,1
3301702,3205200,23.6997329701701,1
3301702,3205309,52.985430874615204,2
3301702,3300100,414.6001326497084,20
3301702,3300209,20.5471519442966,1
3301702,3300233,17.46236824942,1
3301702,3300258,36.9992439617645,1
3301702,3300308,37.7101231711452,2
3301702,3300407,145.1976606533184,7
3301702,3300456,1567.603244064693,76
3301702,3300506,26.327800761279,1
3301702,3300704,38.3837081967541,2
3301702,3301009,47.8129348871032,2
3301702,3301306,15.3857170138174,1
3301702,3301702,166928.60341459495,8285
3301702,3301850,26.6710223019984,1
3301702,3301876,58.7602528677963,3
3301702,3301900,19.5864024769215,1
3301702,3302007,286.17587291318466,13
3301702,3302205,18.8539512741177,1
3301702,3302270,41.6683489669339,2
3301702,3302403,476.0459356075638,25
3301702,3302502,1178.5934279825328,59
3301702,3302601,39.340799325289495,2
3301702,3302700,63.7648624846148,3
3301702,3302858,76.3081585484079,5
3301702,3303203,171.20714915222374,9
3301702,3303302,1739.3626007722198,83
3301702,3303401,33.802037611203204,2
3301702,3303500,1536.2053004513577,77
3301702,3303906,445.66080666794295,21
3301702,3304003,19.1212967206197,1
3301702,3304144,112.83517144513682,6
3301702,3304201,20.5129869707022,1
3301702,3304300,22.1345387624887,1
3301702,3304524,55.502529664122605,2
3301702,3304557,97167.90762398766,4799
3301702,3304904,224.1909839902925,12
3301702,3305109,3241.793247851156,159
3301702,3305505,47.1744207245603,2
3301702,3305554,19.6755659960405,1
3301702,3305802,16.0978069868793,1
3301702,3306008,41.1531312787332,2
3301702,3306305,10.3655382561178,1
3301702,3399999,685.8505587959044,34
3301702,3502101,25.5203677626008,1
3301702,3503158,21.4873978247313,1
3301702,3504107,17.1758671077843,1
3301702,3504909,25.7769210339076,1
3301702,3509502,20.5862242710835,1
3301702,3518404,16.6539791819426,1
3301702,3518800,13.4444316917317,1
3301702,3548500,54.987614582747,3
3301702,3549904,80.7752192386038,4
3301702,3550308,315.32914704686334,16
3301702,3552502,11.0308692468767,1
3301702,3599999,14.9432212619698,1
3301702,4106902,37.4110510434486,2
3301702,4208203,22.1105477301041,1
3301702,4215703,25.7769210339076,1
3301702,4314902,16.8438366506521,1
3301702,8888888,1338.6078588955377,67
3301801,2111300,9.2024314049276,2
3301801,2304400,6.1102643311906,1
3301801,3115300,3.9145484277268,1
3301801,3205309,2.1125722180964,1
3301801,3300100,5.9218924256183,1
3301801,3300209,5.8420832693014,1
3301801,3300308,65.8094759249157,13
3301801,3300407,5.5793021138708,1
3301801,3300506,4.3502697185966,1
3301801,3301702,6.2616265764918,1
3301801,3301801,3443.0440715119407,685
3301801,3302007,61.6985673145759,12
3301801,3302403,5.9816682713123,1
3301801,3302809,250.73833609585483,51
3301801,3302908,71.5438234006795,14
3301801,3303302,2.1125722180964,1
3301801,3303500,14.5370859133176,3
3301801,3303609,134.23753731509152,26
3301801,3303708,5.1382906891922,1
3301801,3303856,13.1607225058438,2
3301801,3304003,18.6655828527888,5
3301801,3304201,4.581973902135,1
3301801,3304557,291.85157589249485,56
3301801,3305109,14.926002895992799,3
3301801,3305554,5.1033477036813,1
3301801,3306008,2.0680331018205,1
3301801,3306107,5.6364511442751,1
3301801,3306206,192.12027935478466,37
3301801,3306305,12.535270814470799,2
3301801,3399999,8.8198900082768,2
3301801,3504909,4.7051146233084,1
3301801,3538006,5.7028085198747,1
3301801,3550308,4.3791033063719,1
3301850,2927408,7.3153187972816,1
3301850,3101508,10.9064228607235,1
3301850,3205309,13.1779494811602,1
3301850,3300100,30.439134029331804,3
3301850,3300803,141.6798939163049,13
3301850,3301009,14.3798209324397,2
3301850,3301306,11.8105440985152,1
3301850,3301702,381.1742624354014,38
3301850,3301850,12026.404388500872,1180
3301850,3301876,9.5213984800318,1
3301850,3301900,145.75666663636213,15
3301850,3302205,10.9407075989491,1
3301850,3302403,67.1544115688685,7
3301850,3302502,1452.4032471961066,141
3301850,3303302,410.7618918711249,39
3301850,3303401,20.6643586272492,2
3301850,3303500,10.4378593840025,1
3301850,3303906,31.8678990680511,3
3301850,3304524,3.8301155017906,1
3301850,3304557,2990.3477966670257,307
3301850,3304904,168.40448747046142,16
3301850,3305109,39.967362379211494,4
3301850,3305505,12.5045880775936,1
3301850,3305554,7.5250976069281,1
3301850,3305802,345.40958652775623,33
3301850,3550308,41.106291846764194,4
3301850,8888888,23.5014284922494,2
3301876,3300209,264.70414600499083,25
3301876,3300233,30.153575511354,3
3301876,3300258,12.0184727304943,1
3301876,3300704,437.2974358424333,40
3301876,3301009,16.9121899743283,1
3301876,3301306,13.8576925916374,1
3301876,3301876,4684.337374058629,411
3301876,3301900,10.705194357994,1
3301876,3302403,93.5578932481905,8
3301876,3302700,12.9935593416034,1
3301876,3303302,62.134137974274196,6
3301876,3303906,11.1695840825126,1
3301876,3304524,21.1887605742025,2
3301876,3304557,433.14624570709503,39
3301876,3304904,21.058696745545802,2
3301876,3305208,429.6107049150052,38
3301876,3305406,11.9189724175351,1
3301876,3399999,11.2990125417717,1
3301876,3548500,18.1600741781452,2
3301876,5300108,31.129861036802502,3
3301876,8888888,7.7070967977516,1
3301900,1501402,11.3410483625204,1
3301900,1503903,9.958322389643,1
3301900,2611606,24.1317012146436,2
3301900,2999999,10.8544187616801,1
3301900,3101508,10.7885027250796,1
3301900,3124401,10.3803935492903,1
3301900,3136702,14.6506700225572,1
3301900,3201209,11.9788965768939,1
3301900,3203403,11.2915503689572,1
3301900,3205309,10.4214466209552,1
3301900,3300100,67.7537679236578,7
3301900,3300209,41.31291520062091,4
3301900,3300233,19.299869351301098,2
3301900,3300258,23.786605817417,2
3301900,3300407,25.9669235690683,3
3301900,3300704,95.78051003517518,9
3301900,3300803,189.7991037513833,15
3301900,3301009,16.0781171778701,2
3301900,3301306,21.3407791982185,2
3301900,3301504,10.495254281029,1
3301900,3301702,348.35316274304716,33
3301900,3301850,12.3083717801051,1
3301900,3301876,10.4271594726953,1
3301900,3301900,44269.71707116355,4272
3301900,3302007,19.3733231401325,2
3301900,3302106,6.0186820516395,1
3301900,3302270,8.8205627525265,1
3301900,3302403,238.091993946715,22
3301900,3302502,238.4808895771263,23
3301900,3302700,346.072387762687,31
3301900,3303302,13333.618381271186,1273
3301900,3303401,39.2663970852362,4
3301900,3303500,59.4015683393211,6
3301900,3303906,31.372457834111497,3
3301900,3304201,8.1771204750884,1
3301900,3304300,386.6374813077188,38
3301900,3304524,71.0419380987839,7
3301900,3304557,11427.220650530295,1103
3301900,3304904,8839.273066131509,858
3301900,3305000,9.6666265806973,1
3301900,3305109,11.7986411219693,1
3301900,3305208,17.2221040076865,2
3301900,3305406,28.6717665371228,3
3301900,3305505,22.293110166471898,2
3301900,3305604,34.402774398678,3
3301900,3305752,399.7089173392156,37
3301900,3305802,23.8925693336904,2
3301900,3306206,7.4922079343712,1
3301900,3399999,88.1693616097834,8
3301900,3513504,14.4485812735522,1
3301900,3536505,9.0179992215563,1
3301900,3539400,10.0422117097331,1
3301900,3547809,7.284075902319,1
3301900,3549805,8.8737602610236,1
3301900,3549904,7.8186710183055,1
3301900,3550308,61.9879954271383,6
3301900,4299999,13.2376739809863,1
3301900,5099999,10.6637259281712,1
3301900,8888888,130.29777172135402,12
3302007,1100205,7.2109253252867,1
3302007,1501303,8.596744660451,1
3302007,1501402,10.6233795285056,1
3302007,2399999,5.8605481222249,1
3302007,2611606,13.2894374571785,2
3302007,2906501,10.8730933130676,1
3302007,3106200,9.7451580322025,1
3302007,3130101,12.7585202072099,1
3302007,3145901,8.9556113823732,1
3302007,3200201,9.5927111474739,1
3302007,3205309,15.3225164363705,1
3302007,3299999,19.7735625144692,2
3302007,3300100,358.74243915577483,36
3302007,3300308,22.179592387198902,2
3302007,3300456,13.9866401101164,1
3302007,3301702,168.09270365646,15
3302007,3302007,26501.627236490887,2586
3302007,3302403,42.5249420324338,4
3302007,3302502,11.5758541484232,1
3302007,3302601,1279.367853599786,122
3302007,3302809,14.4033873522844,2
3302007,3303203,18.9620087608438,2
3302007,3303302,131.1882539925062,12
3302007,3303500,85.9494341017734,9
3302007,3303609,61.91935192863959,6
3302007,3304003,31.7458054608438,2
3302007,3304409,9.8927450810598,1
3302007,3304557,6645.882594136612,629
3302007,3304904,11.8935322203152,1
3302007,3305109,11.3514320872091,1
3302007,3305554,359.0884830692827,34
3302007,3305802,12.0574432047305,2
3302007,3306305,29.0333502530806,2
3302007,3509502,7.2137338279109,1
3302007,3518800,9.1588913551874,1
3302007,3548500,13.0914226615719,1
3302007,3548708,13.1972899884952,1
3302007,3550308,45.3799654573436,4
3302007,3599999,10.8932766746401,1
3302007,4106902,9.8566240044281,1
3302007,8888888,65.7223785142457,6
3302007,9999999,22.7585652515809,2
3302056,3106200,4.4181480123382,1
3302056,3138401,4.7276253623961,1
3302056,3201209,5.0874777328621,1
3302056,3205309,20.4232176025254,4
3302056,3300233,5.512547015967,1
3302056,3300605,4.7464373612427,1
3302056,3300704,13.0720744909271,2
3302056,3300902,20.0670859408284,4
3302056,3301009,198.00734780502393,37
3302056,3301157,81.253296480485,15
3302056,3302056,4224.0399270711005,801
3302056,3302205,45.9058810052079,9
3302056,3302403,306.3442659205754,59
3302056,3303302,7.2899555234856,1
3302056,3304102,11.5014480212579,2
3302056,3304524,15.677703062621301,3
3302056,3304557,39.4238390594519,7
3302056,3304755,5.7078208937029,1
3302056,3304805,23.1489394337961,4
3302056,3305000,9.1165417550064,2
3302056,3305133,5.2206037017977,1
3302056,3522109,3.6924460109422,1
3302056,3548500,4.709491319697,1
3302056,3548708,4.1314049542161,1
3302106,3115300,13.0417231725869,1
3302106,3205309,11.9403934727277,1
3302106,3300159,137.4561363410195,14
3302106,3300506,15.3902601275143,1
3302106,3300605,9.0370264734088,1
3302106,3300704,8.1578618861782,1
3302106,3300902,63.8760628455368,7
3302106,3301009,87.6002551925955,8
3302106,3301108,12.5222470640293,1
3302106,3301504,10.6866016777223,1
3302106,3301900,10.7960555791377,1
3302106,3302106,7604.093192597761,743
3302106,3302205,13.430754489354,1
3302106,3302403,76.5907192515545,7
3302106,3302452,11.0277579087611,1
3302106,3303005,17.932780756347398,2
3302106,3303302,10.1037080961058,1
3302106,3303401,102.910891648227,10
3302106,3304524,51.426304644880396,4
3302106,3304557,77.1875623824872,8
3302106,3304706,143.05402089835448,13
3302106,3304805,12.0722672223957,1
3302106,3305000,7.8447819051454,1
3302106,3305307,108.79774250932242,10
3302106,3305406,11.8047961024713,1
3302106,3305802,9.6362775186586,1
3302106,3399999,18.708749851255,2
3302106,3548500,10.6407719558085,1
3302205,2599999,17.107397864508,2
3302205,2611606,12.4953788486697,1
3302205,2915601,9.1985809506881,1
3302205,3106200,10.6551204562754,1
3302205,3113305,20.272705670216098,2
3302205,3136207,12.5984440387088,1
3302205,3139409,10.4384117946393,1
3302205,3142205,14.8707673367218,1
3302205,3143906,18.0508842705302,2
3302205,3148202,11.7306904804991,1
3302205,3169208,12.0556912400064,1
3302205,3202306,14.0250984173857,1
3302205,3203007,11.1895122989499,1
3302205,3204203,9.0779951045289,1
3302205,3205309,10.2181692957424,1
3302205,3300159,33.2336735347138,3
3302205,3300209,14.5200448380411,1
3302205,3300605,73.52967886271661,8
3302205,3300704,11.1949291428387,1
3302205,3300902,44.037078971265004,4
3302205,3301009,246.4712623391678,22
3302205,3301157,13.8613414892252,1
3302205,3301702,12.80431201256,1
3302205,3301900,10.6916692976714,1
3302205,3302056,39.938686834174405,4
3302205,3302205,31573.698384313106,2969
3302205,3302304,95.8339464585296,9
3302205,3302403,412.896900454895,40
3302205,3302700,12.6260574330643,1
3302205,3303005,33.4307868856384,3
3302205,3303104,69.8672811493458,7
3302205,3303302,63.62403172576579,7
3302205,3303401,23.876701342931298,2
3302205,3303906,19.6152779442269,2
3302205,3304524,54.7062880517879,5
3302205,3304557,225.7320089735078,24
3302205,3304706,61.65443545639489,6
3302205,3304755,5.39134079228,1
3302205,3305000,11.1431532676285,1
3302205,3305109,9.0832916829914,1
3302205,3305133,104.1957592476119,10
3302205,3305208,10.1910337194726,1
3302205,3306305,10.7389211307657,1
3302205,3550308,13.9801530157018,1
3302205,8888888,54.67398181618859,4
3302254,3107208,58.114493807401,5
3302254,3139102,9.0004528958993,1
3302254,3147600,12.7147472274996,1
3302254,3170206,7.6940039632613,1
3302254,3205309,9.7270549548227,1
3302254,3300100,15.8791634842365,2
3302254,3300407,69.3930013079129,7
3302254,3302254,7684.217040814693,727
3302254,3302403,40.6626243588129,4
3302254,3303500,11.5573742158367,1
3302254,3303609,17.4931419153372,2
3302254,3304110,615.721017069828,59
3302254,3304128,10.0281863571965,1
3302254,3304201,1996.3445853641367,190
3302254,3304557,111.03348992941542,10
3302254,3306305,31.463975323708,3
3302254,3399999,11.3749455157678,1
3302254,3513405,10.0281863571965,1
3302254,3549904,28.816563247409498,3
3302254,3554102,11.8302927568756,1
3302254,4106902,9.8845471611723,1
3302254,5208905,9.5878035361031,1
3302254,5216809,11.8302927568756,1
3302270,3205309,9.7159936595878,1
3302270,3300100,6.2808044008079,1
3302270,3300233,12.7981262482561,1
3302270,3300407,23.4692218635122,2
3302270,3300456,155.5470974314208,15
3302270,3301009,10.8703149777036,1
3302270,3301702,199.1304289959325,20
3302270,3301801,55.0539937192743,5
3302270,3302007,62.0129611137235,5
3302270,3302270,10404.447660312167,983
3302270,3302502,12.624287554798,1
3302270,3302601,38.6755654447062,3
3302270,3302858,208.7070757569819,20
3302270,3302908,99.54789603655911,9
3302270,3303203,261.7529469597416,27
3302270,3303302,158.1762067901841,15
3302270,3303500,1790.9826015028345,172
3302270,3303609,250.7657782763957,23
3302270,3304144,722.139212159875,68
3302270,3304201,12.1235284388006,1
3302270,3304524,12.2579907959447,1
3302270,3304557,14566.546960995294,1404
3302270,3304755,15.1359694660943,1
3302270,3304904,8.8046911879858,1
3302270,3305109,113.41733734754641,11
3302270,3305554,268.8862978094986,25
3302270,3306206,5.1427390340766,1
3302270,3306305,20.2863369138734,2
3302270,3399999,160.91850673857402,15
3302270,3534401,10.7728726224076,1
3302270,3539301,12.3047716341685,1
3302270,5201108,12.688823971426,1
3302270,8888888,77.1011118169646,7
3302304,3116209,2.7232408908307,1
3302304,3124203,7.2723093192837,2
3302304,3127701,2.3578878660842,1
3302304,3139409,3.1462963078413,1
3302304,3143906,2.0483597273007,1
3302304,3148202,11.354831193576999,4
3302304,3151107,3.1403315247843,1
3302304,3158607,2.678811486348,1
3302304,3200508,3.151893466357,1
3302304,3202306,2.4321665596169,1
3302304,3300100,1.543492555805,1
3302304,3300605,3.1166344530229,1
3302304,3300704,3.601504352685,1
3302304,3301009,18.3107916809781,6
3302304,3301157,2.7386973854263,1
3302304,3301702,3.6017620407184,1
3302304,3301801,3.4675707184336,1
3302304,3302205,264.14623861355994,89
3302304,3302304,2264.5494688719696,757
3302304,3302403,20.477295736207,7
3302304,3303005,12.086665169567999,4
3302304,3303302,4.5557561344178,2
3302304,3304524,15.3521161073641,5
3302304,3304557,105.51054789388279,33
3302304,3304706,11.034069761774001,4
3302304,3304904,3.2665141170649,1
3302304,3305133,21.7021487920868,7
3302304,3550308,3.7948330802396,1
3302403,2306405,8.2804589422533,1
3302403,2408102,8.1353005720507,1
3302403,2800308,11.0277147473655,1
3302403,2999999,13.5675612438657,1
3302403,3106200,34.9289654183959,3
3302403,3136702,10.2455930835323,1
3302403,3199999,9.5418067046234,1
3302403,3203007,12.4286776827095,1
3302403,3205309,102.08764592740509,9
3302403,3300100,32.3618026587038,3
3302403,3300209,10.0486709124816,1
3302403,3300233,10.1487401989173,1
3302403,3300456,22.179274654209102,2
3302403,3300704,45.197560398823796,4
3302403,3300936,45.0031079937882,4
3302403,3301009,351.15988330472095,32
3302403,3301306,59.77740915870589,6
3302403,3301405,39.938663249111,3
3302403,3301702,19.8080373589681,2
3302403,3302007,8.3060495179429,1
3302403,3302403,72793.51507471905,6780
3302403,3303005,22.0472156498554,2
3302403,3303302,66.37242011649421,6
3302403,3303500,11.7199998342477,1
3302403,3304151,59.2131420097588,5
3302403,3304300,9.755175077814,1
3302403,3304524,409.57136836334263,37
3302403,3304557,443.32247019918924,38
3302403,3304607,10.439534637201,1
3302403,3305000,8.4363318399743,1
3302403,3305109,7.6554578291714,1
3302403,3305208,41.4727647510549,3
3302403,3305505,13.9189595330906,1
3302403,3306305,11.4805122371937,1
3302403,3529401,13.3577080697909,1
3302403,3547809,15.2980816032407,1
3302403,3548500,29.827848434422002,3
3302403,3550308,24.1714467464707,2
3302403,4106902,11.3252997171187,1
3302403,4208203,11.3997739510207,1
3302403,4299999,7.8523205589516,1
3302403,4307005,11.0248990551694,1
3302403,5002902,8.7988977790075,1
3302403,8888888,51.2311405762345,5
3302452,3300159,3.1794608705133,1
3302452,3300506,5.1250184062972,2
3302452,3300803,5.634116654146,2
3302452,3301009,2.7500436328886,1
3302452,3301108,151.51823996113256,53
3302452,3301405,2.8547202837103,1
3302452,3301504,64.8813822603634,23
3302452,3301603,2.0164397304457,1
3302452,3302056,2.9558745917495,1
3302452,3302403,11.7217918254929,5
3302452,3302452,1252.5781141425605,417
3302452,3303302,10.5166455201887,4
3302452,3303401,49.80179952510729,16
3302452,3304557,14.190939885428502,5
3302452,3304607,4.3949810292509,2
3302452,3305307,84.4930467355678,30
3302452,3305901,11.5447439524002,4
3302452,3399999,19.3307690729368,7
3302452,3536505,2.7506512363744,2
3302452,3599999,2.7167564161022,1
3302502,1199999,10.6724748791236,1
3302502,1799999,13.5831274586053,1
3302502,2111300,10.1173541416009,1
3302502,2304400,9.8883405690573,1
3302502,2604106,11.1013186187149,1
3302502,2611606,14.7142090655935,2
3302502,2925303,9.8386960413635,1
3302502,3113404,10.9154324352487,1
3302502,3115706,12.2094001988988,1
3302502,3148103,9.9012424026994,1
3302502,3170206,10.5023246203637,1
3302502,3199999,9.2678712025747,1
3302502,3300100,160.589836501527,16
3302502,3300258,21.656447218068102,2
3302502,3300308,10.6562989194725,1
3302502,3300407,31.0171327443335,3
3302502,3300456,125.04121417756731,13
3302502,3300704,20.4072688611039,2
3302502,3300803,20.8288103144903,2
3302502,3301009,38.8201063244103,4
3302502,3301306,10.3997747360933,1
3302502,3301702,6575.044689797395,648
3302502,3301850,691.6513732381824,68
3302502,3301900,281.26176351292264,28
3302502,3302007,105.12492170279629,9
3302502,3302270,9.3794408051533,1
3302502,3302403,205.93745684449448,21
3302502,3302502,43621.18028195493,4329
3302502,3302601,45.7495359464748,4
3302502,3302700,45.4644502024656,5
3302502,3303203,10.7773447450625,1
3302502,3303302,1532.2654422963096,144
3302502,3303401,20.6307824111295,2
3302502,3303500,187.2227079057719,19
3302502,3303906,869.403624155772,87
3302502,3304144,51.9003878748129,5
3302502,3304201,10.9699552622143,1
3302502,3304300,19.8900645946366,2
3302502,3304524,10.4662723895137,1
3302502,3304557,18750.79315444132,1857
3302502,3304904,608.1241184816703,56
3302502,3305109,95.9128492094756,10
3302502,3305208,22.5293042669494,2
3302502,3305406,7.0755919407805,1
3302502,3305554,13.2747956595126,1
3302502,3305802,113.55845873551331,12
3302502,3306008,17.581461170214098,2
3302502,3306305,21.703278943388298,2
3302502,3399999,130.9878637432466,12
3302502,3501608,8.7498496041656,1
3302502,3525904,9.9309555320973,1
3302502,3536505,25.699405608756,2
3302502,3543303,11.104664930002,1
3302502,3548500,12.0743756577279,1
3302502,3550308,57.9581033647744,6
3302502,4113205,11.8284576562493,1
3302502,4199999,9.1480822617201,1
3302502,4299999,11.319206345254,1
3302502,4399999,10.8442350323965,1
3302502,8888888,181.291826311471,17
3302601,3131307,8.9914977868162,1
3302601,3300100,445.85987751612845,39
3302601,3301009,7.7661792468839,1
3302601,3302007,934.4694747949891,86
3302601,3302403,35.490009551944496,3
3302601,3302601,10467.28707601031,1021
3302601,3303302,20.0001319486147,2
3302601,3303500,27.2621655623455,2
3302601,3303609,7.9252101207211,1
3302601,3303807,12.456175650475,1
3302601,3304144,18.5680870505739,2
3302601,3304557,1447.7268496407225,137
3302601,3305109,9.2181638285178,1
3302601,3305554,31.0970808798234,3
3302601,3306107,20.7977870090823,2
3302601,3306206,20.8900853114916,2
3302700,1200401,14.8208169466755,1
3302700,1302603,9.9205019011278,1
3302700,2111300,12.6049711561617,1
3302700,2312007,9.6330456371823,1
3302700,2412005,9.5223092215818,1
3302700,2510808,11.740714693521,1
3302700,2602902,16.1525460179082,1
3302700,2800308,10.108105506731,1
3302700,3106200,23.3417976146572,2
3302700,3199999,18.8730603001202,1
3302700,3205309,23.2212254254113,2
3302700,3300100,29.608197717052697,2
3302700,3300209,20.5148668963514,2
3302700,3300233,9.5816585774546,1
3302700,3300407,17.0306429729791,1
3302700,3300704,9.8503288006733,1
3302700,3301009,30.9801632912576,3
3302700,3301306,25.0369893358745,2
3302700,3301702,87.32057020172181,8
3302700,3301876,16.5121982376917,1
3302700,3301900,155.222500686575,15
3302700,3302007,9.8693688468798,1
3302700,3302205,8.080495393326,1
3302700,3302270,11.8922402295517,1
3302700,3302403,215.7267224008485,19
3302700,3302502,22.8389388175098,2
3302700,3302601,9.8901544541351,1
3302700,3302700,28131.34459129994,2663
3302700,3303302,5344.875071039294,499
3302700,3303401,9.0464817673732,1
3302700,3303500,39.4837021556223,4
3302700,3304151,13.9216180817585,1
3302700,3304201,23.939825694378,2
3302700,3304300,13.5102808456862,1
3302700,3304524,16.8525547833214,1
3302700,3304557,8208.431297735904,767
3302700,3304904,1992.1375773853233,189
3302700,3305109,51.91879904959539,5
3302700,3305208,14.4473175326201,1
3302700,3305505,37.1957534911273,3
3302700,3305802,10.6155875957516,1
3302700,3306107,11.740714693521,1
3302700,3306305,6.741180559084,1
3302700,3399999,27.3670298152047,3
3302700,3529401,11.3481547268955,1
3302700,3550308,33.4720478367597,3
3302700,5003207,14.1649921790313,1
3302700,8888888,56.846589812831496,6
3302809,2611606,5.529300274845,1
3302809,3300100,25.9313851173954,5
3302809,3300308,355.3025952355398,72
3302809,3301702,5.4733602086735,1
3302809,3301801,275.59879350491593,55
3302809,3302007,12.7840468927557,3
3302809,3302270,12.3367796886175,2
3302809,3302403,20.364336599269798,4
3302809,3302809,4668.5345142767455,926
3302809,3302908,9.730080425400999,2
3302809,3303302,5.1999322184701,1
3302809,3303500,17.336002076773998,3
3302809,3303609,150.35998038632056,29
3302809,3303708,4.1244811980609,1
3302809,3303856,20.164626392056498,4
3302809,3303955,10.4145834044235,2
3302809,3304003,248.03784530488178,49
3302809,3304144,5.6558995330327,1
3302809,3304201,9.558167653826601,2
3302809,3304409,5.7103514755005,1
3302809,3304557,498.93748846887047,97
3302809,3304904,5.3058073035244,1
3302809,3305554,13.2594024397127,3
3302809,3306107,5.0467770792549,1
3302809,3306206,286.2348108532269,59
3302809,3306305,51.432388959909304,10
3302809,3399999,5.6974356187932,1
3302809,3530706,5.3058073035244,1
3302809,3550308,10.374388857017799,2
3302809,4215109,11.327283618430599,2
3302858,1501402,7.146164605922,1
3302858,2304400,16.1068863119553,1
3302858,2411205,9.2177412160433,1
3302858,2927408,11.3895026681623,1
3302858,3118304,6.266363596914,1
3302858,3205309,10.6045534287606,1
3302858,3300100,69.3045768468612,7
3302858,3300209,27.3413697835936,3
3302858,3300233,7.8320175448149,1
3302858,3300308,27.925998151741098,2
3302858,3300456,1105.4421713343947,110
3302858,3301009,16.5574463485129,2
3302858,3301108,13.0880859913845,1
3302858,3301702,1108.8635108836017,104
3302858,3301801,8.9790328568665,1
3302858,3301850,21.940291865822303,2
3302858,3301876,8.3299597856886,1
3302858,3302007,67.4027390801182,6
3302858,3302205,8.7086674242778,1
3302858,3302270,121.25055672122579,11
3302858,3302403,153.60629789095412,15
3302858,3302601,24.9349192257492,3
3302858,3302700,7.0186108856385,1
3302858,3302809,11.319219958162,1
3302858,3302858,17262.58982496288,1689
3302858,3302908,3.7359371859127,1
3302858,3303203,3521.240315338871,346
3302858,3303302,351.4935090648543,35
3302858,3303500,6338.819678944908,628
3302858,3303609,45.758973644252904,4
3302858,3303708,12.3004893392732,1
3302858,3303906,20.1437975467555,2
3302858,3304144,243.995054735453,25
3302858,3304201,42.6072673875372,4
3302858,3304409,9.3006938824123,1
3302858,3304524,28.8959567949297,3
3302858,3304557,27392.745875212484,2658
3302858,3304706,12.0589844850833,1
3302858,3304755,5.8817763136678,1
3302858,3304904,20.754712185381898,2
3302858,3305109,1507.2530820488528,139
3302858,3305505,10.6401379895109,1
3302858,3305554,45.3275188488388,4
3302858,3305802,8.710888000774,1
3302858,3306008,11.7169944005485,1
3302858,3306305,18.2311886697221,2
3302858,3399999,105.22984714644531,10
3302858,3518404,31.836913041921,3
3302858,3518800,12.16304507684,1
3302858,3543907,8.797095208416,1
3302858,3550308,51.6815588154115,5
3302858,4199999,12.946587072853,1
3302858,4205407,7.918583407276,1
3302858,5002704,8.6689604902124,1
3302858,5208905,11.7138196406255,1
3302858,8888888,88.58452150971408,9
3302908,3199999,7.945374433637,1
3302908,3300225,8.6962056272486,1
3302908,3300308,39.240062940986505,4
3302908,3300951,15.975671652093,1
3302908,3301702,9.0834893341424,1
3302908,3301801,12.222761449885,1
3302908,3301900,8.0026400020623,1
3302908,3302270,21.835122180825,2
3302908,3302403,25.0933460662444,2
3302908,3302908,6699.379377655578,682
3302908,3303203,11.5820343639757,1
3302908,3303302,39.4380065410208,3
3302908,3303500,86.6768285540434,8
3302908,3303708,14.8719798214099,2
3302908,3303856,768.8580785422246,80
3302908,3303906,22.799222480128698,2
3302908,3304003,13.8379008377514,1
3302908,3304557,809.6984059151436,80
3302908,3305109,21.125858433403998,2
3302908,3305554,21.7603005794121,2
3302908,3305802,10.7710624427898,1
3302908,3306008,23.0667250398262,3
3302908,3306206,134.2627014593676,14
3302908,3399999,36.326864381425096,3
3302908,3523909,7.4171137893071,1
3302908,3548500,14.0511966033754,2
3303005,2611606,13.898107438867,1
3303005,2912400,10.4760723084998,1
3303005,3138401,14.195137317091,1
3303005,3146701,26.8156887543859,2
3303005,3151107,8.7390547741828,1
3303005,3171303,7.7785915078262,1
3303005,3205309,10.0155380762306,1
3303005,3301009,30.245038913071603,3
3303005,3301405,9.9565025293089,1
3303005,3301702,29.606626980535,2
3303005,3302106,26.8972219188938,3
3303005,3302205,73.154739244106,8
3303005,3302304,21.8698913207961,3
3303005,3302403,115.9531540558795,11
3303005,3302502,12.8265098055277,1
3303005,3303005,8909.89762116159,862
3303005,3303302,83.26125754111891,8
3303005,3303401,78.1106566722225,6
3303005,3304557,207.4693028535022,20
3303005,3304607,8.6294392894934,1
3303005,3304706,408.9302968649443,38
3303005,3304904,13.4771789104394,1
3303005,3305133,18.8084042094599,2
3303005,3306008,18.1244543203804,2
3303005,3518800,11.0981208363855,1
3303005,3550308,11.1523014308531,1
3303005,8888888,13.9694939634666,1
3303104,2611606,4.9745455089091,1
3303104,2800308,10.8162501807194,2
3303104,3100302,4.5884335522934,1
3303104,3106200,5.6901181209976,1
3303104,3113305,5.2459682544288,1
3303104,3124203,8.2062952872448,2
3303104,3143906,5.9113911617689,1
3303104,3201506,5.4422253477119,1
3303104,3205309,6.0568977999779,1
3303104,3300100,4.7827628891269,1
3303104,3300605,10.6641208698511,2
3303104,3300902,5.454219347166,1
3303104,3301009,31.856263194656897,6
3303104,3302205,251.32793449855473,50
3303104,3302403,224.50068198100786,45
3303104,3303005,8.7172328809623,2
3303104,3303104,4673.424755790849,990
3303104,3303302,10.1872570940478,2
3303104,3303906,4.568328725841,1
3303104,3304102,69.36735021061021,14
3303104,3304557,67.3067558891658,12
3303104,3305109,4.3928634827076,1
3303104,3306156,51.2508156245864,10
3303104,3306305,5.9930621236515,1
3303104,3399999,5.1951104084829,1
3303104,3543907,5.4309784544113,1
3303104,3548500,25.4568766333654,5
3303104,3550308,3.5342153366703,1
3303203,1302603,20.714948848240702,2
3303203,2408102,8.5734339099077,1
3303203,2412104,10.3813016546886,1
3303203,2600104,9.1723484562982,1
3303203,2699999,9.6010584212589,1
3303203,2927408,41.4947885626899,3
3303203,3121100,9.803460908487,1
3303203,3133006,14.1875187737649,1
3303203,3136702,10.5629851611145,1
3303203,3140001,11.9767907854279,1
3303203,3205200,7.8997922172678,1
3303203,3205309,13.6186875026281,1
3303203,3300100,68.2046683121649,7
3303203,3300407,10.1848314062417,1
3303203,3300456,459.00276202735574,46
3303203,3301009,12.1348580566751,1
3303203,3301207,12.0169615574374,1
3303203,3301702,975.620667070969,99
3303203,3301876,17.6981439592187,2
3303203,3301900,11.2133661004867,1
3303203,3302007,67.7891265551529,8
3303203,3302270,113.40284937451891,12
3303203,3302403,115.51866634280508,12
3303203,3302601,31.5556983886231,3
3303203,3302700,8.4562721745125,1
3303203,3302858,799.0259557061398,79
3303203,3302908,17.757335151217,2
3303203,3303203,21139.630140934372,2139
3303203,3303302,490.1918140338078,48
3303203,3303500,2635.2731360938224,259
3303203,3303609,17.986962671396,2
3303203,3303906,7.7325610804373,1
3303203,3304003,12.1604336304731,1
3303203,3304144,121.81041130274639,12
3303203,3304201,23.6630894420077,2
3303203,3304300,8.4613460074343,1
3303203,3304524,19.886478776824198,2
3303203,3304557,26388.106512365142,2605
3303203,3304904,48.6574673986609,4
3303203,3305109,1362.8803726070144,137
3303203,3305208,11.7812596954745,1
3303203,3305505,9.3351519046989,1
3303203,3305554,40.8748993964449,4
3303203,3306305,7.5136116078487,1
3303203,3399999,84.44945121477589,8
3303203,3518404,28.3530458956563,3
3303203,3539301,13.0067873430223,1
3303203,3548500,9.9677515565995,1
3303203,3550308,28.6018910722037,3
3303203,3552205,10.3724184472186,1
3303203,5300108,21.734671012341302,2
3303203,8888888,121.78258835020421,12
3303302,1199999,20.1280419455649,1
3303302,1302603,22.9860110722299,2
3303302,1501402,9.4041442981237,1
3303302,1703701,9.020006310057,1
3303302,1718402,11.511966065445,1
3303302,2199999,11.6721143940281,1
3303302,2304400,28.081447347750697,3
3303302,2310605,9.5277913492945,1
3303302,2500809,11.3579509383129,1
3303302,2510402,12.4406275908744,1
3303302,2609600,12.0248441102181,1
3303302,2611606,22.7683117445118,2
3303302,2905602,19.5556944569304,2
3303302,2920601,11.8539961584874,1
3303302,2927408,22.9435724896239,2
3303302,2931350,11.6338027055067,1
3303302,3101508,40.1559864167928,4
3303302,3106200,17.8472068717881,2
3303302,3114550,12.4396361966598,1
3303302,3118601,9.5697690692579,1
3303302,3136702,21.8791290892478,2
3303302,3137700,11.389189734157,1
3303302,3138401,10.4369705657206,1
3303302,3140001,12.0152471057519,1
3303302,3143302,8.3187287865292,1
3303302,3158953,11.5562032025244,1
3303302,3162500,14.986774981679,1
3303302,3201209,11.8177124464906,1
3303302,3201506,11.1282886992614,1
3303302,3205309,31.4040130260302,3
3303302,3300100,239.8052467898244,22
3303302,3300209,80.9499824070993,8
3303302,3300233,70.4047209027233,7
3303302,3300258,11.6396854649539,1
3303302,3300407,20.8937614381894,2
3303302,3300456,58.352105925441805,5
3303302,3300704,118.4914447741071,11
3303302,3300803,56.88855317839369,5
3303302,3300902,14.0124735610003,1
3303302,3301009,173.52701430737105,16
3303302,3301108,26.1584415801822,2
3303302,3301306,37.1333547950059,4
3303302,3301504,8.1652849436391,1
3303302,3301603,10.7520858803312,1
3303302,3301702,1090.2715560644115,102
3303302,3301850,47.35930539881551,4
3303302,3301876,11.1194838086744,1
3303302,3301900,845.6569221803414,80
3303302,3302007,63.25650484795139,6
3303302,3302106,15.8022907745273,2
3303302,3302254,8.2557156400798,1
3303302,3302270,22.247662524940402,2
3303302,3302403,781.7567794452216,72
3303302,3302452,11.3353005008751,1
3303302,3302502,150.2976456421832,14
3303302,3302700,471.7407466322502,43
3303302,3302858,12.1293436914068,1
3303302,3303203,48.684483076066996,4
3303302,3303302,127141.42137064585,11860
3303302,3303401,87.91123439070832,8
3303302,3303500,195.88712498825006,18
3303302,3303807,9.1859495039086,1
3303302,3303906,149.610729005888,13
3303302,3304003,8.3393176069738,1
3303302,3304144,10.8877194164625,1
3303302,3304151,28.1941963162867,3
3303302,3304201,47.9385973635424,5
3303302,3304300,164.2364702862192,15
3303302,3304524,114.64659594491059,11
3303302,3304557,52716.26441738338,4908
3303302,3304706,27.2623309011327,3
3303302,3304805,33.0319762863129,3
3303302,3304904,8788.20302682337,820
3303302,3305109,74.4070607449478,7
3303302,3305208,21.0161844667952,2
3303302,3305307,12.1167648567588,1
3303302,3305406,17.621955224001198,2
3303302,3305505,36.014559017295596,3
3303302,3305554,36.0056134526835,4
3303302,3305604,42.8837704510753,5
3303302,3305752,45.4947364659256,5
3303302,3305802,75.85166489683351,7
3303302,3306008,20.082420543677202,2
3303302,3306107,7.6856555440068,1
3303302,3306206,19.6923171131009,2
3303302,3306305,103.1109823845399,9
3303302,3399999,79.5697900176315,7
3303302,3504909,9.9288877298502,1
3303302,3505708,7.5795695093797,1
3303302,3509502,8.9888571290735,1
3303302,3518800,9.6862519194847,1
3303302,3522307,13.3354675050573,1
3303302,3525003,11.330939622594,1
3303302,3525904,11.9575171962178,1
3303302,3534401,15.1614410661065,1
3303302,3536505,13.9284657890126,1
3303302,3541000,11.1488483773417,1
3303302,3543402,9.1859495039086,1
3303302,3548500,50.616732161279,5
3303302,3548708,11.487623528831,1
3303302,3549003,14.8644482460173,1
3303302,3549904,19.599413630551197,2
3303302,3550308,415.8291439031935,38
3303302,3553302,7.7874953240967,1
3303302,4106902,15.3596408830511,2
3303302,4113700,11.5956179071857,1
3303302,4118204,11.9060193372967,1
3303302,4314902,6.9691981565713,1
3303302,4399999,13.0366253089037,1
3303302,5208608,6.4458706043305,1
3303302,5300108,41.65429629634551,4
3303302,8888888,305.0507278860167,29
3303302,9999999,10.1665856213792,1
3303401,1302603,9.6148983494177,1
3303401,3101508,10.6215561254732,1
3303401,3106200,43.5397709066175,4
3303401,3115508,9.155938903928,1
3303401,3118601,11.936092204196,1
3303401,3122009,13.0503017689162,1
3303401,3139508,10.9250072448245,1
3303401,3171303,13.4673910814211,1
3303401,3199999,9.4100934532282,1
3303401,3205002,11.2139464298979,1
3303401,3205309,38.6074582433613,4
3303401,3300100,34.2452501719522,3
3303401,3300506,306.369607845875,32
3303401,3300704,6.2832053355875,1
3303401,3300803,118.88760660316449,11
3303401,3301009,28.0212678294428,3
3303401,3301108,157.62189948163717,12
3303401,3301207,9.9060842955612,1
3303401,3301306,28.665789075443598,3
3303401,3301504,111.75989317050822,11
3303401,3301603,50.2081524098504,6
3303401,3301702,24.1949754400103,2
3303401,3302403,95.3284114880376,10
3303401,3302502,22.0943802612043,2
3303401,3303302,134.184738510531,12
3303401,3303401,65887.38501640792,6502
3303401,3303906,20.430741682248502,2
3303401,3304524,88.0490438732442,9
3303401,3304557,1181.5288320472864,115
3303401,3304706,10.5928159605665,1
3303401,3304904,20.8114382333884,2
3303401,3305208,8.6591375483653,1
3303401,3305307,19.129136805366798,2
3303401,3305703,68.4179052128461,6
3303401,3305802,81.7570984352973,8
3303401,3305901,41.6699687965263,4
3303401,3507605,8.4817378412435,1
3303401,3509502,23.1975452069798,3
3303401,3509700,12.2338952584898,1
3303401,3524402,10.1698089248585,1
3303401,3530607,18.1083262328072,2
3303401,3534401,10.8752670672756,1
3303401,3548500,22.3258237286461,2
3303401,3549904,7.6248055215949,1
3303401,3550308,183.96859769098072,17
3303401,3550407,10.8759814129703,1
3303401,4106902,17.1344301366585,2
3303401,4125506,11.0339948157323,1
3303401,4299999,7.4226933549643,1
3303401,8888888,30.748385062418,3
3303401,9999999,9.1963347117363,1
3303500,1299999,27.5925120209557,1
3303500,1502202,21.3842742561937,1
3303500,1506807,18.3222968522983,1
3303500,1599999,27.5925120209557,1
3303500,2304400,40.4865934214579,2
3303500,2399999,19.7814541753325,1
3303500,2403509,16.4455038074106,1
3303500,2611606,66.5096913415634,3
3303500,2910800,18.2034906828059,1
3303500,3106200,83.5583207369471,4
3303500,3135407,19.0976067586394,1
3303500,3136702,23.6850110655475,1
3303500,3140001,22.9008084596471,1
3303500,3141801,17.0034355035519,1
3303500,3169307,18.4439177429019,1
3303500,3169901,18.1651543010818,1
3303500,3199999,13.9691516919327,1
3303500,3205002,18.0161097815324,1
3303500,3205309,46.6927502285602,2
3303500,3299999,24.2194055206916,1
3303500,3300100,271.1302818888852,13
3303500,3300233,20.666611344571,1
3303500,3300308,68.68995373212809,3
3303500,3300407,61.050261157279905,3
3303500,3300456,4208.737728425732,205
3303500,3300704,61.91624660102539,3
3303500,3301009,65.25688109690479,3
3303500,3301108,12.985712841541,1
3303500,3301306,23.3170383072608,1
3303500,3301702,4288.2509642176055,209
3303500,3301801,65.2953394939199,3
3303500,3301900,40.4612455674784,2
3303500,3302007,747.9973380890921,36
3303500,3302254,18.3822569862728,1
3303500,3302270,475.69469359550766,24
3303500,3302403,405.61919448811074,20
3303500,3302502,40.382343757921,2
3303500,3302601,135.2465518844212,7
3303500,3302700,134.0942786955874,8
3303500,3302858,2204.2615589873717,109
3303500,3302908,20.9969512190728,1
3303500,3303203,3075.4316093991783,147
3303500,3303302,1721.7399545993512,87
3303500,3303401,43.0518350961951,2
3303500,3303500,130970.4360231904,6697
3303500,3303609,90.8582773233158,5
3303500,3303807,26.2724614177184,1
3303500,3303906,118.27961558757698,5
3303500,3304003,39.7516481813656,2
3303500,3304110,41.227207060735196,2
3303500,3304144,2175.0352961840613,104
3303500,3304201,15.8104958509859,1
3303500,3304300,19.8517407445398,1
3303500,3304524,56.9748414432793,3
3303500,3304557,97842.48781802625,4840
3303500,3304904,152.55008930361262,8
3303500,3305109,2829.326976849628,138
3303500,3305208,17.828771766528,1
3303500,3305505,22.1692845501571,1
3303500,3305554,531.99475585552,24
3303500,3305802,73.3315126878391,4
3303500,3306206,22.0811957690853,1
3303500,3306305,184.98514966300928,9
3303500,3399999,662.8455100068414,31
3303500,3518800,46.3650568496898,2
3303500,3543402,22.1275098410213,1
3303500,3547304,19.072304483454,1
3303500,3547809,5.7818701991779,1
3303500,3548500,36.8492492486329,2
3303500,3550308,161.6453370072734,8
3303500,3554102,19.0791112652704,1
3303500,3556701,22.4454906147617,1
3303500,4106902,21.6731562844725,1
3303500,4119806,18.0204452324927,1
3303500,4199999,12.3559976923353,1
3303500,4299999,20.8051045828089,1
3303500,4304606,2.6683822554749,1
3303500,4305108,16.6629760680903,1
3303500,4314902,22.3139726800929,1
3303500,5208707,20.1563994032643,1
3303500,5300108,20.0518440543845,1
3303500,8888888,2620.8153674413766,128
3303500,9999999,49.3323243861353,2
3303609,3131307,13.9463112956053,1
3303609,3300100,25.8257777831095,3
3303609,3300258,12.7157585595345,1
3303609,3300308,52.9579778413582,4
3303609,3300407,16.7009884819909,1
3303609,3300456,30.705998410586798,3
3303609,3300803,7.1778514196417,1
3303609,3300951,10.7482140785166,1
3303609,3301702,52.8375257029574,6
3303609,3301801,177.72107186897978,17
3303609,3301850,15.1289760501118,1
3303609,3302007,93.147485525116,7
3303609,3302270,148.8950817818744,14
3303609,3302403,8.8266362243844,1
3303609,3302601,21.012041167578097,2
3303609,3302809,34.7163938579286,4
3303609,3303203,56.8903883372212,5
3303609,3303302,69.24612599760461,7
3303609,3303500,448.73850448693474,42
3303609,3303609,9894.490563824149,890
3303609,3303856,10.2472111633429,1
3303609,3303906,21.4899706130584,2
3303609,3304144,206.78342252321102,18
3303609,3304201,9.0267015257467,1
3303609,3304409,13.6591427086262,1
3303609,3304508,12.6469874948548,1
3303609,3304524,13.8889753787211,1
3303609,3304557,1922.3459914519105,172
3303609,3304904,15.2908054300625,1
3303609,3305109,7.3208202371261,1
3303609,3305554,406.5024022296313,36
3303609,3306008,6.8523122222937,1
3303609,3306206,36.19348431323,3
3303609,3306305,24.1625787861176,2
3303609,3399999,13.2702767716401,1
3303609,3550308,4.5240739889819,1
3303609,4300554,9.1180109081439,1
3303609,8888888,16.2914085198614,2
3303708,2400208,9.6243021727606,1
3303708,3106200,34.282351169586,4
3303708,3116209,11.6940370444977,1
3303708,3136702,72.1325638818538,8
3303708,3138401,13.2632388386547,1
3303708,3155900,10.2200985991072,1
3303708,3162500,12.8367520975796,1
3303708,3162906,9.4588461384472,1
3303708,3171303,10.4374275625037,1
3303708,3300100,10.6008250881082,1
3303708,3300225,11.9556339579755,1
3303708,3300308,34.0043844693282,4
3303708,3300407,11.6717597804934,1
3303708,3300951,4.1428192672896,1
3303708,3301108,7.9958717961308,1
3303708,3301702,45.754856234400805,5
3303708,3301900,10.1071932753667,1
3303708,3302403,21.377086381095502,2
3303708,3303609,9.2636040469174,1
3303708,3303708,10531.121316059212,1048
3303708,3303856,25.5380170993981,2
3303708,3303906,180.156234651447,16
3303708,3304003,16.8857090684108,2
3303708,3304201,32.2241606679885,3
3303708,3304508,7.3188729667624,1
3303708,3304557,292.22195180353765,30
3303708,3305406,14.074447648542701,2
3303708,3305802,34.2149641177787,4
3303708,3306008,1178.4027982262614,114
3303708,3306206,111.7254923448949,11
3303708,3306305,9.5917818367212,1
3303708,3509502,11.1525689565997,1
3303708,3518800,7.7660146769925,1
3303708,3549805,13.332613951702,1
3303708,3550308,73.9774610405386,6
3303708,3599999,5.7945904416397,1
3303708,5300108,10.7463191479197,1
3303708,8888888,11.7652512481112,1
3303807,3300100,645.1373727502581,60
3303807,3300704,11.9990555021049,1
3303807,3301702,23.6678828738178,2
3303807,3303302,8.7007048537526,1
3303807,3303500,25.0223232137646,2
3303807,3303807,11894.749960797399,1128
3303807,3304557,91.45022760014919,8
3303807,3306305,13.6310144556894,1
3303807,3523107,9.8502323010719,1
3303807,3548500,13.6287331503721,1
3303807,3554102,9.3743208165838,1
3303807,3555406,37.3891516660225,3
3303807,8888888,199.6818821454497,19
3303856,3136702,17.1079397356489,2
3303856,3140803,11.881863881876,1
3303856,3204906,10.0728993748971,1
3303856,3300100,9.1793466767337,1
3303856,3300456,12.6021417617726,1
3303856,3301801,8.8464709214926,1
3303856,3302007,7.2020108526015,1
3303856,3302908,1176.7642635863713,115
3303856,3303203,14.0623632726095,1
3303856,3303500,6.7395349392682,1
3303856,3303708,51.6914794668358,6
3303856,3303856,7975.145938869417,774
3303856,3303906,66.2865982330225,7
3303856,3304300,10.8883249506789,1
3303856,3304557,350.44272058860554,33
3303856,3305554,8.6220640629198,1
3303856,3306008,18.5208920017795,2
3303856,3306206,56.6925540530561,6
3303856,8888888,48.585484427521294,5
3303906,2304400,9.5335256032764,1
3303906,2408102,20.1691169019888,1
3303906,2611606,12.6803220500685,1
3303906,2927408,31.5661508198056,3
3303906,3101508,13.1075059727006,1
3303906,3106200,15.0661976683358,2
3303906,3118601,11.0008276400345,1
3303906,3128501,9.3606692988648,1
3303906,3136702,74.3455972745992,7
3303906,3162906,10.2106402875328,1
3303906,3203205,14.3121589630813,1
3303906,3205309,11.5145310956093,1
3303906,3300100,5.9738048881256,1
3303906,3300225,83.9743703943847,10
3303906,3300308,8.6750825987344,1
3303906,3300456,30.3460025690381,3
3303906,3300704,39.509963428661194,4
3303906,3301009,19.8620816769155,2
3303906,3301108,11.8375753070377,1
3303906,3301702,1054.1312468490667,96
3303906,3301801,11.7395591293264,1
3303906,3302007,13.025960576516,1
3303906,3302403,250.28259221728806,19
3303906,3302502,126.5561017486998,12
3303906,3302601,6.202112504382,1
3303906,3302908,9.1059859322147,1
3303906,3303203,11.1564314291861,1
3303906,3303302,115.525699086866,12
3303906,3303401,27.215466865277502,3
3303906,3303500,46.6033240047626,5
3303906,3303708,23.4913269087387,2
3303906,3303807,14.8105940523831,1
3303906,3303856,5.3346607748792,1
3303906,3303906,95542.40484886679,9271
3303906,3304524,34.6553177473723,4
3303906,3304557,4688.672290429221,462
3303906,3304904,29.3736625900779,3
3303906,3305109,12.381824155545,1
3303906,3305158,96.1802843362322,9
3303906,3305406,41.6745725593507,3
3303906,3305554,12.2296012726209,1
3303906,3305802,108.7775075281419,11
3303906,3306008,174.505404709321,17
3303906,3306305,27.5607846747548,3
3303906,3399999,31.6312872148998,3
3303906,3507001,20.7285918202007,2
3303906,3509502,8.7783846158864,1
3303906,3510500,7.9783967234627,1
3303906,3526308,13.8864473423148,1
3303906,3538709,10.3240142440388,1
3303906,3548500,31.912477768207,3
3303906,3548708,7.2721157293332,1
3303906,3549805,10.2188376388269,1
3303906,3550308,104.4084768574528,10
3303906,4205407,12.3756220331302,1
3303906,4301602,9.8534280691066,1
3303906,5300108,34.2932783974931,3
3303906,8888888,55.8860662302291,5
3303955,3205002,8.5175424172472,1
3303955,3300100,91.04823145171122,9
3303955,3300308,60.914236048275704,6
3303955,3300407,128.23702396286322,12
3303955,3301702,47.08457288753489,5
3303955,3302007,25.1981832117632,3
3303955,3302254,9.3343538421431,1
3303955,3302270,11.3369485650302,1
3303955,3302403,12.5472436597701,1
3303955,3303906,7.9926275841268,1
3303955,3303955,3527.890293380543,359
3303955,3304003,229.38112855365318,22
3303955,3304110,9.2431611476128,1
3303955,3304201,85.54775363462049,8
3303955,3304557,93.0835076509677,9
3303955,3306206,18.4558898985748,2
3303955,3306305,2217.926715353606,219
3303955,3399999,23.079850205435598,2
3303955,3545209,11.1326945902115,1
3303955,3548500,9.4858842263633,1
3303955,3549904,11.0972287483781,1
3303955,5208707,25.552627251741598,3
3303955,8888888,11.5658244811504,1
3304003,2910800,12.93686094621,1
3304003,2913606,9.6928666429774,1
3304003,3136702,10.2919040827707,1
3304003,3170107,10.0992012169684,1
3304003,3199999,13.2421703112042,1
3304003,3300100,72.1607421921688,6
3304003,3300308,305.1069483442474,28
3304003,3300407,94.5830920279831,9
3304003,3300456,10.2716514099069,1
3304003,3301009,15.97812571811,1
3304003,3301702,19.929279888436497,2
3304003,3302007,21.9033331499296,2
3304003,3302403,26.255918415470397,3
3304003,3302809,10.9181283527937,1
3304003,3302858,10.2992837933388,1
3304003,3303500,7.5595546329359,1
3304003,3303807,17.8624315190002,2
3304003,3303906,27.4579796592456,2
3304003,3303955,24.953636336905703,3
3304003,3304003,7156.317565342965,657
3304003,3304201,31.780786165466697,3
3304003,3304409,16.4561942670264,2
3304003,3304557,153.9217883402137,13
3304003,3305554,48.7952874954614,5
3304003,3306206,33.991922385455,3
3304003,3306305,798.0348472215783,72
3304003,3399999,32.5165654179934,3
3304003,3503158,10.6866491520599,1
3304003,3513405,13.6544027226547,1
3304003,3518800,9.7770965707886,1
3304003,3550308,23.238209579490203,2
3304003,8888888,29.9263673588703,3
3304102,2611606,5.2635971110438,1
3304102,3103108,6.1351125559421,1
3304102,3106200,5.5838501958758,1
3304102,3113305,10.725497198819799,2
3304102,3122009,5.2247816650107,1
3304102,3124203,4.054407574788,1
3304102,3124906,10.7670561476396,2
3304102,3127701,7.6989627709436,1
3304102,3136702,4.9030978856145,1
3304102,3137700,5.3171123398705,1
3304102,3139409,11.693449511511,2
3304102,3139508,5.0093288776379,1
3304102,3143906,16.3257182690802,3
3304102,3155801,6.6978585400187,1
3304102,3169208,46.6374537522006,8
3304102,3170206,6.8632925745964,1
3304102,3171402,5.450744479957,1
3304102,3202306,6.3580509679267,1
3304102,3205309,5.4687499353857,1
3304102,3300100,6.1359441383618,1
3304102,3300209,3.6327206048455,1
3304102,3301009,50.4003769921878,10
3304102,3302056,11.6673528061818,2
3304102,3302205,161.9247365605356,31
3304102,3302403,255.0719811053447,44
3304102,3303104,72.2582967903356,13
3304102,3303302,3.6327206048455,1
3304102,3303906,9.3323194624148,2
3304102,3304102,5143.374800892438,953
3304102,3304144,5.6257754746761,1
3304102,3304524,5.6945304418186,1
3304102,3304557,34.4835161404539,6
3304102,3305158,5.5887924620678,1
3304110,3106200,4.4700821602053,1
3304110,3136702,10.005909204346299,2
3304110,3205002,6.6419296934432,1
3304110,3300100,12.1911320423214,2
3304110,3300407,247.68109566753537,49
3304110,3301702,9.551249237048701,2
3304110,3302007,18.0290476418449,3
3304110,3302254,32.7059589402741,6
3304110,3303500,5.8931008883131,1
3304110,3303609,4.9018916930139,1
3304110,3304110,4704.371673657336,927
3304110,3304128,100.00853649282041,19
3304110,3304201,1079.9499902977834,216
3304110,3304557,19.5121199148042,4
3304110,3306107,2.962300087855,1
3304110,3306305,120.0228252307081,25
3304110,3503158,5.4732302682642,1
3304110,3509502,5.0146650403911,1
3304110,3546801,4.2945485340155,1
3304110,3548807,4.7403098061424,1
3304110,3549904,5.6875528824181,1
3304110,3550308,21.1039375910618,4
3304110,4106902,4.573591274436,1
3304128,3147808,5.6079937731443,1
3304128,3300100,9.9072998355196,2
3304128,3300407,209.03987018259292,40
3304128,3300803,11.6481660110122,2
3304128,3301876,4.6544007983261,1
3304128,3302007,5.4522144763604,1
3304128,3302254,45.8289012414357,9
3304128,3302403,4.9726022999086,1
3304128,3304110,1076.3547672319842,207
3304128,3304128,2843.4106350886154,538
3304128,3304201,506.6843896178268,99
3304128,3304557,48.6758290680689,9
3304128,3306305,68.73694591870431,13
3304128,3513504,11.278983043807,2
3304128,3549904,5.5052976949894,1
3304128,3550308,12.4939063639255,2
3304128,8888888,4.345001284745,1
3304144,2611606,9.7966234594358,1
3304144,3136702,9.5447225026224,1
3304144,3300100,24.5414747901016,2
3304144,3300456,316.1066293094334,29
3304144,3301306,12.5997156756649,1
3304144,3301702,479.4361161166135,48
3304144,3301801,11.3115038403941,1
3304144,3301900,89.0115637191729,8
3304144,3302007,63.664625628878206,6
3304144,3302254,13.0228653926263,1
3304144,3302270,466.0157220377216,43
3304144,3302403,71.813484311759,7
3304144,3302601,25.888055423966,2
3304144,3302858,337.9826853477753,29
3304144,3302908,12.636091241107,1
3304144,3303203,415.1232729191378,40
3304144,3303302,267.4130847430573,26
3304144,3303500,3612.7687378556175,342
3304144,3303609,114.21515203088498,11
3304144,3303856,11.9422305575649,1
3304144,3303906,19.7418603191534,2
3304144,3304144,17468.628587330553,1643
3304144,3304201,22.593002406989903,2
3304144,3304409,16.5289535260862,1
3304144,3304557,20964.783449029444,1975
3304144,3304904,41.9747319882577,4
3304144,3305109,534.3118489476991,52
3304144,3305505,4.8617784501515,1
3304144,3305554,37.7991429542149,3
3304144,3305802,38.365741901190695,4
3304144,3306305,41.7642979355943,4
3304144,3399999,231.10653393884832,21
3304144,3549904,7.8483484622115,1
3304144,3554102,8.4947997259192,2
3304144,4117255,13.9841537513758,1
3304144,5208707,11.1320447758231,1
3304144,8888888,72.54284530833641,7
3304151,3205309,4.2078293288079,1
3304151,3300704,5.2090816829961,1
3304151,3300936,147.81954313745038,28
3304151,3301009,196.52145257637227,40
3304151,3301306,4.8920189352099,1
3304151,3301405,7.0163590266655,1
3304151,3302403,817.374216214333,160
3304151,3303302,10.2668629130102,2
3304151,3303401,10.427533303571401,2
3304151,3304151,5162.779685176655,1013
3304151,3304524,20.067848063031597,4
3304151,3304557,39.5885951658821,8
3304151,3304805,5.551788538502,1
3304151,3306206,5.6567710851829,1
3304151,3510500,4.7357054851725,1
3304151,3530607,4.3021352137246,1
3304151,3548500,5.4613298177705,1
3304151,3550308,4.8270586801774,1
3304151,8888888,9.472888442482201,2
3304201,1503903,12.3553583712021,1
3304201,1721000,7.5962653137743,1
3304201,2408102,9.8278857300263,1
3304201,3101508,10.1960665532597,1
3304201,3106705,12.7371855275838,1
3304201,3107208,44.8094544683894,5
3304201,3114808,11.8636898816353,1
3304201,3132404,11.0290503844753,1
3304201,3135407,7.2645568255235,1
3304201,3138500,8.8229281654759,1
3304201,3140001,5.700210311964,1
3304201,3147600,10.5053097912697,1
3304201,3160702,9.7847326989503,1
3304201,3201308,8.5381675377201,1
3304201,3205309,10.2115214701186,1
3304201,3300100,43.4860960177419,4
3304201,3300308,11.3993227708117,1
3304201,3300407,170.5055599502974,16
3304201,3301702,20.6348663301152,2
3304201,3302205,14.7214362517066,1
3304201,3302254,1582.19044190088,146
3304201,3302270,8.9350822708544,1
3304201,3302403,36.7717554944139,4
3304201,3302502,10.6749901855462,1
3304201,3303302,39.3505262639504,4
3304201,3303500,7.4439901073896,1
3304201,3303955,9.4033333322552,1
3304201,3304003,26.349467691405202,2
3304201,3304110,3417.4958212961,325
3304201,3304128,52.822132157175304,5
3304201,3304201,38623.18137115156,3690
3304201,3304409,8.7999266025556,1
3304201,3304557,408.21085936058256,39
3304201,3305554,12.725715257547,1
3304201,3306107,12.8286409088992,1
3304201,3306305,315.6901642283444,30
3304201,3399999,18.8738622314477,2
3304201,3505708,10.3814989313198,1
3304201,3508504,12.5668463496806,1
3304201,3508603,10.9883412281066,1
3304201,3509502,11.8626669827873,1
3304201,3513405,39.421939733842,3
3304201,3517703,9.4552416307903,1
3304201,3526605,7.7975475630347,1
3304201,3527207,10.57054946126,1
3304201,3530607,12.8286409088992,1
3304201,3541901,37.034019025875295,4
3304201,3549904,30.0749848365353,3
3304201,3550308,105.80029982420461,10
3304201,4106902,8.7456912230568,1
3304201,4115200,9.0060569676194,1
3304201,5300108,10.7345473267051,1
3304201,8888888,96.0768372126428,8
3304300,3300209,120.10171073505087,11
3304300,3300258,12.3887370585,1
3304300,3300704,15.393168685074702,2
3304300,3300803,26.1626132434589,3
3304300,3301009,25.3491959051614,2
3304300,3301306,24.492632120950198,3
3304300,3301702,55.8211443985401,6
3304300,3301900,542.0193291536932,54
3304300,3302403,99.6139332997366,11
3304300,3303203,15.344368993975,1
3304300,3303302,469.54155521196253,45
3304300,3303401,15.7278900464791,1
3304300,3303500,11.2829962536662,1
3304300,3303906,10.4494783401909,1
3304300,3304151,12.7448156485112,1
3304300,3304300,15318.153120006506,1522
3304300,3304524,40.2066743693083,4
3304300,3304557,744.5033007006094,74
3304300,3304904,327.3277711450395,32
3304300,3305208,8.7783564410362,1
3304300,3305505,263.60943317566085,24
3304300,3305604,170.254649705345,16
3304300,3305752,289.5213669709197,29
3304300,3399999,18.516761492359898,2
3304300,3510609,11.5564066379273,1
3304300,3548500,9.7626015455776,1
3304300,3550308,41.8530738944647,4
3304409,3102803,6.5398831171834,1
3304409,3172004,6.1190904638073,1
3304409,3300100,1085.796144686996,208
3304409,3300308,15.8042868465199,3
3304409,3300407,127.7292762229638,23
3304409,3301702,7.6383502085013,1
3304409,3302007,21.1187344271434,4
3304409,3302601,15.046249143906099,3
3304409,3303807,4.9779426897708,1
3304409,3304003,72.8310606860897,15
3304409,3304110,17.335241090493398,3
3304409,3304201,6.0357128914359,1
3304409,3304409,4532.495423415839,878
3304409,3304508,6.3533237711408,1
3304409,3304557,82.48054114833748,17
3304409,3305554,5.7326815182771,1
3304409,3306107,5.0699215293516,1
3304409,3306305,70.3957778103105,14
3304409,3399999,19.1264767664468,4
3304409,3504909,83.48008348459929,16
3304409,3523909,6.4902251140697,1
3304409,3534401,5.3062741760757,1
3304409,3550308,5.6187764498567,1
3304409,8888888,9.445977663781399,2
3304508,3106101,27.927464779559198,5
3304508,3136702,7.0433076034758,1
3304508,3300100,5.5346915593827,1
3304508,3300308,13.5795789310048,3
3304508,3300951,35.55372033637269,6
3304508,3303906,4.3695393826815,1
3304508,3304201,3.7684187273322,1
3304508,3304508,2832.6417844507837,539
3304508,3304557,47.547702877519804,8
3304508,3306107,202.2297949108219,39
3304508,3306206,4.7596298210267,1
3304508,3306305,18.61505416466,4
3304508,3399999,13.947894517144102,3
3304508,3550308,3.3952874420607,1
3304508,8888888,6.4062953822428,1
3304524,1302603,27.6582284438098,2
3304524,1399999,6.7584005188396,1
3304524,1400100,10.7004428379887,1
3304524,1505304,12.3258611605588,1
3304524,3201100,13.9773697965038,1
3304524,3203320,14.0895448148049,1
3304524,3205309,40.7089266071345,4
3304524,3300100,12.0067459678804,1
3304524,3300209,31.733600438268397,3
3304524,3300233,37.9813210265697,3
3304524,3300456,7.9371016390006,1
3304524,3300704,363.11284483430023,35
3304524,3300803,10.2888559495775,1
3304524,3300936,22.7332284059949,3
3304524,3301009,335.50263685909226,31
3304524,3301108,9.2502290413891,1
3304524,3301306,732.8186144805031,68
3304524,3301702,75.29228244563281,6
3304524,3301876,12.4662675682378,1
3304524,3301900,15.8555688298058,2
3304524,3302007,14.395209588089,1
3304524,3302403,11275.023316548954,1084
3304524,3302858,12.6601502683962,2
3304524,3303302,110.09790835742471,13
3304524,3303401,19.6364901912469,2
3304524,3303906,11.1858887273694,1
3304524,3304151,15.7578533762851,2
3304524,3304300,7.5842227189532,1
3304524,3304524,26748.226007066005,2606
3304524,3304557,845.9750553771355,78
3304524,3304706,11.093787592256,1
3304524,3304805,12.6512148195529,1
3304524,3304904,72.8676164097117,7
3304524,3305000,8.0638570040066,1
3304524,3305208,24.7397629065632,2
3304524,3305505,9.5818408342764,1
3304524,3305752,16.4432678647004,2
3304524,3306008,16.8710235483291,2
3304524,3399999,58.762424791512906,6
3304524,3527207,10.3574927602107,1
3304524,3534401,10.0275089860204,1
3304524,3536505,9.7336166194273,1
3304524,3547809,10.7129025824236,1
3304524,3548500,15.8660563210444,1
3304524,3549904,11.7291212549682,1
3304524,3550308,22.614313555952,2
3304524,3551504,11.0509150488641,1
3304524,4106902,7.8859988879092,1
3304524,4209102,11.7048841339563,1
3304524,4304606,11.2911970693282,1
3304524,8888888,10.8903251122523,1
3304524,9999999,11.5416006406899,1
3304557,1100106,38.3218998555118,2
3304557,1100122,21.4021837052442,1
3304557,1100205,24.7051268796845,1
3304557,1200401,26.1502979706612,1
3304557,1301209,18.983755479157,1
3304557,1302603,111.25737448415441,5
3304557,1399999,28.5984901605779,1
3304557,1400100,23.1835159878595,1
3304557,1501402,91.69266850627531,4
3304557,1505536,10.4115819884081,1
3304557,1506807,16.9156705960943,1
3304557,1599999,18.3178783311536,1
3304557,1600303,37.5041088700204,2
3304557,1721000,22.5371492863565,1
3304557,2110500,25.6604686372713,1
3304557,2111300,97.1034504673836,5
3304557,2211001,18.8482689634032,1
3304557,2303105,19.679695403057,1
3304557,2303659,25.0348825886529,1
3304557,2304400,71.97747464916,4
3304557,2306405,17.9395147281431,1
3304557,2309300,15.6757941435177,1
3304557,2310209,25.7680798718351,1
3304557,2310605,29.9150915031885,1
3304557,2312908,31.4407466990417,1
3304557,2401503,23.438299491016,1
3304557,2403509,17.2207146147124,1
3304557,2408102,35.0806295967794,2
3304557,2504009,59.302277511136296,3
3304557,2507507,17.0694061769101,1
3304557,2515302,25.5671402449616,2
3304557,2599999,27.863650311356,1
3304557,2603009,16.9459404123564,1
3304557,2611606,176.1116647177127,9
3304557,2613404,28.213680367732,1
3304557,2613909,22.000576996877,1
3304557,2699999,58.625199844233904,3
3304557,2706703,18.2954067401675,1
3304557,2903409,26.1342946389034,1
3304557,2906907,35.5968612178091,1
3304557,2909802,16.3877582435467,1
3304557,2910727,48.4572669660824,2
3304557,2910800,46.9877768158572,2
3304557,2911204,7.8884406269152,1
3304557,2914802,16.9910013497092,1
3304557,2920601,23.8986587079018,1
3304557,2925303,22.6732379598014,1
3304557,2926202,20.3409691472205,1
3304557,2927408,172.4519977401604,9
3304557,2999999,17.731069871211,1
3304557,3101508,19.7960891150441,1
3304557,3105608,23.9604210246886,1
3304557,3106200,455.68916912484303,20
3304557,3113305,17.866182087042,1
3304557,3113404,17.4808573932346,1
3304557,3118403,19.4299004497593,1
3304557,3123304,17.4418130364001,1
3304557,3136702,232.67809579894598,11
3304557,3146107,21.4537962953188,1
3304557,3147006,28.6596287246779,1
3304557,3147600,24.4711461114867,1
3304557,3148004,25.453998678468,2
3304557,3151305,24.8606190413017,1
3304557,3154101,11.0113920358281,1
3304557,3155801,17.9126239226866,1
3304557,3160702,19.1946713317008,1
3304557,3163706,54.6880684466837,2
3304557,3172103,23.619846812089,1
3304557,3199999,124.2820412271614,5
3304557,3200508,19.6525487353858,1
3304557,3201209,21.3410326136019,1
3304557,3202405,32.7843809461598,1
3304557,3203205,19.378624307685,1
3304557,3204203,9.7564094374762,1
3304557,3204708,25.8691472039155,1
3304557,3205200,17.9680492893026,1
3304557,3205309,505.0740423704281,24
3304557,3299999,45.8852769133534,2
3304557,3300100,1686.2799899194977,82
3304557,3300209,260.2511573411149,12
3304557,3300225,16.1841922470223,1
3304557,3300233,181.8765779428403,8
3304557,3300258,25.7813886945214,1
3304557,3300308,44.874899788008605,2
3304557,3300407,71.7090380023185,4
3304557,3300456,1290.9744460998577,59
3304557,3300605,9.6051728441027,1
3304557,3300704,332.48323499487606,18
3304557,3300803,58.5158072206357,3
3304557,3301009,889.9946808609392,42
3304557,3301157,13.7206872020472,1
3304557,3301702,14795.843986675753,703
3304557,3301850,17.7645226319507,1
3304557,3301876,121.1761833581823,6
3304557,3301900,354.1173053716568,18
3304557,3302007,3813.8649506434476,181
3304557,3302254,50.4810079276576,3
3304557,3302270,168.5844994858381,8
3304557,3302403,3240.2274236982594,156
3304557,3302502,282.3085905729938,12
3304557,3302601,841.0635337540886,45
3304557,3302700,334.78030894623834,16
3304557,3302858,619.6412393721233,31
3304557,3302908,201.14322951104214,9
3304557,3303203,1829.6561857062222,94
3304557,3303302,9022.299493907149,421
3304557,3303401,294.62097007323496,12
3304557,3303500,5729.612946380035,278
3304557,3303609,155.0040799693154,7
3304557,3303708,14.7757168739534,1
3304557,3303807,150.6710161964599,8
3304557,3303856,41.9891815797346,2
3304557,3303906,618.700900710222,30
3304557,3303955,20.9019189456713,1
3304557,3304003,23.9723459909177,1
3304557,3304102,28.6163796519604,1
3304557,3304110,27.6177618768708,1
3304557,3304144,665.2100089335511,34
3304557,3304151,39.921663180341596,2
3304557,3304201,210.03197664404252,12
3304557,3304300,52.4115460397612,4
3304557,3304409,29.0993210961424,1
3304557,3304524,158.4262254095068,8
3304557,3304557,2090415.5570287965,101941
3304557,3304706,41.0764043820996,2
3304557,3304805,42.2103530478189,2
3304557,3304904,1536.6001313134602,71
3304557,3305109,3684.6883503023378,176
3304557,3305208,72.52830591472309,4
3304557,3305505,172.34030676982118,8
3304557,3305554,1495.9804988529932,76
3304557,3305604,40.5884101347916,2
3304557,3305752,42.242269579905,2
3304557,3305802,61.747644626065,3
3304557,3305901,23.8696873809972,1
3304557,3306008,124.3151312501297,6
3304557,3306107,36.715228956607305,2
3304557,3306206,42.5372795279319,2
3304557,3306305,337.9076398162517,16
3304557,3399999,226.13949849365932,12
3304557,3502804,20.868646957723,1
3304557,3503158,29.5527293954732,1
3304557,3504107,62.3035117421005,3
3304557,3505708,81.7806003835017,4
3304557,3506003,20.3133416014273,1
3304557,3508504,20.0557940171344,1
3304557,3509502,192.8483094234543,10
3304557,3513405,60.9830373196596,3
3304557,3513504,21.2466519551912,1
3304557,3518404,116.7164787691941,6
3304557,3518800,12.8373469408241,1
3304557,3521804,38.688453850826704,2
3304557,3522406,18.1355049180904,1
3304557,3525904,30.659579048574102,2
3304557,3527207,61.93189866199501,3
3304557,3529401,21.1290258452079,1
3304557,3535309,29.7757447247142,1
3304557,3536505,40.335153468536504,2
3304557,3538709,27.3624895752694,1
3304557,3539301,15.2624521769354,1
3304557,3543402,23.6605232159261,1
3304557,3545209,21.2271586608618,1
3304557,3545803,20.7621197870562,1
3304557,3547809,89.2125688916491,4
3304557,3548500,173.6414292280316,10
3304557,3548906,43.174261868722695,2
3304557,3549706,21.8274391268286,1
3304557,3549805,45.617374640240996,2
3304557,3549904,97.43312152003281,5
3304557,3550308,2845.431511839043,134
3304557,3550704,14.4603059938671,1
3304557,3551009,10.5124466554433,1
3304557,3552205,20.6655477853555,1
3304557,3552502,22.2710155227371,1
3304557,3599999,60.2073517307764,3
3304557,4106902,94.7583573402776,4
3304557,4115200,22.7380535752168,1
3304557,4199999,26.8246607665298,1
3304557,4205407,65.4384596844718,3
3304557,4208203,21.3731374986288,1
3304557,4209102,13.4639029788345,1
3304557,4300406,19.8735507707276,1
3304557,4304606,21.3744630664483,1
3304557,4314407,24.4780843167965,1
3304557,4314902,103.6206969448896,5
3304557,4315602,84.6703481308773,4
3304557,4316907,34.5593132911918,2
3304557,4322400,24.1031230198228,1
3304557,4399999,16.972810333854,1
3304557,5002704,19.985710351142,1
3304557,5003702,23.4119866166584,1
3304557,5006002,18.1102521091868,1
3304557,5099999,16.0231058279289,1
3304557,5103007,9.7698009279242,1
3304557,5103403,18.863771204455,1
3304557,5208707,20.7303612907498,1
3304557,5214606,14.6200075460215,1
3304557,5299999,23.5728293183705,1
3304557,5300108,531.438447208572,25
3304557,8888888,5678.635682400615,289
3304557,9999999,31.3779462206721,2
3304607,3300506,41.441916384927,7
3304607,3300704,4.1317222652458,1
3304607,3301009,17.2446663693295,3
3304607,3301108,6.0083520510704,1
3304607,3301405,97.62277949073581,19
3304607,3301504,9.295682600630101,2
3304607,3301603,5.1636936515424,1
3304607,3302403,145.2717381620983,27
3304607,3302452,4.6967607614878,1
3304607,3303302,11.2532618085899,2
3304607,3303401,24.644038595151603,5
3304607,3304300,5.2899762523025,1
3304607,3304524,4.4649644563881,1
3304607,3304557,24.164219827128,4
3304607,3304607,3607.120021137727,681
3304607,3304904,4.693325517972,1
3304607,3305307,10.1368388702338,2
3304607,3305901,75.19755442742469,14
3304706,2209906,10.8634757596385,1
3304706,2903706,11.3956089514952,1
3304706,2927408,9.4581399736312,1
3304706,3136702,12.3095694943177,1
3304706,3151107,630.3325447206079,63
3304706,3154101,10.7506618174929,1
3304706,3201209,11.6020882169675,1
3304706,3202405,9.254453903101,1
3304706,3300100,8.8339117641954,1
3304706,3300159,91.22859110680061,9
3304706,3300209,13.6115677230529,1
3304706,3300902,12.0181688480185,1
3304706,3301009,29.1234769530931,3
3304706,3301108,9.2727813643912,1
3304706,3301504,12.966042983177,1
3304706,3302106,36.8153142163956,4
3304706,3302205,74.63550448727611,7
3304706,3302403,104.3405343020728,10
3304706,3303005,139.8448739596203,13
3304706,3303302,40.93567869792871,4
3304706,3303401,10.8497354405329,1
3304706,3304557,103.9699744106577,10
3304706,3304706,12393.755770728123,1177
3304706,3305133,29.4606663410473,3
3304706,3305307,36.3662711961759,3
3304706,3305802,20.9752043147033,2
3304706,3305901,8.9576807013248,1
3304706,3399999,10.153310221875,1
3304706,3539400,10.6271267504928,1
3304706,8888888,72.359298360596,7
3304755,2611606,10.550144843744,1
3304755,3143906,11.7307244137024,1
3304755,3169307,9.5926317276532,1
3304755,3201209,20.020575347138198,2
3304755,3204302,65.4044316319948,6
3304755,3205309,22.0406177805727,2
3304755,3300100,9.3196470312352,1
3304755,3300233,8.7310084310499,1
3304755,3300704,20.254503424576697,2
3304755,3301009,643.2545742308868,59
3304755,3301108,9.121134078732,1
3304755,3301306,10.9678828070613,1
3304755,3301900,7.3853994735501,1
3304755,3302403,414.92197962307495,39
3304755,3304524,23.6419596589507,2
3304755,3304557,43.6667746678024,4
3304755,3304755,10942.078693936766,1062
3304755,3305000,49.0046993851575,5
3304755,3550308,11.8814033575344,1
3304755,5199999,12.0343715485689,1
3304755,8888888,10.9678828070613,1
3304805,2800308,7.2544532164238,1
3304805,3106200,10.5328676534961,1
3304805,3199999,13.2976125427632,1
3304805,3205002,10.3838522647579,1
3304805,3205309,71.5577037711538,7
3304805,3300704,17.7810277306269,2
3304805,3300902,113.80691891748462,12
3304805,3301009,777.5550430058121,73
3304805,3301157,10.7790412449727,1
3304805,3301306,7.8384875702175,1
3304805,3301504,10.4948791833075,1
3304805,3301702,11.9765665715214,1
3304805,3302056,8.9763775331083,1
3304805,3302106,44.91606600860769,4
3304805,3302205,11.9636782325953,1
3304805,3302403,585.2526079019309,58
3304805,3303302,20.2475566401342,2
3304805,3303401,63.0718460343765,6
3304805,3304151,24.467538158689003,2
3304805,3304524,28.1492352051256,4
3304805,3304557,57.776491037739206,5
3304805,3304706,35.454913948615705,4
3304805,3304755,31.5689106713311,3
3304805,3304805,10154.188936486504,1002
3304805,3305307,38.6177276066814,4
3304805,3548500,30.191827316161902,3
3304805,4107553,9.8573437781691,1
3304904,1501402,41.583436545644,2
3304904,1504208,41.946250736865395,2
3304904,2111300,21.3289689780863,1
3304904,2304400,23.681099895839,1
3304904,2399999,15.7342425975902,1
3304904,2403509,20.7184224864116,1
3304904,2606903,21.4902501587746,1
3304904,2611606,68.169837107166,3
3304904,2699999,44.966677878719096,2
3304904,2904605,23.8198748180573,1
3304904,2907103,23.0371853881961,1
3304904,2922508,22.9472027575106,1
3304904,2927408,21.1060839306943,1
3304904,2929305,19.9774129771607,1
3304904,3136702,18.4995997500731,1
3304904,3169307,21.2106967026332,1
3304904,3199999,18.6243437611866,1
3304904,3203106,20.641524449088,1
3304904,3205200,23.119763858553,1
3304904,3205309,60.1555699410926,3
3304904,3299999,23.4428963099387,1
3304904,3300100,351.30107787281764,17
3304904,3300209,58.000172941238105,3
3304904,3300233,59.8070584231383,3
3304904,3300258,20.2448287192985,1
3304904,3300308,45.7893359308118,2
3304904,3300456,168.7175989608857,8
3304904,3300605,17.3594402994196,1
3304904,3300704,146.0974289700803,7
3304904,3300803,62.905630440928896,3
3304904,3301009,153.120499204142,8
3304904,3301306,41.3055057503817,2
3304904,3301702,909.5051625276499,44
3304904,3301850,43.008253294038,2
3304904,3301876,19.7092344606681,1
3304904,3301900,3744.6172217599665,184
3304904,3302007,100.29914436025459,5
3304904,3302205,21.2965347414961,1
3304904,3302403,855.1433007014152,43
3304904,3302502,419.6489754336508,20
3304904,3302601,22.1483624270657,1
3304904,3302700,1071.1143596592465,57
3304904,3303203,42.071089347662095,2
3304904,3303302,92360.85402625952,4511
3304904,3303401,109.17470171138649,5
3304904,3303500,68.4144277150056,3
3304904,3303906,55.5583893987999,3
3304904,3303955,22.9825899241624,1
3304904,3304144,40.980270993175495,2
3304904,3304201,37.1369494004275,2
3304904,3304300,280.92700749511295,14
3304904,3304524,128.4223715051499,6
3304904,3304557,66814.81094857673,3282
3304904,3304706,120.30126032076541,6
3304904,3304755,86.4708138335225,4
3304904,3304904,191425.72311651887,9449
3304904,3305109,62.25952133481509,3
3304904,3305208,151.79914871729179,7
3304904,3305406,15.1080719270066,1
3304904,3305505,57.8653946020337,3
3304904,3305554,21.4819507157478,1
3304904,3305604,41.073631407252094,2
3304904,3305752,152.8987621437507,8
3304904,3305802,83.2492644563533,4
3304904,3306107,22.5065359433794,1
3304904,3306305,19.5092319704481,1
3304904,3399999,212.3773773249997,10
3304904,3509601,19.1276357669656,1
3304904,3510500,36.9795281066274,2
3304904,3518800,23.4285186874776,1
3304904,3525904,24.4007966736736,1
3304904,3539400,21.3503897809177,1
3304904,3547809,22.5313526916535,1
3304904,3548500,125.1570158746331,6
3304904,3549904,45.71477757679,2
3304904,3550308,123.91836110510539,6
3304904,3552205,21.8008539476186,1
3304904,3599999,76.115360185158,3
3304904,4106902,19.8498360800735,1
3304904,4113700,19.6850757644588,1
3304904,4119806,15.8053939955351,1
3304904,4199999,22.7917737939304,1
3304904,4205407,59.1162592092869,3
3304904,5300108,38.5557540748267,2
3304904,8888888,945.4980542078478,46
3305000,3205101,8.6075159734759,1
3305000,3300100,9.6309605736212,1
3305000,3301009,1230.0612044937875,118
3305000,3302403,207.04134896608227,19
3305000,3303302,8.9284799416185,1
3305000,3304151,20.687543749413997,2
3305000,3304524,22.598593750881,2
3305000,3304557,51.42976756218499,5
3305000,3304755,29.6072879678766,3
3305000,3305000,8802.769331334455,833
3305000,3548500,13.363786146514,1
3305000,8888888,12.2180152045277,1
3305109,1399999,9.7786409203017,1
3305109,1501402,9.6570672665735,1
3305109,2111300,10.5455437240722,1
3305109,2302701,9.7172954353093,1
3305109,2304400,21.7957157663108,2
3305109,2403509,8.9764344551765,1
3305109,2515302,9.8002668190108,1
3305109,2611606,8.8291312085309,1
3305109,2699999,11.8331943456303,1
3305109,2927408,22.4586447941648,2
3305109,3136702,21.2969026666898,2
3305109,3138401,9.9512770744552,1
3305109,3201209,10.1899644055686,1
3305109,3205200,11.9043645014806,1
3305109,3205309,46.57986777070241,4
3305109,3300100,45.219366293844104,4
3305109,3300209,51.1376615833005,5
3305109,3300308,11.1644327014891,1
3305109,3300456,1657.6624294613473,159
3305109,3300704,50.883900505788205,5
3305109,3300803,12.0287309702085,1
3305109,3300951,10.0363925539784,1
3305109,3301009,97.92885089875531,9
3305109,3301108,9.663558112958,1
3305109,3301207,9.7973826889201,1
3305109,3301702,10463.400606685092,992
3305109,3301850,7.8277245177936,1
3305109,3301900,21.056400931313803,2
3305109,3302007,195.3240357069361,19
3305109,3302270,63.10708493427669,6
3305109,3302403,313.46242475275096,30
3305109,3302502,116.54366990144209,11
3305109,3302601,20.8583288129662,2
3305109,3302700,19.9985068920864,2
3305109,3302858,439.5192347853419,42
3305109,3303203,1608.0176971877524,156
3305109,3303302,1209.9928458030952,114
3305109,3303500,3448.0293514759255,329
3305109,3303609,21.456875534835902,2
3305109,3303807,10.4855757344089,1
3305109,3303906,72.9798507635695,7
3305109,3304144,312.48242942134743,30
3305109,3304300,11.2874851359904,1
3305109,3304524,56.35834821933119,5
3305109,3304557,75202.99973687585,7166
3305109,3304904,133.98506632797242,13
3305109,3305109,69789.42651757672,6683
3305109,3305208,31.538556141095,3
3305109,3305505,11.328032868485,1
3305109,3305554,44.3828699848985,4
3305109,3305802,43.937971428834395,4
3305109,3306107,10.5389218752098,1
3305109,3306305,9.7686249003893,1
3305109,3399999,386.924760377647,36
3305109,3512902,10.5708466130671,1
3305109,3525904,11.1354402137059,1
3305109,3529401,10.9010698863994,1
3305109,3530607,11.3020068491958,1
3305109,3530706,10.3367766979397,1
3305109,3543303,10.9591184617576,1
3305109,3549003,10.6651702559908,1
3305109,3549904,31.8944407135249,3
3305109,3550308,102.4014366682523,10
3305109,3599999,9.712649453178,1
3305109,4106902,10.480847273525,1
3305109,4122305,12.8254298735695,1
3305109,4302105,10.8767652520165,1
3305109,5300108,11.5112186276803,1
3305109,8888888,526.9825589794241,50
3305133,3300902,6.0584996454552,2
3305133,3300936,8.9134410740013,3
3305133,3301009,6.094034623710501,2
3305133,3302056,2.8938919281071,1
3305133,3302205,109.59267665124777,35
3305133,3302403,9.1947264970311,3
3305133,3304524,6.4401702483184,2
3305133,3304557,17.7721243847795,6
3305133,3304706,28.952099438391897,10
3305133,3305133,2672.493437041431,856
3305133,3529401,4.166143192289,1
3305158,3101508,48.271581471751304,5
3305158,3106200,9.0291531502865,1
3305158,3136702,34.743911869351805,4
3305158,3162906,7.5508920034885,1
3305158,3205309,12.6401562289886,1
3305158,3300225,28.532246308877298,3
3305158,3301702,34.565060628907304,3
3305158,3302502,18.9043059711584,2
3305158,3303401,6.2056261006471,1
3305158,3303856,7.5814082667637,1
3305158,3303906,394.2579280764544,41
3305158,3304557,142.8346918717869,15
3305158,3305158,6108.864193205815,620
3305158,3305406,67.366385008333,7
3305158,3305802,371.1121621570666,37
3305158,3306008,33.2915102359568,4
3305208,3154309,9.0446542788555,1
3305208,3205200,14.1683603193569,1
3305208,3300100,21.1843025321567,2
3305208,3300209,312.08730494701524,31
3305208,3300233,877.1970603894289,85
3305208,3300258,140.5881250574061,15
3305208,3300704,8446.196947657016,830
3305208,3301009,59.2598835987071,6
3305208,3301306,31.846891968430704,3
3305208,3301405,9.8292826549887,1
3305208,3301504,10.236401938667,1
3305208,3301702,18.9590377777142,2
3305208,3301876,267.95404932346884,25
3305208,3301900,18.6529393078041,2
3305208,3302007,10.5067503175837,1
3305208,3302403,666.6781132090142,67
3305208,3302502,10.5228350818565,1
3305208,3302601,11.789727991656,1
3305208,3302700,16.3959491151647,2
3305208,3303005,7.0319129295651,1
3305208,3303302,147.2936030425139,14
3305208,3303500,22.2974391170353,2
3305208,3303906,19.8700959819538,2
3305208,3304300,23.527004706775,2
3305208,3304524,163.31960897002222,16
3305208,3304557,1017.8049668435798,100
3305208,3304904,10.5640207067258,1
3305208,3305109,11.1099829016256,1
3305208,3305208,19455.623248040913,1900
3305208,3305505,43.75020423033109,5
3305208,3306008,9.7414528510308,1
3305208,3399999,29.679467140170498,3
3305208,3550308,33.8469314452079,3
3305208,4106902,12.2181452708153,1
3305208,5300108,6.3168836836432,1
3305208,8888888,94.03658847013051,9
3305307,3143302,3.6347013266992,1
3305307,3300100,7.8754333255174,1
3305307,3300159,3.3874726437213,1
3305307,3300506,2.1994340227141,1
3305307,3300803,2.147837070918,1
3305307,3301009,6.5565490489699,1
3305307,3302106,83.34350080941638,13
3305307,3302403,4.0159860854211,1
3305307,3302452,20.157983843894602,5
3305307,3303302,10.0567728705898,2
3305307,3303401,59.0372649288648,11
3305307,3304557,21.4163859826842,4
3305307,3304706,5.4661719866103,1
3305307,3304904,5.4978299371763,1
3305307,3305307,2484.838225161723,462
3305307,3507605,3.7064899269172,1
3305307,3541406,5.0328902550157,1
3305406,2210805,4.392760803411,1
3305406,3101508,421.94639390979205,88
3305406,3113404,9.2108815323857,2
3305406,3116209,10.2894684932088,2
3305406,3122306,5.2403717072441,1
3305406,3131307,4.0903726476165,1
3305406,3136702,4.4585220119199,1
3305406,3140209,5.9847312934139,1
3305406,3199999,4.4394556273787,1
3305406,3300225,16.9773101180496,3
3305406,3300951,3.1743551878903,1
3305406,3301009,6.9243081095339,1
3305406,3301702,10.686325330992,2
3305406,3303302,3.7678465081714,1
3305406,3303401,10.654787953012399,2
3305406,3303708,4.4585220119199,1
3305406,3303906,24.0770357629845,4
3305406,3304557,72.4078737540194,14
3305406,3305158,38.616367665595604,7
3305406,3305406,4710.31604925871,929
3305406,3305505,4.9815444149189,1
3305406,3305703,6.3955312547434,1
3305406,3305802,44.92625452288701,8
3305406,3306008,50.8456624262192,10
3305406,3306206,11.269785111578098,2
3305406,3306305,7.9769253279994,1
3305406,3518800,5.0393173152149,1
3305406,3550308,6.1896545537397,1
3305505,3300209,844.8156999889833,84
3305505,3300233,12.1149579466498,1
3305505,3300258,23.089584353103902,2
3305505,3300308,5.5955639965636,1
3305505,3300704,169.93838349949633,18
3305505,3301009,5.6519732820331,1
3305505,3301306,8.6547067508454,1
3305505,3301702,17.1007718278392,2
3305505,3301876,29.216154511345803,3
3305505,3301900,11.497585128508,1
3305505,3302403,168.65079300823132,14
3305505,3302700,51.664704111661806,5
3305505,3303302,336.9194890404722,32
3305505,3303500,11.5800138760037,1
3305505,3303708,11.959884642882,1
3305505,3303906,23.140790241706803,2
3305505,3304300,83.8145258723152,8
3305505,3304524,46.844728744959,5
3305505,3304557,1291.1473362110828,121
3305505,3304904,59.1746139102194,6
3305505,3305208,57.644086511367796,5
3305505,3305505,20791.806685734122,2064
3305505,3306107,13.6478901448809,1
3305505,3306206,6.8910617947956,1
3305505,3399999,11.8967423938557,1
3305505,8888888,15.0999851573544,1
3305554,1302405,10.3164956393291,1
3305554,2905602,8.7159553572958,1
3305554,3106200,9.4266023093489,1
3305554,3107109,7.639471375728,1
3305554,3112307,10.8117120170799,1
3305554,3133105,8.9429268035126,1
3305554,3152105,10.6549337588623,1
3305554,3300100,160.4168863596976,15
3305554,3300407,7.0754853232003,1
3305554,3300456,72.4656302628221,7
3305554,3300803,20.9428787608172,2
3305554,3301009,20.331068085086798,2
3305554,3301702,74.5117430441142,9
3305554,3301900,11.867766915008,1
3305554,3302007,1778.1119898780903,174
3305554,3302270,71.5976018404146,7
3305554,3302403,55.2316812272834,5
3305554,3302502,20.087379204379,2
3305554,3302601,137.4608545863328,14
3305554,3302700,10.8117120170799,1
3305554,3302858,54.9192132110371,5
3305554,3303203,47.874166358694005,4
3305554,3303302,88.3967997316244,10
3305554,3303401,16.679612065574002,2
3305554,3303500,325.66221068604193,32
3305554,3303609,211.70329956460031,20
3305554,3303906,20.2936753449232,2
3305554,3304003,58.989970508934604,6
3305554,3304144,74.5088150175097,7
3305554,3304201,13.7528451057747,1
3305554,3304409,12.8174792596128,1
3305554,3304557,6640.591272411166,626
3305554,3304904,23.7858081379912,2
3305554,3305109,99.08748519388008,10
3305554,3305554,16757.624696040668,1586
3305554,3305802,9.8227946305124,1
3305554,3306206,14.4761447436962,1
3305554,3306305,34.2913668992102,3
3305554,3399999,5.5570992298079,1
3305554,3510500,11.1005688799458,1
3305554,3518800,7.4256270964883,1
3305554,3534401,6.9267318796512,1
3305554,3550308,22.9349711419899,2
3305554,4106902,4.7853474740603,1
3305554,4113700,13.0755899872255,1
3305554,8888888,26.9574979424795,2
3305604,3300209,108.15993506705841,11
3305604,3300258,6.1282627313295,1
3305604,3300704,19.386572360381102,2
3305604,3300803,17.4685011245873,2
3305604,3301009,24.4812629726758,3
3305604,3301306,234.27618079964245,24
3305604,3301702,9.5979854574442,1
3305604,3301876,9.4667682215274,1
3305604,3301900,109.59974845782081,12
3305604,3302403,280.2956041720534,28
3305604,3302700,10.0649361822456,1
3305604,3303302,82.23856386721799,9
3305604,3304003,11.3624719789512,1
3305604,3304110,8.7055718650951,1
3305604,3304300,529.0563522835306,53
3305604,3304524,120.78333005027999,13
3305604,3304557,252.67063292324139,29
3305604,3304706,8.3053324115985,1
3305604,3304904,50.1939217629817,4
3305604,3305406,11.2001360127318,1
3305604,3305505,51.2461969431146,5
3305604,3305604,4504.371089249272,460
3305604,3305752,19.477101218037,2
3305604,3550308,5.1804938731424,1
3305703,2111300,4.9904205623885,1
3305703,3101508,5.282813225436,1
3305703,3136702,1.5800422170384,1
3305703,3300506,16.068182664440098,3
3305703,3301207,8.6910831165301,2
3305703,3301504,5.0291298282499,1
3305703,3301603,20.3962740334988,4
3305703,3303401,90.4121664129699,17
3305703,3304524,5.5472887160793,1
3305703,3304557,13.629086337533002,3
3305703,3305406,10.5734242711475,2
3305703,3305703,4603.724327401639,922
3305703,3305802,32.7844089763407,6
3305703,3509502,4.3369581702198,1
3305703,3550308,3.7423177902868,1
3305703,3552205,6.28652378106,1
3305703,5300108,5.4658499661366,1
3305752,3300209,22.7439848750757,2
3305752,3300407,19.1976256882561,2
3305752,3300704,37.7779039959356,3
3305752,3300803,10.3213489783853,1
3305752,3301009,9.0085315833734,1
3305752,3301702,35.793923923525,3
3305752,3301900,1284.0059756484848,121
3305752,3302403,43.9153379345769,4
3305752,3302700,33.8166851621328,3
3305752,3303302,891.1940560918877,82
3305752,3303401,8.8999187780784,1
3305752,3304300,1078.077186202996,98
3305752,3304524,10.5185929427492,1
3305752,3304557,708.1229709660361,67
3305752,3304706,18.929669212388802,2
3305752,3304904,613.2946671776782,56
3305752,3305109,19.3830528043544,2
3305752,3305604,18.6596108750222,2
3305752,3305752,5751.364552966522,543
3305752,3399999,15.8466382133937,2
3305752,4218707,8.8999187780784,1
3305802,1400159,8.6492710969002,1
3305802,2304400,10.2535881774152,1
3305802,2800308,12.2166445422832,1
3305802,2916401,9.7599559222368,1
3305802,2918407,9.7599559222368,1
3305802,3101508,15.8073318781011,1
3305802,3136702,10.4171868873869,1
3305802,3151107,9.1385711719348,1
3305802,3199999,3.5894343423667,1
3305802,3205309,9.3857816685215,1
3305802,3300100,56.897014758518196,6
3305802,3300704,15.9240933969559,1
3305802,3300803,33.8158575568629,3
3305802,3301009,26.4309962819311,3
3305802,3301108,14.5053251708956,1
3305802,3301702,140.26795787961382,15
3305802,3301850,108.5547773228667,11
3305802,3301900,43.7885536178761,4
3305802,3302403,103.38880368396002,10
3305802,3302502,156.30287024896248,15
3305802,3302700,10.1007963582166,1
3305802,3303005,22.742857657784498,2
3305802,3303302,144.2744367945595,14
3305802,3303401,189.58121235259404,19
3305802,3303906,147.1452435058258,15
3305802,3304524,50.847014331512796,4
3305802,3304557,2049.6302437721874,204
3305802,3304904,28.707447701570004,3
3305802,3305109,12.2141713851742,1
3305802,3305158,7.5791231643386,1
3305802,3305406,41.059394827952204,4
3305802,3305703,41.5395937363866,3
3305802,3305802,52388.926244183545,5216
3305802,3399999,18.1764947764968,2
3305802,3509502,12.2364178405145,1
3305802,3550308,29.057048103283,3
3305802,8888888,133.0029699174473,11
3305901,3200607,5.1748781200584,1
3305901,3300506,83.9552314468814,16
3305901,3300704,3.5756648841252,1
3305901,3301009,36.9234860110467,7
3305901,3301108,17.8564703256259,4
3305901,3301405,21.9573939424507,5
3305901,3302403,206.17879981236683,39
3305901,3302452,13.3942612549566,3
3305901,3302700,5.6278196345322,1
3305901,3303401,116.28035179032571,21
3305901,3304557,14.919139636228099,3
3305901,3304607,42.594087198913996,9
3305901,3305901,3337.9509838589192,672
3305901,3550308,5.89111734685,1
3306008,1100205,10.3985853059073,1
3306008,1501402,9.9292589458101,1
3306008,2111300,8.5767815101552,1
3306008,2927408,9.4121968715943,1
3306008,3101508,70.9343738512391,6
3306008,3106200,37.9513017590979,4
3306008,3113404,8.7578092344807,1
3306008,3116209,121.5253854397733,12
3306008,3136702,282.0293233437557,25
3306008,3139805,1.000000000001,1
3306008,3140803,21.0434132854904,2
3306008,3143302,9.9301429581882,1
3306008,3143906,15.5104626304686,1
3306008,3146107,13.9857979049263,1
3306008,3158607,27.1936376991078,3
3306008,3167509,8.929064177881,1
3306008,3170206,8.3144502984659,1
3306008,3199999,8.6416315413264,1
3306008,3205309,12.1972264941655,1
3306008,3300100,6.7993127128593,1
3306008,3300225,186.6583475818783,19
3306008,3300308,26.9310288394975,3
3306008,3300407,12.5865316196493,1
3306008,3300704,8.5446212383194,1
3306008,3300951,282.0156685769617,28
3306008,3302007,6.8989577502966,1
3306008,3302809,8.3423808304436,1
3306008,3303302,23.7608972176086,2
3306008,3303401,35.1920332031143,4
3306008,3303708,587.76723843305,59
3306008,3303856,15.4542305677707,1
3306008,3303906,549.8693497868727,52
3306008,3304201,7.2681819985957,1
3306008,3304557,794.2894303683004,79
3306008,3305109,16.6093382464046,1
3306008,3305158,8.4288082553694,1
3306008,3305406,261.28326257483246,24
3306008,3305802,20.3698338079784,2
3306008,3306008,22109.56658461664,2180
3306008,3306107,10.3584236688936,1
3306008,3306206,55.9843876948424,6
3306008,3306305,17.4088509382742,2
3306008,3399999,8.2329966354568,1
3306008,3505500,12.6847053209358,1
3306008,3525904,9.7166155972319,1
3306008,3535606,12.8622870684084,1
3306008,3550308,55.05365144703419,5
3306008,4300059,13.0786330518442,1
3306008,8888888,39.0634729201775,4
3306107,2111300,8.6738327598492,1
3306107,2611606,11.2024198137283,1
3306107,3106200,34.712603241776904,3
3306107,3131307,8.6085181827397,1
3306107,3136702,87.67042241427899,8
3306107,3154200,9.8696914386846,1
3306107,3155900,89.8426961486649,9
3306107,3157203,24.6055169650194,2
3306107,3157278,11.0796738285659,1
3306107,3171501,7.3839514998888,1
3306107,3300100,64.3801108173765,7
3306107,3300308,757.1707962852125,71
3306107,3300407,51.562324368516,5
3306107,3301207,12.5348701138214,1
3306107,3301801,22.0438286583333,2
3306107,3302007,33.928612598356096,3
3306107,3302403,38.7055781214512,4
3306107,3302601,22.3281997767375,2
3306107,3303203,10.6342918648423,1
3306107,3303302,21.7919443819246,2
3306107,3303500,11.9179888772521,1
3306107,3303609,22.7500720356448,2
3306107,3303856,10.9994685617462,1
3306107,3303906,49.3159084270651,5
3306107,3304003,30.461618814164503,3
3306107,3304128,8.2806953947512,1
3306107,3304201,88.53168724526698,8
3306107,3304508,286.3034757169767,29
3306107,3304557,701.7200502844028,66
3306107,3305109,12.9671145892164,1
3306107,3305554,17.9860135538792,2
3306107,3305802,12.4519229608858,1
3306107,3306008,14.2610999639393,1
3306107,3306107,20494.220519616603,1985
3306107,3306206,631.5026656701666,64
3306107,3306305,402.46097870229124,39
3306107,3399999,14.2000134683549,1
3306107,3538006,10.6681890694516,1
3306107,3550308,28.951709132713198,3
3306107,4104659,7.5515588860605,1
3306107,4106902,6.0511159275804,1
3306107,5001904,14.2566154158646,1
3306107,8888888,33.018681949383,3
3306156,3169208,6.0221459776113,1
3306156,3202306,9.7023264270297,2
3306156,3205002,5.442553936697,1
3306156,3300605,17.0170791933377,4
3306156,3301009,5.6304326572149,1
3306156,3302056,5.144936293108,1
3306156,3302106,12.4112383530613,2
3306156,3302205,27.529099521266097,6
3306156,3302403,14.4809379075297,3
3306156,3303104,7.592359645005,2
3306156,3303203,5.2378217405038,1
3306156,3303609,4.9452108867001,1
3306156,3303807,3.1015741521619,1
3306156,3304102,20.052643743532197,4
3306156,3304557,4.3819155402884,1
3306156,3305133,5.5434067290427,1
3306156,3305208,9.2611994292702,2
3306156,3305802,7.9010800306782,2
3306156,3306156,3392.802463353257,668
3306206,1302603,7.361418836028,1
3306206,2800308,19.8300097758745,1
3306206,2920809,6.9799295607882,1
3306206,3144300,13.8165192505378,1
3306206,3300308,610.8453136125788,56
3306206,3300407,18.9449324834335,2
3306206,3301702,3.3930353623865,1
3306206,3301801,17.3177131034729,2
3306206,3302403,12.3291925726521,1
3306206,3302601,29.1084064144898,2
3306206,3302809,70.60603747603899,7
3306206,3302858,22.3281302430117,1
3306206,3302908,74.22209508961319,5
3306206,3303500,18.0995492025328,2
3306206,3303609,30.589434658285597,2
3306206,3303708,112.2435857576238,12
3306206,3303856,29.5868850436592,2
3306206,3303906,14.3507010646005,1
3306206,3304003,46.1145252190619,4
3306206,3304409,7.361418836028,1
3306206,3304508,25.7621627534871,3
3306206,3304557,347.23085386032545,33
3306206,3306008,14.523566271039199,2
3306206,3306107,144.31216667697993,13
3306206,3306206,10448.16191998674,988
3306206,3306305,162.95117118345996,15
3306206,3543303,9.4543994686725,1
3306206,3550308,84.8189708407201,6
3306206,4205407,7.3985452655983,1
3306305,1302603,23.7017578577689,2
3306305,2111300,18.6205575768898,2
3306305,2300101,10.7121434792722,1
3306305,2610004,8.3959320148287,1
3306305,2611606,19.9550861598046,2
3306305,2699999,8.9055127745313,1
3306305,2800308,8.9654884367976,1
3306305,2907509,7.8524825225542,1
3306305,2910727,6.2560597497725,1
3306305,3106200,49.1176898581934,5
3306305,3118007,17.529870022988497,2
3306305,3118304,11.0249855142604,1
3306305,3135407,11.1042001559853,1
3306305,3136702,16.6178689758898,2
3306305,3138203,12.0200306495425,1
3306305,3145901,10.9816912203889,1
3306305,3151107,16.9582318648277,1
3306305,3154101,10.4869819985845,1
3306305,3155900,8.5506734394596,1
3306305,3159308,21.1635590379418,2
3306305,3159605,9.541139001189,1
3306305,3160702,10.4048292423619,1
3306305,3170107,11.5134012286189,1
3306305,3170206,11.7494843514982,1
3306305,3171303,9.0668074440962,1
3306305,3202405,7.4274594165269,1
3306305,3205036,11.5456641609886,1
3306305,3205309,20.145269796009202,2
3306305,3300100,801.0835305670638,79
3306305,3300308,766.7915715328031,76
3306305,3300407,2996.4508803269537,292
3306305,3300704,30.5962043452047,3
3306305,3300803,9.5554191197669,1
3306305,3301009,48.2735111682435,5
3306305,3301108,11.8110932310483,1
3306305,3301702,86.2326481460468,8
3306305,3301900,11.5764995052529,1
3306305,3302007,657.1963259604308,66
3306305,3302254,117.20224117148449,11
3306305,3302403,405.5457039130436,39
3306305,3302601,23.9047214609725,2
3306305,3302809,18.9505071576295,2
3306305,3302908,20.887139071752202,2
3306305,3303302,168.25417904942833,17
3306305,3303401,11.2350748293038,1
3306305,3303500,55.55286803819429,6
3306305,3303807,15.3191577258148,2
3306305,3303906,24.5985951665009,3
3306305,3303955,361.3071243603334,34
3306305,3304003,400.14003355838696,40
3306305,3304102,10.0114135847345,1
3306305,3304110,762.028365234799,75
3306305,3304128,59.431214015147,6
3306305,3304144,11.1537310779141,1
3306305,3304201,2051.1629030182617,202
3306305,3304409,83.64324979736519,8
3306305,3304524,20.2353360714401,2
3306305,3304557,1497.238088323548,152
3306305,3305109,20.577538528919803,2
3306305,3305554,37.93310902923,5
3306305,3305604,13.1624468688172,1
3306305,3305802,9.5140275380465,1
3306305,3306107,93.0248230727263,9
3306305,3306206,94.16046702106541,8
3306305,3306305,82951.34732024322,8268
3306305,3399999,41.7705725031622,4
3306305,3503158,21.4246913026789,2
3306305,3504107,11.0132092078364,1
3306305,3504909,55.6637150184072,5
3306305,3505500,39.18992242139,4
3306305,3508603,11.1266802346623,1
3306305,3509502,21.1385506489403,2
3306305,3509700,49.3151783410464,4
3306305,3513504,16.6495411022919,2
3306305,3518701,23.5573870404609,2
3306305,3518800,9.4682440460097,1
3306305,3532009,12.8093331897511,1
3306305,3536505,34.3943882437075,3
3306305,3538006,8.9875714645997,1
3306305,3539806,8.5567994219636,2
3306305,3541901,9.6198311496881,1
3306305,3548708,3.6224393923162,1
3306305,3548807,7.810845167178,1
3306305,3549904,60.2302057620637,6
3306305,3550308,212.3170210736555,23
3306305,3552502,17.9763150583938,1
3306305,3554102,16.1166199588086,2
3306305,3599999,9.010062145642,1
3306305,4101804,12.0300308486433,1
3306305,4105003,20.9877654196938,2
3306305,4106902,9.5609211315649,1
3306305,4199999,7.0142145962256,1
3306305,4202404,10.895597755895,1
3306305,4203204,7.0537486766604,1
3306305,4203808,10.2368431588431,1
3306305,4209300,14.564924153363,1
3306305,4399999,9.3615799562032,1
3306305,5208608,29.976896166227203,3
3306305,5208707,24.3182598872818,2
3306305,5208905,7.8915629790569,1
3306305,8888888,58.0332446674563,6
