origin,destination,observed_2010_expanded,observed_2022_pair,seed_from_2022_containment_2010_shares,balanced_target,change_from_seed,status,actual,target_error,difference_from_historical_2010,historical_change_percent
3300456,3300456,52638.45445301621,,94319.29451320355,94319,-0.294513203567476,2022 local containment,94319,0,41680.54554698379,79.18269253932374
3300456,3300803,0.0,,0.0009752547255506,0,-0.0009752547255506,"historical 2010 survey prior, adjusted to modeled margins",0,0,0.0,
3300456,3301702,11616.498136437427,,7924.717202380129,11442,3517.2827976198714,"historical 2010 survey prior, adjusted to modeled margins",11442,0,-174.4981364374271,-1.5021578309394241
3300456,3301801,0.0,,5.019410049900113e-06,0,-5.019410049900113e-06,"historical 2010 survey prior, adjusted to modeled margins",0,0,0.0,
3300456,3301850,0.0,,0.0600169696109909,1,0.9399830303890092,"historical 2010 survey prior, adjusted to modeled margins",1,0,1.0,
3300456,3301900,20.9037744870769,,14.294157600759045,45,30.705842399240957,"historical 2010 survey prior, adjusted to modeled margins",45,0,24.0962255129231,115.27212718363296
3300456,3302007,160.28831868432562,,110.17586400973748,358,247.82413599026253,"historical 2010 survey prior, adjusted to modeled margins",358,0,197.71168131567438,123.34752958826085
3300456,3302270,42.5197702241056,,29.387389440729685,239,209.6126105592703,"historical 2010 survey prior, adjusted to modeled margins",239,0,196.4802297758944,462.09146648799265
3300456,3302502,137.4729016340931,,91.84140922098476,179,87.15859077901523,"historical 2010 survey prior, adjusted to modeled margins",179,0,41.52709836590691,30.20747934486621
3300456,3302601,20.2002471434713,,0.0557494753136181,2,1.944250524686382,"historical 2010 survey prior, adjusted to modeled margins",2,0,-18.2002471434713,-90.09913103639231
3300456,3302700,0.0,,0.2195256685164602,3,2.7804743314835396,"historical 2010 survey prior, adjusted to modeled margins",3,0,3.0,
3300456,3302809,0.0,,0.0,0,0.0,"historical 2010 survey prior, adjusted to modeled margins",0,0,0.0,
3300456,3302858,778.3596646488935,,531.7658666823631,1352,820.2341333176369,"historical 2010 survey prior, adjusted to modeled margins",1352,0,573.6403353511065,73.69862049697387
3300456,3302908,0.0,,5.255851531131244e-07,0,-5.255851531131244e-07,"historical 2010 survey prior, adjusted to modeled margins",0,0,0.0,
3300456,3303203,535.3915416066174,,365.94532020964976,306,-59.945320209649765,"historical 2010 survey prior, adjusted to modeled margins",306,0,-229.39154160661735,-42.845566987900675
3300456,3303302,1029.6183426029995,,706.0707612270919,472,-234.0707612270919,"historical 2010 survey prior, adjusted to modeled margins",472,0,-557.6183426029995,-54.15777084868875
3300456,3303500,10622.587390965213,,7252.555072506912,4208,-3044.5550725069124,"historical 2010 survey prior, adjusted to modeled margins",4208,0,-6414.587390965213,-60.38629907079876
3300456,3303609,0.0,,0.2622916390984068,2,1.737708360901593,"historical 2010 survey prior, adjusted to modeled margins",2,0,2.0,
3300456,3303906,86.28312405293559,,0.0115816498181622,1,0.9884183501818378,"historical 2010 survey prior, adjusted to modeled margins",1,0,-85.28312405293559,-98.84102481107837
3300456,3304003,0.0,,0.0464602663743761,5,4.9535397336256235,"historical 2010 survey prior, adjusted to modeled margins",5,0,5.0,
3300456,3304144,384.7923221693905,,263.17881441905865,600,336.82118558094135,"historical 2010 survey prior, adjusted to modeled margins",600,0,215.2076778306095,55.92826712791643
3300456,3304409,0.0,,2.617644802580437e-05,0,-2.617644802580437e-05,"historical 2010 survey prior, adjusted to modeled margins",0,0,0.0,
3300456,3304557,66861.70524745512,,45674.76086088664,45542,-132.76086088663578,"historical 2010 survey prior, adjusted to modeled margins",45542,0,-21319.705247455116,-31.886272072408126
3300456,3304904,37.0271824199017,,28.57666542934956,0,-28.57666542934956,"historical 2010 survey prior, adjusted to modeled margins",0,0,-37.0271824199017,-100.0
3300456,3305109,5920.713033646747,,4042.328575620618,2247,-1795.3285756206178,"historical 2010 survey prior, adjusted to modeled margins",2247,0,-3673.713033646747,-62.048489983713935
3300456,3305554,17.2730410881408,,12.253985016622176,45,32.746014983377826,"historical 2010 survey prior, adjusted to modeled margins",45,0,27.7269589118592,160.521582565422
3300803,3300456,0.0,,0.001623872092059,0,-0.001623872092059,"historical 2010 survey prior, adjusted to modeled margins",0,0,0.0,
3300803,3300803,15772.890894331777,,22.89905636245763,23,0.1009436375423682,2022 local containment,23,0,-15749.890894331777,-99.85418018704317
3300803,3301702,21.2251769542484,,0.6405320120469161,0,-0.6405320120469161,"historical 2010 survey prior, adjusted to modeled margins",0,0,-21.2251769542484,-100.0
3300803,3301801,0.0,,5.0431921831311165e-09,0,-5.0431921831311165e-09,"historical 2010 survey prior, adjusted to modeled margins",0,0,0.0,
3300803,3301850,21.3749145943963,,0.3521170776003005,4,3.6478829223996994,"historical 2010 survey prior, adjusted to modeled margins",4,0,-17.3749145943963,-81.28647493614477
3300803,3301900,474.7060157956256,,13.338007449085204,30,16.661992550914796,"historical 2010 survey prior, adjusted to modeled margins",30,0,-444.7060157956256,-93.6802991742755
3300803,3302007,0.0,,0.0007989869792908,0,-0.0007989869792908,"historical 2010 survey prior, adjusted to modeled margins",0,0,0.0,
3300803,3302270,0.0,,0.0003714371102492,0,-0.0003714371102492,"historical 2010 survey prior, adjusted to modeled margins",0,0,0.0,
3300803,3302502,40.9973291930488,,1.1931309341112633,1,-0.1931309341112632,"historical 2010 survey prior, adjusted to modeled margins",1,0,-39.9973291930488,-97.560816717374
3300803,3302601,0.0,,1.1215677749014638e-08,0,-1.1215677749014638e-08,"historical 2010 survey prior, adjusted to modeled margins",0,0,0.0,
3300803,3302700,16.8087290751862,,0.2328235654742416,1,0.7671764345257583,"historical 2010 survey prior, adjusted to modeled margins",1,0,-15.8087290751862,-94.05071022605603
3300803,3302809,0.0,,0.0,0,0.0,"historical 2010 survey prior, adjusted to modeled margins",0,0,0.0,
3300803,3302858,0.0,,0.0005754395925832,0,-0.0005754395925832,"historical 2010 survey prior, adjusted to modeled margins",0,0,0.0,
3300803,3302908,0.0,,5.28075393203356e-10,0,-5.28075393203356e-10,"historical 2010 survey prior, adjusted to modeled margins",0,0,0.0,
3300803,3303203,0.0,,0.0005689536630818,0,-0.0005689536630818,"historical 2010 survey prior, adjusted to modeled margins",0,0,0.0,
3300803,3303302,534.6723015659275,,16.041519776946686,7,-9.041519776946686,"historical 2010 survey prior, adjusted to modeled margins",7,0,-527.6723015659275,-98.69078686524463
3300803,3303500,19.2706219411561,,0.5812075743864588,0,-0.5812075743864588,"historical 2010 survey prior, adjusted to modeled margins",0,0,-19.2706219411561,-100.0
3300803,3303609,0.0,,0.000263534385685,0,-0.000263534385685,"historical 2010 survey prior, adjusted to modeled margins",0,0,0.0,
3300803,3303906,9.12795430471,,5.3852695626281294e-05,0,-5.3852695626281294e-05,"historical 2010 survey prior, adjusted to modeled margins",0,0,-9.12795430471,-100.0
3300803,3304003,0.0,,4.6680396675323645e-05,0,-4.6680396675323645e-05,"historical 2010 survey prior, adjusted to modeled margins",0,0,0.0,
3300803,3304144,0.0,,0.0005792408513242,1,0.9994207591486758,"historical 2010 survey prior, adjusted to modeled margins",1,0,1.0,
3300803,3304409,0.0,,2.6300472914840177e-08,0,-2.6300472914840177e-08,"historical 2010 survey prior, adjusted to modeled margins",0,0,0.0,
3300803,3304557,997.3182717057176,,29.96075134529563,22,-7.96075134529563,"historical 2010 survey prior, adjusted to modeled margins",22,0,-975.3182717057176,-97.79408433354246
3300803,3304904,153.7302741270906,,4.614635816245627,0,-4.614635816245627,"historical 2010 survey prior, adjusted to modeled margins",0,0,-153.7302741270906,-100.0
3300803,3305109,0.0,,0.0017340672253305,0,-0.0017340672253305,"historical 2010 survey prior, adjusted to modeled margins",0,0,0.0,
3300803,3305554,10.5659219519283,,0.317404902574516,1,0.682595097425484,"historical 2010 survey prior, adjusted to modeled margins",1,0,-9.5659219519283,-90.53561057378909
3301702,3300456,1567.603244064693,,1060.726185718617,1257,196.273814281383,"historical 2010 survey prior, adjusted to modeled margins",1257,0,-310.60324406469294,-19.813893932709593
3301702,3300803,0.0,,0.0011071737718881,0,-0.0011071737718881,"historical 2010 survey prior, adjusted to modeled margins",0,0,0.0,
3301702,3301702,166928.60341459495,,231937.79581891056,231938,0.2041810894152149,2022 local containment,231938,0,65009.39658540505,38.9444320839032
3301702,3301801,0.0,,5.698366808182312e-06,0,-5.698366808182312e-06,"historical 2010 survey prior, adjusted to modeled margins",0,0,0.0,
3301702,3301850,26.6710223019984,,9.96045288174736,151,141.03954711825264,"historical 2010 survey prior, adjusted to modeled margins",151,0,124.32897769800161,466.15752591038074
3301702,3301900,19.5864024769215,,13.450362659759872,42,28.54963734024013,"historical 2010 survey prior, adjusted to modeled margins",42,0,22.4135975230785,114.43447845763541
3301702,3302007,286.17587291318466,,194.19516563777935,624,429.8048343622206,"historical 2010 survey prior, adjusted to modeled margins",624,0,337.82412708681534,118.04773185379568
3301702,3302270,41.6683489669339,,28.56600629284187,230,201.43399370715812,"historical 2010 survey prior, adjusted to modeled margins",230,0,188.3316510330661,451.97771378587015
3301702,3302502,1178.5934279825328,,772.8368765440629,1492,719.1631234559371,"historical 2010 survey prior, adjusted to modeled margins",1492,0,313.40657201746717,26.59157641443356
3301702,3302601,39.340799325289495,,0.107456983646665,3,2.892543016353335,"historical 2010 survey prior, adjusted to modeled margins",3,0,-36.340799325289495,-92.37432881016348
3301702,3302700,63.7648624846148,,20.11986360061452,210,189.8801363993855,"historical 2010 survey prior, adjusted to modeled margins",210,0,146.2351375153852,229.3349845311261
3301702,3302809,0.0,,0.0,0,0.0,"historical 2010 survey prior, adjusted to modeled margins",0,0,0.0,
3301702,3302858,76.3081585484079,,52.19515819460429,131,78.80484180539571,"historical 2010 survey prior, adjusted to modeled margins",131,0,54.6918414515921,71.67233817717803
3301702,3302908,0.0,,5.966790841152432e-07,0,-5.966790841152432e-07,"historical 2010 survey prior, adjusted to modeled margins",0,0,0.0,
3301702,3303203,171.20714915222374,,116.29060620743506,96,-20.29060620743506,"historical 2010 survey prior, adjusted to modeled margins",96,0,-75.20714915222374,-43.92757517698956
3301702,3303302,1739.3626007722198,,1178.7783870054714,781,-397.77838700547136,"historical 2010 survey prior, adjusted to modeled margins",781,0,-958.3626007722198,-55.09849414646138
3301702,3303500,1536.2053004513575,,1041.257081261207,598,-443.2570812612071,"historical 2010 survey prior, adjusted to modeled margins",598,0,-938.2053004513575,-61.07291129484453
3301702,3303609,0.0,,0.2977708446696517,3,2.702229155330348,"historical 2010 survey prior, adjusted to modeled margins",3,0,3.0,
3301702,3303906,445.66080666794295,,0.0592091096106502,7,6.94079089038935,"historical 2010 survey prior, adjusted to modeled margins",7,0,-438.66080666794295,-98.42929871883133
3301702,3304003,19.1212967206197,,5.350372188529419,673,667.6496278114706,"historical 2010 survey prior, adjusted to modeled margins",673,0,653.8787032793803,3419.63577488059
3301702,3304144,112.83517144513682,,76.87287637148677,173,96.12712362851325,"historical 2010 survey prior, adjusted to modeled margins",173,0,60.16482855486318,53.32098829141831
3301702,3304409,0.0,,2.9717237903151874e-05,0,-2.9717237903151874e-05,"historical 2010 survey prior, adjusted to modeled margins",0,0,0.0,
3301702,3304557,97167.90762398766,,65686.31527242009,64889,-797.3152724200918,"historical 2010 survey prior, adjusted to modeled margins",64889,0,-32278.90762398766,-33.21972080421646
3301702,3304904,224.1909839902925,,155.19225328867734,0,-155.19225328867734,"historical 2010 survey prior, adjusted to modeled margins",0,0,-224.1909839902925,-100.0
3301702,3305109,3241.793247851156,,2191.7397295239007,1207,-984.7397295239008,"historical 2010 survey prior, adjusted to modeled margins",1207,0,-2034.7932478511561,-62.76752069861124
3301702,3305554,19.6755659960405,,13.81952752106298,51,37.18047247893702,"historical 2010 survey prior, adjusted to modeled margins",51,0,31.3244340039595,159.20474160826282
3301801,3300456,0.0,,0.0002931868083318,0,-0.0002931868083318,"historical 2010 survey prior, adjusted to modeled margins",0,0,0.0,
3301801,3300803,0.0,,1.769145342530149e-07,0,-1.769145342530149e-07,"historical 2010 survey prior, adjusted to modeled margins",0,0,0.0,
3301801,3301702,6.2616265764918,,0.0902161364383257,0,-0.0902161364383257,"historical 2010 survey prior, adjusted to modeled margins",0,0,-6.2616265764918,-100.0
3301801,3301801,3443.0440715119407,,0.215862699298323,0,-0.215862699298323,2022 local containment,0,0,-3443.0440715119407,-100.0
3301801,3301850,0.0,,1.0887283032656136e-05,0,-1.0887283032656136e-05,"historical 2010 survey prior, adjusted to modeled margins",0,0,0.0,
3301801,3301900,0.0,,0.0001691193257171,0,-0.0001691193257171,"historical 2010 survey prior, adjusted to modeled margins",0,0,0.0,
3301801,3302007,61.6985673145759,,0.8819157214461829,0,-0.8819157214461829,"historical 2010 survey prior, adjusted to modeled margins",0,0,-61.6985673145759,-100.0
3301801,3302270,0.0,,6.706221591128703e-05,0,-6.706221591128703e-05,"historical 2010 survey prior, adjusted to modeled margins",0,0,0.0,
3301801,3302502,0.0,,0.0001605622259648,0,-0.0001605622259648,"historical 2010 survey prior, adjusted to modeled margins",0,0,0.0,
3301801,3302601,0.0,,2.024967839888588e-09,0,-2.024967839888588e-09,"historical 2010 survey prior, adjusted to modeled margins",0,0,0.0,
3301801,3302700,0.0,,3.982270517093997e-05,0,-3.982270517093997e-05,"historical 2010 survey prior, adjusted to modeled margins",0,0,0.0,
3301801,3302809,250.73833609585483,,0.0,0,0.0,"historical 2010 survey prior, adjusted to modeled margins",0,0,-250.73833609585483,-100.0
3301801,3302858,0.0,,0.0001038944497921,0,-0.0001038944497921,"historical 2010 survey prior, adjusted to modeled margins",0,0,0.0,
3301801,3302908,71.5438234006795,,0.0008215905131301,0,-0.0008215905131301,"historical 2010 survey prior, adjusted to modeled margins",0,0,-71.5438234006795,-100.0
3301801,3303203,0.0,,0.0001027234283927,0,-0.0001027234283927,"historical 2010 survey prior, adjusted to modeled margins",0,0,0.0,
3301801,3303302,2.1125722180964,,0.0308121674835127,0,-0.0308121674835127,"historical 2010 survey prior, adjusted to modeled margins",0,0,-2.1125722180964,-100.0
3301801,3303500,14.5370859133176,,0.2083454844047181,0,-0.2083454844047181,"historical 2010 survey prior, adjusted to modeled margins",0,0,-14.5370859133176,-100.0
3301801,3303609,134.23753731509152,,1.846190450350799,3,1.153809549649201,"historical 2010 survey prior, adjusted to modeled margins",3,0,-131.23753731509152,-97.76515566360683
3301801,3303906,0.0,,2.233663601426319e-11,0,-2.233663601426319e-11,"historical 2010 survey prior, adjusted to modeled margins",0,0,0.0,
3301801,3304003,18.6655828527888,,0.1094304838093348,2,1.890569516190665,"historical 2010 survey prior, adjusted to modeled margins",2,0,-16.6655828527888,-89.28509216254567
3301801,3304144,0.0,,0.0001045807593379,0,-0.0001045807593379,"historical 2010 survey prior, adjusted to modeled margins",0,0,0.0,
3301801,3304409,0.0,,4.748496971669076e-09,0,-4.748496971669076e-09,"historical 2010 survey prior, adjusted to modeled margins",0,0,0.0,
3301801,3304557,291.85157589249485,,4.179485693231229,1,-3.1794856932312294,"historical 2010 survey prior, adjusted to modeled margins",1,0,-290.85157589249485,-99.65736008210956
3301801,3304904,0.0,,0.0005999716958846,0,-0.0005999716958846,"historical 2010 survey prior, adjusted to modeled margins",0,0,0.0,
3301801,3305109,14.9260028959928,,0.2136460688724235,1,0.7863539311275765,"historical 2010 survey prior, adjusted to modeled margins",1,0,-13.9260028959928,-93.30028268808343
3301801,3305554,5.1033477036813,,0.0730251808719022,1,0.9269748191280978,"historical 2010 survey prior, adjusted to modeled margins",1,0,-4.1033477036813,-80.40501925278087
3301850,3300456,0.0,,0.0267203728492192,0,-0.0267203728492192,"historical 2010 survey prior, adjusted to modeled margins",0,0,0.0,
3301850,3300803,141.6798939163049,,1.3161121487863383,64,62.68388785121366,"historical 2010 survey prior, adjusted to modeled margins",64,0,-77.6798939163049,-54.82774709175957
3301850,3301702,381.1742624354014,,74.76100478894287,81,6.23899521105713,"historical 2010 survey prior, adjusted to modeled margins",81,0,-300.1742624354014,-78.74987689817402
3301850,3301801,0.0,,8.298435335055273e-08,0,-8.298435335055273e-08,"historical 2010 survey prior, adjusted to modeled margins",0,0,0.0,
3301850,3301850,12026.404388500872,,2173.1059335460905,2173,-0.1059335460904549,2022 local containment,2173,0,-9853.404388500872,-81.93142414138569
3301850,3301900,145.75666663636213,,26.79051567720655,62,35.20948432279345,"historical 2010 survey prior, adjusted to modeled margins",62,0,-83.75666663636213,-57.46335215343573
3301850,3302007,0.0,,0.0131471130594117,0,-0.0131471130594117,"historical 2010 survey prior, adjusted to modeled margins",0,0,0.0,
3301850,3302270,0.0,,0.0061118964507303,0,-0.0061118964507303,"historical 2010 survey prior, adjusted to modeled margins",0,0,0.0,
3301850,3302502,1452.4032471961066,,276.1759999052267,400,123.82400009477328,"historical 2010 survey prior, adjusted to modeled margins",400,0,-1052.4032471961066,-72.45943915560585
3301850,3302601,0.0,,1.8455092163715886e-07,0,-1.8455092163715886e-07,"historical 2010 survey prior, adjusted to modeled margins",0,0,0.0,
3301850,3302700,0.0,,0.0036293499563855,0,-0.0036293499563855,"historical 2010 survey prior, adjusted to modeled margins",0,0,0.0,
3301850,3302809,0.0,,0.0,0,0.0,"historical 2010 survey prior, adjusted to modeled margins",0,0,0.0,
3301850,3302858,0.0,,0.0094687017168519,0,-0.0094687017168519,"historical 2010 survey prior, adjusted to modeled margins",0,0,0.0,
3301850,3302908,0.0,,8.689336720480094e-09,0,-8.689336720480094e-09,"historical 2010 survey prior, adjusted to modeled margins",0,0,0.0,
3301850,3303203,0.0,,0.0093619775140047,0,-0.0093619775140047,"historical 2010 survey prior, adjusted to modeled margins",0,0,0.0,
3301850,3303302,410.7618918711249,,80.6168346930883,40,-40.61683469308829,"historical 2010 survey prior, adjusted to modeled margins",40,0,-370.7618918711249,-90.26199830325307
3301850,3303500,10.4378593840025,,2.099176993877436,0,-2.099176993877436,"historical 2010 survey prior, adjusted to modeled margins",0,0,-10.4378593840025,-99.99999999999999
3301850,3303609,0.0,,0.0043363865162343,0,-0.0043363865162343,"historical 2010 survey prior, adjusted to modeled margins",0,0,0.0,
3301850,3303906,31.8678990680511,,0.0012292894077799,0,-0.0012292894077799,"historical 2010 survey prior, adjusted to modeled margins",0,0,-31.8678990680511,-100.0
3301850,3304003,0.0,,0.0007681132091706,0,-0.0007681132091706,"historical 2010 survey prior, adjusted to modeled margins",0,0,0.0,
3301850,3304144,0.0,,0.009531250393778,0,-0.009531250393778,"historical 2010 survey prior, adjusted to modeled margins",0,0,0.0,
3301850,3304409,0.0,,4.327671162229425e-07,0,-4.327671162229425e-07,"historical 2010 survey prior, adjusted to modeled margins",0,0,0.0,
3301850,3304557,2990.3477966670257,,587.2224556862726,437,-150.2224556862726,"historical 2010 survey prior, adjusted to modeled margins",437,0,-2553.3477966670257,-85.38631524777585
3301850,3304904,168.40448747046142,,33.08295051009184,0,-33.08295051009184,"historical 2010 survey prior, adjusted to modeled margins",0,0,-168.40448747046142,-100.0
3301850,3305109,39.967362379211494,,7.867118396392415,3,-4.867118396392415,"historical 2010 survey prior, adjusted to modeled margins",3,0,-36.967362379211494,-92.4938754488327
3301850,3305554,7.5250976069281,,1.4835607236217974,5,3.516439276378202,"historical 2010 survey prior, adjusted to modeled margins",5,0,-2.5250976069281004,-33.55567912638541
3301900,3300456,0.0,,0.6782735219642636,1,0.3217264780357364,"historical 2010 survey prior, adjusted to modeled margins",1,0,1.0,
3301900,3300803,189.7991037513833,,7.324348971292407,695,687.6756510287076,"historical 2010 survey prior, adjusted to modeled margins",695,0,505.2008962486167,266.176650080696
3301900,3301702,348.35316274304716,,285.4021470125851,596,310.5978529874149,"historical 2010 survey prior, adjusted to modeled margins",596,0,247.64683725695284,71.0907388659544
3301900,3301801,0.0,,2.106485936129108e-06,0,-2.106485936129108e-06,"historical 2010 survey prior, adjusted to modeled margins",0,0,0.0,
3301900,3301850,12.3083717801051,,5.5313261730081225,122,116.46867382699187,"historical 2010 survey prior, adjusted to modeled margins",122,0,109.6916282198949,891.1952789498714
3301900,3301900,44269.71707116355,,51255.819032202045,51256,0.1809677979545085,2022 local containment,51256,0,6986.282928836452,15.781178175604794
3301900,3302007,19.3733231401325,,16.116163173204395,76,59.8838368267956,"historical 2010 survey prior, adjusted to modeled margins",76,0,56.6266768598675,292.29201645103115
3301900,3302270,8.8205627525265,,7.341352047446128,87,79.65864795255388,"historical 2010 survey prior, adjusted to modeled margins",87,0,78.1794372474735,886.331625780683
3301900,3302502,238.4808895771263,,188.7365971990216,532,343.2634028009784,"historical 2010 survey prior, adjusted to modeled margins",532,0,293.5191104228737,123.07867139515498
3301900,3302601,0.0,,4.6846653041461705e-06,1,0.999995315334696,"historical 2010 survey prior, adjusted to modeled margins",1,0,1.0,
3301900,3302700,346.072387762687,,130.1646694234054,1990,1859.8353305765943,"historical 2010 survey prior, adjusted to modeled margins",1990,0,1643.927612237313,475.02420602380073
3301900,3302809,0.0,,0.0,0,0.0,"historical 2010 survey prior, adjusted to modeled margins",0,0,0.0,
3301900,3302858,0.0,,0.2403547921340436,0,-0.2403547921340436,"historical 2010 survey prior, adjusted to modeled margins",0,0,0.0,
3301900,3302908,0.0,,2.205712867178669e-07,0,-2.205712867178669e-07,"historical 2010 survey prior, adjusted to modeled margins",0,0,0.0,
3301900,3303203,0.0,,0.2376456906797917,0,-0.2376456906797917,"historical 2010 survey prior, adjusted to modeled margins",0,0,0.0,
3301900,3303302,13333.618381271186,,10864.470788792409,10506,-358.4707887924087,"historical 2010 survey prior, adjusted to modeled margins",10506,0,-2827.618381271186,-21.206684490407692
3301900,3303500,59.4015683393211,,49.71647754468005,41,-8.716477544680053,"historical 2010 survey prior, adjusted to modeled margins",41,0,-18.401568339321102,-30.97825335891024
3301900,3303609,0.0,,0.1100754159218454,1,0.8899245840781546,"historical 2010 survey prior, adjusted to modeled margins",1,0,1.0,
3301900,3303906,31.372457834111497,,0.0050271777733478,0,-0.0050271777733478,"historical 2010 survey prior, adjusted to modeled margins",0,0,-31.372457834111497,-100.0
3301900,3304003,0.0,,0.0194978885433723,3,2.9805021114566275,"historical 2010 survey prior, adjusted to modeled margins",3,0,3.0,
3301900,3304144,0.0,,0.2419425361237065,0,-0.2419425361237065,"historical 2010 survey prior, adjusted to modeled margins",0,0,0.0,
3301900,3304409,0.0,,1.0985418420889674e-05,0,-1.0985418420889674e-05,"historical 2010 survey prior, adjusted to modeled margins",0,0,0.0,
3301900,3304557,11427.220650530297,,9328.702611131872,13437,4108.297388868128,"historical 2010 survey prior, adjusted to modeled margins",13437,0,2009.7793494697034,17.587648046127793
3301900,3304904,8839.273066131509,,7202.838347853582,0,-7202.838347853582,"historical 2010 survey prior, adjusted to modeled margins",0,0,-8839.273066131509,-100.0
3301900,3305109,11.7986411219693,,10.336779978782015,8,-2.336779978782017,"historical 2010 survey prior, adjusted to modeled margins",8,0,-3.7986411219693004,-32.19558153096255
3301900,3305554,0.0,,0.1955497313705645,2,1.8044502686294357,"historical 2010 survey prior, adjusted to modeled margins",2,0,2.0,
3302007,3300456,13.9866401101164,,12.875268951236412,11,-1.8752689512364125,"historical 2010 survey prior, adjusted to modeled margins",11,0,-2.986640110116401,-21.353520835616504
3302007,3300803,0.0,,0.0001153686871987,0,-0.0001153686871987,"historical 2010 survey prior, adjusted to modeled margins",0,0,0.0,
3302007,3301702,168.09270365646,,152.82021813513524,155,2.179781864864765,"historical 2010 survey prior, adjusted to modeled margins",155,0,-13.092703656460003,-7.788977969691212
3302007,3301801,0.0,,5.937758954639328e-07,0,-5.937758954639328e-07,"historical 2010 survey prior, adjusted to modeled margins",0,0,0.0,
3302007,3301850,0.0,,0.0070997646176579,0,-0.0070997646176579,"historical 2010 survey prior, adjusted to modeled margins",0,0,0.0,
3302007,3301900,0.0,,0.1102853118897788,1,0.8897146881102211,"historical 2010 survey prior, adjusted to modeled margins",1,0,1.0,
3302007,3302007,26501.627236490887,,35795.12579626049,35795,-0.1257962604868225,2022 local containment,35795,0,9293.372763509113,35.06717787771457
3302007,3302270,0.0,,0.0437323018314641,1,0.956267698168536,"historical 2010 survey prior, adjusted to modeled margins",1,0,1.0,
3302007,3302502,11.5758541484232,,10.282227488100434,14,3.7177725118995664,"historical 2010 survey prior, adjusted to modeled margins",14,0,2.4241458515767995,20.94139940340388
3302007,3302601,1279.367853599786,,4.6910064973834755,83,78.30899350261653,"historical 2010 survey prior, adjusted to modeled margins",83,0,-1196.367853599786,-93.51242101585865
3302007,3302700,0.0,,0.0259689981700685,1,0.9740310018299314,"historical 2010 survey prior, adjusted to modeled margins",1,0,1.0,
3302007,3302809,14.4033873522844,,0.0,0,0.0,"historical 2010 survey prior, adjusted to modeled margins",0,0,-14.4033873522844,-100.0
3302007,3302858,0.0,,0.0677511677057273,0,-0.0677511677057273,"historical 2010 survey prior, adjusted to modeled margins",0,0,0.0,
3302007,3302908,0.0,,6.217459658202346e-08,0,-6.217459658202346e-08,"historical 2010 survey prior, adjusted to modeled margins",0,0,0.0,
3302007,3303203,18.9620087608438,,17.263082049809913,10,-7.263082049809913,"historical 2010 survey prior, adjusted to modeled margins",10,0,-8.962008760843801,-47.262971312143804
3302007,3303302,131.1882539925062,,119.37368538221683,55,-64.37368538221683,"historical 2010 survey prior, adjusted to modeled margins",55,0,-76.18825399250619,-58.07551489850475
3302007,3303500,85.9494341017734,,78.31751482067307,31,-47.31751482067307,"historical 2010 survey prior, adjusted to modeled margins",31,0,-54.949434101773406,-63.93228143504394
3302007,3303609,61.91935192863959,,54.062739289391025,384,329.937260710609,"historical 2010 survey prior, adjusted to modeled margins",384,0,322.08064807136043,520.1615295369205
3302007,3303906,0.0,,1.4566063688791744e-08,0,-1.4566063688791744e-08,"historical 2010 survey prior, adjusted to modeled margins",0,0,0.0,
3302007,3304003,31.7458054608438,,11.813613221908591,1047,1035.1863867780914,"historical 2010 survey prior, adjusted to modeled margins",1047,0,1015.2541945391562,3198.073508613288
3302007,3304144,0.0,,0.0681987207100269,0,-0.0681987207100269,"historical 2010 survey prior, adjusted to modeled margins",0,0,0.0,
3302007,3304409,9.8927450810598,,0.1199682300826683,12,11.880031769917332,"historical 2010 survey prior, adjusted to modeled margins",12,0,2.1072549189401997,21.301013032011248
3302007,3304557,6645.882594136612,,6032.263746378586,4199,-1833.263746378586,"historical 2010 survey prior, adjusted to modeled margins",4199,0,-2446.882594136612,-36.81802318168238
3302007,3304904,11.8935322203152,,11.177149393096933,0,-11.177149393096933,"historical 2010 survey prior, adjusted to modeled margins",0,0,-11.8935322203152,-100.0
3302007,3305109,11.3514320872091,,10.49844956654012,4,-6.4984495665401205,"historical 2010 survey prior, adjusted to modeled margins",4,0,-7.3514320872090995,-64.76215538912277
3302007,3305554,359.0884830692827,,325.70202818528816,834,508.29797181471184,"historical 2010 survey prior, adjusted to modeled margins",834,0,474.9115169307173,132.25473367217063
3302270,3300456,155.5470974314208,,110.42941804892617,112,1.570581951073848,"historical 2010 survey prior, adjusted to modeled margins",112,0,-43.54709743142081,-27.996084883949887
3302270,3300803,0.0,,0.0001917475433252,0,-0.0001917475433252,"historical 2010 survey prior, adjusted to modeled margins",0,0,0.0,
3302270,3301702,199.1304289959325,,141.7040589491819,173,31.2959410508181,"historical 2010 survey prior, adjusted to modeled margins",173,0,-26.130428995932505,-13.12226821771486
3302270,3301801,55.0539937192743,,0.15706388067811,13,12.84293611932189,"historical 2010 survey prior, adjusted to modeled margins",13,0,-42.0539937192743,-76.3868175190191
3302270,3301850,0.0,,0.0118001032748017,1,0.9881998967251984,"historical 2010 survey prior, adjusted to modeled margins",1,0,1.0,
3302270,3301900,0.0,,0.1832987627162212,1,0.8167012372837787,"historical 2010 survey prior, adjusted to modeled margins",1,0,1.0,
3302270,3302007,62.0129611137235,,44.0518802203773,121,76.9481197796227,"historical 2010 survey prior, adjusted to modeled margins",121,0,58.9870388862765,95.12050033879554
3302270,3302270,10404.447660312167,,14018.4245757054,14018,-0.4245757054013666,2022 local containment,14018,0,3613.5523396878325,34.730842594093204
3302270,3302502,12.624287554798,,8.838090683036494,15,6.161909316963506,"historical 2010 survey prior, adjusted to modeled margins",15,0,2.3757124452019998,18.818586275778262
3302270,3302601,38.6755654447062,,0.1106984748593306,3,2.8893015251406693,"historical 2010 survey prior, adjusted to modeled margins",3,0,-35.6755654447062,-92.24316447476625
3302270,3302700,0.0,,0.0431615520869242,1,0.9568384479130756,"historical 2010 survey prior, adjusted to modeled margins",1,0,1.0,
3302270,3302809,0.0,,0.0,0,0.0,"historical 2010 survey prior, adjusted to modeled margins",0,0,0.0,
3302270,3302858,208.7070757569819,,147.85615548379428,316,168.14384451620572,"historical 2010 survey prior, adjusted to modeled margins",316,0,107.29292424301809,51.40837887448998
3302270,3302908,99.54789603655912,,0.0566204039943819,10,9.943379596005618,"historical 2010 survey prior, adjusted to modeled margins",10,0,-89.54789603655912,-89.9545842773739
3302270,3303203,261.7529469597416,,185.40601054548995,130,-55.40601054548995,"historical 2010 survey prior, adjusted to modeled margins",130,0,-131.75294695974162,-50.33484760727665
3302270,3303302,158.1762067901841,,112.64238284446056,63,-49.64238284446057,"historical 2010 survey prior, adjusted to modeled margins",63,0,-95.1762067901841,-60.17100088664563
3302270,3303500,1790.9826015028343,,1268.454027542276,619,-649.454027542276,"historical 2010 survey prior, adjusted to modeled margins",619,0,-1171.9826015028343,-65.43796687468712
3302270,3303609,250.7657782763957,,170.86281780760373,1463,1292.1371821923965,"historical 2010 survey prior, adjusted to modeled margins",1463,0,1212.2342217236044,483.4129401769773
3302270,3303906,0.0,,2.420940201420105e-08,0,-2.420940201420105e-08,"historical 2010 survey prior, adjusted to modeled margins",0,0,0.0,
3302270,3304003,0.0,,0.0091346821564953,0,-0.0091346821564953,"historical 2010 survey prior, adjusted to modeled margins",0,0,0.0,
3302270,3304144,722.139212159875,,511.31504449274985,981,469.68495550725015,"historical 2010 survey prior, adjusted to modeled margins",981,0,258.860787840125,35.84638300777048
3302270,3304409,0.0,,5.1466242310142694e-06,0,-5.1466242310142694e-06,"historical 2010 survey prior, adjusted to modeled margins",0,0,0.0,
3302270,3304557,14566.546960995294,,10320.464243043005,8655,-1665.464243043005,"historical 2010 survey prior, adjusted to modeled margins",8655,0,-5911.546960995294,-40.58303575188126
3302270,3304904,8.8046911879858,,6.883107931450276,0,-6.883107931450276,"historical 2010 survey prior, adjusted to modeled margins",0,0,-8.8046911879858,-100.0
3302270,3305109,113.4173373475464,,80.62736257823222,37,-43.62736257823222,"historical 2010 survey prior, adjusted to modeled margins",37,0,-76.4173373475464,-67.37712164179946
3302270,3305554,268.8862978094986,,190.4359813754723,587,396.5640186245277,"historical 2010 survey prior, adjusted to modeled margins",587,0,318.1137021905014,118.30788879241425
3302502,3300456,125.04121417756733,,99.26768752025367,92,-7.267687520253688,"historical 2010 survey prior, adjusted to modeled margins",92,0,-33.041214177567326,-26.42425890926369
3302502,3300803,20.8288103144903,,0.7790709554633055,39,38.220929044536696,"historical 2010 survey prior, adjusted to modeled margins",39,0,18.1711896855097,87.24065086361782
3302502,3301702,6575.044689797395,,5186.771642112381,5813,626.2283578876186,"historical 2010 survey prior, adjusted to modeled margins",5813,0,-762.0446897973952,-11.589954528824306
3302502,3301801,0.0,,1.7550973937690713e-06,0,-1.7550973937690713e-06,"historical 2010 survey prior, adjusted to modeled margins",0,0,0.0,
3302502,3301850,691.6513732381824,,299.8030285991172,3538,3238.196971400883,"historical 2010 survey prior, adjusted to modeled margins",3538,0,2846.3486267618177,411.5293827055885
3302502,3301900,281.26176351292264,,208.27480704486996,501,292.72519295513007,"historical 2010 survey prior, adjusted to modeled margins",501,0,219.73823648707736,78.12588307154714
3302502,3302007,105.12492170279629,,83.2530814407307,210,126.7469185592693,"historical 2010 survey prior, adjusted to modeled margins",210,0,104.87507829720371,99.76233665476687
3302502,3302270,9.3794408051533,,7.533022341836459,48,40.46697765816354,"historical 2010 survey prior, adjusted to modeled margins",48,0,38.6205591948467,411.7575876552001
3302502,3302502,43621.18028195493,,54155.20980872399,54155,-0.209808723986498,2022 local containment,54155,0,10533.819718045073,24.148406003591496
3302502,3302601,45.7495359464748,,0.1460153550219487,3,2.853984644978051,"historical 2010 survey prior, adjusted to modeled margins",3,0,-42.7495359464748,-93.44255643705351
3302502,3302700,45.4644502024656,,16.633027089494085,137,120.36697291050592,"historical 2010 survey prior, adjusted to modeled margins",137,0,91.5355497975344,201.33433790555398
3302502,3302809,0.0,,0.0,0,0.0,"historical 2010 survey prior, adjusted to modeled margins",0,0,0.0,
3302502,3302858,0.0,,0.2002605676207617,1,0.7997394323792383,"historical 2010 survey prior, adjusted to modeled margins",1,0,1.0,
3302502,3302908,0.0,,1.8377720155597165e-07,1,0.9999998162227984,"historical 2010 survey prior, adjusted to modeled margins",1,0,1.0,
3302502,3303203,10.7773447450625,,8.705210449592826,6,-2.705210449592826,"historical 2010 survey prior, adjusted to modeled margins",6,0,-4.7773447450625,-44.32766008762203
3302502,3303302,1532.2654422963096,,1210.7001829401995,629,-581.7001829401997,"historical 2010 survey prior, adjusted to modeled margins",629,0,-903.2654422963096,-58.94967134040709
3302502,3303500,187.2227079057719,,148.88711595018734,67,-81.88711595018734,"historical 2010 survey prior, adjusted to modeled margins",67,0,-120.2227079057719,-64.21374268674678
3302502,3303609,0.0,,0.0917134419408895,0,-0.0917134419408895,"historical 2010 survey prior, adjusted to modeled margins",0,0,0.0,
3302502,3303906,869.403624155772,,0.1349785095750353,12,11.865021490424963,"historical 2010 survey prior, adjusted to modeled margins",12,0,-857.403624155772,-98.61974350386996
3302502,3304003,0.0,,0.0162453937050046,1,0.9837546062949952,"historical 2010 survey prior, adjusted to modeled margins",1,0,1.0,
3302502,3304144,51.9003878748129,,41.16968433403301,72,30.830315665966992,"historical 2010 survey prior, adjusted to modeled margins",72,0,20.0996121251871,38.72728692060774
3302502,3304409,0.0,,9.15291144805654e-06,0,-9.15291144805654e-06,"historical 2010 survey prior, adjusted to modeled margins",0,0,0.0,
3302502,3304557,18750.79315444132,,14816.813605598045,11465,-3351.813605598043,"historical 2010 survey prior, adjusted to modeled margins",11465,0,-7285.793154441319,-38.85591982393344
3302502,3304904,608.1241184816703,,481.1854482345066,0,-481.1854482345066,"historical 2010 survey prior, adjusted to modeled margins",0,0,-608.1241184816703,-100.0
3302502,3305109,95.9128492094756,,76.31326470052836,32,-44.31326470052837,"historical 2010 survey prior, adjusted to modeled margins",32,0,-63.912849209475596,-66.63637847926783
3302502,3305554,13.2747956595126,,10.641524998606728,30,19.358475001393273,"historical 2010 survey prior, adjusted to modeled margins",30,0,16.7252043404874,125.99217923555959
3302601,3300456,0.0,,0.0015443663414683,0,-0.0015443663414683,"historical 2010 survey prior, adjusted to modeled margins",0,0,0.0,
3302601,3300803,0.0,,9.319002228355544e-07,0,-9.319002228355544e-07,"historical 2010 survey prior, adjusted to modeled margins",0,0,0.0,
3302601,3301702,0.0,,0.0042366618545131,1,0.9957633381454868,"historical 2010 survey prior, adjusted to modeled margins",1,0,1.0,
3302601,3301801,0.0,,4.796274472152547e-09,0,-4.796274472152547e-09,"historical 2010 survey prior, adjusted to modeled margins",0,0,0.0,
3302601,3301850,0.0,,5.7348942680401106e-05,0,-5.7348942680401106e-05,"historical 2010 survey prior, adjusted to modeled margins",0,0,0.0,
3302601,3301900,0.0,,0.0008908388334912,0,-0.0008908388334912,"historical 2010 survey prior, adjusted to modeled margins",0,0,0.0,
3302601,3302007,934.4694747949892,,24.56517699096768,43,18.43482300903232,"historical 2010 survey prior, adjusted to modeled margins",43,0,-891.4694747949892,-95.39845857357368
3302601,3302270,0.0,,0.0003532513267801,0,-0.0003532513267801,"historical 2010 survey prior, adjusted to modeled margins",0,0,0.0,
3302601,3302502,0.0,,0.0008457641696165,0,-0.0008457641696165,"historical 2010 survey prior, adjusted to modeled margins",0,0,0.0,
3302601,3302601,10467.28707601031,,1.8184398866798197,2,0.1815601133201803,2022 local containment,2,0,-10465.28707601031,-99.98089285231715
3302601,3302700,0.0,,0.0002097667553398,0,-0.0002097667553398,"historical 2010 survey prior, adjusted to modeled margins",0,0,0.0,
3302601,3302809,0.0,,0.0,0,0.0,"historical 2010 survey prior, adjusted to modeled margins",0,0,0.0,
3302601,3302858,0.0,,0.0005472657253484,0,-0.0005472657253484,"historical 2010 survey prior, adjusted to modeled margins",0,0,0.0,
3302601,3302908,0.0,,5.022205055490601e-10,0,-5.022205055490601e-10,"historical 2010 survey prior, adjusted to modeled margins",0,0,0.0,
3302601,3303203,0.0,,0.0005410973508415,0,-0.0005410973508415,"historical 2010 survey prior, adjusted to modeled margins",0,0,0.0,
3302601,3303302,20.0001319486147,,0.5290386748173036,0,-0.5290386748173036,"historical 2010 survey prior, adjusted to modeled margins",0,0,-20.0001319486147,-100.0
3302601,3303500,27.2621655623455,,0.7197050740233465,0,-0.7197050740233465,"historical 2010 survey prior, adjusted to modeled margins",0,0,-27.2621655623455,-99.99999999999999
3302601,3303609,7.9252101207211,,0.2007266827110851,1,0.7992733172889148,"historical 2010 survey prior, adjusted to modeled margins",1,0,-6.9252101207211,-87.38203801833066
3302601,3303906,0.0,,1.1765859807379742e-10,0,-1.1765859807379742e-10,"historical 2010 survey prior, adjusted to modeled margins",0,0,0.0,
3302601,3304003,0.0,,4.4394896484948934e-05,0,-4.4394896484948934e-05,"historical 2010 survey prior, adjusted to modeled margins",0,0,0.0,
3302601,3304144,18.5680870505739,,0.4886882294499221,0,-0.4886882294499221,"historical 2010 survey prior, adjusted to modeled margins",0,0,-18.5680870505739,-100.0
3302601,3304409,0.0,,2.5012786002668162e-08,0,-2.5012786002668162e-08,"historical 2010 survey prior, adjusted to modeled margins",0,0,0.0,
3302601,3304557,1447.7268496407223,,38.10222174459647,20,-18.10222174459647,"historical 2010 survey prior, adjusted to modeled margins",20,0,-1427.7268496407223,-98.61852392908486
3302601,3304904,0.0,,0.0031603607891835,0,-0.0031603607891835,"historical 2010 survey prior, adjusted to modeled margins",0,0,0.0,
3302601,3305109,9.2181638285178,,0.2439859259735316,0,-0.2439859259735316,"historical 2010 survey prior, adjusted to modeled margins",0,0,-9.2181638285178,-100.0
3302601,3305554,31.0970808798234,,0.8179579288359973,1,0.1820420711640027,"historical 2010 survey prior, adjusted to modeled margins",1,0,-30.0970808798234,-96.78426407975539
3302700,3300456,0.0,,0.4080925599772346,0,-0.4080925599772346,"historical 2010 survey prior, adjusted to modeled margins",0,0,0.0,
3302700,3300803,0.0,,0.0002462508650756,0,-0.0002462508650756,"historical 2010 survey prior, adjusted to modeled margins",0,0,0.0,
3302700,3301702,87.32057020172181,,95.409091997419,174,78.590908002581,"historical 2010 survey prior, adjusted to modeled margins",174,0,86.67942979827819,99.26576246357246
3302700,3301801,0.0,,1.267396132081744e-06,0,-1.267396132081744e-06,"historical 2010 survey prior, adjusted to modeled margins",0,0,0.0,
3302700,3301850,0.0,,0.0151542261716097,0,-0.0151542261716097,"historical 2010 survey prior, adjusted to modeled margins",0,0,0.0,
3302700,3301900,155.222500686575,,157.37258074590142,617,459.6274192540986,"historical 2010 survey prior, adjusted to modeled margins",617,0,461.777499313425,297.49391825985674
3302700,3302007,9.8693688468798,,10.866988738889676,45,34.133011261110326,"historical 2010 survey prior, adjusted to modeled margins",45,0,35.1306311531202,355.956208529249
3302700,3302270,11.8922402295517,,12.946727115548716,133,120.05327288445127,"historical 2010 survey prior, adjusted to modeled margins",133,0,121.1077597704483,1018.3763313954993
3302700,3302502,22.8389388175098,,24.155170361227903,60,35.8448296387721,"historical 2010 survey prior, adjusted to modeled margins",60,0,37.1610611824902,162.70922865295364
3302700,3302601,9.8901544541351,,0.0432225246259588,2,1.9567774753740412,"historical 2010 survey prior, adjusted to modeled margins",2,0,-7.8901544541351,-79.77786889704443
3302700,3302700,28131.34459129994,,20507.979508515087,20508,0.0204914849127817,2022 local containment,20508,0,-7623.344591299941,-27.09911204762527
3302700,3302809,0.0,,0.0,0,0.0,"historical 2010 survey prior, adjusted to modeled margins",0,0,0.0,
3302700,3302858,0.0,,0.1446127546608636,1,0.8553872453391363,"historical 2010 survey prior, adjusted to modeled margins",1,0,1.0,
3302700,3302908,0.0,,1.327097375016056e-07,1,0.9999998672902624,"historical 2010 survey prior, adjusted to modeled margins",1,0,1.0,
3302700,3303203,0.0,,0.1429827866436809,1,0.8570172133563191,"historical 2010 survey prior, adjusted to modeled margins",1,0,1.0,
3302700,3303302,5344.875071039294,,5777.712643090956,4897,-880.7126430909557,"historical 2010 survey prior, adjusted to modeled margins",4897,0,-447.8750710392942,-8.379523657457653
3302700,3303500,39.4837021556223,,43.46983975437724,32,-11.46983975437724,"historical 2010 survey prior, adjusted to modeled margins",32,0,-7.4837021556222965,-18.953901855823446
3302700,3303609,0.0,,0.0662283825321895,1,0.9337716174678105,"historical 2010 survey prior, adjusted to modeled margins",1,0,1.0,
3302700,3303906,0.0,,3.109080870385779e-08,0,-3.109080870385779e-08,"historical 2010 survey prior, adjusted to modeled margins",0,0,0.0,
3302700,3304003,0.0,,0.0117311718534618,1,0.9882688281465382,"historical 2010 survey prior, adjusted to modeled margins",1,0,1.0,
3302700,3304144,0.0,,0.1455680425916877,0,-0.1455680425916877,"historical 2010 survey prior, adjusted to modeled margins",0,0,0.0,
3302700,3304409,0.0,,6.609527544019533e-06,0,-6.609527544019533e-06,"historical 2010 survey prior, adjusted to modeled margins",0,0,0.0,
3302700,3304557,8208.431297735904,,8883.169693473996,11213,2329.8303065260043,"historical 2010 survey prior, adjusted to modeled margins",11213,0,3004.568702264096,36.603445814218276
3302700,3304904,1992.1375773853233,,2153.97905747529,0,-2153.97905747529,"historical 2010 survey prior, adjusted to modeled margins",0,0,-1992.1375773853233,-100.0
3302700,3305109,51.91879904959539,,56.550709035676974,39,-17.550709035676974,"historical 2010 survey prior, adjusted to modeled margins",39,0,-12.918799049595393,-24.88270007411905
3302700,3305554,0.0,,0.1176551758157512,0,-0.1176551758157512,"historical 2010 survey prior, adjusted to modeled margins",0,0,0.0,
3302809,3300456,0.0,,6.688381536115316e-06,0,-6.688381536115316e-06,"historical 2010 survey prior, adjusted to modeled margins",0,0,0.0,
3302809,3300803,0.0,,4.0358974917758495e-09,0,-4.0358974917758495e-09,"historical 2010 survey prior, adjusted to modeled margins",0,0,0.0,
3302809,3301702,5.4733602086735,,0.0012462449923204,0,-0.0012462449923204,"historical 2010 survey prior, adjusted to modeled margins",0,0,-5.4733602086735,-100.0
3302809,3301801,275.59879350491593,,0.0002494050336182,0,-0.0002494050336182,"historical 2010 survey prior, adjusted to modeled margins",0,0,-275.59879350491593,-100.0
3302809,3301850,0.0,,2.4836827832873136e-07,0,-2.4836827832873136e-07,"historical 2010 survey prior, adjusted to modeled margins",0,0,0.0,
3302809,3301900,0.0,,3.8580677690195265e-06,0,-3.8580677690195265e-06,"historical 2010 survey prior, adjusted to modeled margins",0,0,0.0,
3302809,3302007,12.7840468927557,,0.0028737362056563,0,-0.0028737362056563,"historical 2010 survey prior, adjusted to modeled margins",0,0,-12.7840468927557,-100.0
3302809,3302270,12.3367796886175,,0.0027717626702701,0,-0.0027717626702701,"historical 2010 survey prior, adjusted to modeled margins",0,0,-12.3367796886175,-100.0
3302809,3302502,0.0,,3.6628572535406217e-06,0,-3.6628572535406217e-06,"historical 2010 survey prior, adjusted to modeled margins",0,0,0.0,
3302809,3302601,0.0,,4.61949757855683e-11,0,-4.61949757855683e-11,"historical 2010 survey prior, adjusted to modeled margins",0,0,0.0,
3302809,3302700,0.0,,9.084632678357056e-07,0,-9.084632678357056e-07,"historical 2010 survey prior, adjusted to modeled margins",0,0,0.0,
3302809,3302809,4668.5345142767455,,0.0,0,0.0,2022 local containment,0,0,-4668.5345142767455,-100.0
3302809,3302858,0.0,,2.370112501473811e-06,0,-2.370112501473811e-06,"historical 2010 survey prior, adjusted to modeled margins",0,0,0.0,
3302809,3302908,9.730080425401,,1.7554972522752298e-06,0,-1.7554972522752298e-06,"historical 2010 survey prior, adjusted to modeled margins",0,0,-9.730080425401,-100.0
3302809,3303203,0.0,,2.3433983462557095e-06,0,-2.3433983462557095e-06,"historical 2010 survey prior, adjusted to modeled margins",0,0,0.0,
3302809,3303302,5.1999322184701,,0.0011817420338749,0,-0.0011817420338749,"historical 2010 survey prior, adjusted to modeled margins",0,0,-5.1999322184701,-99.99999999999999
3302809,3303500,17.336002076773998,,0.0039058418293594,0,-0.0039058418293594,"historical 2010 survey prior, adjusted to modeled margins",0,0,-17.336002076773998,-100.0
3302809,3303609,150.35998038632056,,0.032489128927637,0,-0.032489128927637,"historical 2010 survey prior, adjusted to modeled margins",0,0,-150.35998038632056,-100.0
3302809,3303906,0.0,,5.095588875459431e-13,0,-5.095588875459431e-13,"historical 2010 survey prior, adjusted to modeled margins",0,0,0.0,
3302809,3304003,248.03784530488176,,0.0228446698158775,0,-0.0228446698158775,"historical 2010 survey prior, adjusted to modeled margins",0,0,-248.03784530488176,-100.0
3302809,3304144,5.6558995330327,,0.0012724220992341,0,-0.0012724220992341,"historical 2010 survey prior, adjusted to modeled margins",0,0,-5.6558995330327,-100.0
3302809,3304409,5.7103514755005,,1.7146393432977967e-05,0,-1.7146393432977967e-05,"historical 2010 survey prior, adjusted to modeled margins",0,0,-5.7103514755005,-100.0
3302809,3304557,498.93748846887047,,0.1122223921242656,0,-0.1122223921242656,"historical 2010 survey prior, adjusted to modeled margins",0,0,-498.93748846887047,-99.99999999999999
3302809,3304904,5.3058073035244,,0.0012051098387791,0,-0.0012051098387791,"historical 2010 survey prior, adjusted to modeled margins",0,0,-5.3058073035244,-100.0
3302809,3305109,0.0,,7.142251701349997e-06,0,-7.142251701349997e-06,"historical 2010 survey prior, adjusted to modeled margins",0,0,0.0,
3302809,3305554,13.2594024397127,,0.0029793367009331,0,-0.0029793367009331,"historical 2010 survey prior, adjusted to modeled margins",0,0,-13.2594024397127,-99.99999999999999
3302858,3300456,1105.4421713343947,,772.810279417317,954,181.18972058268295,"historical 2010 survey prior, adjusted to modeled margins",954,0,-151.44217133439474,-13.699691875477011
3302858,3300803,0.0,,0.0004198398833864,0,-0.0004198398833864,"historical 2010 survey prior, adjusted to modeled margins",0,0,0.0,
3302858,3301702,1108.8635108836015,,775.6880588558035,1156,380.31194114419645,"historical 2010 survey prior, adjusted to modeled margins",1156,0,47.13648911639848,4.250882877265716
3302858,3301801,8.9790328568665,,0.0252770148004715,2,1.9747229851995285,"historical 2010 survey prior, adjusted to modeled margins",2,0,-6.9790328568665,-77.72588616300087
3302858,3301850,21.940291865822303,,8.44039333190704,132,123.55960666809295,"historical 2010 survey prior, adjusted to modeled margins",132,0,110.0597081341777,501.63283518403983
3302858,3301900,0.0,,0.4013408976672571,1,0.5986591023327429,"historical 2010 survey prior, adjusted to modeled margins",1,0,1.0,
3302858,3302007,67.4027390801182,,47.417267957033765,159,111.58273204296624,"historical 2010 survey prior, adjusted to modeled margins",159,0,91.5972609198818,135.89545791455868
3302858,3302270,121.2505567212258,,84.84861932758554,711,626.1513806724145,"historical 2010 survey prior, adjusted to modeled margins",711,0,589.7494432787742,486.38906016299893
3302858,3302502,0.0,,0.3810338506668094,1,0.6189661493331906,"historical 2010 survey prior, adjusted to modeled margins",1,0,1.0,
3302858,3302601,24.9349192257492,,0.070421988817206,2,1.929578011182794,"historical 2010 survey prior, adjusted to modeled margins",2,0,-22.9349192257492,-91.97911979624666
3302858,3302700,7.0186108856385,,2.3560849639003085,26,23.643915036099692,"historical 2010 survey prior, adjusted to modeled margins",26,0,18.981389114361498,270.4436735936062
3302858,3302809,11.319219958162,,0.0,0,0.0,"historical 2010 survey prior, adjusted to modeled margins",0,0,-11.319219958162,-100.0
3302858,3302858,17262.58982496288,,27394.330518779865,27394,-0.3305187798650877,2022 local containment,27394,0,10131.41017503712,58.68997802627743
3302858,3302908,3.7359371859127,,0.0020968185286395,1,0.9979031814713604,"historical 2010 survey prior, adjusted to modeled margins",1,0,-2.7359371859127,-73.23295467143416
3302858,3303203,3521.240315338871,,2459.7127690502098,2128,-331.7127690502098,"historical 2010 survey prior, adjusted to modeled margins",2128,0,-1393.240315338871,-39.56674894552861
3302858,3303302,351.4935090648543,,246.97259587183137,171,-75.97259587183134,"historical 2010 survey prior, adjusted to modeled margins",171,0,-180.49350906485432,-51.35045296997258
3302858,3303500,6338.819678944908,,4428.8097332144425,2654,-1774.8097332144423,"historical 2010 survey prior, adjusted to modeled margins",2654,0,-3684.8196789449084,-58.131006489811426
3302858,3303609,45.758973644252904,,30.8667156442444,325,294.1332843557556,"historical 2010 survey prior, adjusted to modeled margins",325,0,279.24102635574707,610.2432028451283
3302858,3303906,20.1437975467555,,0.0027673441256849,1,0.9972326558743152,"historical 2010 survey prior, adjusted to modeled margins",1,0,-19.1437975467555,-95.03569276012175
3302858,3304003,0.0,,0.0200007980537692,3,2.9799992019462307,"historical 2010 survey prior, adjusted to modeled margins",3,0,3.0,
3302858,3304144,243.995054735453,,170.67059609624766,402,231.3294039037523,"historical 2010 survey prior, adjusted to modeled margins",402,0,158.004945264547,64.75743757833979
3302858,3304409,9.3006938824123,,0.0868780600131691,13,12.91312193998683,"historical 2010 survey prior, adjusted to modeled margins",13,0,3.6993061175876996,39.77451751834476
3302858,3304557,27392.745875212484,,19152.22916776929,19717,564.7708322307117,"historical 2010 survey prior, adjusted to modeled margins",19717,0,-7675.745875212484,-28.021089635114734
3302858,3304904,20.754712185381894,,15.92028108994339,0,-15.92028108994339,"historical 2010 survey prior, adjusted to modeled margins",0,0,-20.754712185381894,-100.0
3302858,3305109,1507.2530820488528,,1053.5090222657616,604,-449.5090222657616,"historical 2010 survey prior, adjusted to modeled margins",604,0,-903.2530820488528,-59.927101347906
3302858,3305554,45.3275188488388,,31.860354654124514,120,88.1396453458755,"historical 2010 survey prior, adjusted to modeled margins",120,0,74.67248115116121,164.73983806654832
3302908,3300456,0.0,,0.0002689456201982,0,-0.0002689456201982,"historical 2010 survey prior, adjusted to modeled margins",0,0,0.0,
3302908,3300803,0.0,,1.6228693714933856e-07,0,-1.6228693714933856e-07,"historical 2010 survey prior, adjusted to modeled margins",0,0,0.0,
3302908,3301702,9.0834893341424,,0.0969423235867645,0,-0.0969423235867645,"historical 2010 survey prior, adjusted to modeled margins",0,0,-9.0834893341424,-100.0
3302908,3301801,12.222761449885,,0.00052219518866,0,-0.00052219518866,"historical 2010 survey prior, adjusted to modeled margins",0,0,-12.222761449885,-100.00000000000001
3302908,3301850,0.0,,9.987103799628136e-06,0,-9.987103799628136e-06,"historical 2010 survey prior, adjusted to modeled margins",0,0,0.0,
3302908,3301900,8.0026400020623,,0.0796159943180445,0,-0.0796159943180445,"historical 2010 survey prior, adjusted to modeled margins",0,0,-8.0026400020623,-100.0
3302908,3302007,0.0,,0.0001323281862694,1,0.9998676718137306,"historical 2010 survey prior, adjusted to modeled margins",1,0,1.0,
3302908,3302270,21.835122180825,,0.2315370296400381,2,1.768462970359962,"historical 2010 survey prior, adjusted to modeled margins",2,0,-19.835122180825,-90.84044511664631
3302908,3302502,0.0,,0.0001472866657549,0,-0.0001472866657549,"historical 2010 survey prior, adjusted to modeled margins",0,0,0.0,
3302908,3302601,0.0,,1.857540026030003e-09,0,-1.857540026030003e-09,"historical 2010 survey prior, adjusted to modeled margins",0,0,0.0,
3302908,3302700,0.0,,3.653009561074454e-05,0,-3.653009561074454e-05,"historical 2010 survey prior, adjusted to modeled margins",0,0,0.0,
3302908,3302809,0.0,,0.0,0,0.0,"historical 2010 survey prior, adjusted to modeled margins",0,0,0.0,
3302908,3302858,0.0,,9.530427850244925e-05,0,-9.530427850244925e-05,"historical 2010 survey prior, adjusted to modeled margins",0,0,0.0,
3302908,3302908,6699.379377655578,,0.0787707116620324,0,-0.0787707116620324,2022 local containment,0,0,-6699.379377655578,-100.0
3302908,3303203,11.5820343639757,,0.1228761094300991,0,-0.1228761094300991,"historical 2010 survey prior, adjusted to modeled margins",0,0,-11.5820343639757,-100.0
3302908,3303302,39.4380065410208,,0.4186515150894517,0,-0.4186515150894517,"historical 2010 survey prior, adjusted to modeled margins",0,0,-39.4380065410208,-100.0
3302908,3303500,86.6768285540434,,0.9193904941807672,0,-0.9193904941807672,"historical 2010 survey prior, adjusted to modeled margins",0,0,-86.6768285540434,-100.00000000000001
3302908,3303609,0.0,,4.364655267384035e-05,0,-4.364655267384035e-05,"historical 2010 survey prior, adjusted to modeled margins",0,0,0.0,
3302908,3303906,22.799222480128694,,4.753762343530235e-05,0,-4.753762343530235e-05,"historical 2010 survey prior, adjusted to modeled margins",0,0,-22.799222480128694,-100.00000000000001
3302908,3304003,13.8379008377514,,0.060176131334868,4,3.939823868665132,"historical 2010 survey prior, adjusted to modeled margins",4,0,-9.8379008377514,-71.09388160169831
3302908,3304144,0.0,,9.593384279795548e-05,0,-9.593384279795548e-05,"historical 2010 survey prior, adjusted to modeled margins",0,0,0.0,
3302908,3304409,0.0,,4.355883098292991e-09,0,-4.355883098292991e-09,"historical 2010 survey prior, adjusted to modeled margins",0,0,0.0,
3302908,3304557,809.6984059151436,,8.59112792131953,4,-4.591127921319529,"historical 2010 survey prior, adjusted to modeled margins",4,0,-805.6984059151436,-99.50598890021537
3302908,3304904,0.0,,0.0005503650071065,0,-0.0005503650071065,"historical 2010 survey prior, adjusted to modeled margins",0,0,0.0,
3302908,3305109,21.125858433404,,0.2242437584985455,0,-0.2242437584985455,"historical 2010 survey prior, adjusted to modeled margins",0,0,-21.125858433404,-100.0
3302908,3305554,21.7603005794121,,0.2307598621110987,0,-0.2307598621110987,"historical 2010 survey prior, adjusted to modeled margins",0,0,-21.7603005794121,-100.0
3303203,3300456,459.00276202735574,,326.2531583895451,369,42.74684161045491,"historical 2010 survey prior, adjusted to modeled margins",369,0,-90.00276202735574,-19.60832689324683
3303203,3300803,0.0,,0.000341448806445,0,-0.000341448806445,"historical 2010 survey prior, adjusted to modeled margins",0,0,0.0,
3303203,3301702,975.620667070969,,693.1601102323021,948,254.83988976769783,"historical 2010 survey prior, adjusted to modeled margins",948,0,-27.620667070969034,-2.831086712614693
3303203,3301801,0.0,,1.7573578734818354e-06,0,-1.7573578734818354e-06,"historical 2010 survey prior, adjusted to modeled margins",0,0,0.0,
3303203,3301850,0.0,,0.0210126873556572,0,-0.0210126873556572,"historical 2010 survey prior, adjusted to modeled margins",0,0,0.0,
3303203,3301900,11.2133661004867,,7.778733771625002,22,14.221266228374995,"historical 2010 survey prior, adjusted to modeled margins",22,0,10.7866338995133,96.19443263379335
3303203,3302007,67.7891265551529,,48.37475679341224,149,100.62524320658775,"historical 2010 survey prior, adjusted to modeled margins",149,0,81.2108734448471,119.79926217042245
3303203,3302270,113.40284937451892,,80.59489067602584,620,539.4051093239741,"historical 2010 survey prior, adjusted to modeled margins",620,0,506.59715062548105,446.72347601462565
3303203,3302502,0.0,,0.3098885043410426,1,0.6901114956589574,"historical 2010 survey prior, adjusted to modeled margins",1,0,1.0,
3303203,3302601,31.5556983886231,,0.0905330328295205,2,1.9094669671704791,"historical 2010 survey prior, adjusted to modeled margins",2,0,-29.5556983886231,-93.66200051930694
3303203,3302700,8.4562721745125,,2.844945672509642,29,26.15505432749036,"historical 2010 survey prior, adjusted to modeled margins",29,0,20.5437278254875,242.9407119535132
3303203,3302809,0.0,,0.0,0,0.0,"historical 2010 survey prior, adjusted to modeled margins",0,0,0.0,
3303203,3302858,799.0259557061398,,567.1526786366319,1367,799.8473213633681,"historical 2010 survey prior, adjusted to modeled margins",1367,0,567.9740442938602,71.08330339430748
3303203,3302908,17.757335151217,,0.0101237157034613,2,1.9898762842965383,"historical 2010 survey prior, adjusted to modeled margins",2,0,-15.757335151217,-88.73704875777528
3303203,3303203,21139.630140934372,,29603.75339366516,29604,0.2466063348401803,2022 local containment,29604,0,8464.369859065628,40.04029305449098
3303203,3303302,490.1918140338078,,349.0099730931592,222,-127.0099730931592,"historical 2010 survey prior, adjusted to modeled margins",222,0,-268.1918140338078,-54.71160601945732
3303203,3303500,2635.2731360938224,,1870.9712938817945,1030,-840.9712938817943,"historical 2010 survey prior, adjusted to modeled margins",1030,0,-1605.2731360938224,-60.91486738536959
3303203,3303609,17.986962671396,,12.372448925721672,120,107.62755107427832,"historical 2010 survey prior, adjusted to modeled margins",120,0,102.013037328604,567.1498806790296
3303203,3303906,7.7325610804373,,0.001079180403283,1,0.998920819596717,"historical 2010 survey prior, adjusted to modeled margins",1,0,-6.7325610804373,-87.06767409144803
3303203,3304003,12.1604336304731,,3.555289528864276,429,425.44471047113575,"historical 2010 survey prior, adjusted to modeled margins",429,0,416.8395663695269,3427.8347223158175
3303203,3304144,121.8104113027464,,86.63292248008896,187,100.36707751991104,"historical 2010 survey prior, adjusted to modeled margins",187,0,65.1895886972536,53.51725521657753
3303203,3304409,0.0,,9.164699950913713e-06,0,-9.164699950913713e-06,"historical 2010 survey prior, adjusted to modeled margins",0,0,0.0,
3303203,3304557,26388.106512365142,,18739.493590588405,17713,-1026.493590588405,"historical 2010 survey prior, adjusted to modeled margins",17713,0,-8675.106512365142,-32.875062514622236
3303203,3304904,48.6574673986609,,35.68306464829538,0,-35.68306464829538,"historical 2010 survey prior, adjusted to modeled margins",0,0,-48.6574673986609,-100.0
3303203,3305109,1362.8803726070144,,967.641641157498,509,-458.6416411574981,"historical 2010 survey prior, adjusted to modeled margins",509,0,-853.8803726070144,-62.65262819609408
3303203,3305554,40.8748993964449,,29.1660927410312,101,71.8339072589688,"historical 2010 survey prior, adjusted to modeled margins",101,0,60.1251006035551,147.09540938658427
3303302,3300456,58.352105925441805,,55.52001369621067,69,13.479986303789332,"historical 2010 survey prior, adjusted to modeled margins",69,0,10.647894074558195,18.247660312660045
3303302,3300803,56.88855317839369,,2.4959349631094874,172,169.50406503689052,"historical 2010 survey prior, adjusted to modeled margins",172,0,115.11144682160631,202.34553418968952
3303302,3301702,1090.2715560644117,,1012.7113230602312,1540,527.2886769397687,"historical 2010 survey prior, adjusted to modeled margins",1540,0,449.7284439355883,41.24921368755024
3303302,3301801,0.0,,4.617182006455927e-06,0,-4.617182006455927e-06,"historical 2010 survey prior, adjusted to modeled margins",0,0,0.0,
3303302,3301850,47.35930539881551,,24.135044164029523,386,361.8649558359705,"historical 2010 survey prior, adjusted to modeled margins",386,0,338.64069460118446,715.0457375788584
3303302,3301900,845.6569221803414,,734.3064045698009,2395,1660.6935954301991,"historical 2010 survey prior, adjusted to modeled margins",2395,0,1549.3430778196584,183.21177739845328
3303302,3302007,63.25650484795139,,59.301697905925174,202,142.69830209407482,"historical 2010 survey prior, adjusted to modeled margins",202,0,138.7434951520486,219.33474744699228
3303302,3302270,22.2476625249404,,20.941115752454525,178,157.05888424754548,"historical 2010 survey prior, adjusted to modeled margins",178,0,155.7523374750596,700.0840528772667
3303302,3302502,150.2976456421832,,135.7417805975991,279,143.2582194024009,"historical 2010 survey prior, adjusted to modeled margins",279,0,128.7023543578168,85.6316503215368
3303302,3302601,0.0,,1.0268263356326708e-05,0,-1.0268263356326708e-05,"historical 2010 survey prior, adjusted to modeled margins",0,0,0.0,
3303302,3302700,471.7407466322502,,201.72451480917812,2249,2047.275485190822,"historical 2010 survey prior, adjusted to modeled margins",2249,0,1777.2592533677498,376.7449104313282
3303302,3302809,0.0,,0.0,0,0.0,"historical 2010 survey prior, adjusted to modeled margins",0,0,0.0,
3303302,3302858,12.1293436914068,,11.758450093599617,32,20.241549906400383,"historical 2010 survey prior, adjusted to modeled margins",32,0,19.870656308593198,163.8230131336029
3303302,3302908,0.0,,4.834676361742141e-07,0,-4.834676361742141e-07,"historical 2010 survey prior, adjusted to modeled margins",0,0,0.0,
3303302,3303203,48.68448307606699,,45.60210989919147,41,-4.602109899191468,"historical 2010 survey prior, adjusted to modeled margins",41,0,-7.684483076066989,-15.784255250405723
3303302,3303302,127141.42137064584,,151192.74981722474,151193,0.2501827752566896,2022 local containment,151193,0,24051.57862935416,18.917185579700575
3303302,3303500,195.8871249882501,,184.28533299736768,113,-71.28533299736768,"historical 2010 survey prior, adjusted to modeled margins",113,0,-82.8871249882501,-42.313717654093864
3303302,3303609,0.0,,0.2412730230145465,3,2.7587269769854537,"historical 2010 survey prior, adjusted to modeled margins",3,0,3.0,
3303302,3303906,149.610729005888,,0.0272481755475498,4,3.97275182445245,"historical 2010 survey prior, adjusted to modeled margins",4,0,-145.610729005888,-97.3263949540393
3303302,3304003,8.3393176069738,,3.210002226711357,430,426.78999777328863,"historical 2010 survey prior, adjusted to modeled margins",430,0,421.6606823930262,5056.297196792339
3303302,3304144,10.8877194164625,,10.61220183816192,26,15.38779816183808,"historical 2010 survey prior, adjusted to modeled margins",26,0,15.1122805835375,138.80115757471998
3303302,3304409,0.0,,2.407881077978037e-05,1,0.9999759211892202,"historical 2010 survey prior, adjusted to modeled margins",1,0,1.0,
3303302,3304557,52716.26441738338,,48855.8551386601,51313,2457.144861339897,"historical 2010 survey prior, adjusted to modeled margins",51313,0,-1403.2644173833833,-2.661919301172356
3303302,3304904,8788.20302682337,,8140.807475165652,0,-8140.807475165652,"historical 2010 survey prior, adjusted to modeled margins",0,0,-8788.20302682337,-100.0
3303302,3305109,74.4070607449478,,70.48758598750045,41,-29.487585987500452,"historical 2010 survey prior, adjusted to modeled margins",41,0,-33.4070607449478,-44.89770246329226
3303302,3305554,36.0056134526835,,33.76936695413306,130,96.23063304586694,"historical 2010 survey prior, adjusted to modeled margins",130,0,93.99438654731651,261.0548121082245
3303500,3300456,4208.737728425732,,2989.0315102509503,3150,160.9684897490497,"historical 2010 survey prior, adjusted to modeled margins",3150,0,-1058.7377284257318,-25.155706930252222
3303500,3300803,0.0,,0.0012772711327919,0,-0.0012772711327919,"historical 2010 survey prior, adjusted to modeled margins",0,0,0.0,
3303500,3301702,4288.2509642176055,,3046.303424320806,3875,828.6965756791942,"historical 2010 survey prior, adjusted to modeled margins",3875,0,-413.25096421760554,-9.636818545973403
3303500,3301801,65.2953394939199,,0.1867591331609102,16,15.81324086683909,"historical 2010 survey prior, adjusted to modeled margins",16,0,-49.2953394939199,-75.49595403897108
3303500,3301850,0.0,,0.0786029954568862,1,0.9213970045431136,"historical 2010 survey prior, adjusted to modeled margins",1,0,1.0,
3303500,3301900,40.4612455674784,,28.116562479717288,76,47.88343752028271,"historical 2010 survey prior, adjusted to modeled margins",76,0,35.5387544325216,87.83405931795298
3303500,3302007,747.9973380890921,,531.8495216954052,1519,987.1504783045948,"historical 2010 survey prior, adjusted to modeled margins",1519,0,771.0026619109079,103.07558899615707
3303500,3302270,475.69469359550766,,338.0817121611448,2415,2076.918287838855,"historical 2010 survey prior, adjusted to modeled margins",2415,0,1939.3053064044923,407.6785662136313
3303500,3302502,40.382343757921,,28.94393266028429,50,21.05606733971571,"historical 2010 survey prior, adjusted to modeled margins",50,0,9.617656242079,23.81648846271459
3303500,3302601,135.2465518844212,,0.3880954302781202,8,7.61190456972188,"historical 2010 survey prior, adjusted to modeled margins",8,0,-127.2465518844212,-94.08487692400718
3303500,3302700,134.0942786955874,,44.19073850576119,413,368.8092614942388,"historical 2010 survey prior, adjusted to modeled margins",413,0,278.9057213044126,207.99226038388056
3303500,3302809,0.0,,0.0,0,0.0,"historical 2010 survey prior, adjusted to modeled margins",0,0,0.0,
3303500,3302858,2204.2615589873717,,1565.100700576084,3506,1940.899299423916,"historical 2010 survey prior, adjusted to modeled margins",3506,0,1301.7384410126283,59.055534299234495
3303500,3302908,20.9969512190728,,0.0119734941145329,2,1.9880265058854671,"historical 2010 survey prior, adjusted to modeled margins",2,0,-18.9969512190728,-90.4748076083385
3303500,3303203,3075.4316093991783,,2183.3561708109555,1612,-571.3561708109555,"historical 2010 survey prior, adjusted to modeled margins",1612,0,-1463.4316093991783,-47.58459283980231
3303500,3303302,1721.7399545993512,,1226.368329736822,724,-502.368329736822,"historical 2010 survey prior, adjusted to modeled margins",724,0,-997.7399545993512,-57.94951507828168
3303500,3303500,130970.4360231904,,186215.5631529335,186216,0.4368470665067434,2022 local containment,186216,0,55245.5639768096,42.18170577597183
3303500,3303609,90.8582773233158,,62.38930640744567,560,497.6106935925543,"historical 2010 survey prior, adjusted to modeled margins",560,0,469.1417226766842,516.344505418324
3303500,3303906,118.27961558757698,,0.0165102226931717,2,1.9834897773068283,"historical 2010 survey prior, adjusted to modeled margins",2,0,-116.27961558757698,-98.30909156234182
3303500,3304003,39.7516481813656,,11.631955659758336,1302,1290.3680443402416,"historical 2010 survey prior, adjusted to modeled margins",1302,0,1262.2483518186343,3175.3358906268923
3303500,3304144,2175.0352961840613,,1544.3639599958913,3106,1561.6360400041087,"historical 2010 survey prior, adjusted to modeled margins",3106,0,930.9647038159387,42.80228028709453
3303500,3304409,0.0,,3.4282757669806155e-05,1,0.9999657172423302,"historical 2010 survey prior, adjusted to modeled margins",1,0,1.0,
3303500,3304557,97842.48781802625,,69496.94439950759,61055,-8441.944399507585,"historical 2010 survey prior, adjusted to modeled margins",61055,0,-36787.487818026246,-37.598684005711284
3303500,3304904,152.55008930361262,,112.59546222111211,0,-112.59546222111211,"historical 2010 survey prior, adjusted to modeled margins",0,0,-152.55008930361262,-100.0
3303500,3305109,2829.326976849628,,2010.2159851358351,984,-1026.2159851358351,"historical 2010 survey prior, adjusted to modeled margins",984,0,-1845.326976849628,-65.22141102631923
3303500,3305554,531.99475585552,,378.16360597942327,1221,842.8363940205768,"historical 2010 survey prior, adjusted to modeled margins",1221,0,689.00524414448,129.51354060557716
3303609,3300456,30.7059984105868,,31.71301411378395,21,-10.713014113783949,"historical 2010 survey prior, adjusted to modeled margins",21,0,-9.705998410586801,-31.609453894976987
3303609,3300803,7.1778514196417,,0.3501652647849949,13,12.649834735215006,"historical 2010 survey prior, adjusted to modeled margins",13,0,5.8221485803583,81.11269292126038
3303609,3301702,52.8375257029574,,54.61271690811806,44,-10.61271690811806,"historical 2010 survey prior, adjusted to modeled margins",44,0,-8.8375257029574,-16.72585077628408
3303609,3301801,177.72107186897978,,0.7375910425288968,42,41.2624089574711,"historical 2010 survey prior, adjusted to modeled margins",42,0,-135.72107186897978,-76.36746191190913
3303609,3301850,15.1289760501118,,8.5583050409952,73,64.44169495900479,"historical 2010 survey prior, adjusted to modeled margins",73,0,57.8710239498882,382.5177841395323
3303609,3301900,0.0,,0.0526247913416595,0,-0.0526247913416595,"historical 2010 survey prior, adjusted to modeled margins",0,0,0.0,
3303609,3302007,93.147485525116,,95.96302614739744,176,80.03697385260257,"historical 2010 survey prior, adjusted to modeled margins",176,0,82.852514474884,88.94766617456777
3303609,3302270,148.8950817818744,,153.3566409738481,705,551.6433590261519,"historical 2010 survey prior, adjusted to modeled margins",705,0,556.1049182181256,373.4877684091661
3303609,3302502,0.0,,0.0499620821152257,0,-0.0499620821152257,"historical 2010 survey prior, adjusted to modeled margins",0,0,0.0,
3303609,3302601,21.012041167578097,,0.0874902189110335,1,0.9125097810889664,"historical 2010 survey prior, adjusted to modeled margins",1,0,-20.012041167578097,-95.24082409688491
3303609,3302700,0.0,,0.0123916148636149,0,-0.0123916148636149,"historical 2010 survey prior, adjusted to modeled margins",0,0,0.0,
3303609,3302809,34.7163938579286,,0.0,0,0.0,"historical 2010 survey prior, adjusted to modeled margins",0,0,-34.7163938579286,-100.0
3303609,3302858,0.0,,0.0323287934047917,1,0.9676712065952084,"historical 2010 survey prior, adjusted to modeled margins",1,0,1.0,
3303609,3302908,0.0,,2.9667823537107656e-08,0,-2.9667823537107656e-08,"historical 2010 survey prior, adjusted to modeled margins",0,0,0.0,
3303609,3303203,56.8903883372212,,58.61906870822175,28,-30.619068708221747,"historical 2010 survey prior, adjusted to modeled margins",28,0,-28.890388337221196,-50.78254724852937
3303609,3303302,69.24612599760461,,71.50358116422805,28,-43.50358116422805,"historical 2010 survey prior, adjusted to modeled margins",28,0,-41.24612599760461,-59.564524951231796
3303609,3303500,448.73850448693474,,462.299547997004,153,-309.29954799700397,"historical 2010 survey prior, adjusted to modeled margins",153,0,-295.73850448693474,-65.90441906140134
3303609,3303609,9894.490563824147,,11733.770695150832,11734,0.2293048491665104,2022 local containment,11734,0,1839.509436175853,18.591249587941356
3303609,3303906,21.4899706130584,,0.0043527874928819,1,0.995647212507118,"historical 2010 survey prior, adjusted to modeled margins",1,0,-20.4899706130584,-95.34666650780643
3303609,3304003,0.0,,0.0026225531222061,1,0.9973774468777938,"historical 2010 survey prior, adjusted to modeled margins",1,0,1.0,
3303609,3304144,206.78342252321104,,212.98313553992287,276,63.01686446007713,"historical 2010 survey prior, adjusted to modeled margins",276,0,69.21657747678896,33.472981843609595
3303609,3304409,13.6591427086262,,0.1880973737077443,17,16.811902626292255,"historical 2010 survey prior, adjusted to modeled margins",17,0,3.3408572913737995,24.458762622517572
3303609,3304557,1922.3459914519103,,1982.2104828402048,1122,-860.2104828402048,"historical 2010 survey prior, adjusted to modeled margins",1122,0,-800.3459914519103,-41.6338159213173
3303609,3304904,15.2908054300625,,15.933535933309216,0,-15.933535933309216,"historical 2010 survey prior, adjusted to modeled margins",0,0,-15.2908054300625,-100.0
3303609,3305109,7.3208202371261,,7.636580266367745,3,-4.636580266367745,"historical 2010 survey prior, adjusted to modeled margins",3,0,-4.3208202371261,-59.020985315469304
3303609,3305554,406.5024022296313,,418.65235381516777,871,452.34764618483223,"historical 2010 survey prior, adjusted to modeled margins",871,0,464.4975977703687,114.26687646189511
3303906,3300456,30.3460025690381,,0.0016186903750996,0,-0.0016186903750996,"historical 2010 survey prior, adjusted to modeled margins",0,0,-30.3460025690381,-100.0
3303906,3300803,0.0,,4.6489804163937366e-09,0,-4.6489804163937366e-09,"historical 2010 survey prior, adjusted to modeled margins",0,0,0.0,
3303906,3301702,1054.1312468490669,,0.0559296969335082,0,-0.0559296969335082,"historical 2010 survey prior, adjusted to modeled margins",0,0,-1054.1312468490669,-100.0
3303906,3301801,11.7395591293264,,2.5116527949043717e-06,0,-2.5116527949043717e-06,"historical 2010 survey prior, adjusted to modeled margins",0,0,-11.7395591293264,-100.00000000000001
3303906,3301850,0.0,,2.860972718847811e-07,0,-2.860972718847811e-07,"historical 2010 survey prior, adjusted to modeled margins",0,0,0.0,
3303906,3301900,0.0,,4.444137032677591e-06,0,-4.444137032677591e-06,"historical 2010 survey prior, adjusted to modeled margins",0,0,0.0,
3303906,3302007,13.025960576516,,0.0006952498664345,0,-0.0006952498664345,"historical 2010 survey prior, adjusted to modeled margins",0,0,-13.025960576516,-100.00000000000001
3303906,3302270,0.0,,1.762268599173778e-06,0,-1.762268599173778e-06,"historical 2010 survey prior, adjusted to modeled margins",0,0,0.0,
3303906,3302502,126.5561017486998,,0.0065177564876014,0,-0.0065177564876014,"historical 2010 survey prior, adjusted to modeled margins",0,0,-126.5561017486998,-100.0
3303906,3302601,6.202112504382,,1.3312887647761617e-06,0,-1.3312887647761617e-06,"historical 2010 survey prior, adjusted to modeled margins",0,0,-6.202112504382,-100.0
3303906,3302700,0.0,,1.0464656126146772e-06,0,-1.0464656126146772e-06,"historical 2010 survey prior, adjusted to modeled margins",0,0,0.0,
3303906,3302809,0.0,,0.0,0,0.0,"historical 2010 survey prior, adjusted to modeled margins",0,0,0.0,
3303906,3302858,0.0,,2.730150264335228e-06,0,-2.730150264335228e-06,"historical 2010 survey prior, adjusted to modeled margins",0,0,0.0,
3303906,3302908,9.1059859322147,,3.884085439357174e-07,0,-3.884085439357174e-07,"historical 2010 survey prior, adjusted to modeled margins",0,0,-9.1059859322147,-100.0
3303906,3303203,11.1564314291861,,0.0005949636989067,0,-0.0005949636989067,"historical 2010 survey prior, adjusted to modeled margins",0,0,-11.1564314291861,-100.0
3303906,3303302,115.525699086866,,0.0061491766545366,0,-0.0061491766545366,"historical 2010 survey prior, adjusted to modeled margins",0,0,-115.525699086866,-100.00000000000001
3303906,3303500,46.6033240047626,,0.0024890519330727,0,-0.0024890519330727,"historical 2010 survey prior, adjusted to modeled margins",0,0,-46.6033240047626,-100.0
3303906,3303609,0.0,,1.2503284132909558e-06,0,-1.2503284132909558e-06,"historical 2010 survey prior, adjusted to modeled margins",0,0,0.0,
3303906,3303906,95542.4048488668,,0.0015215882887338,0,-0.0015215882887338,2022 local containment,0,0,-95542.4048488668,-99.99999999999999
3303906,3304003,0.0,,2.2147328575408558e-07,0,-2.2147328575408558e-07,"historical 2010 survey prior, adjusted to modeled margins",0,0,0.0,
3303906,3304144,0.0,,2.7481851852726783e-06,0,-2.7481851852726783e-06,"historical 2010 survey prior, adjusted to modeled margins",0,0,0.0,
3303906,3304409,0.0,,1.2478154789149724e-10,0,-1.2478154789149724e-10,"historical 2010 survey prior, adjusted to modeled margins",0,0,0.0,
3303906,3304557,4688.672290429221,,0.2491225568777301,0,-0.2491225568777301,"historical 2010 survey prior, adjusted to modeled margins",0,0,-4688.672290429221,-100.0
3303906,3304904,29.3736625900779,,0.0015751332430799,0,-0.0015751332430799,"historical 2010 survey prior, adjusted to modeled margins",0,0,-29.3736625900779,-100.0
3303906,3305109,12.381824155545,,0.0006655442700883,0,-0.0006655442700883,"historical 2010 survey prior, adjusted to modeled margins",0,0,-12.381824155545,-100.0
3303906,3305554,12.2296012726209,,0.0006514571790836,0,-0.0006514571790836,"historical 2010 survey prior, adjusted to modeled margins",0,0,-12.2296012726209,-100.0
3304003,3300456,10.2716514099069,,4.03249635579322,2,-2.03249635579322,"historical 2010 survey prior, adjusted to modeled margins",2,0,-8.2716514099069,-80.5289342464346
3304003,3300803,0.0,,1.8274162353714244e-06,0,-1.8274162353714244e-06,"historical 2010 survey prior, adjusted to modeled margins",0,0,0.0,
3304003,3301702,19.929279888436497,,7.819051794314623,6,-1.819051794314623,"historical 2010 survey prior, adjusted to modeled margins",6,0,-13.929279888436497,-69.89354340152872
3304003,3301801,0.0,,9.405287846202964e-09,0,-9.405287846202964e-09,"historical 2010 survey prior, adjusted to modeled margins",0,0,0.0,
3304003,3301850,0.0,,0.0001124588087517,0,-0.0001124588087517,"historical 2010 survey prior, adjusted to modeled margins",0,0,0.0,
3304003,3301900,0.0,,0.0017468966178244,0,-0.0017468966178244,"historical 2010 survey prior, adjusted to modeled margins",0,0,0.0,
3304003,3302007,21.9033331499296,,8.593289076384874,14,5.406710923615126,"historical 2010 survey prior, adjusted to modeled margins",14,0,-7.903333149929601,-36.08278747271396
3304003,3302270,0.0,,0.0006927106506749,0,-0.0006927106506749,"historical 2010 survey prior, adjusted to modeled margins",0,0,0.0,
3304003,3302502,0.0,,0.0016585071416228,0,-0.0016585071416228,"historical 2010 survey prior, adjusted to modeled margins",0,0,0.0,
3304003,3302601,0.0,,2.0916648382462393e-08,0,-2.0916648382462393e-08,"historical 2010 survey prior, adjusted to modeled margins",0,0,0.0,
3304003,3302700,0.0,,0.0004113435805206,0,-0.0004113435805206,"historical 2010 survey prior, adjusted to modeled margins",0,0,0.0,
3304003,3302809,10.9181283527937,,0.0,0,0.0,"historical 2010 survey prior, adjusted to modeled margins",0,0,-10.9181283527937,-100.0
3304003,3302858,10.2992837933388,,4.041380996899539,5,0.9586190031004608,"historical 2010 survey prior, adjusted to modeled margins",5,0,-5.2992837933388,-51.45293497753876
3304003,3302908,0.0,,9.84832799786494e-10,0,-9.84832799786494e-10,"historical 2010 survey prior, adjusted to modeled margins",0,0,0.0,
3304003,3303203,0.0,,0.0010610686204534,1,0.9989389313795464,"historical 2010 survey prior, adjusted to modeled margins",1,0,1.0,
3304003,3303302,0.0,,0.0063814008330929,1,0.993618599166907,"historical 2010 survey prior, adjusted to modeled margins",1,0,1.0,
3304003,3303500,7.5595546329359,,2.9714388759408883,1,-1.9714388759408883,"historical 2010 survey prior, adjusted to modeled margins",1,0,-6.5595546329359,-86.77170748071397
3304003,3303609,0.0,,0.0004914777515381,1,0.999508522248462,"historical 2010 survey prior, adjusted to modeled margins",1,0,1.0,
3304003,3303906,27.4579796592456,,0.0021185751381172,0,-0.0021185751381172,"historical 2010 survey prior, adjusted to modeled margins",0,0,-27.4579796592456,-100.0
3304003,3304003,7156.317565342965,,1236.5263601205882,1237,0.4736398794118486,2022 local containment,1237,0,-5919.317565342965,-82.71457367975653
3304003,3304144,0.0,,0.0010802536848004,0,-0.0010802536848004,"historical 2010 survey prior, adjusted to modeled margins",0,0,0.0,
3304003,3304409,16.4561942670264,,0.0863236559869808,7,6.91367634401302,"historical 2010 survey prior, adjusted to modeled margins",7,0,-9.456194267026401,-57.46282593402512
3304003,3304557,153.9217883402137,,60.46605135059029,32,-28.466051350590284,"historical 2010 survey prior, adjusted to modeled margins",32,0,-121.92178834021371,-79.2102207588244
3304003,3304904,0.0,,0.0061973315106766,0,-0.0061973315106766,"historical 2010 survey prior, adjusted to modeled margins",0,0,0.0,
3304003,3305109,0.0,,0.0032339440589738,0,-0.0032339440589738,"historical 2010 survey prior, adjusted to modeled margins",0,0,0.0,
3304003,3305554,48.7952874954614,,19.14278494029872,37,17.857215059701282,"historical 2010 survey prior, adjusted to modeled margins",37,0,-11.795287495461402,-24.17300542917903
3304144,3300456,316.1066293094334,,257.79276307861926,274,16.20723692138074,"historical 2010 survey prior, adjusted to modeled margins",274,0,-42.1066293094334,-13.32038793410298
3304144,3300803,0.0,,0.0003242917981699,1,0.99967570820183,"historical 2010 survey prior, adjusted to modeled margins",1,0,1.0,
3304144,3301702,479.4361161166135,,391.2860425471172,500,108.71395745288282,"historical 2010 survey prior, adjusted to modeled margins",500,0,20.563883883386495,4.2891812260519675
3304144,3301801,11.3115038403941,,0.0371008694146002,3,2.9628991305853996,"historical 2010 survey prior, adjusted to modeled margins",3,0,-8.3115038403941,-73.47832752983021
3304144,3301850,0.0,,0.0199568486939338,0,-0.0199568486939338,"historical 2010 survey prior, adjusted to modeled margins",0,0,0.0,
3304144,3301900,89.0115637191729,,68.15967703063721,187,118.8403229693628,"historical 2010 survey prior, adjusted to modeled margins",187,0,97.9884362808271,110.08506331826256
3304144,3302007,63.664625628878206,,52.072262420143474,149,96.92773757985653,"historical 2010 survey prior, adjusted to modeled margins",149,0,85.33537437112179,134.03891647548423
3304144,3302270,466.0157220377216,,379.37796897407407,2725,2345.622031025926,"historical 2010 survey prior, adjusted to modeled margins",2725,0,2258.9842779622786,484.7442202345751
3304144,3302502,0.0,,0.2943173278337782,0,-0.2943173278337782,"historical 2010 survey prior, adjusted to modeled margins",0,0,0.0,
3304144,3302601,25.888055423966,,0.0851871608886014,1,0.9148128391113984,"historical 2010 survey prior, adjusted to modeled margins",1,0,-24.888055423966,-96.1372146975773
3304144,3302700,0.0,,0.0729966970910736,0,-0.0729966970910736,"historical 2010 survey prior, adjusted to modeled margins",0,0,0.0,
3304144,3302809,0.0,,0.0,0,0.0,"historical 2010 survey prior, adjusted to modeled margins",0,0,0.0,
3304144,3302858,337.9826853477753,,275.2490539414489,619,343.7509460585511,"historical 2010 survey prior, adjusted to modeled margins",619,0,281.0173146522247,83.14547662791223
3304144,3302908,12.636091241107,,0.0082626900257816,1,0.9917373099742184,"historical 2010 survey prior, adjusted to modeled margins",1,0,-11.636091241107,-92.0861603408904
3304144,3303203,415.1232729191378,,338.0258123411542,250,-88.02581234115422,"historical 2010 survey prior, adjusted to modeled margins",250,0,-165.12327291913778,-39.77692499820464
3304144,3303302,267.4130847430573,,218.7597748972311,130,-88.7597748972311,"historical 2010 survey prior, adjusted to modeled margins",130,0,-137.4130847430573,-51.38607367514947
3304144,3303500,3612.7687378556175,,2941.2069241431345,1513,-1428.2069241431343,"historical 2010 survey prior, adjusted to modeled margins",1513,0,-2099.7687378556175,-58.12076250144782
3304144,3303609,114.21515203088498,,89.5271275428902,808,718.4728724571098,"historical 2010 survey prior, adjusted to modeled margins",808,0,693.784847969115,607.4367854288793
3304144,3303906,19.7418603191534,,0.0031600380372091,1,0.9968399619627908,"historical 2010 survey prior, adjusted to modeled margins",1,0,-18.7418603191534,-94.9346212371394
3304144,3304003,0.0,,0.0154489723876943,2,1.9845510276123055,"historical 2010 survey prior, adjusted to modeled margins",2,0,2.0,
3304144,3304144,17468.628587330553,,29356.703914700334,29357,0.2960852996657195,2022 local containment,29357,0,11888.371412669447,68.05555085927986
3304144,3304409,16.5289535260862,,0.1798829121851603,25,24.82011708781484,"historical 2010 survey prior, adjusted to modeled margins",25,0,8.471046473913798,51.24974464078858
3304144,3304557,20964.783449029444,,17076.57048952742,15085,-1991.5704895274212,"historical 2010 survey prior, adjusted to modeled margins",15085,0,-5879.7834490294445,-28.04600134947564
3304144,3304904,41.9747319882577,,35.259841303564,0,-35.259841303564,"historical 2010 survey prior, adjusted to modeled margins",0,0,-41.9747319882577,-100.0
3304144,3305109,534.3118489476991,,435.4099997899071,215,-220.4099997899071,"historical 2010 survey prior, adjusted to modeled margins",215,0,-319.3118489476991,-59.76132656922508
3304144,3305554,37.7991429542149,,30.916813006001103,101,70.0831869939989,"historical 2010 survey prior, adjusted to modeled margins",101,0,63.2008570457851,167.20182550789212
3304409,3300456,0.0,,1.4794050241739786e-05,0,-1.4794050241739786e-05,"historical 2010 survey prior, adjusted to modeled margins",0,0,0.0,
3304409,3300803,0.0,,8.927013200643774e-09,0,-8.927013200643774e-09,"historical 2010 survey prior, adjusted to modeled margins",0,0,0.0,
3304409,3301702,7.6383502085013,,0.0234596621010407,0,-0.0234596621010407,"historical 2010 survey prior, adjusted to modeled margins",0,0,-7.6383502085013,-100.0
3304409,3301801,0.0,,4.5945268042254805e-11,0,-4.5945268042254805e-11,"historical 2010 survey prior, adjusted to modeled margins",0,0,0.0,
3304409,3301850,0.0,,5.493665049173881e-07,0,-5.493665049173881e-07,"historical 2010 survey prior, adjusted to modeled margins",0,0,0.0,
3304409,3301900,0.0,,8.533671128465918e-06,0,-8.533671128465918e-06,"historical 2010 survey prior, adjusted to modeled margins",0,0,0.0,
3304409,3302007,21.1187344271434,,0.0648126822017731,0,-0.0648126822017731,"historical 2010 survey prior, adjusted to modeled margins",0,0,-21.1187344271434,-99.99999999999999
3304409,3302270,0.0,,3.3839237077508808e-06,0,-3.3839237077508808e-06,"historical 2010 survey prior, adjusted to modeled margins",0,0,0.0,
3304409,3302502,0.0,,8.101884431173498e-06,0,-8.101884431173498e-06,"historical 2010 survey prior, adjusted to modeled margins",0,0,0.0,
3304409,3302601,15.0462491439061,,0.0001866939919137,0,-0.0001866939919137,"historical 2010 survey prior, adjusted to modeled margins",0,0,-15.0462491439061,-100.0
3304409,3302700,0.0,,2.00943249941189e-06,0,-2.00943249941189e-06,"historical 2010 survey prior, adjusted to modeled margins",0,0,0.0,
3304409,3302809,0.0,,0.0,0,0.0,"historical 2010 survey prior, adjusted to modeled margins",0,0,0.0,
3304409,3302858,0.0,,5.242458618134458e-06,0,-5.242458618134458e-06,"historical 2010 survey prior, adjusted to modeled margins",0,0,0.0,
3304409,3302908,0.0,,4.810953976412545e-12,0,-4.810953976412545e-12,"historical 2010 survey prior, adjusted to modeled margins",0,0,0.0,
3304409,3303203,0.0,,5.183369501832075e-06,0,-5.183369501832075e-06,"historical 2010 survey prior, adjusted to modeled margins",0,0,0.0,
3304409,3303302,0.0,,3.1173439511464943e-05,0,-3.1173439511464943e-05,"historical 2010 survey prior, adjusted to modeled margins",0,0,0.0,
3304409,3303500,0.0,,2.882115314807233e-05,0,-2.882115314807233e-05,"historical 2010 survey prior, adjusted to modeled margins",0,0,0.0,
3304409,3303609,0.0,,2.40089164738762e-06,0,-2.40089164738762e-06,"historical 2010 survey prior, adjusted to modeled margins",0,0,0.0,
3304409,3303906,0.0,,1.1270947601859038e-12,0,-1.1270947601859038e-12,"historical 2010 survey prior, adjusted to modeled margins",0,0,0.0,
3304409,3304003,72.8310606860897,,0.0916736092058403,0,-0.0916736092058403,"historical 2010 survey prior, adjusted to modeled margins",0,0,-72.8310606860897,-100.0
3304409,3304144,0.0,,5.277089432390732e-06,0,-5.277089432390732e-06,"historical 2010 survey prior, adjusted to modeled margins",0,0,0.0,
3304409,3304409,4532.495423415839,,0.2630532814717665,0,-0.2630532814717665,2022 local containment,0,0,-4532.495423415839,-100.0
3304409,3304557,82.48054114833748,,0.2535316757815201,0,-0.2535316757815201,"historical 2010 survey prior, adjusted to modeled margins",0,0,-82.48054114833748,-100.00000000000001
3304409,3304904,0.0,,3.0274252320698608e-05,0,-3.0274252320698608e-05,"historical 2010 survey prior, adjusted to modeled margins",0,0,0.0,
3304409,3305109,0.0,,1.579796695783199e-05,0,-1.579796695783199e-05,"historical 2010 survey prior, adjusted to modeled margins",0,0,0.0,
3304409,3305554,5.7326815182771,,0.0175970533538011,0,-0.0175970533538011,"historical 2010 survey prior, adjusted to modeled margins",0,0,-5.7326815182771,-100.0
3304557,3300456,1290.9744460998577,,1206.7888381939697,1018,-188.78883819396947,"historical 2010 survey prior, adjusted to modeled margins",1018,0,-272.9744460998577,-21.144837291283064
3304557,3300803,58.5158072206357,,2.5861655836963715,120,117.41383441630364,"historical 2010 survey prior, adjusted to modeled margins",120,0,61.4841927793643,105.07279263453755
3304557,3301702,14795.843986675753,,13791.900918446803,14039,247.0990815531968,"historical 2010 survey prior, adjusted to modeled margins",14039,0,-756.8439866757526,-5.11524714208477
3304557,3301801,0.0,,9.326839103128472e-06,1,0.9999906731608968,"historical 2010 survey prior, adjusted to modeled margins",1,0,1.0,
3304557,3301850,17.7645226319507,,9.207054865049717,98,88.79294513495029,"historical 2010 survey prior, adjusted to modeled margins",98,0,80.2354773680493,451.6613197572804
3304557,3301900,354.1173053716568,,311.010458022001,679,367.989541977999,"historical 2010 survey prior, adjusted to modeled margins",679,0,324.8826946283432,91.74437106014037
3304557,3302007,3813.864950643448,,3557.4903191431413,8131,4573.509680856859,"historical 2010 survey prior, adjusted to modeled margins",8131,0,4317.1350493565515,113.19580282013382
3304557,3302270,168.5844994858381,,157.8857092527681,902,744.114290747232,"historical 2010 survey prior, adjusted to modeled margins",902,0,733.4155005141619,435.04325887076715
3304557,3302502,282.3085905729938,,256.8555353900094,352,95.14446460999062,"historical 2010 survey prior, adjusted to modeled margins",352,0,69.69140942700619,24.686251766393468
3304557,3302601,841.0635337540886,,3.170941006260906,56,52.829058993739096,"historical 2010 survey prior, adjusted to modeled margins",56,0,-785.0635337540886,-93.34176340400303
3304557,3302700,334.78030894623834,,144.42256586845215,1077,932.577434131548,"historical 2010 survey prior, adjusted to modeled margins",1077,0,742.2196910537616,221.70350860538608
3304557,3302809,0.0,,0.0,0,0.0,"historical 2010 survey prior, adjusted to modeled margins",0,0,0.0,
3304557,3302858,619.6412393721233,,578.8566258377635,1037,458.14337416223646,"historical 2010 survey prior, adjusted to modeled margins",1037,0,417.3587606278767,67.35490379090689
3304557,3302908,201.14322951104216,,0.1506983446223729,24,23.849301655377623,"historical 2010 survey prior, adjusted to modeled margins",24,0,-177.14322951104216,-88.0682039070659
3304557,3303203,1829.6561857062225,,1707.1385701986178,1007,-700.1385701986178,"historical 2010 survey prior, adjusted to modeled margins",1007,0,-822.6561857062225,-44.96233730320696
3304557,3303302,9022.299493907149,,8419.286930627939,3974,-4445.286930627939,"historical 2010 survey prior, adjusted to modeled margins",3974,0,-5048.299493907149,-55.95357921022592
3304557,3303500,5729.612946380035,,5348.501662022604,2189,-3159.5016620226043,"historical 2010 survey prior, adjusted to modeled margins",2189,0,-3540.6129463800353,-61.79497602219346
3304557,3303609,155.0040799693154,,139.56315365317192,1002,862.4368463468281,"historical 2010 survey prior, adjusted to modeled margins",1002,0,846.9959200306846,546.4345972043807
3304557,3303906,618.700900710222,,0.1134699750606792,9,8.88653002493932,"historical 2010 survey prior, adjusted to modeled margins",9,0,-609.700900710222,-98.54533911464026
3304557,3304003,23.9723459909177,,9.254673930909613,829,819.7453260690904,"historical 2010 survey prior, adjusted to modeled margins",829,0,805.0276540090823,3358.1513228370713
3304557,3304144,665.2100089335511,,621.3548388584873,1000,378.64516114151274,"historical 2010 survey prior, adjusted to modeled margins",1000,0,334.7899910664489,50.32846568306696
3304557,3304409,29.0993210961424,,0.362881924194992,39,38.637118075805006,"historical 2010 survey prior, adjusted to modeled margins",39,0,9.9006789038576,34.023745334629474
3304557,3304557,2090415.5570287963,,2438476.180916093,2438476,-0.1809160928241908,2022 local containment,2438476,0,348060.4429712037,16.6502991140153
3304557,3304904,1536.6001313134602,,1438.9681193921945,0,-1438.9681193921945,"historical 2010 survey prior, adjusted to modeled margins",0,0,-1536.6001313134602,-100.0
3304557,3305109,3684.6883503023378,,3439.0418303570204,1348,-2091.0418303570204,"historical 2010 survey prior, adjusted to modeled margins",1348,0,-2336.6883503023378,-63.416173313832815
3304557,3305554,1495.9804988529932,,1395.8120136425011,3609,2213.187986357498,"historical 2010 survey prior, adjusted to modeled margins",3609,0,2113.019501147007,141.2464602825447
3304904,3300456,168.7175989608857,,107.3710554962182,144,36.62894450378179,"historical 2010 survey prior, adjusted to modeled margins",144,0,-24.71759896088571,-14.650278994674444
3304904,3300803,62.905630440928896,,1.8526214172041449,136,134.14737858279585,"historical 2010 survey prior, adjusted to modeled margins",136,0,73.09436955907111,116.19686353467179
3304904,3301702,909.50516252765,,571.5256027122612,919,347.47439728773884,"historical 2010 survey prior, adjusted to modeled margins",919,0,9.494837472350014,1.0439564131733403
3304904,3301801,0.0,,7.918670144468847e-06,0,-7.918670144468847e-06,"historical 2010 survey prior, adjusted to modeled margins",0,0,0.0,
3304904,3301850,43.008253294038,,14.76650714174292,250,235.23349285825708,"historical 2010 survey prior, adjusted to modeled margins",250,0,206.991746705962,481.28377893146416
3304904,3301900,3744.6172217599665,,2180.5204379728107,7525,5344.479562027189,"historical 2010 survey prior, adjusted to modeled margins",7525,0,3780.3827782400335,100.95511915803392
3304904,3302007,100.2991443602546,,63.56384274632902,229,165.43615725367098,"historical 2010 survey prior, adjusted to modeled margins",229,0,128.70085563974538,128.31700256332942
3304904,3302270,0.0,,0.5832194865221679,5,4.416780513477832,"historical 2010 survey prior, adjusted to modeled margins",5,0,5.0,
3304904,3302502,419.6489754336508,,254.16248012250455,551,296.8375198774954,"historical 2010 survey prior, adjusted to modeled margins",551,0,131.35102456634922,31.300213334398258
3304904,3302601,22.1483624270657,,0.0556535945481715,1,0.9443464054518284,"historical 2010 survey prior, adjusted to modeled margins",1,0,-21.1483624270657,-95.48499351456348
3304904,3302700,1071.1143596592465,,307.3476532788733,3625,3317.652346721127,"historical 2010 survey prior, adjusted to modeled margins",3625,0,2553.8856403407535,238.43258353414484
3304904,3302809,0.0,,0.0,0,0.0,"historical 2010 survey prior, adjusted to modeled margins",0,0,0.0,
3304904,3302858,0.0,,0.9035381076644476,2,1.0964618923355522,"historical 2010 survey prior, adjusted to modeled margins",2,0,2.0,
3304904,3302908,0.0,,8.29168252634751e-07,0,-8.29168252634751e-07,"historical 2010 survey prior, adjusted to modeled margins",0,0,0.0,
3304904,3303203,42.071089347662095,,27.031387714488012,25,-2.0313877144880124,"historical 2010 survey prior, adjusted to modeled margins",25,0,-17.071089347662095,-40.57677044345595
3304904,3303302,92360.85402625952,,57387.55954198027,42812,-14575.55954198027,"historical 2010 survey prior, adjusted to modeled margins",42812,0,-49548.85402625952,-53.6470288723966
3304904,3303500,68.4144277150056,,47.47201777530148,31,-16.47201777530148,"historical 2010 survey prior, adjusted to modeled margins",31,0,-37.4144277150056,-54.68792031830348
3304904,3303609,0.0,,0.4137938425081817,5,4.5862061574918185,"historical 2010 survey prior, adjusted to modeled margins",5,0,5.0,
3304904,3303906,55.5583893987999,,0.0067892068931221,0,-0.0067892068931221,"historical 2010 survey prior, adjusted to modeled margins",0,0,-55.5583893987999,-100.0
3304904,3304003,0.0,,0.0732961683913757,11,10.926703831608624,"historical 2010 survey prior, adjusted to modeled margins",11,0,11.0,
3304904,3304144,40.980270993175495,,26.3698339435036,68,41.6301660564964,"historical 2010 survey prior, adjusted to modeled margins",68,0,27.019729006824505,65.93350495735896
3304904,3304409,0.0,,4.129621915912259e-05,0,-4.129621915912259e-05,"historical 2010 survey prior, adjusted to modeled margins",0,0,0.0,
3304904,3304557,66814.81094857673,,41581.637744899934,46206,4624.362255100066,"historical 2010 survey prior, adjusted to modeled margins",46206,0,-20608.810948576735,-30.844674490567776
3304904,3304904,191425.72311651887,,240075.5978931834,240076,0.4021068165893666,2022 local containment,240076,0,48650.27688348113,25.414701896603624
3304904,3305109,62.25952133481509,,41.40353480568881,26,-15.403534805688809,"historical 2010 survey prior, adjusted to modeled margins",26,0,-36.25952133481509,-58.23931915541249
3304904,3305554,21.4819507157478,,14.081468692926348,58,43.91853130707365,"historical 2010 survey prior, adjusted to modeled margins",58,0,36.5180492842522,169.99410233951366
3305109,3300456,1657.6624294613473,,1118.4541515887222,1270,151.5458484112778,"historical 2010 survey prior, adjusted to modeled margins",1270,0,-387.6624294613473,-23.386090109270143
3305109,3300803,12.0287309702085,,0.3848066533487799,24,23.61519334665122,"historical 2010 survey prior, adjusted to modeled margins",24,0,11.9712690297915,99.5222942423493
3305109,3301702,10463.400606685092,,7047.725008486175,9654,2606.2749915138247,"historical 2010 survey prior, adjusted to modeled margins",9654,0,-809.4006066850925,-7.735540644099629
3305109,3301801,0.0,,4.802139453113069e-06,1,0.9999951978605468,"historical 2010 survey prior, adjusted to modeled margins",1,0,1.0,
3305109,3301850,7.8277245177936,,2.9534283077282755,42,39.046571692271726,"historical 2010 survey prior, adjusted to modeled margins",42,0,34.1722754822064,436.5543959106846
3305109,3301900,21.056400931313803,,14.180427867810176,41,26.819572132189823,"historical 2010 survey prior, adjusted to modeled margins",41,0,19.943599068686197,94.71513737671705
3305109,3302007,195.3240357069361,,132.35702062932066,407,274.6429793706793,"historical 2010 survey prior, adjusted to modeled margins",407,0,211.6759642930639,108.37169298030594
3305109,3302270,63.10708493427669,,42.87428353499394,329,286.12571646500606,"historical 2010 survey prior, adjusted to modeled margins",329,0,265.8929150657233,421.33607556527016
3305109,3302502,116.54366990144209,,76.97638935318722,142,65.02361064681278,"historical 2010 survey prior, adjusted to modeled margins",142,0,25.456330098557913,21.8427393955293
3305109,3302601,20.8583288129662,,0.0568338909135571,1,0.9431661090864428,"historical 2010 survey prior, adjusted to modeled margins",1,0,-19.8583288129662,-95.20575205728673
3305109,3302700,19.9985068920864,,6.426353757616907,64,57.57364624238309,"historical 2010 survey prior, adjusted to modeled margins",64,0,44.0014931079136,220.02389151024775
3305109,3302809,0.0,,0.0,0,0.0,"historical 2010 survey prior, adjusted to modeled margins",0,0,0.0,
3305109,3302858,439.5192347853419,,296.68935394989893,715,418.310646050101,"historical 2010 survey prior, adjusted to modeled margins",715,0,275.4807652146581,62.67774955269044
3305109,3302908,0.0,,5.028346308915794e-07,0,-5.028346308915794e-07,"historical 2010 survey prior, adjusted to modeled margins",0,0,0.0,
3305109,3303203,1608.0176971877524,,1083.9997853342918,861,-222.9997853342918,"historical 2010 survey prior, adjusted to modeled margins",861,0,-747.0176971877524,-46.45581317259163
3305109,3303302,1209.9928458030952,,818.533103047388,519,-299.53310304738795,"historical 2010 survey prior, adjusted to modeled margins",519,0,-690.9928458030952,-57.10718441020782
3305109,3303500,3448.0293514759255,,2326.242424686177,1281,-1045.242424686177,"historical 2010 survey prior, adjusted to modeled margins",1281,0,-2167.0293514759255,-62.84834409974877
3305109,3303609,21.456875534835905,,14.162137870202754,137,122.83786212979724,"historical 2010 survey prior, adjusted to modeled margins",137,0,115.5431244651641,538.4899785505874
3305109,3303906,72.9798507635695,,0.0096715780920849,1,0.990328421907915,"historical 2010 survey prior, adjusted to modeled margins",1,0,-71.9798507635695,-98.62975877651536
3305109,3304003,0.0,,0.0444491834579193,6,5.955550816542081,"historical 2010 survey prior, adjusted to modeled margins",6,0,6.0,
3305109,3304144,312.48242942134743,,211.0974936602999,458,246.9025063397001,"historical 2010 survey prior, adjusted to modeled margins",458,0,145.51757057865257,46.5682409241764
3305109,3304409,0.0,,2.504337214083164e-05,0,-2.504337214083164e-05,"historical 2010 survey prior, adjusted to modeled margins",0,0,0.0,
3305109,3304557,75202.99973687585,,50713.557063896915,47972,-2741.5570638969148,"historical 2010 survey prior, adjusted to modeled margins",47972,0,-27230.99973687585,-36.209991399482846
3305109,3304904,133.98506632797242,,93.44133844449549,0,-93.44133844449549,"historical 2010 survey prior, adjusted to modeled margins",0,0,-133.98506632797242,-100.0
3305109,3305109,69789.42651757672,,102764.38990334923,102764,-0.3899033492343733,2022 local containment,102764,0,32974.57348242328,47.248666635938775
3305109,3305554,44.3828699848985,,30.350300333426674,106,75.64969966657333,"historical 2010 survey prior, adjusted to modeled margins",106,0,61.6171300151015,138.8308823563394
3305554,3300456,72.4656302628221,,58.46180179426568,36,-22.46180179426568,"historical 2010 survey prior, adjusted to modeled margins",36,0,-36.4656302628221,-50.321276625300385
3305554,3300803,20.9428787608172,,0.7977890200404238,26,25.202210979959577,"historical 2010 survey prior, adjusted to modeled margins",26,0,5.057121239182798,24.14721155070788
3305554,3301702,74.5117430441142,,60.37851185984445,44,-16.37851185984445,"historical 2010 survey prior, adjusted to modeled margins",44,0,-30.511743044114198,-40.948905229676235
3305554,3301801,0.0,,5.832291094807286e-07,1,0.9999994167708904,"historical 2010 survey prior, adjusted to modeled margins",1,0,1.0,
3305554,3301850,0.0,,0.0069736569421433,1,0.9930263430578566,"historical 2010 survey prior, adjusted to modeled margins",1,0,1.0,
3305554,3301900,11.867766915008,,9.047190862302836,14,4.952809137697164,"historical 2010 survey prior, adjusted to modeled margins",14,0,2.1322330849920004,17.966590515824628
3305554,3302007,1778.1119898780903,,1429.8696483640854,2323,893.1303516359146,"historical 2010 survey prior, adjusted to modeled margins",2323,0,544.8880101219097,30.644189636180787
3305554,3302270,71.5976018404146,,57.61892740426893,234,176.38107259573107,"historical 2010 survey prior, adjusted to modeled margins",234,0,162.4023981595854,226.82658913851267
3305554,3302502,20.087379204379,,15.763489381181945,15,-0.7634893811819445,"historical 2010 survey prior, adjusted to modeled margins",15,0,-5.087379204379001,-25.32624665775197
3305554,3302601,137.4608545863328,,0.4469388415908237,5,4.553061158409176,"historical 2010 survey prior, adjusted to modeled margins",5,0,-132.4608545863328,-96.36260081821351
3305554,3302700,10.8117120170799,,4.036506491507775,21,16.963493508492224,"historical 2010 survey prior, adjusted to modeled margins",21,0,10.1882879829201,94.23380836286667
3305554,3302809,0.0,,0.0,0,0.0,"historical 2010 survey prior, adjusted to modeled margins",0,0,0.0,
3305554,3302858,54.9192132110371,,44.230416300809466,56,11.769583699190534,"historical 2010 survey prior, adjusted to modeled margins",56,0,1.0807867889628966,1.967957524827925
3305554,3302908,0.0,,6.107023689219415e-08,0,-6.107023689219415e-08,"historical 2010 survey prior, adjusted to modeled margins",0,0,0.0,
3305554,3303203,47.874166358694005,,38.56431697908651,16,-22.564316979086513,"historical 2010 survey prior, adjusted to modeled margins",16,0,-31.874166358694005,-66.57905251003001
3305554,3303302,88.3967997316244,,71.48094083498724,23,-48.48094083498724,"historical 2010 survey prior, adjusted to modeled margins",23,0,-65.3967997316244,-73.9809585077415
3305554,3303500,325.66221068604193,,262.2505808934779,76,-186.2505808934779,"historical 2010 survey prior, adjusted to modeled margins",76,0,-249.66221068604193,-76.6629355491084
3305554,3303609,211.70329956460031,,163.84306357368564,836,672.1569364263144,"historical 2010 survey prior, adjusted to modeled margins",836,0,624.2967004353997,294.8922863835187
3305554,3303906,20.2936753449232,,0.0032097651754683,0,-0.0032097651754683,"historical 2010 survey prior, adjusted to modeled margins",0,0,-20.2936753449232,-100.0
3305554,3304003,58.98997050893461,,19.46212623413389,1240,1220.5378737658662,"historical 2010 survey prior, adjusted to modeled margins",1240,0,1181.0100294910653,2002.0522460037334
3305554,3304144,74.5088150175097,,59.98404223832322,69,9.01595776167678,"historical 2010 survey prior, adjusted to modeled margins",69,0,-5.508815017509704,-7.393507756384426
3305554,3304409,12.8174792596128,,0.1378312680351615,10,9.862168731964838,"historical 2010 survey prior, adjusted to modeled margins",10,0,-2.8174792596127993,-21.981539447389842
3305554,3304557,6640.591272411166,,5345.313764343484,2672,-2673.313764343484,"historical 2010 survey prior, adjusted to modeled margins",2672,0,-3968.591272411166,-59.76261916463638
3305554,3304904,23.7858081379912,,19.511911497090715,0,-19.511911497090715,"historical 2010 survey prior, adjusted to modeled margins",0,0,-23.7858081379912,-99.99999999999999
3305554,3305109,99.08748519388008,,79.8827928770147,23,-56.882792877014694,"historical 2010 survey prior, adjusted to modeled margins",23,0,-76.08748519388008,-76.78818878590276
3305554,3305554,16757.624696040668,,21812.931473660086,21813,0.0685263399136602,2022 local containment,21813,0,5055.375303959332,30.167612628022205
