id,municipality_code,municipality,bairro,residents,resident_workers,jobs,lon,lat
RES_0000,3300456,Belford Roxo,Municipal total,3147,1098,0,-43.404843,-22.7673549993261
RES_0001,3300456,Belford Roxo,Municipal total,6397,2151,0,-43.405464,-22.7612179993262
RES_0002,3300456,Belford Roxo,Municipal total,4053,1435,0,-43.404981,-22.7558059993263
RES_0003,3300456,Belford Roxo,Municipal total,2814,1026,0,-43.395633,-22.7734609993259
RES_0004,3300456,Belford Roxo,Municipal total,5299,1813,0,-43.398276,-22.769492999326
RES_0005,3300456,Belford Roxo,Municipal total,841,266,0,-43.401669,-22.7631019993262
RES_0006,3300456,Belford Roxo,Municipal total,551,192,0,-43.402738,-22.7552309993263
RES_0007,3300456,Belford Roxo,Municipal total,754,274,0,-43.394367,-22.7722259993259
RES_0008,3300456,Belford Roxo,Municipal total,792,252,0,-43.401484,-22.7615149993262
RES_0009,3300456,Belford Roxo,Municipal total,273,90,0,-43.411819,-22.7662449993261
RES_0010,3300456,Belford Roxo,Municipal total,5613,1881,0,-43.412438,-22.7617359993262
RES_0011,3300456,Belford Roxo,Municipal total,2431,815,0,-43.412098,-22.7550859993263
RES_0012,3300456,Belford Roxo,Municipal total,1664,543,0,-43.409397,-22.7665449993261
RES_0013,3300456,Belford Roxo,Municipal total,724,243,0,-43.410358,-22.7584069993263
RES_0014,3300456,Belford Roxo,Municipal total,1937,623,0,-43.408754,-22.7547349993264
RES_0015,3300456,Belford Roxo,Municipal total,1209,398,0,-43.409068,-22.7624889993262
RES_0016,3300456,Belford Roxo,Municipal total,3075,1013,0,-43.413603,-22.7520469993264
RES_0017,3300456,Belford Roxo,Municipal total,6027,2040,0,-43.414669,-22.7478579993265
RES_0018,3300456,Belford Roxo,Municipal total,2628,881,0,-43.406099,-22.7519949993264
RES_0019,3300456,Belford Roxo,Municipal total,4281,1431,0,-43.407601,-22.7481189993265
RES_0020,3300456,Belford Roxo,Municipal total,1202,402,0,-43.427403,-22.7338349993268
RES_0021,3300456,Belford Roxo,Municipal total,6680,2355,0,-43.421515,-22.7466089993265
RES_0022,3300456,Belford Roxo,Municipal total,6160,2084,0,-43.42479,-22.7399909993267
RES_0023,3300456,Belford Roxo,Municipal total,577,195,0,-43.41833,-22.7509889993264
RES_0024,3300456,Belford Roxo,Municipal total,610,203,0,-43.418081,-22.7469599993265
RES_0025,3300456,Belford Roxo,Municipal total,2324,787,0,-43.421129,-22.7390539993267
RES_0026,3300456,Belford Roxo,Municipal total,2624,865,0,-43.421915,-22.7350809993268
RES_0027,3300456,Belford Roxo,Municipal total,2085,702,0,-43.41459,-22.7441109993266
RES_0028,3300456,Belford Roxo,Municipal total,8137,2727,0,-43.41485,-22.7398369993267
RES_0029,3300456,Belford Roxo,Municipal total,738,244,0,-43.415227,-22.7356159993268
RES_0030,3300456,Belford Roxo,Municipal total,1338,448,0,-43.409332,-22.7446849993266
RES_0031,3300456,Belford Roxo,Municipal total,5119,1681,0,-43.406901,-22.7412749993267
RES_0032,3300456,Belford Roxo,Municipal total,446,137,0,-43.402072,-22.7430499993266
RES_0033,3300456,Belford Roxo,Municipal total,814,264,0,-43.402865,-22.7505579993264
RES_0034,3300456,Belford Roxo,Municipal total,1044,349,0,-43.40372,-22.7466339993265
RES_0035,3300456,Belford Roxo,Municipal total,4916,1709,0,-43.400574,-22.7530239993264
RES_0036,3300456,Belford Roxo,Municipal total,4484,1554,0,-43.399131,-22.7477739993265
RES_0037,3300456,Belford Roxo,Municipal total,2502,876,0,-43.393615,-22.7463549993265
RES_0038,3300456,Belford Roxo,Municipal total,1878,616,0,-43.39864,-22.7442349993266
RES_0039,3300456,Belford Roxo,Municipal total,1170,382,0,-43.396628,-22.7424899993266
RES_0040,3300456,Belford Roxo,Municipal total,4997,1665,0,-43.391758,-22.7390509993267
RES_0041,3300456,Belford Roxo,Municipal total,729,248,0,-43.389671,-22.7349149993268
RES_0042,3300456,Belford Roxo,Municipal total,364,120,0,-43.387557,-22.7362399993268
RES_0043,3300456,Belford Roxo,Municipal total,426,132,0,-43.386604,-22.7351599993268
RES_0044,3300456,Belford Roxo,Municipal total,143,47,0,-43.404791889078936,-22.70959855
RES_0045,3300456,Belford Roxo,Municipal total,817,252,0,-43.406004,-22.7043539993275
RES_0046,3300456,Belford Roxo,Municipal total,1541,482,0,-43.400764,-22.7101639993274
RES_0047,3300456,Belford Roxo,Municipal total,198,70,0,-43.387604,-22.7162699993272
RES_0048,3300456,Belford Roxo,Municipal total,206,73,0,-43.401733,-22.6951879993277
RES_0049,3300456,Belford Roxo,Municipal total,2060,681,0,-43.384658,-22.7153679993273
RES_0050,3300456,Belford Roxo,Municipal total,3261,1058,0,-43.384754,-22.7130299993273
RES_0051,3300456,Belford Roxo,Municipal total,399,128,0,-43.391699,-22.7156869993272
RES_0052,3300456,Belford Roxo,Municipal total,202,71,0,-43.388999,-22.7140319993273
RES_0053,3300456,Belford Roxo,Municipal total,503,171,0,-43.391936,-22.7172579993272
RES_0054,3300456,Belford Roxo,Municipal total,1843,615,0,-43.404402,-22.7231249993271
RES_0055,3300456,Belford Roxo,Municipal total,964,321,0,-43.404485,-22.7190819993272
RES_0056,3300456,Belford Roxo,Municipal total,3642,1176,0,-43.399485,-22.7240519993271
RES_0057,3300456,Belford Roxo,Municipal total,2057,674,0,-43.399675,-22.7205139993271
RES_0058,3300456,Belford Roxo,Municipal total,969,306,0,-43.394103,-22.7224669993271
RES_0059,3300456,Belford Roxo,Municipal total,529,188,0,-43.392478,-22.7208029993271
RES_0060,3300456,Belford Roxo,Municipal total,506,156,0,-43.403178,-22.7148749993273
RES_0061,3300456,Belford Roxo,Municipal total,783,240,0,-43.39575,-22.725063999327
RES_0062,3300456,Belford Roxo,Municipal total,255,77,0,-43.392285,-22.724176999327
RES_0063,3300456,Belford Roxo,Municipal total,411,123,0,-43.401852,-22.7238309993271
RES_0064,3300456,Belford Roxo,Municipal total,528,173,0,-43.400942,-22.7194329993272
RES_0065,3300456,Belford Roxo,Municipal total,1353,439,0,-43.397712,-22.7177519993272
RES_0066,3300456,Belford Roxo,Municipal total,424,145,0,-43.395225,-22.7170249993272
RES_0067,3300456,Belford Roxo,Municipal total,1442,491,0,-43.404654,-22.7383219993267
RES_0068,3300456,Belford Roxo,Municipal total,5524,1860,0,-43.399182,-22.7385189993267
RES_0069,3300456,Belford Roxo,Municipal total,2624,898,0,-43.398116,-22.7351889993268
RES_0070,3300456,Belford Roxo,Municipal total,2196,727,0,-43.393355,-22.7322489993269
RES_0071,3300456,Belford Roxo,Municipal total,1517,523,0,-43.388548,-22.725433999327
RES_0072,3300456,Belford Roxo,Municipal total,487,162,0,-43.389251,-22.7217189993271
RES_0073,3300456,Belford Roxo,Municipal total,751,266,0,-43.386289,-22.7209099993271
RES_0074,3300456,Belford Roxo,Municipal total,713,241,0,-43.400917,-22.7381939993267
RES_0075,3300456,Belford Roxo,Municipal total,765,248,0,-43.399033,-22.7317649993269
RES_0076,3300456,Belford Roxo,Municipal total,1124,381,0,-43.397468,-22.7289129993269
RES_0077,3300456,Belford Roxo,Municipal total,363,120,0,-43.3957,-22.7283609993269
RES_0078,3300456,Belford Roxo,Municipal total,390,129,0,-43.393666,-22.728451999327
RES_0079,3300456,Belford Roxo,Municipal total,500,173,0,-43.421372046088905,-22.7313773
RES_0080,3300456,Belford Roxo,Municipal total,2537,831,0,-43.412733,-22.7312839993269
RES_0081,3300456,Belford Roxo,Municipal total,1273,418,0,-43.412605,-22.726435999327
RES_0082,3300456,Belford Roxo,Municipal total,576,192,0,-43.407948,-22.7373149993268
RES_0083,3300456,Belford Roxo,Municipal total,4223,1376,0,-43.407864,-22.7322499993269
RES_0084,3300456,Belford Roxo,Municipal total,3724,1230,0,-43.407567,-22.726185999327
RES_0085,3300456,Belford Roxo,Municipal total,379,123,0,-43.40301,-22.729023999327
RES_0086,3300456,Belford Roxo,Municipal total,1112,361,0,-43.402312,-22.727633999327
RES_0087,3300456,Belford Roxo,Municipal total,740,245,0,-43.412284,-22.7332869993268
RES_0088,3300456,Belford Roxo,Municipal total,2454,834,0,-43.404006,-22.7341749993268
RES_0089,3300456,Belford Roxo,Municipal total,917,310,0,-43.400449,-22.7335859993268
RES_0090,3300456,Belford Roxo,Municipal total,669,203,0,-43.406974,-22.7310079993269
RES_0091,3300456,Belford Roxo,Municipal total,491,168,0,-43.42983,-22.7306909993269
RES_0092,3300456,Belford Roxo,Municipal total,4349,1510,0,-43.429516,-22.726243999327
RES_0093,3300456,Belford Roxo,Municipal total,535,186,0,-43.427124,-22.7193739993272
RES_0094,3300456,Belford Roxo,Municipal total,2156,743,0,-43.424553,-22.7302629993269
RES_0095,3300456,Belford Roxo,Municipal total,2176,748,0,-43.424803,-22.727144999327
RES_0096,3300456,Belford Roxo,Municipal total,174,59,0,-43.427093,-22.7162629993272
RES_0097,3300456,Belford Roxo,Municipal total,3384,1113,0,-43.421218,-22.725532999327
RES_0098,3300456,Belford Roxo,Municipal total,4158,1401,0,-43.422502,-22.7180079993272
RES_0099,3300456,Belford Roxo,Municipal total,2602,897,0,-43.421159,-22.7117139993273
RES_0100,3300456,Belford Roxo,Municipal total,543,185,0,-43.421113,-22.7070709993274
RES_0101,3300456,Belford Roxo,Municipal total,2040,669,0,-43.415683,-22.7240359993271
RES_0102,3300456,Belford Roxo,Municipal total,3452,1160,0,-43.414226,-22.7185559993272
RES_0103,3300456,Belford Roxo,Municipal total,1840,617,0,-43.41466,-22.7105139993274
RES_0104,3300456,Belford Roxo,Municipal total,2156,695,0,-43.416739,-22.7045669993275
RES_0105,3300456,Belford Roxo,Municipal total,1515,487,0,-43.408239,-22.7177219993272
RES_0106,3300456,Belford Roxo,Municipal total,694,219,0,-43.405377,-22.7130859993273
RES_0107,3300456,Belford Roxo,Municipal total,1080,348,0,-43.408328,-22.7189509993272
RES_0108,3300456,Belford Roxo,Municipal total,1637,525,0,-43.365416,-22.7598569993262
RES_0109,3300456,Belford Roxo,Municipal total,640,217,0,-43.365626,-22.7566459993263
RES_0110,3300456,Belford Roxo,Municipal total,732,241,0,-43.363099,-22.7598649993262
RES_0111,3300456,Belford Roxo,Municipal total,2427,811,0,-43.362901,-22.7539299993264
RES_0112,3300456,Belford Roxo,Municipal total,367,123,0,-43.362036,-22.7430319993266
RES_0113,3300456,Belford Roxo,Municipal total,505,173,0,-43.359375,-22.7408719993267
RES_0114,3300456,Belford Roxo,Municipal total,233,73,0,-43.35604,-22.7466889993265
RES_0115,3300456,Belford Roxo,Municipal total,144,48,0,-43.358004,-22.7418629993266
RES_0116,3300456,Belford Roxo,Municipal total,657,218,0,-43.356017,-22.7447129993266
RES_0117,3300456,Belford Roxo,Municipal total,533,169,0,-43.364594,-22.7542719993264
RES_0118,3300456,Belford Roxo,Municipal total,609,203,0,-43.36403,-22.7560909993263
RES_0119,3300456,Belford Roxo,Municipal total,1126,398,0,-43.381982,-22.7585779993263
RES_0120,3300456,Belford Roxo,Municipal total,2500,875,0,-43.381897,-22.7541709993264
RES_0121,3300456,Belford Roxo,Municipal total,3958,1303,0,-43.376139,-22.7582059993263
RES_0122,3300456,Belford Roxo,Municipal total,4307,1456,0,-43.37497,-22.7537629993264
RES_0123,3300456,Belford Roxo,Municipal total,1658,543,0,-43.374045,-22.7470599993265
RES_0124,3300456,Belford Roxo,Municipal total,2534,822,0,-43.369212,-22.7597829993262
RES_0125,3300456,Belford Roxo,Municipal total,3954,1307,0,-43.368446,-22.7535349993264
RES_0126,3300456,Belford Roxo,Municipal total,463,157,0,-43.369921,-22.7467029993265
RES_0127,3300456,Belford Roxo,Municipal total,512,172,0,-43.371483,-22.7429689993266
RES_0128,3300456,Belford Roxo,Municipal total,773,258,0,-43.373367,-22.7508099993264
RES_0129,3300456,Belford Roxo,Municipal total,4373,1450,0,-43.397785,-22.7597119993262
RES_0130,3300456,Belford Roxo,Municipal total,2654,885,0,-43.396509,-22.7553319993263
RES_0131,3300456,Belford Roxo,Municipal total,1038,388,0,-43.393116,-22.7583979993263
RES_0132,3300456,Belford Roxo,Municipal total,1722,563,0,-43.393173,-22.7552289993263
RES_0133,3300456,Belford Roxo,Municipal total,3276,1135,0,-43.389574,-22.7529539993264
RES_0134,3300456,Belford Roxo,Municipal total,5178,1684,0,-43.389854,-22.7472179993265
RES_0135,3300456,Belford Roxo,Municipal total,646,192,0,-43.388641,-22.7424949993266
RES_0136,3300456,Belford Roxo,Municipal total,2211,716,0,-43.384509,-22.7470409993265
RES_0137,3300456,Belford Roxo,Municipal total,2056,710,0,-43.38589,-22.7420679993266
RES_0138,3300456,Belford Roxo,Municipal total,4098,1392,0,-43.382267,-22.7383239993267
RES_0139,3300456,Belford Roxo,Municipal total,1334,455,0,-43.381324,-22.7343699993268
RES_0140,3300456,Belford Roxo,Municipal total,410,132,0,-43.379542,-22.7376279993267
RES_0141,3300456,Belford Roxo,Municipal total,591,191,0,-43.377186,-22.7351519993268
RES_0142,3300456,Belford Roxo,Municipal total,698,247,0,-43.379592,-22.7363719993268
RES_0143,3300456,Belford Roxo,Municipal total,1175,382,0,-43.381985,-22.7436609993266
RES_0144,3300456,Belford Roxo,Municipal total,678,226,0,-43.376936799999996,-22.74398195
RES_0145,3300456,Belford Roxo,Municipal total,4948,1636,0,-43.376146,-22.7392419993267
RES_0146,3300456,Belford Roxo,Municipal total,2784,899,0,-43.376551,-22.7320479993269
RES_0147,3300456,Belford Roxo,Municipal total,934,303,0,-43.373139,-22.727382999327
RES_0148,3300456,Belford Roxo,Municipal total,1800,604,0,-43.366294,-22.7388789993267
RES_0149,3300456,Belford Roxo,Municipal total,1473,490,0,-43.36741,-22.7341889993268
RES_0150,3300456,Belford Roxo,Municipal total,2728,925,0,-43.360665,-22.7378979993267
RES_0151,3300456,Belford Roxo,Municipal total,4175,1364,0,-43.360268,-22.7329549993268
RES_0152,3300456,Belford Roxo,Municipal total,1491,484,0,-43.353581,-22.7404179993267
RES_0153,3300456,Belford Roxo,Municipal total,2004,681,0,-43.354121,-22.7339809993268
RES_0154,3300456,Belford Roxo,Municipal total,323,102,0,-43.373155,-22.7302819993269
RES_0155,3300456,Belford Roxo,Municipal total,822,281,0,-43.370806,-22.7303499993269
RES_0156,3300456,Belford Roxo,Municipal total,692,220,0,-43.374785,-22.726869999327
RES_0157,3300456,Belford Roxo,Municipal total,304,99,0,-43.374408,-22.7404689993267
RES_0158,3300456,Belford Roxo,Municipal total,754,258,0,-43.367089,-22.7321509993269
RES_0159,3300456,Belford Roxo,Municipal total,2105,677,0,-43.359149,-22.7592129993262
RES_0160,3300456,Belford Roxo,Municipal total,2696,874,0,-43.359258,-22.7554349993263
RES_0161,3300456,Belford Roxo,Municipal total,1147,367,0,-43.354032,-22.7583639993263
RES_0162,3300456,Belford Roxo,Municipal total,4708,1533,0,-43.351751,-22.7539719993264
RES_0163,3300456,Belford Roxo,Municipal total,6562,2089,0,-43.346551,-22.7519559993264
RES_0164,3300456,Belford Roxo,Municipal total,952,303,0,-43.344528,-22.7498199993265
RES_0165,3300456,Belford Roxo,Municipal total,366,123,0,-43.33817915,-22.75116895
RES_0166,3300456,Belford Roxo,Municipal total,462,152,0,-43.33306,-22.7547159993264
RES_0167,3300456,Belford Roxo,Municipal total,153,52,0,-43.336429,-22.7496989993265
RES_0168,3300456,Belford Roxo,Municipal total,481,152,0,-43.331389200000004,-22.754329949999992
RES_0169,3300456,Belford Roxo,Municipal total,368,115,0,-43.35903,-22.7520679993264
RES_0170,3300456,Belford Roxo,Municipal total,1164,371,0,-43.355538,-22.7511889993264
RES_0171,3300456,Belford Roxo,Municipal total,2821,926,0,-43.352556,-22.7476259993265
RES_0172,3300456,Belford Roxo,Municipal total,2698,922,0,-43.343956,-22.7466949993265
RES_0173,3300456,Belford Roxo,Municipal total,2731,915,0,-43.345617,-22.7397849993267
RES_0174,3300456,Belford Roxo,Municipal total,1427,466,0,-43.338435,-22.7469769993265
RES_0175,3300456,Belford Roxo,Municipal total,1206,420,0,-43.338232,-22.7413769993266
RES_0176,3300456,Belford Roxo,Municipal total,558,185,0,-43.331769,-22.7437869993266
RES_0177,3300456,Belford Roxo,Municipal total,324,127,0,-43.349613,-22.7428469993266
RES_0178,3300456,Belford Roxo,Municipal total,322,111,0,-43.348754,-22.7427209993266
RES_0179,3300456,Belford Roxo,Municipal total,846,271,0,-43.341274,-22.7407329993267
RES_0180,3300456,Belford Roxo,Municipal total,503,162,0,-43.339614,-22.7407109993267
RES_0181,3300456,Belford Roxo,Municipal total,523,168,0,-43.332799,-22.7425819993266
RES_0182,3300456,Belford Roxo,Municipal total,3425,1164,0,-43.334915,-22.7415289993267
RES_0183,3300456,Belford Roxo,Municipal total,210,67,0,-43.33507623364535,-22.74355295
RES_0184,3300456,Belford Roxo,Municipal total,1887,621,0,-43.344855,-22.7361609993268
RES_0185,3300456,Belford Roxo,Municipal total,3694,1226,0,-43.344514,-22.7334679993268
RES_0186,3300456,Belford Roxo,Municipal total,2359,781,0,-43.335296,-22.7377629993267
RES_0187,3300456,Belford Roxo,Municipal total,5033,1668,0,-43.336115,-22.7319449993269
RES_0188,3300456,Belford Roxo,Municipal total,663,221,0,-43.339576,-22.728127999327
RES_0189,3300456,Belford Roxo,Municipal total,2219,742,0,-43.33094,-22.7389909993267
RES_0190,3300456,Belford Roxo,Municipal total,2436,800,0,-43.330214,-22.7310679993269
RES_0191,3300456,Belford Roxo,Municipal total,330,110,0,-43.332612,-22.727879999327
RES_0192,3300456,Belford Roxo,Municipal total,391,135,0,-43.341285,-22.7377509993267
RES_0193,3300456,Belford Roxo,Municipal total,614,197,0,-43.339298,-22.7383639993267
RES_0194,3300456,Belford Roxo,Municipal total,556,188,0,-43.331186,-22.7346139993268
RES_0195,3300456,Belford Roxo,Municipal total,3029,1009,0,-43.335028,-22.7243149993271
RES_0196,3300456,Belford Roxo,Municipal total,457,155,0,-43.333887,-22.7209989993271
RES_0197,3300456,Belford Roxo,Municipal total,2606,877,0,-43.330843,-22.7234339993271
RES_0198,3300456,Belford Roxo,Municipal total,4071,1347,0,-43.328774,-22.7189359993272
RES_0199,3300456,Belford Roxo,Municipal total,485,162,0,-43.323717,-22.7154259993273
RES_0200,3300456,Belford Roxo,Municipal total,140,47,0,-43.328355,-22.724179999327
RES_0201,3300456,Belford Roxo,Municipal total,1787,612,0,-43.337434,-22.7222329993271
RES_0202,3300456,Belford Roxo,Municipal total,956,328,0,-43.334592,-22.7151169993273
RES_0203,3300456,Belford Roxo,Municipal total,2376,788,0,-43.334552,-22.7117469993273
RES_0204,3300456,Belford Roxo,Municipal total,842,265,0,-43.332113,-22.7169759993272
RES_0205,3300456,Belford Roxo,Municipal total,6443,2123,0,-43.329457,-22.7104479993274
RES_0206,3300456,Belford Roxo,Municipal total,437,142,0,-43.324862,-22.7121839993273
RES_0207,3300456,Belford Roxo,Municipal total,1080,371,0,-43.325071,-22.7108509993274
RES_0208,3300456,Belford Roxo,Municipal total,355,125,0,-43.352365,-22.7097749993274
RES_0209,3300456,Belford Roxo,Municipal total,2960,956,0,-43.343793,-22.7099449993274
RES_0210,3300456,Belford Roxo,Municipal total,2367,777,0,-43.34216,-22.7048249993275
RES_0211,3300456,Belford Roxo,Municipal total,72,22,0,-43.342998,-22.6972789993277
RES_0212,3300456,Belford Roxo,Municipal total,4769,1552,0,-43.338122,-22.7097889993274
RES_0213,3300456,Belford Roxo,Municipal total,6021,1981,0,-43.337524,-22.7035819993275
RES_0214,3300456,Belford Roxo,Municipal total,1599,545,0,-43.331785,-22.7044859993275
RES_0215,3300456,Belford Roxo,Municipal total,852,296,0,-43.343594,-22.7015969993276
RES_0216,3300456,Belford Roxo,Municipal total,276,90,0,-43.345321,-22.7057119993275
RES_0217,3300456,Belford Roxo,Municipal total,21,6,0,-43.337651050000005,-22.700939149999996
RES_0218,3300456,Belford Roxo,Municipal total,158,48,0,-43.338501,-22.6996699993276
RES_0219,3300456,Belford Roxo,Municipal total,244,76,0,-43.33137685,-22.701716150000003
RES_0220,3300456,Belford Roxo,Municipal total,1367,445,0,-43.349897,-22.724689999327
RES_0221,3300456,Belford Roxo,Municipal total,3899,1260,0,-43.350759,-22.7197559993272
RES_0222,3300456,Belford Roxo,Municipal total,201,64,0,-43.348264,-22.7289779993269
RES_0223,3300456,Belford Roxo,Municipal total,5398,1806,0,-43.344526,-22.7239269993271
RES_0224,3300456,Belford Roxo,Municipal total,2243,772,0,-43.344882,-22.7177439993272
RES_0225,3300456,Belford Roxo,Municipal total,528,173,0,-43.344144,-22.7127949993273
RES_0226,3300456,Belford Roxo,Municipal total,921,311,0,-43.340047,-22.7226789993271
RES_0227,3300456,Belford Roxo,Municipal total,2618,857,0,-43.337561,-22.7187409993272
RES_0228,3300456,Belford Roxo,Municipal total,913,314,0,-43.342796,-22.727431999327
RES_0229,3300456,Belford Roxo,Municipal total,343,114,0,-43.347053,-22.7286159993269
RES_0230,3300456,Belford Roxo,Municipal total,165,53,0,-43.346806,-22.727596999327
RES_0231,3300456,Belford Roxo,Municipal total,1726,611,0,-43.366457,-22.7194269993272
RES_0232,3300456,Belford Roxo,Municipal total,12,4,0,-43.364764,-22.7159899993272
RES_0233,3300456,Belford Roxo,Municipal total,110,36,0,-43.364968,-22.6944609993277
RES_0234,3300456,Belford Roxo,Municipal total,2909,993,0,-43.359859,-22.7231809993271
RES_0235,3300456,Belford Roxo,Municipal total,2676,888,0,-43.359471,-22.7184939993272
RES_0236,3300456,Belford Roxo,Municipal total,509,168,0,-43.356372,-22.7088969993274
RES_0237,3300456,Belford Roxo,Municipal total,1405,462,0,-43.352048,-22.7304689993269
RES_0238,3300456,Belford Roxo,Municipal total,2279,766,0,-43.353328,-22.725390999327
RES_0239,3300456,Belford Roxo,Municipal total,2438,818,0,-43.353708,-22.7170309993272
RES_0240,3300456,Belford Roxo,Municipal total,2202,747,0,-43.351788,-22.7119039993273
RES_0241,3300456,Belford Roxo,Municipal total,564,180,0,-43.348274,-22.7311549993269
RES_0242,3300456,Belford Roxo,Municipal total,311,98,0,-43.347239,-22.7122679993273
RES_0243,3300456,Belford Roxo,Municipal total,423,138,0,-43.350301,-22.728599999327
RES_0244,3300456,Belford Roxo,Municipal total,773,265,0,-43.352508,-22.727960999327
RES_0245,3300456,Belford Roxo,Municipal total,2878,1006,0,-43.381357,-22.7185189993272
RES_0246,3300456,Belford Roxo,Municipal total,2873,1044,0,-43.376058,-22.7234779993271
RES_0247,3300456,Belford Roxo,Municipal total,3966,1339,0,-43.37759,-22.7179779993272
RES_0248,3300456,Belford Roxo,Municipal total,894,283,0,-43.377474,-22.7134009993273
RES_0249,3300456,Belford Roxo,Municipal total,3922,1268,0,-43.368942,-22.724747999327
RES_0250,3300456,Belford Roxo,Municipal total,1043,348,0,-43.359364,-22.7293509993269
RES_0251,3300456,Belford Roxo,Municipal total,2318,777,0,-43.361341,-22.725828999327
RES_0252,3300456,Belford Roxo,Municipal total,496,167,0,-43.366621,-22.7304199993269
RES_0253,3300456,Belford Roxo,Municipal total,1145,391,0,-43.365852,-22.725808999327
RES_0254,3300456,Belford Roxo,Municipal total,732,266,0,-43.373442,-22.7220109993271
RES_0255,3300456,Belford Roxo,Municipal total,503,167,0,-43.373323,-22.7201209993272
RES_0256,3300456,Belford Roxo,Municipal total,414,143,0,-43.371786,-22.7220449993271
RES_0257,3300456,Belford Roxo,Municipal total,749,259,0,-43.371177,-22.7204679993271
RES_0258,3300456,Belford Roxo,Municipal total,1022,348,0,-43.382427,-22.7307689993269
RES_0259,3300456,Belford Roxo,Municipal total,5544,1877,0,-43.383013,-22.725421999327
RES_0260,3300456,Belford Roxo,Municipal total,903,323,0,-43.378389,-22.726863999327
RES_0261,3300456,Belford Roxo,Municipal total,685,223,0,-43.379443,-22.728449999327
RES_0262,3300456,Belford Roxo,Municipal total,1708,581,0,-43.387907,-22.7322179993269
RES_0263,3300456,Belford Roxo,Municipal total,1873,622,0,-43.385971,-22.7306189993269
RES_0264,3300456,Belford Roxo,Municipal total,1241,426,0,-43.427322,-22.7105059993274
RES_0265,3300456,Belford Roxo,Municipal total,914,307,0,-43.429047,-22.7054459993275
RES_0266,3300456,Belford Roxo,Municipal total,2158,712,0,-43.424764,-22.7110299993274
RES_0267,3300456,Belford Roxo,Municipal total,3329,1095,0,-43.423605,-22.7058479993275
RES_0268,3300456,Belford Roxo,Municipal total,1308,460,0,-43.416489,-22.7019309993276
RES_0269,3300456,Belford Roxo,Municipal total,558,197,0,-43.429788,-22.7031019993275
RES_0270,3300456,Belford Roxo,Municipal total,971,294,0,-43.423338,-22.7039379993275
RES_0271,3300456,Belford Roxo,Municipal total,151,48,0,-43.41534,-22.6996529993276
RES_0272,3300456,Belford Roxo,Municipal total,790,253,0,-43.424172,-22.7103519993274
RES_0273,3300456,Belford Roxo,Municipal total,271,91,0,-43.429421,-22.7037439993275
RES_0274,3300803,Cachoeiras de Macacu,Municipal total,215,13,0,-42.892239,-22.6098639993297
RES_0275,3300803,Cachoeiras de Macacu,Municipal total,121,7,0,-42.886146,-22.6046429993298
RES_0276,3300803,Cachoeiras de Macacu,Municipal total,172,9,0,-42.873673,-22.6157859993296
RES_0277,3300803,Cachoeiras de Macacu,Municipal total,360,21,0,-42.869718,-22.5870129993302
RES_0278,3300803,Cachoeiras de Macacu,Municipal total,160,9,0,-42.852607,-22.5729469993306
RES_0279,3300803,Cachoeiras de Macacu,Municipal total,92,5,0,-42.850792,-22.6021889993299
RES_0280,3300803,Cachoeiras de Macacu,Municipal total,185,12,0,-42.833287,-22.6266749993293
RES_0281,3300803,Cachoeiras de Macacu,Municipal total,92,5,0,-42.832589,-22.6053119993298
RES_0282,3300803,Cachoeiras de Macacu,Municipal total,121,8,0,-42.833063,-22.5765159993305
RES_0283,3300803,Cachoeiras de Macacu,Municipal total,18,1,0,-42.820368,-22.5765999993305
RES_0284,3301702,Duque de Caxias,Municipal total,2565,1010,0,-43.293998,-22.7964339993254
RES_0285,3301702,Duque de Caxias,Municipal total,5341,1977,0,-43.296455,-22.7887329993256
RES_0286,3301702,Duque de Caxias,Municipal total,1402,515,0,-43.296173,-22.7853619993256
RES_0287,3301702,Duque de Caxias,Municipal total,906,352,0,-43.285587,-22.8056589993252
RES_0288,3301702,Duque de Caxias,Municipal total,3072,1148,0,-43.290955,-22.7949729993254
RES_0289,3301702,Duque de Caxias,Municipal total,5460,2064,0,-43.291109,-22.7898799993255
RES_0290,3301702,Duque de Caxias,Municipal total,4471,1671,0,-43.290809,-22.7819689993257
RES_0291,3301702,Duque de Caxias,Municipal total,334,126,0,-43.287242,-22.7772479993258
RES_0292,3301702,Duque de Caxias,Municipal total,5262,1973,0,-43.281949,-22.8056249993252
RES_0293,3301702,Duque de Caxias,Municipal total,720,282,0,-43.286376,-22.7829789993257
RES_0294,3301702,Duque de Caxias,Municipal total,443,148,0,-43.286904,-22.8038569993252
RES_0295,3301702,Duque de Caxias,Municipal total,1848,654,0,-43.279825,-22.8043219993252
RES_0296,3301702,Duque de Caxias,Municipal total,2730,1035,0,-43.286837,-22.7965529993254
RES_0297,3301702,Duque de Caxias,Municipal total,5296,2021,0,-43.29573,-22.7872969993256
RES_0298,3301702,Duque de Caxias,Municipal total,1326,488,0,-43.302928,-22.7944179993254
RES_0299,3301702,Duque de Caxias,Municipal total,5116,1946,0,-43.304295,-22.7891559993256
RES_0300,3301702,Duque de Caxias,Municipal total,2678,987,0,-43.303241,-22.7839519993257
RES_0301,3301702,Duque de Caxias,Municipal total,1852,700,0,-43.297777,-22.7944569993254
RES_0302,3301702,Duque de Caxias,Municipal total,1825,657,0,-43.297975,-22.7904629993255
RES_0303,3301702,Duque de Caxias,Municipal total,1524,542,0,-43.300288,-22.7831699993257
RES_0304,3301702,Duque de Caxias,Municipal total,1253,439,0,-43.317726,-22.7871259993256
RES_0305,3301702,Duque de Caxias,Municipal total,2760,979,0,-43.313573,-22.7893189993256
RES_0306,3301702,Duque de Caxias,Municipal total,6966,2559,0,-43.312976,-22.7827469993257
RES_0307,3301702,Duque de Caxias,Municipal total,1573,553,0,-43.308062,-22.7974259993253
RES_0308,3301702,Duque de Caxias,Municipal total,566,205,0,-43.308014,-22.7909389993255
RES_0309,3301702,Duque de Caxias,Municipal total,2362,833,0,-43.306107,-22.7827769993257
RES_0310,3301702,Duque de Caxias,Municipal total,4709,1753,0,-43.309893,-22.7958229993254
RES_0311,3301702,Duque de Caxias,Municipal total,1995,770,0,-43.307865,-22.7945029993254
RES_0312,3301702,Duque de Caxias,Municipal total,363,135,0,-43.307866,-22.7948059993254
RES_0313,3301702,Duque de Caxias,Municipal total,4413,1651,0,-43.327185,-22.7958519993254
RES_0314,3301702,Duque de Caxias,Municipal total,4154,1498,0,-43.326822,-22.7896489993255
RES_0315,3301702,Duque de Caxias,Municipal total,2116,782,0,-43.326705,-22.7852019993256
RES_0316,3301702,Duque de Caxias,Municipal total,7551,2926,0,-43.322144,-22.7975469993254
RES_0317,3301702,Duque de Caxias,Municipal total,8246,3008,0,-43.320443,-22.7902099993255
RES_0318,3301702,Duque de Caxias,Municipal total,1255,468,0,-43.322358,-22.7845919993257
RES_0319,3301702,Duque de Caxias,Municipal total,1945,757,0,-43.314819,-22.7973049993254
RES_0320,3301702,Duque de Caxias,Municipal total,872,326,0,-43.315203,-22.7922709993255
RES_0321,3301702,Duque de Caxias,Municipal total,1359,494,0,-43.328776,-22.8010309993253
RES_0322,3301702,Duque de Caxias,Municipal total,1714,645,0,-43.327312,-22.7998219993253
RES_0323,3301702,Duque de Caxias,Municipal total,944,356,0,-43.316869,-22.7948279993254
RES_0324,3301702,Duque de Caxias,Municipal total,3166,1207,0,-43.313911,-22.7946999993254
RES_0325,3301702,Duque de Caxias,Municipal total,2620,997,0,-43.326492,-22.7819089993257
RES_0326,3301702,Duque de Caxias,Municipal total,1583,607,0,-43.326992,-22.7776829993258
RES_0327,3301702,Duque de Caxias,Municipal total,5690,2128,0,-43.319988,-22.7815969993257
RES_0328,3301702,Duque de Caxias,Municipal total,2447,927,0,-43.319866,-22.7772259993258
RES_0329,3301702,Duque de Caxias,Municipal total,390,135,0,-43.316799,-22.7809209993257
RES_0330,3301702,Duque de Caxias,Municipal total,334,122,0,-43.323893,-22.7786009993258
RES_0331,3301702,Duque de Caxias,Municipal total,1382,532,0,-43.319002,-22.7749399993259
RES_0332,3301702,Duque de Caxias,Municipal total,1264,489,0,-43.32116,-22.7787229993258
RES_0333,3301702,Duque de Caxias,Municipal total,2326,854,0,-43.320575,-22.7776819993258
RES_0334,3301702,Duque de Caxias,Municipal total,357,124,0,-43.317118,-22.7771829993258
RES_0335,3301702,Duque de Caxias,Municipal total,10253,3824,0,-43.312912,-22.7754059993259
RES_0336,3301702,Duque de Caxias,Municipal total,2150,804,0,-43.311135,-22.768879999326
RES_0337,3301702,Duque de Caxias,Municipal total,1077,419,0,-43.308119,-22.7725859993259
RES_0338,3301702,Duque de Caxias,Municipal total,2956,1100,0,-43.307226,-22.7673339993261
RES_0339,3301702,Duque de Caxias,Municipal total,549,200,0,-43.317388,-22.7726769993259
RES_0340,3301702,Duque de Caxias,Municipal total,1255,459,0,-43.327715,-22.7727319993259
RES_0341,3301702,Duque de Caxias,Municipal total,4747,1800,0,-43.327034,-22.7673469993261
RES_0342,3301702,Duque de Caxias,Municipal total,1925,741,0,-43.325924,-22.7626109993262
RES_0343,3301702,Duque de Caxias,Municipal total,8068,3069,0,-43.321059,-22.7677369993261
RES_0344,3301702,Duque de Caxias,Municipal total,6190,2350,0,-43.320658,-22.7611219993262
RES_0345,3301702,Duque de Caxias,Municipal total,253,101,0,-43.317677,-22.7567589993263
RES_0346,3301702,Duque de Caxias,Municipal total,2826,1086,0,-43.312584,-22.7655839993261
RES_0347,3301702,Duque de Caxias,Municipal total,5119,1968,0,-43.314071,-22.7609109993262
RES_0348,3301702,Duque de Caxias,Municipal total,1916,734,0,-43.314299,-22.7553769993263
RES_0349,3301702,Duque de Caxias,Municipal total,28,11,0,-43.328525,-22.7561869993263
RES_0350,3301702,Duque de Caxias,Municipal total,899,331,0,-43.318608,-22.771789999326
RES_0351,3301702,Duque de Caxias,Municipal total,923,339,0,-43.324669,-22.7738369993259
RES_0352,3301702,Duque de Caxias,Municipal total,394,150,0,-43.32739,-22.771223999326
RES_0353,3301702,Duque de Caxias,Municipal total,1625,588,0,-43.310016,-22.7599569993262
RES_0354,3301702,Duque de Caxias,Municipal total,2671,997,0,-43.310906,-22.7546059993264
RES_0355,3301702,Duque de Caxias,Municipal total,4386,1620,0,-43.306457,-22.7602549993262
RES_0356,3301702,Duque de Caxias,Municipal total,6666,2443,0,-43.305206,-22.7539749993264
RES_0357,3301702,Duque de Caxias,Municipal total,924,368,0,-43.30322,-22.7490149993265
RES_0358,3301702,Duque de Caxias,Municipal total,1765,664,0,-43.29632,-22.7585789993263
RES_0359,3301702,Duque de Caxias,Municipal total,6471,2394,0,-43.297831,-22.7524859993264
RES_0360,3301702,Duque de Caxias,Municipal total,1904,736,0,-43.298304,-22.7495589993265
RES_0361,3301702,Duque de Caxias,Municipal total,201,73,0,-43.28561,-22.7647089993261
RES_0362,3301702,Duque de Caxias,Municipal total,2824,1072,0,-43.291136,-22.7541169993264
RES_0363,3301702,Duque de Caxias,Municipal total,501,193,0,-43.293411,-22.7482409993265
RES_0364,3301702,Duque de Caxias,Municipal total,749,293,0,-43.282478,-22.7649539993261
RES_0365,3301702,Duque de Caxias,Municipal total,4652,1842,0,-43.281134,-22.7604249993262
RES_0366,3301702,Duque de Caxias,Municipal total,1765,699,0,-43.281231,-22.7549579993263
RES_0367,3301702,Duque de Caxias,Municipal total,4266,1666,0,-43.275177,-22.7601859993262
RES_0368,3301702,Duque de Caxias,Municipal total,1670,647,0,-43.27664,-22.7540429993264
RES_0369,3301702,Duque de Caxias,Municipal total,788,299,0,-43.278774,-22.7504699993265
RES_0370,3301702,Duque de Caxias,Municipal total,1292,447,0,-43.275126,-22.7503529993264
RES_0371,3301702,Duque de Caxias,Municipal total,117,37,0,-43.308048,-22.7505999993264
RES_0372,3301702,Duque de Caxias,Municipal total,1256,512,0,-43.278633,-22.7663159993261
RES_0373,3301702,Duque de Caxias,Municipal total,301,110,0,-43.276249,-22.7647329993261
RES_0374,3301702,Duque de Caxias,Municipal total,1329,489,0,-43.290351,-22.7514609993264
RES_0375,3301702,Duque de Caxias,Municipal total,612,231,0,-43.271631,-22.7564169993263
RES_0376,3301702,Duque de Caxias,Municipal total,135,51,0,-43.292188,-22.7551399993263
RES_0377,3301702,Duque de Caxias,Municipal total,337,123,0,-43.281182,-22.7515109993264
RES_0378,3301702,Duque de Caxias,Municipal total,3399,1240,0,-43.304457,-22.7734259993259
RES_0379,3301702,Duque de Caxias,Municipal total,4351,1624,0,-43.303417,-22.768110999326
RES_0380,3301702,Duque de Caxias,Municipal total,1382,513,0,-43.302279,-22.7621389993262
RES_0381,3301702,Duque de Caxias,Municipal total,3997,1467,0,-43.297797,-22.7727399993259
RES_0382,3301702,Duque de Caxias,Municipal total,9551,3571,0,-43.297731,-22.7675269993261
RES_0383,3301702,Duque de Caxias,Municipal total,6327,2356,0,-43.298517,-22.7603309993262
RES_0384,3301702,Duque de Caxias,Municipal total,1260,473,0,-43.299614,-22.7556319993263
RES_0385,3301702,Duque de Caxias,Municipal total,4138,1602,0,-43.292215,-22.7667649993261
RES_0386,3301702,Duque de Caxias,Municipal total,3991,1498,0,-43.291128,-22.7605889993262
RES_0387,3301702,Duque de Caxias,Municipal total,467,180,0,-43.300312,-22.7642199993261
RES_0388,3301702,Duque de Caxias,Municipal total,2281,828,0,-43.30344,-22.7797399993258
RES_0389,3301702,Duque de Caxias,Municipal total,3004,1111,0,-43.30397,-22.7768329993258
RES_0390,3301702,Duque de Caxias,Municipal total,5572,2061,0,-43.296066,-22.7809509993257
RES_0391,3301702,Duque de Caxias,Municipal total,5505,1995,0,-43.297033,-22.7761109993259
RES_0392,3301702,Duque de Caxias,Municipal total,1095,386,0,-43.292329,-22.7796719993258
RES_0393,3301702,Duque de Caxias,Municipal total,5662,2121,0,-43.29008,-22.7747119993259
RES_0394,3301702,Duque de Caxias,Municipal total,1694,621,0,-43.289428,-22.770069999326
RES_0395,3301702,Duque de Caxias,Municipal total,1305,578,0,-43.283566,-22.7883629993256
RES_0396,3301702,Duque de Caxias,Municipal total,1021,392,0,-43.325882,-22.7518469993264
RES_0397,3301702,Duque de Caxias,Municipal total,4281,1620,0,-43.32615,-22.7473939993265
RES_0398,3301702,Duque de Caxias,Municipal total,1310,499,0,-43.326586,-22.7384209993267
RES_0399,3301702,Duque de Caxias,Municipal total,472,186,0,-43.326979,-22.7344429993268
RES_0400,3301702,Duque de Caxias,Municipal total,1412,523,0,-43.322574,-22.7516619993264
RES_0401,3301702,Duque de Caxias,Municipal total,8267,3164,0,-43.322498,-22.7472169993265
RES_0402,3301702,Duque de Caxias,Municipal total,4747,1822,0,-43.321041,-22.7398349993267
RES_0403,3301702,Duque de Caxias,Municipal total,333,129,0,-43.324618,-22.7343419993268
RES_0404,3301702,Duque de Caxias,Municipal total,2282,844,0,-43.3161,-22.7438319993266
RES_0405,3301702,Duque de Caxias,Municipal total,638,225,0,-43.316209,-22.7419189993266
RES_0406,3301702,Duque de Caxias,Municipal total,334,121,0,-43.311116,-22.7500699993265
RES_0407,3301702,Duque de Caxias,Municipal total,1928,704,0,-43.312616,-22.7471829993265
RES_0408,3301702,Duque de Caxias,Municipal total,827,328,0,-43.308969,-22.7482679993265
RES_0409,3301702,Duque de Caxias,Municipal total,544,222,0,-43.321226,-22.7458939993265
RES_0410,3301702,Duque de Caxias,Municipal total,883,321,0,-43.325368,-22.7428379993266
RES_0411,3301702,Duque de Caxias,Municipal total,1200,491,0,-43.326164,-22.7415509993267
RES_0412,3301702,Duque de Caxias,Municipal total,1688,618,0,-43.312569,-22.7447489993266
RES_0413,3301702,Duque de Caxias,Municipal total,1376,513,0,-43.326438,-22.7300139993269
RES_0414,3301702,Duque de Caxias,Municipal total,795,322,0,-43.325298,-22.7242349993271
RES_0415,3301702,Duque de Caxias,Municipal total,926,346,0,-43.318819,-22.7361359993268
RES_0416,3301702,Duque de Caxias,Municipal total,4542,1706,0,-43.321372,-22.7318959993269
RES_0417,3301702,Duque de Caxias,Municipal total,6227,2319,0,-43.321514,-22.724859999327
RES_0418,3301702,Duque de Caxias,Municipal total,986,367,0,-43.310743,-22.7435139993266
RES_0419,3301702,Duque de Caxias,Municipal total,4663,1741,0,-43.313308,-22.7389029993267
RES_0420,3301702,Duque de Caxias,Municipal total,2780,1040,0,-43.314526,-22.7325909993268
RES_0421,3301702,Duque de Caxias,Municipal total,1149,418,0,-43.315965,-22.726151999327
RES_0422,3301702,Duque de Caxias,Municipal total,472,170,0,-43.308561,-22.7445539993266
RES_0423,3301702,Duque de Caxias,Municipal total,1559,590,0,-43.307947,-22.7411849993267
RES_0424,3301702,Duque de Caxias,Municipal total,88,33,0,-43.282942,-22.6443309993289
RES_0425,3301702,Duque de Caxias,Municipal total,757,294,0,-43.315507,-22.7310909993269
RES_0426,3301702,Duque de Caxias,Municipal total,1393,548,0,-43.313264,-22.7307899993269
RES_0427,3301702,Duque de Caxias,Municipal total,85,35,0,-43.325172,-22.7218769993271
RES_0428,3301702,Duque de Caxias,Municipal total,1107,419,0,-43.323623,-22.7215199993271
RES_0429,3301702,Duque de Caxias,Municipal total,802,326,0,-43.324107,-22.7200169993271
RES_0430,3301702,Duque de Caxias,Municipal total,271,99,0,-43.3164,-22.7398629993267
RES_0431,3301702,Duque de Caxias,Municipal total,222,82,0,-43.317997,-22.7213309993271
RES_0432,3301702,Duque de Caxias,Municipal total,4317,1602,0,-43.320045,-22.7177289993272
RES_0433,3301702,Duque de Caxias,Municipal total,725,268,0,-43.31888,-22.7133459993273
RES_0434,3301702,Duque de Caxias,Municipal total,4385,1676,0,-43.312877,-22.7232669993271
RES_0435,3301702,Duque de Caxias,Municipal total,6029,2333,0,-43.312849,-22.7190319993272
RES_0436,3301702,Duque de Caxias,Municipal total,280,100,0,-43.307834,-22.7396729993267
RES_0437,3301702,Duque de Caxias,Municipal total,5252,2016,0,-43.304421,-22.7312949993269
RES_0438,3301702,Duque de Caxias,Municipal total,1844,694,0,-43.304973,-22.724664999327
RES_0439,3301702,Duque de Caxias,Municipal total,845,327,0,-43.30867,-22.7207429993271
RES_0440,3301702,Duque de Caxias,Municipal total,359,135,0,-43.299435,-22.7283939993269
RES_0441,3301702,Duque de Caxias,Municipal total,940,360,0,-43.299019,-22.726953999327
RES_0442,3301702,Duque de Caxias,Municipal total,551,200,0,-43.306963,-22.7453329993266
RES_0443,3301702,Duque de Caxias,Municipal total,254,89,0,-43.300532,-22.7330299993268
RES_0444,3301702,Duque de Caxias,Municipal total,1427,570,0,-43.304983,-22.7224969993271
RES_0445,3301702,Duque de Caxias,Municipal total,174,64,0,-43.300854,-22.726417999327
RES_0446,3301702,Duque de Caxias,Municipal total,6142,2310,0,-43.312925,-22.7103199993274
RES_0447,3301702,Duque de Caxias,Municipal total,982,406,0,-43.308383,-22.7135359993273
RES_0448,3301702,Duque de Caxias,Municipal total,7297,2820,0,-43.305838,-22.7097799993274
RES_0449,3301702,Duque de Caxias,Municipal total,2528,975,0,-43.304224,-22.7049319993275
RES_0450,3301702,Duque de Caxias,Municipal total,1054,408,0,-43.301119,-22.7141179993273
RES_0451,3301702,Duque de Caxias,Municipal total,4313,1636,0,-43.298583,-22.7087199993274
RES_0452,3301702,Duque de Caxias,Municipal total,3070,1205,0,-43.299504,-22.7009739993276
RES_0453,3301702,Duque de Caxias,Municipal total,626,225,0,-43.291764,-22.7069239993275
RES_0454,3301702,Duque de Caxias,Municipal total,1461,544,0,-43.293676,-22.7012339993276
RES_0455,3301702,Duque de Caxias,Municipal total,875,325,0,-43.292332,-22.6977779993277
RES_0456,3301702,Duque de Caxias,Municipal total,1338,528,0,-43.299845,-22.7037139993275
RES_0457,3301702,Duque de Caxias,Municipal total,349,135,0,-43.290484,-22.6997779993276
RES_0458,3301702,Duque de Caxias,Municipal total,414,158,0,-43.27980799687499,-22.70913965
RES_0459,3301702,Duque de Caxias,Municipal total,571,222,0,-43.279056,-22.7046339993275
RES_0460,3301702,Duque de Caxias,Municipal total,805,316,0,-43.283119,-22.6967279993277
RES_0461,3301702,Duque de Caxias,Municipal total,1395,532,0,-43.27318,-22.7080059993274
RES_0462,3301702,Duque de Caxias,Municipal total,1940,748,0,-43.277128,-22.7014859993276
RES_0463,3301702,Duque de Caxias,Municipal total,1284,495,0,-43.272247,-22.6983819993277
RES_0464,3301702,Duque de Caxias,Municipal total,339,122,0,-43.267113,-22.7095559993274
RES_0465,3301702,Duque de Caxias,Municipal total,3328,1277,0,-43.26839,-22.7011699993276
RES_0466,3301702,Duque de Caxias,Municipal total,1125,409,0,-43.261409,-22.7073609993274
RES_0467,3301702,Duque de Caxias,Municipal total,217,77,0,-43.231868,-22.7046399993275
RES_0468,3301702,Duque de Caxias,Municipal total,315,118,0,-43.224451,-22.7067329993274
RES_0469,3301702,Duque de Caxias,Municipal total,119,49,0,-43.229774,-22.7054409993275
RES_0470,3301702,Duque de Caxias,Municipal total,374,135,0,-43.2744,-22.7073329993275
RES_0471,3301702,Duque de Caxias,Municipal total,613,226,0,-43.274988,-22.7008439993276
RES_0472,3301702,Duque de Caxias,Municipal total,3508,1341,0,-43.273601,-22.7035329993275
RES_0473,3301702,Duque de Caxias,Municipal total,147,56,0,-43.28240770621194,-22.706223899999998
RES_0474,3301702,Duque de Caxias,Municipal total,503,199,0,-43.325184,-22.6779679993281
RES_0475,3301702,Duque de Caxias,Municipal total,181,73,0,-43.324796,-22.6744329993282
RES_0476,3301702,Duque de Caxias,Municipal total,478,176,0,-43.319067,-22.6573229993286
RES_0477,3301702,Duque de Caxias,Municipal total,163,60,0,-43.313496,-22.7050389993275
RES_0478,3301702,Duque de Caxias,Municipal total,739,283,0,-43.305991,-22.7014569993276
RES_0479,3301702,Duque de Caxias,Municipal total,338,127,0,-43.30514,-22.6945389993277
RES_0480,3301702,Duque de Caxias,Municipal total,38,14,0,-43.307423,-22.6799229993281
RES_0481,3301702,Duque de Caxias,Municipal total,1574,626,0,-43.304264,-22.6804039993281
RES_0482,3301702,Duque de Caxias,Municipal total,1291,491,0,-43.305508,-22.6733529993282
RES_0483,3301702,Duque de Caxias,Municipal total,2050,745,0,-43.296427,-22.6953279993277
RES_0484,3301702,Duque de Caxias,Municipal total,2095,769,0,-43.298852,-22.6877159993279
RES_0485,3301702,Duque de Caxias,Municipal total,1140,453,0,-43.299479,-22.6785159993281
RES_0486,3301702,Duque de Caxias,Municipal total,1413,556,0,-43.30035,-22.6730009993282
RES_0487,3301702,Duque de Caxias,Municipal total,263,105,0,-43.295484,-22.6691559993283
RES_0488,3301702,Duque de Caxias,Municipal total,1114,422,0,-43.290337,-22.685807999328
RES_0489,3301702,Duque de Caxias,Municipal total,2650,1001,0,-43.290568,-22.681433999328
RES_0490,3301702,Duque de Caxias,Municipal total,2032,790,0,-43.291334,-22.6760239993282
RES_0491,3301702,Duque de Caxias,Municipal total,377,144,0,-43.287337,-22.6699199993283
RES_0492,3301702,Duque de Caxias,Municipal total,242,93,0,-43.293063,-22.683868999328
RES_0493,3301702,Duque de Caxias,Municipal total,270,104,0,-43.292646,-22.6763079993282
RES_0494,3301702,Duque de Caxias,Municipal total,1525,594,0,-43.280833,-22.6873189993279
RES_0495,3301702,Duque de Caxias,Municipal total,2075,833,0,-43.281709,-22.6801939993281
RES_0496,3301702,Duque de Caxias,Municipal total,1235,494,0,-43.280815,-22.6763889993282
RES_0497,3301702,Duque de Caxias,Municipal total,1150,435,0,-43.276637,-22.6954549993277
RES_0498,3301702,Duque de Caxias,Municipal total,523,205,0,-43.273486,-22.6887729993279
RES_0499,3301702,Duque de Caxias,Municipal total,3595,1395,0,-43.275871,-22.6802799993281
RES_0500,3301702,Duque de Caxias,Municipal total,4299,1667,0,-43.275733,-22.6742129993282
RES_0501,3301702,Duque de Caxias,Municipal total,707,308,0,-43.265559,-22.6959589993277
RES_0502,3301702,Duque de Caxias,Municipal total,2452,960,0,-43.266712,-22.6877489993279
RES_0503,3301702,Duque de Caxias,Municipal total,1018,419,0,-43.260957,-22.6989299993276
RES_0504,3301702,Duque de Caxias,Municipal total,5435,2154,0,-43.259304,-22.6945859993277
RES_0505,3301702,Duque de Caxias,Municipal total,5104,1899,0,-43.258917,-22.6872409993279
RES_0506,3301702,Duque de Caxias,Municipal total,2869,1097,0,-43.252659,-22.7000229993276
RES_0507,3301702,Duque de Caxias,Municipal total,3724,1423,0,-43.251822,-22.6946139993277
RES_0508,3301702,Duque de Caxias,Municipal total,4221,1616,0,-43.252919,-22.6883549993279
RES_0509,3301702,Duque de Caxias,Municipal total,338,118,0,-43.245938,-22.7002369993276
RES_0510,3301702,Duque de Caxias,Municipal total,153,56,0,-43.240408,-22.6998789993276
RES_0511,3301702,Duque de Caxias,Municipal total,3323,1301,0,-43.242343,-22.6936839993277
RES_0512,3301702,Duque de Caxias,Municipal total,240,83,0,-43.242086,-22.6893979993278
RES_0513,3301702,Duque de Caxias,Municipal total,1182,444,0,-43.233914,-22.7000169993276
RES_0514,3301702,Duque de Caxias,Municipal total,5419,2082,0,-43.238094,-22.6950179993277
RES_0515,3301702,Duque de Caxias,Municipal total,948,353,0,-43.238713,-22.6881189993279
RES_0516,3301702,Duque de Caxias,Municipal total,777,298,0,-43.231045,-22.7015139993276
RES_0517,3301702,Duque de Caxias,Municipal total,2794,1073,0,-43.266973,-22.6802259993281
RES_0518,3301702,Duque de Caxias,Municipal total,3707,1473,0,-43.266812,-22.6732359993282
RES_0519,3301702,Duque de Caxias,Municipal total,5372,2055,0,-43.259046,-22.6801939993281
RES_0520,3301702,Duque de Caxias,Municipal total,4412,1685,0,-43.259846,-22.6743989993282
RES_0521,3301702,Duque de Caxias,Municipal total,2644,977,0,-43.260702,-22.6683579993284
RES_0522,3301702,Duque de Caxias,Municipal total,1188,437,0,-43.250204,-22.685451999328
RES_0523,3301702,Duque de Caxias,Municipal total,4035,1564,0,-43.251446,-22.6803999993281
RES_0524,3301702,Duque de Caxias,Municipal total,4338,1641,0,-43.251769,-22.6741189993282
RES_0525,3301702,Duque de Caxias,Municipal total,2968,1138,0,-43.253003,-22.6669799993284
RES_0526,3301702,Duque de Caxias,Municipal total,2554,948,0,-43.244322,-22.6866889993279
RES_0527,3301702,Duque de Caxias,Municipal total,5667,2124,0,-43.244031,-22.6806729993281
RES_0528,3301702,Duque de Caxias,Municipal total,2019,759,0,-43.245441,-22.6724799993283
RES_0529,3301702,Duque de Caxias,Municipal total,701,259,0,-43.247995,-22.6692849993283
RES_0530,3301702,Duque de Caxias,Municipal total,438,168,0,-43.238661,-22.684108999328
RES_0531,3301702,Duque de Caxias,Municipal total,1320,483,0,-43.23986,-22.6805639993281
RES_0532,3301702,Duque de Caxias,Municipal total,403,155,0,-43.244527,-22.6738269993282
RES_0533,3301702,Duque de Caxias,Municipal total,131,51,0,-43.318385,-22.6491789993288
RES_0534,3301702,Duque de Caxias,Municipal total,325,118,0,-43.31266,-22.6591609993286
RES_0535,3301702,Duque de Caxias,Municipal total,1176,417,0,-43.314992,-22.6534869993287
RES_0536,3301702,Duque de Caxias,Municipal total,312,118,0,-43.310827,-22.6333699993291
RES_0537,3301702,Duque de Caxias,Municipal total,1531,585,0,-43.306938,-22.6635699993284
RES_0538,3301702,Duque de Caxias,Municipal total,419,155,0,-43.309285,-22.6592029993286
RES_0539,3301702,Duque de Caxias,Municipal total,761,282,0,-43.307149,-22.6555249993287
RES_0540,3301702,Duque de Caxias,Municipal total,1411,557,0,-43.297195,-22.6649689993284
RES_0541,3301702,Duque de Caxias,Municipal total,788,284,0,-43.297327,-22.6562189993286
RES_0542,3301702,Duque de Caxias,Municipal total,2045,768,0,-43.28988,-22.6656999993284
RES_0543,3301702,Duque de Caxias,Municipal total,2742,1049,0,-43.290438,-22.6587549993286
RES_0544,3301702,Duque de Caxias,Municipal total,80,29,0,-43.291886,-22.6552659993287
RES_0545,3301702,Duque de Caxias,Municipal total,563,223,0,-43.286705,-22.6662259993284
RES_0546,3301702,Duque de Caxias,Municipal total,645,252,0,-43.286052,-22.6584479993286
RES_0547,3301702,Duque de Caxias,Municipal total,74,31,0,-43.29223,-22.6653369993284
RES_0548,3301702,Duque de Caxias,Municipal total,580,209,0,-43.28685,-22.6626589993285
RES_0549,3301702,Duque de Caxias,Municipal total,412,164,0,-43.283724,-22.6702859993283
RES_0550,3301702,Duque de Caxias,Municipal total,2163,844,0,-43.281661,-22.6675479993284
RES_0551,3301702,Duque de Caxias,Municipal total,1448,575,0,-43.280523,-22.6595389993285
RES_0552,3301702,Duque de Caxias,Municipal total,616,240,0,-43.279433,-22.6525499993287
RES_0553,3301702,Duque de Caxias,Municipal total,2931,1136,0,-43.275936,-22.6665979993284
RES_0554,3301702,Duque de Caxias,Municipal total,3095,1188,0,-43.276487,-22.6591539993285
RES_0555,3301702,Duque de Caxias,Municipal total,423,155,0,-43.27710706262136,-22.655238999999995
RES_0556,3301702,Duque de Caxias,Municipal total,1912,715,0,-43.26892,-22.6649489993284
RES_0557,3301702,Duque de Caxias,Municipal total,584,218,0,-43.265971,-22.6615719993285
RES_0558,3301702,Duque de Caxias,Municipal total,768,322,0,-43.27094,-22.6535789993287
RES_0559,3301702,Duque de Caxias,Municipal total,712,258,0,-43.304653,-22.6440539993289
RES_0560,3301702,Duque de Caxias,Municipal total,1019,383,0,-43.306666,-22.6370309993291
RES_0561,3301702,Duque de Caxias,Municipal total,1237,445,0,-43.299281,-22.6488529993288
RES_0562,3301702,Duque de Caxias,Municipal total,2186,812,0,-43.299036,-22.6444379993289
RES_0563,3301702,Duque de Caxias,Municipal total,384,145,0,-43.293965,-22.6495959993288
RES_0564,3301702,Duque de Caxias,Municipal total,2729,1014,0,-43.292223,-22.6443449993289
RES_0565,3301702,Duque de Caxias,Municipal total,714,269,0,-43.297113,-22.641109999329
RES_0566,3301702,Duque de Caxias,Municipal total,1730,629,0,-43.289472,-22.6505949993288
RES_0567,3301702,Duque de Caxias,Municipal total,525,209,0,-43.287775,-22.6467139993289
RES_0568,3301702,Duque de Caxias,Municipal total,477,189,0,-43.288748,-22.639586999329
RES_0569,3301702,Duque de Caxias,Municipal total,1461,566,0,-43.286201,-22.6508999993287
RES_0570,3301702,Duque de Caxias,Municipal total,3650,1376,0,-43.284329,-22.6441119993289
RES_0571,3301702,Duque de Caxias,Municipal total,2052,784,0,-43.282133,-22.6378409993291
RES_0572,3301702,Duque de Caxias,Municipal total,1831,719,0,-43.276307,-22.6488799993288
RES_0573,3301702,Duque de Caxias,Municipal total,4151,1616,0,-43.27538,-22.6444439993289
RES_0574,3301702,Duque de Caxias,Municipal total,1909,756,0,-43.275016,-22.639642999329
RES_0575,3301702,Duque de Caxias,Municipal total,1298,484,0,-43.26551,-22.6481949993288
RES_0576,3301702,Duque de Caxias,Municipal total,3602,1363,0,-43.269017,-22.6441169993289
RES_0577,3301702,Duque de Caxias,Municipal total,1591,624,0,-43.269929,-22.638409999329
RES_0578,3301702,Duque de Caxias,Municipal total,176,69,0,-43.273711,-22.6477779993288
RES_0579,3301702,Duque de Caxias,Municipal total,426,182,0,-43.279033,-22.639449999329
RES_0580,3301702,Duque de Caxias,Municipal total,501,184,0,-43.281089,-22.6451629993289
RES_0581,3301702,Duque de Caxias,Municipal total,360,138,0,-43.285311,-22.642144999329
RES_0582,3301702,Duque de Caxias,Municipal total,2112,797,0,-43.227389,-22.6514389993287
RES_0583,3301702,Duque de Caxias,Municipal total,3532,1360,0,-43.228539,-22.6440109993289
RES_0584,3301702,Duque de Caxias,Municipal total,3403,1331,0,-43.229449,-22.637027999329
RES_0585,3301702,Duque de Caxias,Municipal total,817,308,0,-43.226175,-22.6307339993292
RES_0586,3301702,Duque de Caxias,Municipal total,961,371,0,-43.221032,-22.6492519993288
RES_0587,3301702,Duque de Caxias,Municipal total,3727,1397,0,-43.221061,-22.6433409993289
RES_0588,3301702,Duque de Caxias,Municipal total,4232,1584,0,-43.221264,-22.6367089993291
RES_0589,3301702,Duque de Caxias,Municipal total,3781,1453,0,-43.220364,-22.6290749993293
RES_0590,3301702,Duque de Caxias,Municipal total,646,242,0,-43.218516,-22.6248039993294
RES_0591,3301702,Duque de Caxias,Municipal total,2599,987,0,-43.215039,-22.6432409993289
RES_0592,3301702,Duque de Caxias,Municipal total,2137,804,0,-43.215748,-22.638038999329
RES_0593,3301702,Duque de Caxias,Municipal total,1176,433,0,-43.216813,-22.6283079993293
RES_0594,3301702,Duque de Caxias,Municipal total,650,235,0,-43.21673,-22.6486159993288
RES_0595,3301702,Duque de Caxias,Municipal total,2851,1061,0,-43.229946,-22.6572389993286
RES_0596,3301702,Duque de Caxias,Municipal total,17,7,0,-43.245865,-22.6585779993286
RES_0597,3301702,Duque de Caxias,Municipal total,1090,392,0,-43.242235,-22.6512939993287
RES_0598,3301702,Duque de Caxias,Municipal total,2011,757,0,-43.243017,-22.6461829993289
RES_0599,3301702,Duque de Caxias,Municipal total,1177,452,0,-43.235091,-22.6578899993286
RES_0600,3301702,Duque de Caxias,Municipal total,2598,981,0,-43.235884,-22.6504419993288
RES_0601,3301702,Duque de Caxias,Municipal total,3953,1503,0,-43.235938,-22.6443839993289
RES_0602,3301702,Duque de Caxias,Municipal total,851,322,0,-43.234498,-22.639349999329
RES_0603,3301702,Duque de Caxias,Municipal total,589,229,0,-43.232776,-22.6427379993289
RES_0604,3301702,Duque de Caxias,Municipal total,368,146,0,-43.265105,-22.6426859993289
RES_0605,3301702,Duque de Caxias,Municipal total,1325,515,0,-43.266105,-22.6376099993291
RES_0606,3301702,Duque de Caxias,Municipal total,707,303,0,-43.26469,-22.6329129993292
RES_0607,3301702,Duque de Caxias,Municipal total,1616,639,0,-43.259645,-22.6507339993288
RES_0608,3301702,Duque de Caxias,Municipal total,4922,1894,0,-43.259929,-22.6443159993289
RES_0609,3301702,Duque de Caxias,Municipal total,2407,927,0,-43.260692,-22.6362369993291
RES_0610,3301702,Duque de Caxias,Municipal total,705,273,0,-43.260678,-22.6307499993292
RES_0611,3301702,Duque de Caxias,Municipal total,3957,1480,0,-43.252916,-22.6515379993287
RES_0612,3301702,Duque de Caxias,Municipal total,4850,1773,0,-43.252677,-22.6447299993289
RES_0613,3301702,Duque de Caxias,Municipal total,2990,1113,0,-43.253687,-22.638521999329
RES_0614,3301702,Duque de Caxias,Municipal total,1454,573,0,-43.254704,-22.6325649993292
RES_0615,3301702,Duque de Caxias,Municipal total,731,261,0,-43.247431,-22.6497909993288
RES_0616,3301702,Duque de Caxias,Municipal total,714,264,0,-43.259372,-22.638409999329
RES_0617,3301702,Duque de Caxias,Municipal total,464,187,0,-43.252101,-22.6503209993288
RES_0618,3301702,Duque de Caxias,Municipal total,2242,825,0,-43.24922,-22.6427619993289
RES_0619,3301702,Duque de Caxias,Municipal total,1710,652,0,-43.248871,-22.637647999329
RES_0620,3301702,Duque de Caxias,Municipal total,1210,464,0,-43.250983,-22.6306979993292
RES_0621,3301702,Duque de Caxias,Municipal total,3996,1493,0,-43.24582,-22.6433769993289
RES_0622,3301702,Duque de Caxias,Municipal total,2678,1014,0,-43.244587,-22.6379019993291
RES_0623,3301702,Duque de Caxias,Municipal total,2161,775,0,-43.24374,-22.6303839993292
RES_0624,3301702,Duque de Caxias,Municipal total,197,79,0,-43.246931,-22.6265559993293
RES_0625,3301702,Duque de Caxias,Municipal total,2198,860,0,-43.23637,-22.6354989993291
RES_0626,3301702,Duque de Caxias,Municipal total,2482,960,0,-43.237507,-22.6317499993292
RES_0627,3301702,Duque de Caxias,Municipal total,511,189,0,-43.248459,-22.6295719993293
RES_0628,3301702,Duque de Caxias,Municipal total,121,42,0,-43.251237,-22.6373639993291
RES_0629,3301702,Duque de Caxias,Municipal total,1056,396,0,-43.211626,-22.6360799993291
RES_0630,3301702,Duque de Caxias,Municipal total,4125,1524,0,-43.213086,-22.6296339993292
RES_0631,3301702,Duque de Caxias,Municipal total,2980,1132,0,-43.213921,-22.6229759993294
RES_0632,3301702,Duque de Caxias,Municipal total,154,60,0,-43.210976,-22.6184829993295
RES_0633,3301702,Duque de Caxias,Municipal total,2043,732,0,-43.208528,-22.6367969993291
RES_0634,3301702,Duque de Caxias,Municipal total,2043,762,0,-43.208459,-22.6309219993292
RES_0635,3301702,Duque de Caxias,Municipal total,1355,522,0,-43.209011,-22.6239659993294
RES_0636,3301702,Duque de Caxias,Municipal total,1142,427,0,-43.205572,-22.6277859993293
RES_0637,3301702,Duque de Caxias,Municipal total,668,226,0,-43.206277,-22.6339149993291
RES_0638,3301702,Duque de Caxias,Municipal total,883,332,0,-43.206159,-22.6314069993292
RES_0639,3301702,Duque de Caxias,Municipal total,1472,558,0,-43.210836,-22.6127229993296
RES_0640,3301702,Duque de Caxias,Municipal total,2199,797,0,-43.202652,-22.6287819993293
RES_0641,3301702,Duque de Caxias,Municipal total,3679,1414,0,-43.205354,-22.6214519993294
RES_0642,3301702,Duque de Caxias,Municipal total,2199,850,0,-43.208005,-22.6152139993296
RES_0643,3301702,Duque de Caxias,Municipal total,89,33,0,-43.205236060225445,-22.608554799999997
RES_0644,3301702,Duque de Caxias,Municipal total,1671,601,0,-43.198213,-22.6274129993293
RES_0645,3301702,Duque de Caxias,Municipal total,3665,1364,0,-43.198616,-22.6228609993294
RES_0646,3301702,Duque de Caxias,Municipal total,898,349,0,-43.200496,-22.6178439993295
RES_0647,3301702,Duque de Caxias,Municipal total,387,151,0,-43.200594,-22.6127559993296
RES_0648,3301702,Duque de Caxias,Municipal total,1510,576,0,-43.23551,-22.6270629993293
RES_0649,3301702,Duque de Caxias,Municipal total,2539,965,0,-43.236663,-22.6209549993295
RES_0650,3301702,Duque de Caxias,Municipal total,2272,872,0,-43.235826,-22.6150679993296
RES_0651,3301702,Duque de Caxias,Municipal total,1299,515,0,-43.236158,-22.6093089993297
RES_0652,3301702,Duque de Caxias,Municipal total,1183,453,0,-43.230328,-22.6252729993293
RES_0653,3301702,Duque de Caxias,Municipal total,1908,736,0,-43.231868,-22.6148559993296
RES_0654,3301702,Duque de Caxias,Municipal total,765,286,0,-43.230306,-22.6205229993294
RES_0655,3301702,Duque de Caxias,Municipal total,182,65,0,-43.231102,-22.6097289993297
RES_0656,3301702,Duque de Caxias,Municipal total,2110,814,0,-43.281831,-22.6287559993293
RES_0657,3301702,Duque de Caxias,Municipal total,1950,717,0,-43.283518,-22.6226049993294
RES_0658,3301702,Duque de Caxias,Municipal total,1593,619,0,-43.284007,-22.6157269993296
RES_0659,3301702,Duque de Caxias,Municipal total,1252,491,0,-43.282144,-22.6095299993297
RES_0660,3301702,Duque de Caxias,Municipal total,453,177,0,-43.27828,-22.6281249993293
RES_0661,3301702,Duque de Caxias,Municipal total,700,278,0,-43.276877,-22.6253029993293
RES_0662,3301702,Duque de Caxias,Municipal total,1481,582,0,-43.276447,-22.6062639993298
RES_0663,3301702,Duque de Caxias,Municipal total,319,121,0,-43.268846,-22.6028839993299
RES_0664,3301702,Duque de Caxias,Municipal total,98,38,0,-43.266088,-22.6039319993299
RES_0665,3301702,Duque de Caxias,Municipal total,352,127,0,-43.28232645,-22.604806999999997
RES_0666,3301702,Duque de Caxias,Municipal total,750,259,0,-43.279236,-22.6061859993298
RES_0667,3301702,Duque de Caxias,Municipal total,819,303,0,-43.275005,-22.6037179993298
RES_0668,3301702,Duque de Caxias,Municipal total,48,21,0,-43.26963779396483,-22.5931352
RES_0669,3301702,Duque de Caxias,Municipal total,185,75,0,-43.266762,-22.5859429993303
RES_0670,3301702,Duque de Caxias,Municipal total,260,89,0,-43.25749,-22.5759029993305
RES_0671,3301702,Duque de Caxias,Municipal total,804,304,0,-43.35982395,-22.67848455
RES_0672,3301702,Duque de Caxias,Municipal total,1106,415,0,-43.358903,-22.6743189993282
RES_0673,3301702,Duque de Caxias,Municipal total,1354,511,0,-43.351485,-22.6884079993279
RES_0674,3301702,Duque de Caxias,Municipal total,1972,741,0,-43.353326,-22.682778999328
RES_0675,3301702,Duque de Caxias,Municipal total,1861,710,0,-43.356723,-22.6744909993282
RES_0676,3301702,Duque de Caxias,Municipal total,479,189,0,-43.355648,-22.6690359993283
RES_0677,3301702,Duque de Caxias,Municipal total,524,190,0,-43.348473,-22.6881959993279
RES_0678,3301702,Duque de Caxias,Municipal total,146,55,0,-43.342059,-22.6518759993287
RES_0679,3301702,Duque de Caxias,Municipal total,748,276,0,-43.333944,-22.6456009993289
RES_0680,3301702,Duque de Caxias,Municipal total,784,279,0,-43.331733,-22.6453509993289
RES_0681,3301702,Duque de Caxias,Municipal total,56,23,0,-43.336182,-22.6224149993294
RES_0682,3301702,Duque de Caxias,Municipal total,12,5,0,-43.329797,-22.6312019993292
RES_0683,3301702,Duque de Caxias,Municipal total,91,33,0,-43.332174,-22.6186029993295
RES_0684,3301702,Duque de Caxias,Municipal total,128,48,0,-43.320872,-22.6095919993297
RES_0685,3301702,Duque de Caxias,Municipal total,553,202,0,-43.311095,-22.6195109993295
RES_0686,3301702,Duque de Caxias,Municipal total,238,85,0,-43.31868,-22.6001739993299
RES_0687,3301702,Duque de Caxias,Municipal total,410,193,0,-43.313093,-22.59490799933
RES_0688,3301702,Duque de Caxias,Municipal total,1893,741,0,-43.308767,-22.6056779993298
RES_0689,3301702,Duque de Caxias,Municipal total,2117,827,0,-43.306614,-22.6008889993299
RES_0690,3301702,Duque de Caxias,Municipal total,788,301,0,-43.306643,-22.5907809993301
RES_0691,3301702,Duque de Caxias,Municipal total,406,148,0,-43.305291,-22.5895789993302
RES_0692,3301702,Duque de Caxias,Municipal total,462,169,0,-43.303411,-22.6275079993293
RES_0693,3301702,Duque de Caxias,Municipal total,220,93,0,-43.308841,-22.6133759993296
RES_0694,3301702,Duque de Caxias,Municipal total,2402,872,0,-43.300125,-22.6019839993299
RES_0695,3301702,Duque de Caxias,Municipal total,195,81,0,-43.301749,-22.5991519993299
RES_0696,3301702,Duque de Caxias,Municipal total,605,214,0,-43.30345,-22.5869429993302
RES_0697,3301702,Duque de Caxias,Municipal total,273,89,0,-43.2994347,-22.58324585
RES_0698,3301702,Duque de Caxias,Municipal total,660,238,0,-43.292052,-22.59905199933
RES_0699,3301702,Duque de Caxias,Municipal total,796,308,0,-43.293107,-22.59755099933
RES_0700,3301702,Duque de Caxias,Municipal total,439,186,0,-43.28265231596592,-22.60317525
RES_0701,3301702,Duque de Caxias,Municipal total,294,100,0,-43.279664,-22.5833719993303
RES_0702,3301702,Duque de Caxias,Municipal total,591,223,0,-43.287898426508434,-22.581043649999998
RES_0703,3301702,Duque de Caxias,Municipal total,185,70,0,-43.28747577158806,-22.572682699999998
RES_0704,3301702,Duque de Caxias,Municipal total,109,51,0,-43.278563342,-22.592376750000003
RES_0705,3301702,Duque de Caxias,Municipal total,127,47,0,-43.332656,-22.5721329993306
RES_0706,3301702,Duque de Caxias,Municipal total,481,187,0,-43.324753,-22.6019539993299
RES_0707,3301702,Duque de Caxias,Municipal total,613,235,0,-43.321318649999995,-22.596845999999996
RES_0708,3301702,Duque de Caxias,Municipal total,349,130,0,-43.325568,-22.5742759993305
RES_0709,3301702,Duque de Caxias,Municipal total,2738,1056,0,-43.31401,-22.5922119993301
RES_0710,3301702,Duque de Caxias,Municipal total,57,23,0,-43.31840692638475,-22.585170249999997
RES_0711,3301702,Duque de Caxias,Municipal total,1329,520,0,-43.31486,-22.5722189993306
RES_0712,3301702,Duque de Caxias,Municipal total,1883,715,0,-43.307079,-22.5863289993302
RES_0713,3301702,Duque de Caxias,Municipal total,3505,1393,0,-43.306094,-22.5802289993304
RES_0714,3301702,Duque de Caxias,Municipal total,1768,653,0,-43.308449,-22.5738469993305
RES_0715,3301702,Duque de Caxias,Municipal total,473,174,0,-43.302935,-22.5839749993303
RES_0716,3301702,Duque de Caxias,Municipal total,2980,1146,0,-43.300433,-22.5800719993304
RES_0717,3301702,Duque de Caxias,Municipal total,6,2,0,-43.301252899999994,-22.574549999999995
RES_0718,3301702,Duque de Caxias,Municipal total,800,307,0,-43.295534,-22.5810109993304
RES_0719,3301702,Duque de Caxias,Municipal total,38,14,0,-43.24394,-22.5706899993306
RES_0720,3301702,Duque de Caxias,Municipal total,33,12,0,-43.24826217421662,-22.615965349999996
RES_0721,3301702,Duque de Caxias,Municipal total,85,33,0,-43.238633,-22.6016999993299
RES_0722,3301702,Duque de Caxias,Municipal total,9,4,0,-43.229024,-22.6100879993297
RES_0723,3301702,Duque de Caxias,Municipal total,394,144,0,-43.415083,-22.59489699933
RES_0724,3301702,Duque de Caxias,Municipal total,119,45,0,-43.410535776869374,-22.608203849999995
RES_0725,3301702,Duque de Caxias,Municipal total,211,81,0,-43.38807,-22.6568689993286
RES_0726,3301702,Duque de Caxias,Municipal total,74,27,0,-43.38923,-22.5938949993301
RES_0727,3301702,Duque de Caxias,Municipal total,283,104,0,-43.3779279230055,-22.598255049999995
RES_0728,3301702,Duque de Caxias,Municipal total,101,41,0,-43.380842,-22.641059999329
RES_0729,3301702,Duque de Caxias,Municipal total,9,4,0,-43.362882,-22.637627999329
RES_0730,3301702,Duque de Caxias,Municipal total,163,58,0,-43.357805,-22.6040819993298
RES_0731,3301702,Duque de Caxias,Municipal total,47,18,0,-43.3536553,-22.6261194
RES_0732,3301702,Duque de Caxias,Municipal total,137,52,0,-43.347353049197736,-22.617647199999993
RES_0733,3301702,Duque de Caxias,Municipal total,127,45,0,-43.34703,-22.59688499933
RES_0734,3301702,Duque de Caxias,Municipal total,63,24,0,-43.356718,-22.5776139993305
RES_0735,3301702,Duque de Caxias,Municipal total,142,51,0,-43.33044611932515,-22.605809700000002
RES_0736,3301702,Duque de Caxias,Municipal total,40,16,0,-43.276195,-22.5756279993305
RES_0737,3301702,Duque de Caxias,Municipal total,297,112,0,-43.27022,-22.5729889993306
RES_0738,3301702,Duque de Caxias,Municipal total,68,25,0,-43.258541,-22.5857379993303
RES_0739,3301801,Engenheiro Paulo de Frontin,Municipal total,124,6,0,-43.673855,-22.5751029993305
RES_0740,3301801,Engenheiro Paulo de Frontin,Municipal total,17,1,0,-43.6759924,-22.57080235
RES_0741,3301801,Engenheiro Paulo de Frontin,Municipal total,26,1,0,-43.665002,-22.5746879993305
RES_0742,3301850,Guapimirim,Municipal total,966,236,0,-43.02563,-22.6701699993283
RES_0743,3301850,Guapimirim,Municipal total,379,95,0,-43.024746,-22.6663439993284
RES_0744,3301850,Guapimirim,Municipal total,681,178,0,-43.019654,-22.6703789993283
RES_0745,3301850,Guapimirim,Municipal total,2402,600,0,-43.019388,-22.6656549993284
RES_0746,3301850,Guapimirim,Municipal total,540,134,0,-43.020329,-22.6571179993286
RES_0747,3301850,Guapimirim,Municipal total,660,163,0,-43.01793,-22.6470209993288
RES_0748,3301850,Guapimirim,Municipal total,540,131,0,-43.0096104442625,-22.659531799999996
RES_0749,3301850,Guapimirim,Municipal total,221,54,0,-43.007692,-22.6501049993288
RES_0750,3301850,Guapimirim,Municipal total,380,92,0,-43.010565,-22.5866909993302
RES_0751,3301850,Guapimirim,Municipal total,1,0,0,-43.01282925,-22.580106049999998
RES_0752,3301850,Guapimirim,Municipal total,541,126,0,-43.001772,-22.6614869993285
RES_0753,3301850,Guapimirim,Municipal total,304,69,0,-42.999955,-22.6541209993287
RES_0754,3301850,Guapimirim,Municipal total,240,61,0,-43.006093,-22.6375179993291
RES_0755,3301850,Guapimirim,Municipal total,273,65,0,-43.001924,-22.6077629993297
RES_0756,3301850,Guapimirim,Municipal total,252,59,0,-43.003016,-22.5928049993301
RES_0757,3301850,Guapimirim,Municipal total,427,104,0,-43.004981,-22.5831869993303
RES_0758,3301850,Guapimirim,Municipal total,510,124,0,-43.007105,-22.5794309993304
RES_0759,3301850,Guapimirim,Municipal total,516,121,0,-42.997104,-22.6607239993285
RES_0760,3301850,Guapimirim,Municipal total,873,207,0,-42.993537,-22.6567179993286
RES_0761,3301850,Guapimirim,Municipal total,423,100,0,-42.995333,-22.6501219993288
RES_0762,3301850,Guapimirim,Municipal total,185,45,0,-42.996061,-22.6433169993289
RES_0763,3301850,Guapimirim,Municipal total,7,2,0,-43.004328,-22.6243639993294
RES_0764,3301850,Guapimirim,Municipal total,233,50,0,-42.993278,-22.5948099993301
RES_0765,3301850,Guapimirim,Municipal total,291,68,0,-42.998175,-22.5714739993306
RES_0766,3301850,Guapimirim,Municipal total,476,112,0,-42.988748,-22.6546939993287
RES_0767,3301850,Guapimirim,Municipal total,318,70,0,-42.987562,-22.6440649993289
RES_0768,3301850,Guapimirim,Municipal total,10,3,0,-42.973185,-22.6769599993281
RES_0769,3301850,Guapimirim,Municipal total,46,12,0,-42.978096,-22.6297689993292
RES_0770,3301850,Guapimirim,Municipal total,360,90,0,-42.974631,-22.6342809993291
RES_0771,3301850,Guapimirim,Municipal total,10,3,0,-42.990923,-22.6066239993298
RES_0772,3301850,Guapimirim,Municipal total,278,66,0,-42.966162,-22.641826999329
RES_0773,3301850,Guapimirim,Municipal total,20,5,0,-42.955313,-22.5765659993305
RES_0774,3301850,Guapimirim,Municipal total,14,3,0,-42.950338,-22.683326999328
RES_0775,3301850,Guapimirim,Municipal total,36,9,0,-42.936746,-22.5895969993302
RES_0776,3301850,Guapimirim,Municipal total,30,8,0,-42.885128,-22.5747849993305
RES_0777,3301900,Itaboraí,Municipal total,981,386,0,-42.867439,-22.7614269993262
RES_0778,3301900,Itaboraí,Municipal total,387,141,0,-42.865623,-22.7566409993263
RES_0779,3301900,Itaboraí,Municipal total,4248,1621,0,-42.862149,-22.7621729993262
RES_0780,3301900,Itaboraí,Municipal total,3886,1479,0,-42.861032,-22.7551589993263
RES_0781,3301900,Itaboraí,Municipal total,194,74,0,-42.863657,-22.7513679993264
RES_0782,3301900,Itaboraí,Municipal total,2325,889,0,-42.853748,-22.7613269993262
RES_0783,3301900,Itaboraí,Municipal total,2528,937,0,-42.855676,-22.7559679993263
RES_0784,3301900,Itaboraí,Municipal total,283,102,0,-42.864479,-22.7516019993264
RES_0785,3301900,Itaboraí,Municipal total,252,94,0,-42.865804,-22.7562089993263
RES_0786,3301900,Itaboraí,Municipal total,609,232,0,-42.85946,-22.7236519993271
RES_0787,3301900,Itaboraí,Municipal total,936,360,0,-42.857958,-22.7223819993271
RES_0788,3301900,Itaboraí,Municipal total,299,119,0,-42.8632092,-22.715104399999994
RES_0789,3301900,Itaboraí,Municipal total,2907,1231,0,-42.851636,-22.7311039993269
RES_0790,3301900,Itaboraí,Municipal total,2798,1057,0,-42.854536,-22.726775999327
RES_0791,3301900,Itaboraí,Municipal total,158,55,0,-42.850878,-22.7335319993268
RES_0792,3301900,Itaboraí,Municipal total,510,182,0,-42.876858,-22.7869419993256
RES_0793,3301900,Itaboraí,Municipal total,497,191,0,-42.865694,-22.7866089993256
RES_0794,3301900,Itaboraí,Municipal total,525,198,0,-42.891831,-22.7624879993262
RES_0795,3301900,Itaboraí,Municipal total,19,7,0,-42.885022,-22.7671179993261
RES_0796,3301900,Itaboraí,Municipal total,1377,552,0,-42.888835,-22.7609259993262
RES_0797,3301900,Itaboraí,Municipal total,466,183,0,-42.859006,-22.771317999326
RES_0798,3301900,Itaboraí,Municipal total,802,294,0,-42.86417,-22.7797879993258
RES_0799,3301900,Itaboraí,Municipal total,645,263,0,-42.850938,-22.7734529993259
RES_0800,3301900,Itaboraí,Municipal total,1608,641,0,-42.852916,-22.770216999326
RES_0801,3301900,Itaboraí,Municipal total,15,6,0,-42.83859,-22.7806249993258
RES_0802,3301900,Itaboraí,Municipal total,620,238,0,-42.839352,-22.7646519993261
RES_0803,3301900,Itaboraí,Municipal total,74,29,0,-42.823007,-22.7771029993258
RES_0804,3301900,Itaboraí,Municipal total,57,21,0,-42.821356,-22.7629129993262
RES_0805,3301900,Itaboraí,Municipal total,532,204,0,-42.874823,-22.7104399993274
RES_0806,3301900,Itaboraí,Municipal total,397,140,0,-42.869413,-22.7134709993273
RES_0807,3301900,Itaboraí,Municipal total,152,59,0,-42.864863,-22.7135669993273
RES_0808,3301900,Itaboraí,Municipal total,866,316,0,-42.827344,-22.7392199993267
RES_0809,3301900,Itaboraí,Municipal total,925,345,0,-42.827931,-22.7340849993268
RES_0810,3301900,Itaboraí,Municipal total,369,135,0,-42.825072,-22.7336739993268
RES_0811,3301900,Itaboraí,Municipal total,707,244,0,-42.827552,-22.7302589993269
RES_0812,3301900,Itaboraí,Municipal total,7113,2662,0,-42.831916,-22.724911999327
RES_0813,3301900,Itaboraí,Municipal total,566,208,0,-42.828353,-22.7188239993272
RES_0814,3301900,Itaboraí,Municipal total,509,191,0,-42.823519,-22.7293899993269
RES_0815,3301900,Itaboraí,Municipal total,3971,1464,0,-42.823346,-22.724917999327
RES_0816,3301900,Itaboraí,Municipal total,1782,660,0,-42.823574,-22.7175999993272
RES_0817,3301900,Itaboraí,Municipal total,222,78,0,-42.822352,-22.7144999993273
RES_0818,3301900,Itaboraí,Municipal total,4,2,0,-42.826594,-22.7497389993265
RES_0819,3301900,Itaboraí,Municipal total,197,69,0,-42.825409,-22.7487199993265
RES_0820,3301900,Itaboraí,Municipal total,1781,682,0,-42.861,-22.7468099993265
RES_0821,3301900,Itaboraí,Municipal total,1775,714,0,-42.862485,-22.7435129993266
RES_0822,3301900,Itaboraí,Municipal total,1193,406,0,-42.854602,-22.7470749993265
RES_0823,3301900,Itaboraí,Municipal total,470,181,0,-42.85574,-22.7432239993266
RES_0824,3301900,Itaboraí,Municipal total,434,168,0,-42.822102,-22.7326249993269
RES_0825,3301900,Itaboraí,Municipal total,1130,421,0,-42.867015,-22.7196059993272
RES_0826,3301900,Itaboraí,Municipal total,291,108,0,-42.864389,-22.728678999327
RES_0827,3301900,Itaboraí,Municipal total,3426,1292,0,-42.85322,-22.7402119993267
RES_0828,3301900,Itaboraí,Municipal total,55,21,0,-42.853809,-22.7369399993268
RES_0829,3301900,Itaboraí,Municipal total,2344,894,0,-42.884014,-22.7472449993265
RES_0830,3301900,Itaboraí,Municipal total,2722,1044,0,-42.883282,-22.7415019993267
RES_0831,3301900,Itaboraí,Municipal total,16,6,0,-42.885592,-22.7336149993268
RES_0832,3301900,Itaboraí,Municipal total,705,278,0,-42.88017,-22.7457789993266
RES_0833,3301900,Itaboraí,Municipal total,348,131,0,-42.879293,-22.7438189993266
RES_0834,3301900,Itaboraí,Municipal total,223,87,0,-42.851091,-22.7358949993268
RES_0835,3301900,Itaboraí,Municipal total,1006,371,0,-42.846957,-22.7394209993267
RES_0836,3301900,Itaboraí,Municipal total,1101,414,0,-42.848364,-22.7355789993268
RES_0837,3301900,Itaboraí,Municipal total,2897,1077,0,-42.852361,-22.7534529993264
RES_0838,3301900,Itaboraí,Municipal total,1261,468,0,-42.851595,-22.7493239993265
RES_0839,3301900,Itaboraí,Municipal total,1470,549,0,-42.846236,-22.7526649993264
RES_0840,3301900,Itaboraí,Municipal total,2234,795,0,-42.847266,-22.7488459993265
RES_0841,3301900,Itaboraí,Municipal total,1811,676,0,-42.875619,-22.7534919993264
RES_0842,3301900,Itaboraí,Municipal total,2990,1150,0,-42.87597,-22.7487749993265
RES_0843,3301900,Itaboraí,Municipal total,538,209,0,-42.869782,-22.7556999993263
RES_0844,3301900,Itaboraí,Municipal total,258,98,0,-42.871619,-22.7519219993264
RES_0845,3301900,Itaboraí,Municipal total,139,52,0,-42.878331,-22.7551989993263
RES_0846,3301900,Itaboraí,Municipal total,983,384,0,-42.844646,-22.7569499993263
RES_0847,3301900,Itaboraí,Municipal total,386,148,0,-42.839081,-22.7544539993263
RES_0848,3301900,Itaboraí,Municipal total,1749,618,0,-42.837258,-22.7472629993265
RES_0849,3301900,Itaboraí,Municipal total,105,38,0,-42.836812,-22.7434499993266
RES_0850,3301900,Itaboraí,Municipal total,1791,673,0,-42.832089,-22.7488199993265
RES_0851,3301900,Itaboraí,Municipal total,425,145,0,-42.875192,-22.7347109993268
RES_0852,3301900,Itaboraí,Municipal total,799,296,0,-42.867906,-22.7402889993267
RES_0853,3301900,Itaboraí,Municipal total,426,162,0,-42.8701,-22.7322079993269
RES_0854,3301900,Itaboraí,Municipal total,288,114,0,-42.864921,-22.7403889993267
RES_0855,3301900,Itaboraí,Municipal total,1010,386,0,-42.905981,-22.7623939993262
RES_0856,3301900,Itaboraí,Municipal total,766,289,0,-42.902853,-22.7601379993262
RES_0857,3301900,Itaboraí,Municipal total,1737,644,0,-42.900273,-22.7561179993263
RES_0858,3301900,Itaboraí,Municipal total,803,304,0,-42.898205,-22.7489899993265
RES_0859,3301900,Itaboraí,Municipal total,1063,401,0,-42.894356,-22.7536509993264
RES_0860,3301900,Itaboraí,Municipal total,2047,772,0,-42.8921,-22.7481459993265
RES_0861,3301900,Itaboraí,Municipal total,174,67,0,-42.892284,-22.7371079993268
RES_0862,3301900,Itaboraí,Municipal total,833,313,0,-42.888027,-22.7475919993265
RES_0863,3301900,Itaboraí,Municipal total,349,140,0,-42.906828,-22.7613329993262
RES_0864,3301900,Itaboraí,Municipal total,1080,410,0,-42.868203,-22.7546329993263
RES_0865,3301900,Itaboraí,Municipal total,2271,845,0,-42.869277,-22.7498289993265
RES_0866,3301900,Itaboraí,Municipal total,670,260,0,-42.870935,-22.7443619993266
RES_0867,3301900,Itaboraí,Municipal total,110,40,0,-42.865548,-22.7497729993265
RES_0868,3301900,Itaboraí,Municipal total,117,44,0,-42.864255,-22.7488169993265
RES_0869,3301900,Itaboraí,Municipal total,155,60,0,-42.866508,-22.7541369993264
RES_0870,3301900,Itaboraí,Municipal total,1656,640,0,-42.882961,-22.7547139993264
RES_0871,3301900,Itaboraí,Municipal total,1178,437,0,-42.8805,-22.7536099993264
RES_0872,3301900,Itaboraí,Municipal total,20,7,0,-42.894799,-22.7857239993256
RES_0873,3301900,Itaboraí,Municipal total,36,13,0,-42.891898,-22.7732789993259
RES_0874,3301900,Itaboraí,Municipal total,38,15,0,-42.886669,-22.7819309993257
RES_0875,3301900,Itaboraí,Municipal total,342,126,0,-42.886026,-22.7764519993259
RES_0876,3301900,Itaboraí,Municipal total,822,317,0,-42.859216,-22.7383989993267
RES_0877,3301900,Itaboraí,Municipal total,1011,381,0,-42.861676,-22.7350489993268
RES_0878,3301900,Itaboraí,Municipal total,234,90,0,-42.852704,-22.7347649993268
RES_0879,3301900,Itaboraí,Municipal total,829,312,0,-42.859934,-22.7313079993269
RES_0880,3301900,Itaboraí,Municipal total,689,256,0,-42.85429,-22.7348699993268
RES_0881,3301900,Itaboraí,Municipal total,205,79,0,-42.903465,-22.768177999326
RES_0882,3301900,Itaboraí,Municipal total,780,289,0,-42.901963,-22.7668409993261
RES_0883,3301900,Itaboraí,Municipal total,827,365,0,-42.896922,-22.7647819993261
RES_0884,3301900,Itaboraí,Municipal total,292,126,0,-42.893476,-22.7667419993261
RES_0885,3301900,Itaboraí,Municipal total,191,66,0,-42.842691,-22.7387739993267
RES_0886,3301900,Itaboraí,Municipal total,1907,694,0,-42.837667,-22.7397419993267
RES_0887,3301900,Itaboraí,Municipal total,803,321,0,-42.83351,-22.7410259993267
RES_0888,3301900,Itaboraí,Municipal total,370,131,0,-42.833791,-22.7361849993268
RES_0889,3301900,Itaboraí,Municipal total,384,140,0,-42.843369,-22.7238769993271
RES_0890,3301900,Itaboraí,Municipal total,160,63,0,-42.847534,-22.7111299993274
RES_0891,3301900,Itaboraí,Municipal total,100,36,0,-42.840365,-22.7043479993275
RES_0892,3301900,Itaboraí,Municipal total,141,49,0,-42.83354,-22.7115779993273
RES_0893,3301900,Itaboraí,Municipal total,428,160,0,-42.896247,-22.8206459993248
RES_0894,3301900,Itaboraí,Municipal total,1388,504,0,-42.890986,-22.8210819993248
RES_0895,3301900,Itaboraí,Municipal total,411,151,0,-42.887649,-22.8203619993248
RES_0896,3301900,Itaboraí,Municipal total,158,57,0,-42.900664,-22.8217259993248
RES_0897,3301900,Itaboraí,Municipal total,38,13,0,-42.890638,-22.8228879993248
RES_0898,3301900,Itaboraí,Municipal total,124,44,0,-42.859516,-22.8399169993244
RES_0899,3301900,Itaboraí,Municipal total,16,6,0,-42.909543,-22.814407999325
RES_0900,3301900,Itaboraí,Municipal total,27,10,0,-42.905624,-22.814031999325
RES_0901,3301900,Itaboraí,Municipal total,149,56,0,-42.887219,-22.8034409993252
RES_0902,3301900,Itaboraí,Municipal total,196,69,0,-42.886843,-22.8066739993252
RES_0903,3301900,Itaboraí,Municipal total,53,21,0,-42.885472,-22.7986199993253
RES_0904,3301900,Itaboraí,Municipal total,18,6,0,-42.893522,-22.8385109993244
RES_0905,3301900,Itaboraí,Municipal total,444,167,0,-42.88334,-22.8418849993243
RES_0906,3301900,Itaboraí,Municipal total,434,143,0,-42.884709,-22.8365679993245
RES_0907,3301900,Itaboraí,Municipal total,194,64,0,-42.875443,-22.8468949993242
RES_0908,3301900,Itaboraí,Municipal total,81,30,0,-42.876199,-22.8093419993251
RES_0909,3301900,Itaboraí,Municipal total,192,75,0,-42.889096,-22.814996999325
RES_0910,3301900,Itaboraí,Municipal total,56,21,0,-42.884785,-22.8193199993249
RES_0911,3301900,Itaboraí,Municipal total,1391,522,0,-42.884823,-22.815066999325
RES_0912,3301900,Itaboraí,Municipal total,1986,735,0,-42.944927,-22.7557899993263
RES_0913,3301900,Itaboraí,Municipal total,136,48,0,-42.94171,-22.7610379993262
RES_0914,3301900,Itaboraí,Municipal total,693,251,0,-42.941871,-22.7592319993262
RES_0915,3301900,Itaboraí,Municipal total,1470,563,0,-42.939358,-22.7214349993271
RES_0916,3301900,Itaboraí,Municipal total,616,237,0,-42.931114,-22.726318999327
RES_0917,3301900,Itaboraí,Municipal total,2010,712,0,-42.93086,-22.7200629993272
RES_0918,3301900,Itaboraí,Municipal total,379,140,0,-42.931589,-22.7146079993273
RES_0919,3301900,Itaboraí,Municipal total,220,68,0,-42.926038,-22.7351459993268
RES_0920,3301900,Itaboraí,Municipal total,774,257,0,-42.954672,-22.7333349993268
RES_0921,3301900,Itaboraí,Municipal total,411,153,0,-42.952468,-22.7285889993269
RES_0922,3301900,Itaboraí,Municipal total,16,6,0,-42.950648,-22.7288399993269
RES_0923,3301900,Itaboraí,Municipal total,705,248,0,-42.95391,-22.7433129993266
RES_0924,3301900,Itaboraí,Municipal total,1017,378,0,-42.947351,-22.7469429993265
RES_0925,3301900,Itaboraí,Municipal total,656,232,0,-42.94728,-22.7407169993267
RES_0926,3301900,Itaboraí,Municipal total,553,198,0,-42.947107,-22.7316269993269
RES_0927,3301900,Itaboraí,Municipal total,2954,1083,0,-42.946614,-22.727377999327
RES_0928,3301900,Itaboraí,Municipal total,335,134,0,-42.939267,-22.7384579993267
RES_0929,3301900,Itaboraí,Municipal total,69,26,0,-42.939991,-22.7340309993268
RES_0930,3301900,Itaboraí,Municipal total,2170,826,0,-42.939508,-22.728102999327
RES_0931,3301900,Itaboraí,Municipal total,500,187,0,-42.934969,-22.728081999327
RES_0932,3301900,Itaboraí,Municipal total,3,1,0,-42.947444,-22.7227679993271
RES_0933,3301900,Itaboraí,Municipal total,10,4,0,-42.941208,-22.7314849993269
RES_0934,3301900,Itaboraí,Municipal total,113,39,0,-42.930908,-22.7390169993267
RES_0935,3301900,Itaboraí,Municipal total,306,117,0,-42.92061,-22.7507319993264
RES_0936,3301900,Itaboraí,Municipal total,181,63,0,-42.921396,-22.7452599993266
RES_0937,3301900,Itaboraí,Municipal total,10,4,0,-42.929027,-22.7367209993268
RES_0938,3301900,Itaboraí,Municipal total,693,248,0,-42.914736,-22.7488709993265
RES_0939,3301900,Itaboraí,Municipal total,353,125,0,-42.91768,-22.7418409993267
RES_0940,3301900,Itaboraí,Municipal total,64,24,0,-42.918416,-22.7346989993268
RES_0941,3301900,Itaboraí,Municipal total,2,1,0,-42.913896,-22.7288959993269
RES_0942,3301900,Itaboraí,Municipal total,494,182,0,-42.93611,-22.7537699993264
RES_0943,3301900,Itaboraí,Municipal total,554,192,0,-42.939867,-22.7514869993264
RES_0944,3301900,Itaboraí,Municipal total,439,163,0,-42.934206,-22.7565179993263
RES_0945,3301900,Itaboraí,Municipal total,3660,1396,0,-42.939325,-22.770775999326
RES_0946,3301900,Itaboraí,Municipal total,837,359,0,-42.933425,-22.768342999326
RES_0947,3301900,Itaboraí,Municipal total,436,176,0,-42.934906,-22.7668959993261
RES_0948,3301900,Itaboraí,Municipal total,3003,1123,0,-42.939205,-22.7839209993257
RES_0949,3301900,Itaboraí,Municipal total,3088,1211,0,-42.938256,-22.7785369993258
RES_0950,3301900,Itaboraí,Municipal total,99,34,0,-42.941175,-22.7882629993256
RES_0951,3301900,Itaboraí,Municipal total,165,59,0,-42.941856,-22.7808989993258
RES_0952,3301900,Itaboraí,Municipal total,166,63,0,-42.93961,-22.7765349993259
RES_0953,3301900,Itaboraí,Municipal total,1108,406,0,-42.917287,-22.7904329993255
RES_0954,3301900,Itaboraí,Municipal total,693,273,0,-42.914956,-22.7842319993257
RES_0955,3301900,Itaboraí,Municipal total,160,70,0,-42.907614,-22.7908589993255
RES_0956,3301900,Itaboraí,Municipal total,390,148,0,-42.911909,-22.7869769993256
RES_0957,3301900,Itaboraí,Municipal total,1278,501,0,-42.928863,-22.7751199993259
RES_0958,3301900,Itaboraí,Municipal total,1500,593,0,-42.930455,-22.769224999326
RES_0959,3301900,Itaboraí,Municipal total,348,130,0,-42.924076,-22.7753739993259
RES_0960,3301900,Itaboraí,Municipal total,3105,1150,0,-42.924812,-22.770524999326
RES_0961,3301900,Itaboraí,Municipal total,413,145,0,-42.927098,-22.7665559993261
RES_0962,3301900,Itaboraí,Municipal total,900,323,0,-42.917853,-22.7757169993259
RES_0963,3301900,Itaboraí,Municipal total,520,191,0,-42.91608,-22.7732109993259
RES_0964,3301900,Itaboraí,Municipal total,1060,415,0,-42.910384,-22.7765079993259
RES_0965,3301900,Itaboraí,Municipal total,2313,829,0,-42.937056,-22.7979229993253
RES_0966,3301900,Itaboraí,Municipal total,2812,1043,0,-42.938589,-22.7928889993255
RES_0967,3301900,Itaboraí,Municipal total,1129,425,0,-42.93203,-22.7978829993253
RES_0968,3301900,Itaboraí,Municipal total,854,313,0,-42.932324,-22.7915089993255
RES_0969,3301900,Itaboraí,Municipal total,81,33,0,-42.931672,-22.7897779993256
RES_0970,3301900,Itaboraí,Municipal total,2349,919,0,-42.930331,-22.7632269993262
RES_0971,3301900,Itaboraí,Municipal total,2364,867,0,-42.929824,-22.7574479993263
RES_0972,3301900,Itaboraí,Municipal total,413,159,0,-42.927649,-22.7828869993257
RES_0973,3301900,Itaboraí,Municipal total,532,202,0,-42.927933,-22.7795879993258
RES_0974,3301900,Itaboraí,Municipal total,3336,1358,0,-42.924756,-22.7843339993257
RES_0975,3301900,Itaboraí,Municipal total,3274,1198,0,-42.923483,-22.7786089993258
RES_0976,3301900,Itaboraí,Municipal total,570,200,0,-42.919091,-22.7789259993258
RES_0977,3301900,Itaboraí,Municipal total,2409,909,0,-42.922294,-22.7630719993262
RES_0978,3301900,Itaboraí,Municipal total,2761,1041,0,-42.922318,-22.7558999993263
RES_0979,3301900,Itaboraí,Municipal total,166,63,0,-42.919124,-22.7672529993261
RES_0980,3301900,Itaboraí,Municipal total,487,175,0,-42.919494,-22.7572549993263
RES_0981,3301900,Itaboraí,Municipal total,435,157,0,-42.907429,-22.8016159993253
RES_0982,3301900,Itaboraí,Municipal total,384,144,0,-42.897723,-22.7892549993256
RES_0983,3301900,Itaboraí,Municipal total,54,21,0,-42.894605,-22.7882709993256
RES_0984,3301900,Itaboraí,Municipal total,744,284,0,-42.934898,-22.7862149993256
RES_0985,3301900,Itaboraí,Municipal total,3178,1157,0,-42.931172,-22.7843659993257
RES_0986,3301900,Itaboraí,Municipal total,2100,779,0,-42.931958,-22.7801909993257
RES_0987,3301900,Itaboraí,Municipal total,1995,759,0,-42.915074,-22.7620889993262
RES_0988,3301900,Itaboraí,Municipal total,1798,668,0,-42.915182,-22.7570989993263
RES_0989,3301900,Itaboraí,Municipal total,455,191,0,-42.912085,-22.7616069993262
RES_0990,3301900,Itaboraí,Municipal total,66,25,0,-42.826873,-22.7857379993256
RES_0991,3301900,Itaboraí,Municipal total,203,67,0,-42.821122,-22.7905389993255
RES_0992,3301900,Itaboraí,Municipal total,44,16,0,-42.822052,-22.7799609993258
RES_0993,3301900,Itaboraí,Municipal total,9,4,0,-42.865049,-22.7046879993275
RES_0994,3301900,Itaboraí,Municipal total,322,123,0,-42.881671,-22.6983399993276
RES_0995,3301900,Itaboraí,Municipal total,465,157,0,-42.877158,-22.7031349993275
RES_0996,3301900,Itaboraí,Municipal total,1268,482,0,-42.877107,-22.6994179993276
RES_0997,3301900,Itaboraí,Municipal total,227,77,0,-42.873591,-22.6982909993277
RES_0998,3301900,Itaboraí,Municipal total,410,154,0,-42.882496,-22.7014869993276
RES_0999,3301900,Itaboraí,Municipal total,14,6,0,-42.876114,-22.6973449993277
RES_1000,3301900,Itaboraí,Municipal total,84,33,0,-42.873051,-22.6971969993277
RES_1001,3301900,Itaboraí,Municipal total,37,13,0,-42.821175,-22.6896519993279
RES_1002,3301900,Itaboraí,Municipal total,772,293,0,-42.89906,-22.7177159993272
RES_1003,3301900,Itaboraí,Municipal total,105,39,0,-42.903798,-22.7156579993273
RES_1004,3301900,Itaboraí,Municipal total,322,118,0,-42.893626,-22.7201059993271
RES_1005,3301900,Itaboraí,Municipal total,1049,401,0,-42.895634,-22.7134179993273
RES_1006,3301900,Itaboraí,Municipal total,73,28,0,-42.89453044932474,-22.704709
RES_1007,3301900,Itaboraí,Municipal total,492,180,0,-42.89295772039711,-22.7090878
RES_1008,3301900,Itaboraí,Municipal total,57,25,0,-42.893186,-22.7055239993275
RES_1009,3301900,Itaboraí,Municipal total,317,110,0,-42.91034,-22.7040239993275
RES_1010,3301900,Itaboraí,Municipal total,1305,450,0,-42.901106,-22.7025189993275
RES_1011,3301900,Itaboraí,Municipal total,275,98,0,-42.89494,-22.7209309993271
RES_1012,3301900,Itaboraí,Municipal total,375,137,0,-42.924638,-22.7134009993273
RES_1013,3301900,Itaboraí,Municipal total,20,7,0,-42.915539,-22.7096089993274
RES_1014,3301900,Itaboraí,Municipal total,996,371,0,-42.900264,-22.7099789993274
RES_1015,3301900,Itaboraí,Municipal total,214,71,0,-42.903479,-22.7072439993274
RES_1016,3301900,Itaboraí,Municipal total,343,117,0,-42.896249,-22.7066999993275
RES_1017,3301900,Itaboraí,Municipal total,170,61,0,-42.879855,-22.8457229993243
RES_1018,3301900,Itaboraí,Municipal total,60,22,0,-42.871207,-22.8422089993243
RES_1019,3301900,Itaboraí,Municipal total,21,8,0,-42.880789,-22.8185219993249
RES_1020,3301900,Itaboraí,Municipal total,1,0,0,-42.874693,-22.8155759993249
RES_1021,3301900,Itaboraí,Municipal total,8,2,0,-42.846945,-22.8096629993251
RES_1022,3301900,Itaboraí,Municipal total,12,7,0,-42.847979,-22.856905999324
RES_1023,3301900,Itaboraí,Municipal total,30,11,0,-42.836939,-22.7910619993255
RES_1024,3301900,Itaboraí,Municipal total,101,37,0,-42.95811,-22.728462999327
RES_1025,3301900,Itaboraí,Municipal total,29,10,0,-42.827707,-22.8456899993243
RES_1026,3301900,Itaboraí,Municipal total,2,1,0,-42.8261385960637,-22.8140918
RES_1027,3301900,Itaboraí,Municipal total,31,12,0,-42.879546,-22.6944559993277
RES_1028,3302007,Itaguaí,Municipal total,363,115,0,-43.887572,-22.8623979993239
RES_1029,3302007,Itaguaí,Municipal total,85,33,0,-43.878212,-22.9410739993221
RES_1030,3302007,Itaguaí,Municipal total,598,215,0,-43.8794486,-22.90663955
RES_1031,3302007,Itaguaí,Municipal total,301,99,0,-43.878987,-22.902142999323
RES_1032,3302007,Itaguaí,Municipal total,147,50,0,-43.882554,-22.8627999993239
RES_1033,3302007,Itaguaí,Municipal total,1190,406,0,-43.874047,-22.9035049993229
RES_1034,3302007,Itaguaí,Municipal total,38,14,0,-43.876835,-22.8608319993239
RES_1035,3302007,Itaguaí,Municipal total,1219,403,0,-43.866436,-22.901746999323
RES_1036,3302007,Itaguaí,Municipal total,63,18,0,-43.861083,-22.898308999323
RES_1037,3302007,Itaguaí,Municipal total,229,73,0,-43.863556,-22.857350999324
RES_1038,3302007,Itaguaí,Municipal total,37,14,0,-43.858295,-22.8437099993243
RES_1039,3302007,Itaguaí,Municipal total,33,12,0,-43.860637,-22.9507779993218
RES_1040,3302007,Itaguaí,Municipal total,668,210,0,-43.857287,-22.901322999323
RES_1041,3302007,Itaguaí,Municipal total,720,237,0,-43.854683,-22.898607999323
RES_1042,3302007,Itaguaí,Municipal total,603,187,0,-43.850252,-22.9187499993226
RES_1043,3302007,Itaguaí,Municipal total,1815,641,0,-43.848544,-22.8952629993231
RES_1044,3302007,Itaguaí,Municipal total,102,34,0,-43.84882002472743,-22.859868899999995
RES_1045,3302007,Itaguaí,Municipal total,1802,621,0,-43.841903,-22.8947839993231
RES_1046,3302007,Itaguaí,Municipal total,400,141,0,-43.8401,-22.8886739993233
RES_1047,3302007,Itaguaí,Municipal total,201,69,0,-43.845092,-22.8534349993241
RES_1048,3302007,Itaguaí,Municipal total,22,8,0,-43.8318,-22.9151449993227
RES_1049,3302007,Itaguaí,Municipal total,530,197,0,-43.823491,-22.8852649993233
RES_1050,3302007,Itaguaí,Municipal total,325,112,0,-43.827463,-22.8812149993234
RES_1051,3302007,Itaguaí,Municipal total,37,15,0,-43.820422,-22.8735449993236
RES_1052,3302007,Itaguaí,Municipal total,165,62,0,-43.8293011539709,-22.859099750000006
RES_1053,3302007,Itaguaí,Municipal total,179,68,0,-43.825719,-22.855170999324
RES_1054,3302007,Itaguaí,Municipal total,38,16,0,-43.860783,-22.8491329993242
RES_1055,3302007,Itaguaí,Municipal total,1056,385,0,-43.820026,-22.8852039993233
RES_1056,3302007,Itaguaí,Municipal total,1774,676,0,-43.817522,-22.8809609993235
RES_1057,3302007,Itaguaí,Municipal total,1256,472,0,-43.817112,-22.8744379993236
RES_1058,3302007,Itaguaí,Municipal total,26,10,0,-43.815737438769844,-22.853292749999994
RES_1059,3302007,Itaguaí,Municipal total,438,171,0,-43.819221,-22.8472959993242
RES_1060,3302007,Itaguaí,Municipal total,407,148,0,-43.818286,-22.8402629993244
RES_1061,3302007,Itaguaí,Municipal total,1690,631,0,-43.81296,-22.8781429993235
RES_1062,3302007,Itaguaí,Municipal total,1503,594,0,-43.810801,-22.8732999993236
RES_1063,3302007,Itaguaí,Municipal total,1990,704,0,-43.808751,-22.8668509993238
RES_1064,3302007,Itaguaí,Municipal total,593,211,0,-43.809133,-22.8610359993239
RES_1065,3302007,Itaguaí,Municipal total,19,6,0,-43.809163,-22.8536069993241
RES_1066,3302007,Itaguaí,Municipal total,36,13,0,-43.81377199999999,-22.844894350000004
RES_1067,3302007,Itaguaí,Municipal total,255,104,0,-43.814341,-22.8090529993251
RES_1068,3302007,Itaguaí,Municipal total,3046,1130,0,-43.803579,-22.8729069993236
RES_1069,3302007,Itaguaí,Municipal total,2238,840,0,-43.80275,-22.8645649993238
RES_1070,3302007,Itaguaí,Municipal total,1041,370,0,-43.800497,-22.857058999324
RES_1071,3302007,Itaguaí,Municipal total,735,249,0,-43.79989705103766,-22.842622999999996
RES_1072,3302007,Itaguaí,Municipal total,1294,473,0,-43.803054,-22.8377059993244
RES_1073,3302007,Itaguaí,Municipal total,30,11,0,-43.804614,-22.8003999993253
RES_1074,3302007,Itaguaí,Municipal total,370,133,0,-43.798016,-22.8770649993235
RES_1075,3302007,Itaguaí,Municipal total,4174,1544,0,-43.794707,-22.8738069993236
RES_1076,3302007,Itaguaí,Municipal total,4061,1505,0,-43.793948,-22.8659579993238
RES_1077,3302007,Itaguaí,Municipal total,1330,512,0,-43.792851,-22.8593829993239
RES_1078,3302007,Itaguaí,Municipal total,889,327,0,-43.797179,-22.8388729993244
RES_1079,3302007,Itaguaí,Municipal total,55,18,0,-43.7928455375,-22.8227299
RES_1080,3302007,Itaguaí,Municipal total,4,2,0,-43.797415,-22.7784109993258
RES_1081,3302007,Itaguaí,Municipal total,790,299,0,-43.786847,-22.8760809993235
RES_1082,3302007,Itaguaí,Municipal total,3561,1305,0,-43.787924,-22.8724619993236
RES_1083,3302007,Itaguaí,Municipal total,4604,1665,0,-43.786976,-22.8660129993238
RES_1084,3302007,Itaguaí,Municipal total,2234,847,0,-43.786396,-22.8599229993239
RES_1085,3302007,Itaguaí,Municipal total,1578,565,0,-43.786042,-22.8525029993241
RES_1086,3302007,Itaguaí,Municipal total,597,223,0,-43.784938,-22.8447009993243
RES_1087,3302007,Itaguaí,Municipal total,68,21,0,-43.791386200000005,-22.839475249999996
RES_1088,3302007,Itaguaí,Municipal total,500,169,0,-43.785097,-22.8007039993253
RES_1089,3302007,Itaguaí,Municipal total,1591,564,0,-43.780273,-22.8727819993236
RES_1090,3302007,Itaguaí,Municipal total,5029,1780,0,-43.779088,-22.8657109993238
RES_1091,3302007,Itaguaí,Municipal total,2663,994,0,-43.780304,-22.858827999324
RES_1092,3302007,Itaguaí,Municipal total,361,114,0,-43.783142,-22.854857999324
RES_1093,3302007,Itaguaí,Municipal total,460,161,0,-43.782548,-22.8465839993242
RES_1094,3302007,Itaguaí,Municipal total,21,7,0,-43.76643,-22.8239179993247
RES_1095,3302007,Itaguaí,Municipal total,291,95,0,-43.779403,-22.8060669993252
RES_1096,3302007,Itaguaí,Municipal total,885,328,0,-43.769296,-22.8781129993235
RES_1097,3302007,Itaguaí,Municipal total,2435,861,0,-43.770774,-22.8733469993236
RES_1098,3302007,Itaguaí,Municipal total,3673,1338,0,-43.771785,-22.8657279993238
RES_1099,3302007,Itaguaí,Municipal total,2479,947,0,-43.772328,-22.8589739993239
RES_1100,3302007,Itaguaí,Municipal total,1382,515,0,-43.770711,-22.8301379993246
RES_1101,3302007,Itaguaí,Municipal total,296,103,0,-43.775531,-22.8094949993251
RES_1102,3302007,Itaguaí,Municipal total,2449,947,0,-43.763262,-22.8793779993235
RES_1103,3302007,Itaguaí,Municipal total,4422,1691,0,-43.76373,-22.8733959993236
RES_1104,3302007,Itaguaí,Municipal total,4203,1560,0,-43.763829,-22.8649399993238
RES_1105,3302007,Itaguaí,Municipal total,2290,873,0,-43.764939,-22.8601849993239
RES_1106,3302007,Itaguaí,Municipal total,2270,833,0,-43.761672,-22.8519719993241
RES_1107,3302007,Itaguaí,Municipal total,843,305,0,-43.761996,-22.8451299993243
RES_1108,3302007,Itaguaí,Municipal total,1090,409,0,-43.766713,-22.8356199993245
RES_1109,3302007,Itaguaí,Municipal total,1299,476,0,-43.766251,-22.8315219993246
RES_1110,3302007,Itaguaí,Municipal total,1712,625,0,-43.76197,-22.8204199993248
RES_1111,3302007,Itaguaí,Municipal total,1419,477,0,-43.764625,-22.814964999325
RES_1112,3302007,Itaguaí,Municipal total,1435,532,0,-43.756525,-22.8640599993238
RES_1113,3302007,Itaguaí,Municipal total,2662,992,0,-43.757288,-22.858192999324
RES_1114,3302007,Itaguaí,Municipal total,255,89,0,-43.753262,-22.8465269993242
RES_1115,3302007,Itaguaí,Municipal total,35,10,0,-43.760468,-22.8354369993245
RES_1116,3302007,Itaguaí,Municipal total,1458,517,0,-43.756587,-22.8157119993249
RES_1117,3302007,Itaguaí,Municipal total,41,15,0,-43.745959,-22.8714079993237
RES_1118,3302007,Itaguaí,Municipal total,18,6,0,-43.752151947681675,-22.860998449999997
RES_1119,3302007,Itaguaí,Municipal total,74,28,0,-43.74131830458326,-22.834204349999993
RES_1120,3302007,Itaguaí,Municipal total,30,11,0,-43.733846,-22.855119999324
RES_1121,3302007,Itaguaí,Municipal total,320,122,0,-43.728636739481274,-22.854050100000002
RES_1122,3302007,Itaguaí,Municipal total,181,60,0,-43.722114,-22.8389319993244
RES_1123,3302007,Itaguaí,Municipal total,117,41,0,-43.707054049999996,-22.86150645
RES_1124,3302007,Itaguaí,Municipal total,550,197,0,-43.713562,-22.8430189993243
RES_1125,3302007,Itaguaí,Municipal total,27,10,0,-43.675990029208606,-22.86288725
RES_1126,3302007,Itaguaí,Municipal total,235,87,0,-43.771025,-22.8259659993247
RES_1127,3302007,Itaguaí,Municipal total,349,133,0,-43.768214,-22.8528719993241
RES_1128,3302007,Itaguaí,Municipal total,863,320,0,-43.767801,-22.8541099993241
RES_1129,3302007,Itaguaí,Municipal total,1023,386,0,-43.759209,-22.857750999324
RES_1130,3302007,Itaguaí,Municipal total,894,335,0,-43.779263,-22.854494999324
RES_1131,3302007,Itaguaí,Municipal total,613,225,0,-43.775702,-22.855529999324
RES_1132,3302007,Itaguaí,Municipal total,1228,438,0,-43.774623,-22.8529239993241
RES_1133,3302007,Itaguaí,Municipal total,393,140,0,-43.760813,-22.8719649993236
RES_1134,3302007,Itaguaí,Municipal total,544,199,0,-43.757362,-22.8639339993238
RES_1135,3302007,Itaguaí,Municipal total,278,97,0,-43.787721,-22.858184999324
RES_1136,3302007,Itaguaí,Municipal total,330,115,0,-43.744775,-22.8669399993238
RES_1137,3302007,Itaguaí,Municipal total,387,149,0,-43.784933,-22.8659469993238
RES_1138,3302007,Itaguaí,Municipal total,240,87,0,-43.788873,-22.8624589993239
RES_1139,3302007,Itaguaí,Municipal total,317,125,0,-43.768106,-22.8280149993247
RES_1140,3302007,Itaguaí,Municipal total,183,66,0,-43.78308,-22.8687739993237
RES_1141,3302007,Itaguaí,Municipal total,267,99,0,-43.771605,-22.855909999324
RES_1142,3302007,Itaguaí,Municipal total,207,72,0,-43.735511,-22.8723289993236
RES_1143,3302007,Itaguaí,Municipal total,523,177,0,-43.849426,-22.900431999323
RES_1144,3302007,Itaguaí,Municipal total,455,152,0,-43.845649,-22.900011999323
RES_1145,3302007,Itaguaí,Municipal total,20,7,0,-43.801983,-22.770421999326
RES_1146,3302007,Itaguaí,Municipal total,81,29,0,-43.805174,-22.7452509993266
RES_1147,3302007,Itaguaí,Municipal total,62,22,0,-43.794999,-22.7362019993268
RES_1148,3302007,Itaguaí,Municipal total,114,39,0,-43.80508,-22.7172829993272
RES_1149,3302007,Itaguaí,Municipal total,50,18,0,-43.789763,-22.7594249993262
RES_1150,3302007,Itaguaí,Municipal total,49,17,0,-43.7686,-22.7362379993268
RES_1151,3302007,Itaguaí,Municipal total,61,22,0,-43.767462,-22.7012129993276
RES_1152,3302007,Itaguaí,Municipal total,123,45,0,-43.760325,-22.7053519993275
RES_1153,3302270,Japeri,Municipal total,1483,456,0,-43.656065,-22.6465519993289
RES_1154,3302270,Japeri,Municipal total,641,172,0,-43.656549,-22.6426349993289
RES_1155,3302270,Japeri,Municipal total,1446,438,0,-43.663398,-22.6441249993289
RES_1156,3302270,Japeri,Municipal total,226,67,0,-43.652768,-22.638992999329
RES_1157,3302270,Japeri,Municipal total,547,160,0,-43.667486,-22.640023999329
RES_1158,3302270,Japeri,Municipal total,698,209,0,-43.665802,-22.6352129993291
RES_1159,3302270,Japeri,Municipal total,1291,374,0,-43.648673,-22.639673999329
RES_1160,3302270,Japeri,Municipal total,540,155,0,-43.638842,-22.642184999329
RES_1161,3302270,Japeri,Municipal total,895,246,0,-43.646428,-22.6447719993289
RES_1162,3302270,Japeri,Municipal total,1191,342,0,-43.648659,-22.6420079993289
RES_1163,3302270,Japeri,Municipal total,581,155,0,-43.643706,-22.6454699993289
RES_1164,3302270,Japeri,Municipal total,808,226,0,-43.644034,-22.642110999329
RES_1165,3302270,Japeri,Municipal total,1022,282,0,-43.637551,-22.6487399993288
RES_1166,3302270,Japeri,Municipal total,580,152,0,-43.63675,-22.6499749993288
RES_1167,3302270,Japeri,Municipal total,695,214,0,-43.66228,-22.6540859993287
RES_1168,3302270,Japeri,Municipal total,700,230,0,-43.661444,-22.6517809993287
RES_1169,3302270,Japeri,Municipal total,4342,1221,0,-43.656283,-22.6543709993287
RES_1170,3302270,Japeri,Municipal total,2178,611,0,-43.656475,-22.6499819993288
RES_1171,3302270,Japeri,Municipal total,2252,660,0,-43.650738,-22.6490929993288
RES_1172,3302270,Japeri,Municipal total,564,148,0,-43.66123,-22.6567149993286
RES_1173,3302270,Japeri,Municipal total,153,48,0,-43.648583,-22.6491919993288
RES_1174,3302270,Japeri,Municipal total,1708,622,0,-43.663665,-22.6492619993288
RES_1175,3302270,Japeri,Municipal total,1473,458,0,-43.658656,-22.6465429993289
RES_1176,3302270,Japeri,Municipal total,114,33,0,-43.620289,-22.6568999993286
RES_1177,3302270,Japeri,Municipal total,715,194,0,-43.607772,-22.6506679993287
RES_1178,3302270,Japeri,Municipal total,526,172,0,-43.59844,-22.6527459993287
RES_1179,3302270,Japeri,Municipal total,1223,352,0,-43.614858,-22.6710739993283
RES_1180,3302270,Japeri,Municipal total,845,244,0,-43.612957,-22.6696979993283
RES_1181,3302270,Japeri,Municipal total,1192,330,0,-43.616619,-22.6763049993282
RES_1182,3302270,Japeri,Municipal total,455,135,0,-43.610546,-22.6803609993281
RES_1183,3302270,Japeri,Municipal total,3354,945,0,-43.611516,-22.6764899993282
RES_1184,3302270,Japeri,Municipal total,443,125,0,-43.608695,-22.6726709993282
RES_1185,3302270,Japeri,Municipal total,2705,765,0,-43.604351,-22.683413999328
RES_1186,3302270,Japeri,Municipal total,2353,647,0,-43.604064,-22.6769139993281
RES_1187,3302270,Japeri,Municipal total,604,168,0,-43.617801,-22.6770749993282
RES_1188,3302270,Japeri,Municipal total,93,28,0,-43.616915,-22.6758979993282
RES_1189,3302270,Japeri,Municipal total,895,241,0,-43.623343,-22.6772259993281
RES_1190,3302270,Japeri,Municipal total,186,49,0,-43.64511,-22.6801419993281
RES_1191,3302270,Japeri,Municipal total,47,13,0,-43.641658,-22.6755709993282
RES_1192,3302270,Japeri,Municipal total,370,88,0,-43.632839,-22.6867479993279
RES_1193,3302270,Japeri,Municipal total,687,176,0,-43.625749,-22.681871999328
RES_1194,3302270,Japeri,Municipal total,1627,437,0,-43.624233,-22.6887639993279
RES_1195,3302270,Japeri,Municipal total,1938,562,0,-43.61904,-22.683102999328
RES_1196,3302270,Japeri,Municipal total,513,134,0,-43.612164,-22.681837999328
RES_1197,3302270,Japeri,Municipal total,828,237,0,-43.615287,-22.682357999328
RES_1198,3302270,Japeri,Municipal total,337,92,0,-43.613884,-22.682501999328
RES_1199,3302270,Japeri,Municipal total,2643,727,0,-43.617381,-22.6922139993278
RES_1200,3302270,Japeri,Municipal total,1572,452,0,-43.609456,-22.6909469993278
RES_1201,3302270,Japeri,Municipal total,2495,691,0,-43.609881,-22.684781999328
RES_1202,3302270,Japeri,Municipal total,1431,401,0,-43.603139,-22.6894549993278
RES_1203,3302270,Japeri,Municipal total,1128,316,0,-43.600056,-22.6855689993279
RES_1204,3302270,Japeri,Municipal total,1388,387,0,-43.592714,-22.684811999328
RES_1205,3302270,Japeri,Municipal total,1138,312,0,-43.586076,-22.6896129993279
RES_1206,3302270,Japeri,Municipal total,1145,311,0,-43.586716,-22.6858949993279
RES_1207,3302270,Japeri,Municipal total,546,147,0,-43.581439,-22.6906769993278
RES_1208,3302270,Japeri,Municipal total,179,54,0,-43.595295,-22.683787999328
RES_1209,3302270,Japeri,Municipal total,321,95,0,-43.600366,-22.682280999328
RES_1210,3302270,Japeri,Municipal total,941,281,0,-43.597631,-22.682184999328
RES_1211,3302270,Japeri,Municipal total,2233,663,0,-43.59484,-22.6767129993281
RES_1212,3302270,Japeri,Municipal total,475,131,0,-43.598394,-22.683489999328
RES_1213,3302270,Japeri,Municipal total,1805,510,0,-43.600449,-22.6757649993282
RES_1214,3302270,Japeri,Municipal total,644,181,0,-43.600173,-22.6727079993282
RES_1215,3302270,Japeri,Municipal total,696,215,0,-43.597535,-22.6753899993282
RES_1216,3302270,Japeri,Municipal total,2286,659,0,-43.608989,-22.6702429993283
RES_1217,3302270,Japeri,Municipal total,477,144,0,-43.607837,-22.6655169993284
RES_1218,3302270,Japeri,Municipal total,3287,898,0,-43.60467,-22.6689819993283
RES_1219,3302270,Japeri,Municipal total,555,155,0,-43.604,-22.6643819993284
RES_1220,3302270,Japeri,Municipal total,831,226,0,-43.592354,-22.6784809993281
RES_1221,3302270,Japeri,Municipal total,4748,1331,0,-43.589144,-22.6761069993282
RES_1222,3302270,Japeri,Municipal total,562,151,0,-43.585378,-22.6725669993282
RES_1223,3302270,Japeri,Municipal total,1421,403,0,-43.58189815,-22.674998700000003
RES_1224,3302270,Japeri,Municipal total,477,128,0,-43.576607,-22.6900019993278
RES_1225,3302270,Japeri,Municipal total,672,175,0,-43.577978,-22.6859259993279
RES_1226,3302270,Japeri,Municipal total,38,11,0,-43.576058,-22.6777069993281
RES_1227,3302270,Japeri,Municipal total,657,174,0,-43.570493,-22.6789149993281
RES_1228,3302270,Japeri,Municipal total,270,70,0,-43.565823,-22.6858379993279
RES_1229,3302270,Japeri,Municipal total,252,74,0,-43.646564,-22.683739999328
RES_1230,3302270,Japeri,Municipal total,292,79,0,-43.638556,-22.6888189993279
RES_1231,3302270,Japeri,Municipal total,363,87,0,-43.640816,-22.6864209993279
RES_1232,3302270,Japeri,Municipal total,396,102,0,-43.633561,-22.6892049993279
RES_1233,3302270,Japeri,Municipal total,503,139,0,-43.62869,-22.6912829993278
RES_1234,3302270,Japeri,Municipal total,662,173,0,-43.631016,-22.7138209993273
RES_1235,3302270,Japeri,Municipal total,799,210,0,-43.632604,-22.7063319993275
RES_1236,3302270,Japeri,Municipal total,609,156,0,-43.624152,-22.7056539993275
RES_1237,3302270,Japeri,Municipal total,1363,371,0,-43.624886,-22.6975469993277
RES_1238,3302270,Japeri,Municipal total,46,13,0,-43.570401,-22.6436629993289
RES_1239,3302270,Japeri,Municipal total,58,16,0,-43.560274,-22.6515929993287
RES_1240,3302270,Japeri,Municipal total,750,239,0,-43.592675,-22.6705379993283
RES_1241,3302270,Japeri,Municipal total,148,36,0,-43.584002,-22.6609509993285
RES_1242,3302270,Japeri,Municipal total,526,138,0,-43.581298,-22.6624019993285
RES_1243,3302270,Japeri,Municipal total,758,244,0,-43.584886,-22.6684149993283
RES_1244,3302270,Japeri,Municipal total,1202,358,0,-43.580799,-22.6680959993283
RES_1245,3302270,Japeri,Municipal total,164,41,0,-43.571484,-22.6685249993283
RES_1246,3302270,Japeri,Municipal total,58,16,0,-43.570416,-22.6702649993283
RES_1247,3302270,Japeri,Municipal total,19,6,0,-43.555936,-22.6546269993287
RES_1248,3302270,Japeri,Municipal total,77,22,0,-43.547274,-22.6557819993286
RES_1249,3302270,Japeri,Municipal total,351,93,0,-43.540698,-22.6596549993285
RES_1250,3302270,Japeri,Municipal total,207,57,0,-43.538134,-22.6566379993286
RES_1251,3302270,Japeri,Municipal total,140,36,0,-43.60695311769663,-22.640954649999998
RES_1252,3302270,Japeri,Municipal total,100,28,0,-43.611140105703186,-22.635423849999995
RES_1253,3302270,Japeri,Municipal total,401,121,0,-43.605642,-22.641664999329
RES_1254,3302270,Japeri,Municipal total,537,144,0,-43.594897,-22.6531059993287
RES_1255,3302270,Japeri,Municipal total,30,8,0,-43.59175,-22.639281999329
RES_1256,3302270,Japeri,Municipal total,7,2,0,-43.582578,-22.6421389993289
RES_1257,3302270,Japeri,Municipal total,104,29,0,-43.585602,-22.6223079993294
RES_1258,3302270,Japeri,Municipal total,242,69,0,-43.573419,-22.6165169993295
RES_1259,3302502,Magé,Municipal total,256,87,0,-43.095926,-22.682045999328
RES_1260,3302502,Magé,Municipal total,42,15,0,-43.094059,-22.6697059993283
RES_1261,3302502,Magé,Municipal total,231,74,0,-43.089735,-22.6769969993281
RES_1262,3302502,Magé,Municipal total,83,27,0,-43.092633,-22.6649629993284
RES_1263,3302502,Magé,Municipal total,599,202,0,-43.089874,-22.6513709993287
RES_1264,3302502,Magé,Municipal total,449,152,0,-43.083968,-22.6497019993288
RES_1265,3302502,Magé,Municipal total,519,192,0,-43.068233,-22.6532099993287
RES_1266,3302502,Magé,Municipal total,219,75,0,-43.072746,-22.640472999329
RES_1267,3302502,Magé,Municipal total,376,135,0,-43.071292,-22.6363209993291
RES_1268,3302502,Magé,Municipal total,332,110,0,-43.0636038507049,-22.683640500000003
RES_1269,3302502,Magé,Municipal total,684,227,0,-43.067482,-22.6758209993282
RES_1270,3302502,Magé,Municipal total,4,1,0,-43.069564,-22.6764059993282
RES_1271,3302502,Magé,Municipal total,329,125,0,-43.066255,-22.6510709993287
RES_1272,3302502,Magé,Municipal total,972,338,0,-43.06125,-22.6724149993282
RES_1273,3302502,Magé,Municipal total,695,237,0,-43.055424,-22.6634509993285
RES_1274,3302502,Magé,Municipal total,91,39,0,-43.064476,-22.6532999993287
RES_1275,3302502,Magé,Municipal total,177,60,0,-43.062892,-22.6480259993288
RES_1276,3302502,Magé,Municipal total,427,153,0,-43.045516,-22.6619309993285
RES_1277,3302502,Magé,Municipal total,1007,361,0,-43.046949,-22.6564989993286
RES_1278,3302502,Magé,Municipal total,1403,512,0,-43.048217,-22.6509279993287
RES_1279,3302502,Magé,Municipal total,501,174,0,-43.037849,-22.6690589993283
RES_1280,3302502,Magé,Municipal total,2003,699,0,-43.040565,-22.6627219993285
RES_1281,3302502,Magé,Municipal total,2396,809,0,-43.041951,-22.6562249993286
RES_1282,3302502,Magé,Municipal total,4793,1729,0,-43.0416,-22.6497619993288
RES_1283,3302502,Magé,Municipal total,1210,436,0,-43.042581,-22.6057489993298
RES_1284,3302502,Magé,Municipal total,306,111,0,-43.040403,-22.59679599933
RES_1285,3302502,Magé,Municipal total,944,338,0,-43.045246,-22.5930069993301
RES_1286,3302502,Magé,Municipal total,379,123,0,-43.034005,-22.6750019993282
RES_1287,3302502,Magé,Municipal total,1394,497,0,-43.034144,-22.6687539993283
RES_1288,3302502,Magé,Municipal total,1941,679,0,-43.035234,-22.6632709993285
RES_1289,3302502,Magé,Municipal total,1974,667,0,-43.035712,-22.6551519993287
RES_1290,3302502,Magé,Municipal total,1873,662,0,-43.033014,-22.6485149993288
RES_1291,3302502,Magé,Municipal total,540,182,0,-43.033959,-22.642074999329
RES_1292,3302502,Magé,Municipal total,400,137,0,-43.036244,-22.6337329993291
RES_1293,3302502,Magé,Municipal total,1281,460,0,-43.035244,-22.6030289993299
RES_1294,3302502,Magé,Municipal total,1968,688,0,-43.02725,-22.6625579993285
RES_1295,3302502,Magé,Municipal total,770,273,0,-43.02444777828244,-22.654630149999996
RES_1296,3302502,Magé,Municipal total,1830,807,0,-43.025417,-22.6493519993288
RES_1297,3302502,Magé,Municipal total,856,303,0,-43.022885543250766,-22.6451917
RES_1298,3302502,Magé,Municipal total,2907,1025,0,-43.026932,-22.6344869993291
RES_1299,3302502,Magé,Municipal total,812,294,0,-43.027084,-22.6299119993292
RES_1300,3302502,Magé,Municipal total,521,187,0,-43.027796,-22.6142359993296
RES_1301,3302502,Magé,Municipal total,24,8,0,-43.017659,-22.6193509993295
RES_1302,3302502,Magé,Municipal total,835,303,0,-43.021281,-22.6474879993288
RES_1303,3302502,Magé,Municipal total,395,122,0,-43.016876,-22.6326709993292
RES_1304,3302502,Magé,Municipal total,102,36,0,-43.0166093,-22.624876
RES_1305,3302502,Magé,Municipal total,572,200,0,-43.021732,-22.6027479993298
RES_1306,3302502,Magé,Municipal total,721,255,0,-43.017268,-22.59677699933
RES_1307,3302502,Magé,Municipal total,471,175,0,-43.020422,-22.5926799993301
RES_1308,3302502,Magé,Municipal total,51,18,0,-43.01142,-22.6276279993293
RES_1309,3302502,Magé,Municipal total,129,42,0,-43.013691,-22.59903699933
RES_1310,3302502,Magé,Municipal total,249,88,0,-43.01418024025158,-22.590801499999998
RES_1311,3302502,Magé,Municipal total,565,201,0,-43.031554,-22.6707309993283
RES_1312,3302502,Magé,Municipal total,323,104,0,-43.031503,-22.6653069993284
RES_1313,3302502,Magé,Municipal total,620,221,0,-43.029922,-22.6677009993283
RES_1314,3302502,Magé,Municipal total,1232,462,0,-43.047984,-22.6494499993288
RES_1315,3302502,Magé,Municipal total,488,178,0,-43.044838,-22.6476199993288
RES_1316,3302502,Magé,Municipal total,254,84,0,-43.015249,-22.5916339993301
RES_1317,3302502,Magé,Municipal total,195,71,0,-43.033071,-22.6048789993298
RES_1318,3302502,Magé,Municipal total,584,219,0,-43.049104,-22.6624069993285
RES_1319,3302502,Magé,Municipal total,476,170,0,-43.043681,-22.6446389993289
RES_1320,3302502,Magé,Municipal total,150,50,0,-43.040246,-22.6716419993283
RES_1321,3302502,Magé,Municipal total,443,161,0,-43.039421,-22.6650899993284
RES_1322,3302502,Magé,Municipal total,542,191,0,-43.037586,-22.6653889993284
RES_1323,3302502,Magé,Municipal total,5,2,0,-43.21195565,-22.724518450000005
RES_1324,3302502,Magé,Municipal total,938,302,0,-43.192685,-22.7136729993273
RES_1325,3302502,Magé,Municipal total,594,179,0,-43.19482,-22.7106979993274
RES_1326,3302502,Magé,Municipal total,1076,359,0,-43.189507,-22.7167049993272
RES_1327,3302502,Magé,Municipal total,321,110,0,-43.186275,-22.7114479993273
RES_1328,3302502,Magé,Municipal total,43,15,0,-43.188157,-22.6889829993279
RES_1329,3302502,Magé,Municipal total,1548,505,0,-43.180676,-22.7163529993272
RES_1330,3302502,Magé,Municipal total,330,103,0,-43.177429,-22.7066359993274
RES_1331,3302502,Magé,Municipal total,868,264,0,-43.172533,-22.7138559993273
RES_1332,3302502,Magé,Municipal total,2488,821,0,-43.173143,-22.7090459993274
RES_1333,3302502,Magé,Municipal total,574,189,0,-43.173978,-22.7013649993276
RES_1334,3302502,Magé,Municipal total,620,200,0,-43.17549,-22.6920159993278
RES_1335,3302502,Magé,Municipal total,432,137,0,-43.171089,-22.6782509993281
RES_1336,3302502,Magé,Municipal total,426,144,0,-43.170632,-22.6714929993283
RES_1337,3302502,Magé,Municipal total,387,138,0,-43.172371,-22.6552329993287
RES_1338,3302502,Magé,Municipal total,1656,562,0,-43.165451,-22.7078939993274
RES_1339,3302502,Magé,Municipal total,1804,592,0,-43.16476,-22.7030699993275
RES_1340,3302502,Magé,Municipal total,80,23,0,-43.1677684368608,-22.693831899999996
RES_1341,3302502,Magé,Municipal total,301,98,0,-43.163963,-22.6904179993278
RES_1342,3302502,Magé,Municipal total,211,76,0,-43.162781,-22.6786509993281
RES_1343,3302502,Magé,Municipal total,125,40,0,-43.163879,-22.6693209993283
RES_1344,3302502,Magé,Municipal total,1355,451,0,-43.15882,-22.7069089993274
RES_1345,3302502,Magé,Municipal total,1838,624,0,-43.156526,-22.7023889993276
RES_1346,3302502,Magé,Municipal total,67,24,0,-43.161587949695914,-22.696650499999997
RES_1347,3302502,Magé,Municipal total,256,77,0,-43.16121,-22.6582219993286
RES_1348,3302502,Magé,Municipal total,1085,343,0,-43.149847,-22.7062939993275
RES_1349,3302502,Magé,Municipal total,1495,508,0,-43.151283,-22.7009759993276
RES_1350,3302502,Magé,Municipal total,4,1,0,-43.15276994297545,-22.695358199999998
RES_1351,3302502,Magé,Municipal total,197,71,0,-43.15038107510334,-22.677640749999995
RES_1352,3302502,Magé,Municipal total,478,146,0,-43.14339,-22.7070409993275
RES_1353,3302502,Magé,Municipal total,688,232,0,-43.143992,-22.7010029993276
RES_1354,3302502,Magé,Municipal total,106,33,0,-43.139893,-22.6961419993277
RES_1355,3302502,Magé,Municipal total,7,2,0,-43.140511000000004,-22.685848749999998
RES_1356,3302502,Magé,Municipal total,136,42,0,-43.134062,-22.7129869993273
RES_1357,3302502,Magé,Municipal total,1218,402,0,-43.135761,-22.7070989993275
RES_1358,3302502,Magé,Municipal total,349,115,0,-43.133126,-22.7038149993275
RES_1359,3302502,Magé,Municipal total,83,29,0,-43.13326479536207,-22.696904699999994
RES_1360,3302502,Magé,Municipal total,161,45,0,-43.130447,-22.7130719993273
RES_1361,3302502,Magé,Municipal total,847,270,0,-43.128806,-22.7066559993275
RES_1362,3302502,Magé,Municipal total,1202,386,0,-43.123979,-22.7004629993276
RES_1363,3302502,Magé,Municipal total,447,145,0,-43.128576,-22.6922239993278
RES_1364,3302502,Magé,Municipal total,109,43,0,-43.130535200000004,-22.687813799999994
RES_1365,3302502,Magé,Municipal total,336,114,0,-43.120159,-22.7088819993274
RES_1366,3302502,Magé,Municipal total,704,236,0,-43.121253,-22.6990659993276
RES_1367,3302502,Magé,Municipal total,252,85,0,-43.12191,-22.6930229993278
RES_1368,3302502,Magé,Municipal total,141,53,0,-43.204911,-22.6615419993285
RES_1369,3302502,Magé,Municipal total,1444,518,0,-43.204974,-22.6482069993288
RES_1370,3302502,Magé,Municipal total,1635,564,0,-43.205686,-22.641980999329
RES_1371,3302502,Magé,Municipal total,468,161,0,-43.202351,-22.6373309993291
RES_1372,3302502,Magé,Municipal total,548,195,0,-43.195609,-22.6369819993291
RES_1373,3302502,Magé,Municipal total,1014,344,0,-43.195686,-22.6206169993295
RES_1374,3302502,Magé,Municipal total,2744,978,0,-43.196357,-22.6149499993296
RES_1375,3302502,Magé,Municipal total,2387,910,0,-43.197058,-22.6075679993297
RES_1376,3302502,Magé,Municipal total,1898,697,0,-43.198745,-22.6025359993299
RES_1377,3302502,Magé,Municipal total,824,288,0,-43.19492,-22.5923729993301
RES_1378,3302502,Magé,Municipal total,561,197,0,-43.187498,-22.6359339993291
RES_1379,3302502,Magé,Municipal total,1638,586,0,-43.190207,-22.6282859993293
RES_1380,3302502,Magé,Municipal total,2547,903,0,-43.191241,-22.6210999993294
RES_1381,3302502,Magé,Municipal total,1895,679,0,-43.188703,-22.6167529993295
RES_1382,3302502,Magé,Municipal total,2315,821,0,-43.19166,-22.6067999993298
RES_1383,3302502,Magé,Municipal total,2532,911,0,-43.191428,-22.5998569993299
RES_1384,3302502,Magé,Municipal total,3096,1111,0,-43.190423,-22.59507299933
RES_1385,3302502,Magé,Municipal total,4458,1594,0,-43.19096,-22.5874119993302
RES_1386,3302502,Magé,Municipal total,275,88,0,-43.18251,-22.6456399993289
RES_1387,3302502,Magé,Municipal total,1001,354,0,-43.18331,-22.6346809993291
RES_1388,3302502,Magé,Municipal total,1706,630,0,-43.18068,-22.6296229993292
RES_1389,3302502,Magé,Municipal total,3603,1317,0,-43.181861,-22.6223249993294
RES_1390,3302502,Magé,Municipal total,4089,1479,0,-43.182314,-22.6144369993296
RES_1391,3302502,Magé,Municipal total,2383,853,0,-43.181155,-22.6069299993298
RES_1392,3302502,Magé,Municipal total,3340,1218,0,-43.183956,-22.59807599933
RES_1393,3302502,Magé,Municipal total,3044,1094,0,-43.183743,-22.5918079993301
RES_1394,3302502,Magé,Municipal total,481,162,0,-43.182941,-22.5849529993303
RES_1395,3302502,Magé,Municipal total,772,263,0,-43.18595,-22.5813479993304
RES_1396,3302502,Magé,Municipal total,1255,464,0,-43.182221,-22.5731569993305
RES_1397,3302502,Magé,Municipal total,192,70,0,-43.171988,-22.6376629993291
RES_1398,3302502,Magé,Municipal total,199,66,0,-43.174644,-22.6352459993291
RES_1399,3302502,Magé,Municipal total,3677,1313,0,-43.175133,-22.6294709993292
RES_1400,3302502,Magé,Municipal total,4716,1703,0,-43.174421,-22.6209249993294
RES_1401,3302502,Magé,Municipal total,3753,1317,0,-43.175004,-22.6146369993296
RES_1402,3302502,Magé,Municipal total,3016,1079,0,-43.174894,-22.6084339993297
RES_1403,3302502,Magé,Municipal total,2955,1108,0,-43.174821,-22.5993129993299
RES_1404,3302502,Magé,Municipal total,677,249,0,-43.177613,-22.5938239993301
RES_1405,3302502,Magé,Municipal total,547,179,0,-43.172917,-22.5847789993303
RES_1406,3302502,Magé,Municipal total,11,5,0,-43.17351259383798,-22.5739564
RES_1407,3302502,Magé,Municipal total,952,335,0,-43.169984,-22.6332509993292
RES_1408,3302502,Magé,Municipal total,1959,690,0,-43.168711,-22.6289339993293
RES_1409,3302502,Magé,Municipal total,4111,1473,0,-43.166273,-22.6224249993294
RES_1410,3302502,Magé,Municipal total,5657,2056,0,-43.166861,-22.6142669993296
RES_1411,3302502,Magé,Municipal total,1652,612,0,-43.168619,-22.6090349993297
RES_1412,3302502,Magé,Municipal total,694,235,0,-43.169819,-22.5838539993303
RES_1413,3302502,Magé,Municipal total,382,140,0,-43.166748,-22.5823709993303
RES_1414,3302502,Magé,Municipal total,998,359,0,-43.160439,-22.6283269993293
RES_1415,3302502,Magé,Municipal total,2825,1018,0,-43.159138,-22.6203129993295
RES_1416,3302502,Magé,Municipal total,1944,708,0,-43.161544,-22.6151189993296
RES_1417,3302502,Magé,Municipal total,572,208,0,-43.166215,-22.6202899993295
RES_1418,3302502,Magé,Municipal total,1709,614,0,-43.189224,-22.5923369993301
RES_1419,3302502,Magé,Municipal total,287,97,0,-43.202759,-22.6450519993289
RES_1420,3302502,Magé,Municipal total,891,309,0,-43.189883,-22.6429829993289
RES_1421,3302502,Magé,Municipal total,222,80,0,-43.186108,-22.6130799993296
RES_1422,3302502,Magé,Municipal total,992,372,0,-43.185489,-22.6101229993297
RES_1423,3302502,Magé,Municipal total,706,247,0,-43.207223,-22.6525719993287
RES_1424,3302502,Magé,Municipal total,587,204,0,-43.198271,-22.6520239993287
RES_1425,3302502,Magé,Municipal total,210,75,0,-43.195732,-22.6303629993292
RES_1426,3302502,Magé,Municipal total,398,146,0,-43.179325,-22.6025999993299
RES_1427,3302502,Magé,Municipal total,2538,893,0,-43.188304,-22.5903749993302
RES_1428,3302502,Magé,Municipal total,4,1,0,-43.126101607327904,-22.576634399999996
RES_1429,3302502,Magé,Municipal total,254,87,0,-43.056389,-22.5822759993303
RES_1430,3302502,Magé,Municipal total,1,0,0,-43.05898920870389,-22.5762717
RES_1431,3302502,Magé,Municipal total,589,213,0,-43.05613,-22.5717769993306
RES_1432,3302502,Magé,Municipal total,558,197,0,-43.051241,-22.5831979993303
RES_1433,3302502,Magé,Municipal total,305,110,0,-43.032973,-22.6040999993298
RES_1434,3302502,Magé,Municipal total,16,6,0,-43.03398043194444,-22.593834499999996
RES_1435,3302502,Magé,Municipal total,539,176,0,-43.02406,-22.5860809993303
RES_1436,3302502,Magé,Municipal total,207,68,0,-43.15534,-22.6549309993286
RES_1437,3302502,Magé,Municipal total,211,71,0,-43.15901,-22.6509869993288
RES_1438,3302502,Magé,Municipal total,29,11,0,-43.17123,-22.6438639993289
RES_1439,3302502,Magé,Municipal total,147,57,0,-43.15141357702183,-22.673234700000002
RES_1440,3302502,Magé,Municipal total,758,278,0,-43.150491,-22.6582799993286
RES_1441,3302502,Magé,Municipal total,502,166,0,-43.151847,-22.6502189993288
RES_1442,3302502,Magé,Municipal total,789,295,0,-43.13181,-22.6686569993283
RES_1443,3302502,Magé,Municipal total,1299,470,0,-43.134065,-22.6649379993284
RES_1444,3302502,Magé,Municipal total,951,353,0,-43.133243,-22.6607519993285
RES_1445,3302502,Magé,Municipal total,7,2,0,-43.13924110000001,-22.652336799999993
RES_1446,3302502,Magé,Municipal total,581,213,0,-43.128098,-22.6703449993283
RES_1447,3302502,Magé,Municipal total,2657,962,0,-43.12775,-22.6635729993285
RES_1448,3302502,Magé,Municipal total,1236,458,0,-43.128322,-22.6599399993285
RES_1449,3302502,Magé,Municipal total,876,309,0,-43.119445,-22.6632789993285
RES_1450,3302502,Magé,Municipal total,217,69,0,-43.11934695,-22.65450405
RES_1451,3302502,Magé,Municipal total,908,332,0,-43.120501,-22.6482109993288
RES_1452,3302502,Magé,Municipal total,432,161,0,-43.119988,-22.6449649993289
RES_1453,3302502,Magé,Municipal total,119,41,0,-43.114143,-22.6918769993278
RES_1454,3302502,Magé,Municipal total,249,92,0,-43.112407,-22.6671169993284
RES_1455,3302502,Magé,Municipal total,6,2,0,-43.105768,-22.683725999328
RES_1456,3302502,Magé,Municipal total,64,23,0,-43.10785785,-22.65096524999999
RES_1457,3302502,Magé,Municipal total,524,178,0,-43.132938,-22.6625799993285
RES_1458,3302502,Magé,Municipal total,485,178,0,-43.124772,-22.6601949993285
RES_1459,3302502,Magé,Municipal total,379,138,0,-43.133953,-22.6707139993283
RES_1460,3302502,Magé,Municipal total,319,122,0,-43.134611,-22.6671199993284
RES_1461,3302502,Magé,Municipal total,606,213,0,-43.14533,-22.6565129993286
RES_1462,3302502,Magé,Municipal total,618,224,0,-43.125029,-22.6690519993283
RES_1463,3302502,Magé,Municipal total,436,162,0,-43.122904,-22.6698589993283
RES_1464,3302502,Magé,Municipal total,309,116,0,-43.120804,-22.6642529993284
RES_1465,3302502,Magé,Municipal total,106,38,0,-43.117391,-22.6653769993284
RES_1466,3302502,Magé,Municipal total,426,151,0,-43.120419,-22.6600559993285
RES_1467,3302502,Magé,Municipal total,438,164,0,-43.170118,-22.6045179993298
RES_1468,3302502,Magé,Municipal total,252,93,0,-43.17000200319714,-22.597537850000002
RES_1469,3302502,Magé,Municipal total,885,329,0,-43.166653,-22.5927889993301
RES_1470,3302502,Magé,Municipal total,1272,433,0,-43.165809,-22.5836029993303
RES_1471,3302502,Magé,Municipal total,45,16,0,-43.160642,-22.6077469993298
RES_1472,3302502,Magé,Municipal total,331,110,0,-43.15024750330546,-22.629359700000002
RES_1473,3302502,Magé,Municipal total,274,104,0,-43.15435,-22.6192929993295
RES_1474,3302502,Magé,Municipal total,2010,699,0,-43.150743,-22.6150829993296
RES_1475,3302502,Magé,Municipal total,341,117,0,-43.152129,-22.6055919993298
RES_1476,3302502,Magé,Municipal total,365,131,0,-43.153606,-22.6024559993299
RES_1477,3302502,Magé,Municipal total,135,48,0,-43.144365,-22.6137749993296
RES_1478,3302502,Magé,Municipal total,769,281,0,-43.141874,-22.6003199993299
RES_1479,3302502,Magé,Municipal total,269,89,0,-43.132524,-22.6076249993298
RES_1480,3302502,Magé,Municipal total,329,112,0,-43.134937,-22.5922979993301
RES_1481,3302502,Magé,Municipal total,66,27,0,-43.13091379413865,-22.61488895
RES_1482,3302502,Magé,Municipal total,273,95,0,-43.130072,-22.59680099933
RES_1483,3302502,Magé,Municipal total,293,105,0,-43.123319,-22.5941359993301
RES_1484,3302502,Magé,Municipal total,31,11,0,-43.112968,-22.6353379993291
RES_1485,3302502,Magé,Municipal total,479,173,0,-43.11406,-22.6281279993293
RES_1486,3302502,Magé,Municipal total,1467,493,0,-43.114459,-22.5940009993301
RES_1487,3302502,Magé,Municipal total,115,42,0,-43.10624457560539,-22.62702075
RES_1488,3302502,Magé,Municipal total,239,83,0,-43.107216,-22.6143899993296
RES_1489,3302502,Magé,Municipal total,356,114,0,-43.102447850000004,-22.608441349999996
RES_1490,3302502,Magé,Municipal total,143,41,0,-43.093813,-22.59544399933
RES_1491,3302502,Magé,Municipal total,76,28,0,-43.105329,-22.6182279993295
RES_1492,3302502,Magé,Municipal total,266,92,0,-43.090396,-22.59716599933
RES_1493,3302502,Magé,Municipal total,120,39,0,-43.092303,-22.5916889993301
RES_1494,3302502,Magé,Municipal total,572,186,0,-43.085054,-22.59532199933
RES_1495,3302502,Magé,Municipal total,202,62,0,-43.078088,-22.5931409993301
RES_1496,3302502,Magé,Municipal total,69,24,0,-43.061848,-22.5944039993301
RES_1497,3302502,Magé,Municipal total,937,329,0,-43.067289,-22.5833059993303
RES_1498,3302502,Magé,Municipal total,411,140,0,-43.064405,-22.5805019993304
RES_1499,3302502,Magé,Municipal total,314,104,0,-43.064237,-22.5731039993306
RES_1500,3302502,Magé,Municipal total,365,134,0,-43.062066,-22.5838239993303
RES_1501,3302502,Magé,Municipal total,268,88,0,-43.062619,-22.5728789993306
RES_1502,3302502,Magé,Municipal total,219,81,0,-43.051469,-22.5867769993302
RES_1503,3302502,Magé,Municipal total,600,217,0,-43.156342,-22.6209969993294
RES_1504,3302502,Magé,Municipal total,296,102,0,-43.15752,-22.6163189993296
RES_1505,3302502,Magé,Municipal total,394,137,0,-43.164421,-22.5853649993303
RES_1506,3302601,Mangaratiba,Municipal total,71,4,0,-43.89943119145342,-22.924658449999995
RES_1507,3302601,Mangaratiba,Municipal total,12,1,0,-43.899255,-22.9162409993226
RES_1508,3302601,Mangaratiba,Municipal total,2,0,0,-43.898892,-22.9096849993228
RES_1509,3302601,Mangaratiba,Municipal total,14,1,0,-43.890074799999994,-22.951240900000002
RES_1510,3302601,Mangaratiba,Municipal total,90,4,0,-43.888290600000005,-22.949568350000007
RES_1511,3302601,Mangaratiba,Municipal total,96,5,0,-43.88789705000001,-22.927769850000004
RES_1512,3302601,Mangaratiba,Municipal total,137,8,0,-43.891427,-22.9065999993229
RES_1513,3302601,Mangaratiba,Municipal total,29,1,0,-43.8838375,-22.9423442
RES_1514,3302601,Mangaratiba,Municipal total,56,3,0,-43.882306,-22.9073299993228
RES_1515,3302601,Mangaratiba,Municipal total,40,2,0,-43.8749118,-23.064196799999998
RES_1516,3302601,Mangaratiba,Municipal total,584,30,0,-43.895955,-22.9359769993222
RES_1517,3302601,Mangaratiba,Municipal total,164,9,0,-43.898759,-22.9158559993226
RES_1518,3302700,Maricá,Municipal total,1,0,0,-42.900309,-22.9254869993224
RES_1519,3302700,Maricá,Municipal total,1141,284,0,-42.894444,-22.9365439993222
RES_1520,3302700,Maricá,Municipal total,934,255,0,-42.897456,-22.9313869993223
RES_1521,3302700,Maricá,Municipal total,123,27,0,-42.891349,-22.9541599993218
RES_1522,3302700,Maricá,Municipal total,595,150,0,-42.888872,-22.9403809993221
RES_1523,3302700,Maricá,Municipal total,2964,746,0,-42.889301,-22.9366289993222
RES_1524,3302700,Maricá,Municipal total,1410,367,0,-42.890158,-22.9304329993223
RES_1525,3302700,Maricá,Municipal total,136,36,0,-42.886109,-22.9230959993225
RES_1526,3302700,Maricá,Municipal total,2485,635,0,-42.880726,-22.9362619993222
RES_1527,3302700,Maricá,Municipal total,1316,355,0,-42.883992,-22.9284019993224
RES_1528,3302700,Maricá,Municipal total,539,134,0,-42.879794,-22.9241999993225
RES_1529,3302700,Maricá,Municipal total,6,2,0,-42.874607,-22.9067659993229
RES_1530,3302700,Maricá,Municipal total,1496,381,0,-42.874273,-22.9362899993222
RES_1531,3302700,Maricá,Municipal total,1836,471,0,-42.874676,-22.9287729993223
RES_1532,3302700,Maricá,Municipal total,35,9,0,-42.878065,-22.9209759993225
RES_1533,3302700,Maricá,Municipal total,13,4,0,-42.871357,-22.9090449993228
RES_1534,3302700,Maricá,Municipal total,304,79,0,-42.86964,-22.9323699993223
RES_1535,3302700,Maricá,Municipal total,708,181,0,-42.863257,-22.9271199993224
RES_1536,3302700,Maricá,Municipal total,899,240,0,-42.865209,-22.9233149993225
RES_1537,3302700,Maricá,Municipal total,1169,316,0,-42.867939,-22.9141459993227
RES_1538,3302700,Maricá,Municipal total,67,18,0,-42.860216,-22.899018999323
RES_1539,3302700,Maricá,Municipal total,1266,325,0,-42.857899,-22.9254459993224
RES_1540,3302700,Maricá,Municipal total,1055,287,0,-42.857841,-22.9203659993226
RES_1541,3302700,Maricá,Municipal total,140,32,0,-42.861801,-22.9105369993228
RES_1542,3302700,Maricá,Municipal total,367,91,0,-42.85065,-22.9251989993224
RES_1543,3302700,Maricá,Municipal total,1548,403,0,-42.850898,-22.9212179993225
RES_1544,3302700,Maricá,Municipal total,33,8,0,-42.85161,-22.9044229993229
RES_1545,3302700,Maricá,Municipal total,5,1,0,-42.841938,-22.9603579993216
RES_1546,3302700,Maricá,Municipal total,1011,270,0,-42.845743,-22.9187009993226
RES_1547,3302700,Maricá,Municipal total,2036,508,0,-42.841518,-22.9144589993227
RES_1548,3302700,Maricá,Municipal total,427,119,0,-42.840341,-22.901811999323
RES_1549,3302700,Maricá,Municipal total,415,103,0,-42.833328,-22.9579879993217
RES_1550,3302700,Maricá,Municipal total,1576,405,0,-42.83586,-22.9111509993228
RES_1551,3302700,Maricá,Municipal total,1054,285,0,-42.835876,-22.9058379993229
RES_1552,3302700,Maricá,Municipal total,650,174,0,-42.837387,-22.901314999323
RES_1553,3302700,Maricá,Municipal total,163,42,0,-42.835041,-22.8949079993231
RES_1554,3302700,Maricá,Municipal total,97,28,0,-42.837021,-22.8812359993234
RES_1555,3302700,Maricá,Municipal total,119,33,0,-42.826538,-22.9602009993216
RES_1556,3302700,Maricá,Municipal total,368,93,0,-42.825832,-22.9587729993217
RES_1557,3302700,Maricá,Municipal total,474,107,0,-42.82648,-22.943458999322
RES_1558,3302700,Maricá,Municipal total,2017,534,0,-42.826033,-22.9356979993222
RES_1559,3302700,Maricá,Municipal total,1191,303,0,-42.824914,-22.9272079993224
RES_1560,3302700,Maricá,Municipal total,990,255,0,-42.824794,-22.9204479993225
RES_1561,3302700,Maricá,Municipal total,2294,611,0,-42.827336,-22.9124639993227
RES_1562,3302700,Maricá,Municipal total,2203,582,0,-42.825785,-22.9060639993229
RES_1563,3302700,Maricá,Municipal total,83,22,0,-42.82704,-22.897826999323
RES_1564,3302700,Maricá,Municipal total,1228,340,0,-42.831138,-22.8907729993232
RES_1565,3302700,Maricá,Municipal total,220,61,0,-42.83089055,-22.8818962
RES_1566,3302700,Maricá,Municipal total,2,1,0,-42.830057323000005,-22.874753749999996
RES_1567,3302700,Maricá,Municipal total,273,70,0,-42.821778,-22.9594749993216
RES_1568,3302700,Maricá,Municipal total,1583,403,0,-42.821788,-22.9285009993224
RES_1569,3302700,Maricá,Municipal total,591,138,0,-42.822017,-22.9228739993225
RES_1570,3302700,Maricá,Municipal total,1368,347,0,-42.822079,-22.9149469993227
RES_1571,3302700,Maricá,Municipal total,420,108,0,-42.820177,-22.9069669993229
RES_1572,3302700,Maricá,Municipal total,415,103,0,-42.821588,-22.9029179993229
RES_1573,3302700,Maricá,Municipal total,445,110,0,-42.821808,-22.8915839993232
RES_1574,3302700,Maricá,Municipal total,4,1,0,-42.82018685114984,-22.87472235
RES_1575,3302700,Maricá,Municipal total,979,248,0,-42.822912,-22.9353049993222
RES_1576,3302700,Maricá,Municipal total,202,55,0,-42.864286,-22.9257389993224
RES_1577,3302700,Maricá,Municipal total,383,108,0,-42.858814,-22.9226329993225
RES_1578,3302700,Maricá,Municipal total,464,131,0,-42.883878,-22.9323499993223
RES_1579,3302700,Maricá,Municipal total,264,68,0,-42.826758,-22.9154399993227
RES_1580,3302700,Maricá,Municipal total,111,29,0,-42.822149,-22.9139429993227
RES_1581,3302700,Maricá,Municipal total,139,37,0,-42.826017,-22.901718999323
RES_1582,3302700,Maricá,Municipal total,377,92,0,-42.875385,-22.9312559993223
RES_1583,3302700,Maricá,Municipal total,448,125,0,-42.957034,-22.943435999322
RES_1584,3302700,Maricá,Municipal total,3506,933,0,-42.951764,-22.946117999322
RES_1585,3302700,Maricá,Municipal total,719,191,0,-42.953441,-22.9392299993221
RES_1586,3302700,Maricá,Municipal total,1586,416,0,-42.950878,-22.9320069993223
RES_1587,3302700,Maricá,Municipal total,54,14,0,-42.950562,-22.9232819993225
RES_1588,3302700,Maricá,Municipal total,1296,351,0,-42.94726,-22.9211899993225
RES_1589,3302700,Maricá,Municipal total,895,236,0,-42.94553,-22.9141939993227
RES_1590,3302700,Maricá,Municipal total,25,7,0,-42.942987,-22.9120879993227
RES_1591,3302700,Maricá,Municipal total,266,69,0,-42.942865,-22.902307999323
RES_1592,3302700,Maricá,Municipal total,560,147,0,-42.936161,-22.9351729993222
RES_1593,3302700,Maricá,Municipal total,1005,272,0,-42.934345,-22.9266779993224
RES_1594,3302700,Maricá,Municipal total,470,130,0,-42.935207,-22.9209179993225
RES_1595,3302700,Maricá,Municipal total,1044,290,0,-42.933001,-22.9037739993229
RES_1596,3302700,Maricá,Municipal total,1551,396,0,-42.936007,-22.899314999323
RES_1597,3302700,Maricá,Municipal total,409,107,0,-42.939838,-22.8973559993231
RES_1598,3302700,Maricá,Municipal total,594,155,0,-42.926535,-22.9290109993223
RES_1599,3302700,Maricá,Municipal total,648,169,0,-42.928395,-22.9239719993224
RES_1600,3302700,Maricá,Municipal total,1881,519,0,-42.927939,-22.9135209993227
RES_1601,3302700,Maricá,Municipal total,2207,568,0,-42.930451,-22.9084919993228
RES_1602,3302700,Maricá,Municipal total,759,212,0,-42.929669,-22.8971479993231
RES_1603,3302700,Maricá,Municipal total,1852,474,0,-42.927864,-22.8927019993232
RES_1604,3302700,Maricá,Municipal total,1047,276,0,-42.924721,-22.9227079993225
RES_1605,3302700,Maricá,Municipal total,100,27,0,-42.92073133123604,-22.918374899999996
RES_1606,3302700,Maricá,Municipal total,2997,789,0,-42.923433,-22.9059139993229
RES_1607,3302700,Maricá,Municipal total,1035,262,0,-42.923033,-22.9038799993229
RES_1608,3302700,Maricá,Municipal total,1205,287,0,-42.923592,-22.8927609993232
RES_1609,3302700,Maricá,Municipal total,29,7,0,-42.889541,-22.8804139993234
RES_1610,3302700,Maricá,Municipal total,58,15,0,-42.88357,-22.8798649993235
RES_1611,3302700,Maricá,Municipal total,1031,259,0,-42.935741,-22.9186129993226
RES_1612,3302700,Maricá,Municipal total,5292,1427,0,-42.936882,-22.9143429993227
RES_1613,3302700,Maricá,Municipal total,1140,300,0,-42.936473,-22.9084349993228
RES_1614,3302700,Maricá,Municipal total,1070,266,0,-43.01321,-22.9663739993215
RES_1615,3302700,Maricá,Municipal total,740,178,0,-43.004962,-22.9661539993215
RES_1616,3302700,Maricá,Municipal total,680,181,0,-43.00477,-22.9604779993216
RES_1617,3302700,Maricá,Municipal total,1271,318,0,-42.996867,-22.9648249993215
RES_1618,3302700,Maricá,Municipal total,2694,691,0,-42.998587,-22.9584219993217
RES_1619,3302700,Maricá,Municipal total,1131,284,0,-42.990704,-22.9647099993215
RES_1620,3302700,Maricá,Municipal total,1822,465,0,-42.990625,-22.9589419993217
RES_1621,3302700,Maricá,Municipal total,2128,561,0,-42.989889,-22.9527419993218
RES_1622,3302700,Maricá,Municipal total,29,7,0,-42.991309,-22.9465919993219
RES_1623,3302700,Maricá,Municipal total,1540,389,0,-42.983834,-22.9654209993215
RES_1624,3302700,Maricá,Municipal total,2605,651,0,-42.983936,-22.9586769993217
RES_1625,3302700,Maricá,Municipal total,837,222,0,-42.984027,-22.9524619993218
RES_1626,3302700,Maricá,Municipal total,1336,335,0,-42.975249,-22.9647569993215
RES_1627,3302700,Maricá,Municipal total,1418,386,0,-42.974709,-22.9608439993216
RES_1628,3302700,Maricá,Municipal total,867,226,0,-42.974531,-22.9529509993218
RES_1629,3302700,Maricá,Municipal total,898,248,0,-42.973614,-22.9468959993219
RES_1630,3302700,Maricá,Municipal total,517,137,0,-42.972892,-22.9366779993222
RES_1631,3302700,Maricá,Municipal total,951,228,0,-42.967536,-22.9668229993215
RES_1632,3302700,Maricá,Municipal total,3304,881,0,-42.967418,-22.9595569993216
RES_1633,3302700,Maricá,Municipal total,555,151,0,-42.965035,-22.9489759993219
RES_1634,3302700,Maricá,Municipal total,96,26,0,-42.965362,-22.946097999322
RES_1635,3302700,Maricá,Municipal total,327,84,0,-42.967601,-22.9324159993223
RES_1636,3302700,Maricá,Municipal total,469,115,0,-42.965155,-22.9224569993225
RES_1637,3302700,Maricá,Municipal total,1675,421,0,-42.959482,-22.9658159993215
RES_1638,3302700,Maricá,Municipal total,2358,602,0,-42.959427,-22.9590369993217
RES_1639,3302700,Maricá,Municipal total,2296,619,0,-42.959484,-22.9513339993218
RES_1640,3302700,Maricá,Municipal total,280,75,0,-42.959642,-22.9458379993219
RES_1641,3302700,Maricá,Municipal total,237,63,0,-42.962148,-22.9274979993224
RES_1642,3302700,Maricá,Municipal total,2756,713,0,-42.951376,-22.9657789993215
RES_1643,3302700,Maricá,Municipal total,2575,697,0,-42.952203,-22.9581629993217
RES_1644,3302700,Maricá,Municipal total,891,247,0,-42.949786,-22.9517769993218
RES_1645,3302700,Maricá,Municipal total,331,80,0,-42.953804,-22.9248769993224
RES_1646,3302700,Maricá,Municipal total,86,20,0,-42.96025,-22.9170349993226
RES_1647,3302700,Maricá,Municipal total,121,30,0,-42.949254,-22.9114729993228
RES_1648,3302700,Maricá,Municipal total,1608,424,0,-42.943387,-22.9649309993215
RES_1649,3302700,Maricá,Municipal total,1387,384,0,-42.94417,-22.9588069993217
RES_1650,3302700,Maricá,Municipal total,516,145,0,-42.944344,-22.9531349993218
RES_1651,3302700,Maricá,Municipal total,342,78,0,-42.933807,-22.9715039993214
RES_1652,3302700,Maricá,Municipal total,2527,646,0,-42.936114,-22.9662839993215
RES_1653,3302700,Maricá,Municipal total,1348,367,0,-42.936159,-22.9590069993216
RES_1654,3302700,Maricá,Municipal total,617,165,0,-42.935002,-22.944385999322
RES_1655,3302700,Maricá,Municipal total,2019,536,0,-42.927182,-22.9654779993215
RES_1656,3302700,Maricá,Municipal total,1179,319,0,-42.928111,-22.9589259993217
RES_1657,3302700,Maricá,Municipal total,212,59,0,-42.928384,-22.9392119993221
RES_1658,3302700,Maricá,Municipal total,1113,272,0,-42.921229,-22.9714879993214
RES_1659,3302700,Maricá,Municipal total,632,169,0,-42.919968,-22.9670229993215
RES_1660,3302700,Maricá,Municipal total,592,159,0,-42.910222,-22.9706989993214
RES_1661,3302700,Maricá,Municipal total,1675,457,0,-42.912674,-22.9673599993214
RES_1662,3302700,Maricá,Municipal total,468,130,0,-42.905581,-22.9664809993215
RES_1663,3302700,Maricá,Municipal total,1041,277,0,-42.905124,-22.941479999322
RES_1664,3302700,Maricá,Municipal total,618,163,0,-42.908245,-22.9382039993221
RES_1665,3302700,Maricá,Municipal total,685,187,0,-42.901474,-22.9377879993221
RES_1666,3302809,Mendes,Municipal total,3,0,0,-43.764441,-22.573851349999998
RES_1667,3302858,Mesquita,Municipal total,2475,827,0,-43.434391,-22.7911939993255
RES_1668,3302858,Mesquita,Municipal total,5932,1983,0,-43.430199,-22.7896199993255
RES_1669,3302858,Mesquita,Municipal total,4662,1550,0,-43.429776,-22.7842359993257
RES_1670,3302858,Mesquita,Municipal total,567,185,0,-43.431846,-22.7781029993258
RES_1671,3302858,Mesquita,Municipal total,95,31,0,-43.44241,-22.7736319993259
RES_1672,3302858,Mesquita,Municipal total,773,266,0,-43.437811,-22.7798649993258
RES_1673,3302858,Mesquita,Municipal total,6036,2015,0,-43.437911,-22.7767229993258
RES_1674,3302858,Mesquita,Municipal total,3372,1113,0,-43.442599,-22.8046539993252
RES_1675,3302858,Mesquita,Municipal total,1050,352,0,-43.441757,-22.7999029993253
RES_1676,3302858,Mesquita,Municipal total,928,308,0,-43.440121,-22.8097259993251
RES_1677,3302858,Mesquita,Municipal total,10198,3473,0,-43.437064,-22.8052509993252
RES_1678,3302858,Mesquita,Municipal total,7109,2423,0,-43.436716,-22.7995239993253
RES_1679,3302858,Mesquita,Municipal total,3329,1141,0,-43.431273,-22.8031819993252
RES_1680,3302858,Mesquita,Municipal total,4441,1483,0,-43.430877,-22.8000219993253
RES_1681,3302858,Mesquita,Municipal total,85,28,0,-43.437803,-22.8092289993251
RES_1682,3302858,Mesquita,Municipal total,366,123,0,-43.441827,-22.7894559993256
RES_1683,3302858,Mesquita,Municipal total,3593,1201,0,-43.438949,-22.7957029993254
RES_1684,3302858,Mesquita,Municipal total,5523,1848,0,-43.438402,-22.7900429993255
RES_1685,3302858,Mesquita,Municipal total,1132,383,0,-43.436136,-22.7864929993256
RES_1686,3302858,Mesquita,Municipal total,150,53,0,-43.444958,-22.7880069993256
RES_1687,3302858,Mesquita,Municipal total,943,329,0,-43.441998,-22.7765159993259
RES_1688,3302858,Mesquita,Municipal total,2541,844,0,-43.435088,-22.7829789993257
RES_1689,3302858,Mesquita,Municipal total,752,262,0,-43.438042,-22.7821609993257
RES_1690,3302858,Mesquita,Municipal total,1781,590,0,-43.434392,-22.7950549993254
RES_1691,3302858,Mesquita,Municipal total,173,62,0,-43.433893,-22.7939949993254
RES_1692,3302858,Mesquita,Municipal total,5504,1878,0,-43.428816,-22.7967139993254
RES_1693,3302858,Mesquita,Municipal total,3750,1312,0,-43.428213,-22.7927589993255
RES_1694,3302858,Mesquita,Municipal total,1984,670,0,-43.424535,-22.7972489993254
RES_1695,3302858,Mesquita,Municipal total,622,202,0,-43.426142,-22.7846059993256
RES_1696,3302858,Mesquita,Municipal total,3896,1311,0,-43.421981,-22.7887929993256
RES_1697,3302858,Mesquita,Municipal total,9443,3190,0,-43.422147,-22.7841089993257
RES_1698,3302858,Mesquita,Municipal total,381,131,0,-43.416491,-22.7872879993256
RES_1699,3302858,Mesquita,Municipal total,180,57,0,-43.416117,-22.7877799993256
RES_1700,3302858,Mesquita,Municipal total,2230,755,0,-43.421362,-22.7957029993254
RES_1701,3302858,Mesquita,Municipal total,1763,608,0,-43.419474,-22.7932549993255
RES_1702,3302858,Mesquita,Municipal total,474,179,0,-43.417491,-22.7944499993254
RES_1703,3302858,Mesquita,Municipal total,6563,2237,0,-43.415281,-22.7907799993255
RES_1704,3302858,Mesquita,Municipal total,888,306,0,-43.434093,-22.7744589993259
RES_1705,3302858,Mesquita,Municipal total,2585,900,0,-43.437176,-22.771090999326
RES_1706,3302858,Mesquita,Municipal total,2178,727,0,-43.430494,-22.7742849993259
RES_1707,3302858,Mesquita,Municipal total,1435,470,0,-43.432217,-22.770279999326
RES_1708,3302858,Mesquita,Municipal total,133,33,0,-43.428687,-22.7802279993258
RES_1709,3302858,Mesquita,Municipal total,2809,929,0,-43.427741,-22.7773839993258
RES_1710,3302858,Mesquita,Municipal total,1005,331,0,-43.425352,-22.7770549993258
RES_1711,3302858,Mesquita,Municipal total,565,202,0,-43.417936,-22.7805869993257
RES_1712,3302858,Mesquita,Municipal total,991,325,0,-43.419628569421235,-22.779425250000003
RES_1713,3302858,Mesquita,Municipal total,3528,1218,0,-43.414182,-22.7821049993257
RES_1714,3302858,Mesquita,Municipal total,4603,1562,0,-43.414377,-22.7770639993258
RES_1715,3302858,Mesquita,Municipal total,777,265,0,-43.409103,-22.7783999993258
RES_1716,3302858,Mesquita,Municipal total,2227,754,0,-43.403471,-22.7772339993258
RES_1717,3302858,Mesquita,Municipal total,1130,372,0,-43.401359,-22.7802049993258
RES_1718,3302858,Mesquita,Municipal total,1844,641,0,-43.400787,-22.7774979993258
RES_1719,3302858,Mesquita,Municipal total,2099,780,0,-43.411575,-22.7846099993256
RES_1720,3302858,Mesquita,Municipal total,57,19,0,-43.409492,-22.7871179993256
RES_1721,3302858,Mesquita,Municipal total,5799,2056,0,-43.407064,-22.7822709993257
RES_1722,3302858,Mesquita,Municipal total,338,119,0,-43.406061,-22.7792729993258
RES_1723,3302858,Mesquita,Municipal total,215,74,0,-43.408594,-22.7868679993256
RES_1724,3302858,Mesquita,Municipal total,722,244,0,-43.406151,-22.7856239993256
RES_1725,3302858,Mesquita,Municipal total,2180,715,0,-43.41095,-22.7883459993256
RES_1726,3302858,Mesquita,Municipal total,1211,450,0,-43.413257,-22.7862749993256
RES_1727,3302858,Mesquita,Municipal total,807,275,0,-43.408543,-22.7882689993256
RES_1728,3302858,Mesquita,Municipal total,2612,883,0,-43.419071,-22.7741069993259
RES_1729,3302858,Mesquita,Municipal total,1351,432,0,-43.41999,-22.770921999326
RES_1730,3302858,Mesquita,Municipal total,2240,776,0,-43.416729,-22.7743429993259
RES_1731,3302858,Mesquita,Municipal total,4701,1588,0,-43.41506,-22.770161999326
RES_1732,3302858,Mesquita,Municipal total,343,116,0,-43.425869,-22.7734269993259
RES_1733,3302858,Mesquita,Municipal total,3036,1024,0,-43.427639,-22.769826999326
RES_1734,3302858,Mesquita,Municipal total,2461,818,0,-43.422517,-22.7751169993259
RES_1735,3302858,Mesquita,Municipal total,5417,1855,0,-43.422622,-22.768347999326
RES_1736,3302858,Mesquita,Municipal total,44,15,0,-43.446834,-22.7975449993254
RES_1737,3302908,Miguel Pereira,Municipal total,295,10,0,-43.643215,-22.6096819993297
RES_1738,3302908,Miguel Pereira,Municipal total,17,1,0,-43.603199,-22.5783299993304
RES_1739,3303203,Nilópolis,Municipal total,2356,794,0,-43.419158,-22.8110009993251
RES_1740,3303203,Nilópolis,Municipal total,3888,1391,0,-43.421059,-22.8063459993252
RES_1741,3303203,Nilópolis,Municipal total,4265,1586,0,-43.415066,-22.812227999325
RES_1742,3303203,Nilópolis,Municipal total,6748,2463,0,-43.414198,-22.8054179993252
RES_1743,3303203,Nilópolis,Municipal total,442,164,0,-43.418329,-22.8021939993252
RES_1744,3303203,Nilópolis,Municipal total,1027,387,0,-43.418615,-22.8002269993253
RES_1745,3303203,Nilópolis,Municipal total,1532,549,0,-43.416521,-22.7994719993253
RES_1746,3303203,Nilópolis,Municipal total,689,229,0,-43.413231,-22.8022619993252
RES_1747,3303203,Nilópolis,Municipal total,6488,2367,0,-43.413712,-22.7973959993254
RES_1748,3303203,Nilópolis,Municipal total,740,279,0,-43.411924,-22.7936339993255
RES_1749,3303203,Nilópolis,Municipal total,460,166,0,-43.40988,-22.7952369993254
RES_1750,3303203,Nilópolis,Municipal total,415,149,0,-43.409901,-22.7934859993255
RES_1751,3303203,Nilópolis,Municipal total,827,313,0,-43.411198,-22.8019929993253
RES_1752,3303203,Nilópolis,Municipal total,1175,441,0,-43.410339,-22.7991789993253
RES_1753,3303203,Nilópolis,Municipal total,902,330,0,-43.408752,-22.8027179993252
RES_1754,3303203,Nilópolis,Municipal total,4245,1575,0,-43.407697,-22.7987159993253
RES_1755,3303203,Nilópolis,Municipal total,663,272,0,-43.406346,-22.8014279993253
RES_1756,3303203,Nilópolis,Municipal total,955,359,0,-43.404688,-22.8003639993253
RES_1757,3303203,Nilópolis,Municipal total,5557,2033,0,-43.404364,-22.8040929993252
RES_1758,3303203,Nilópolis,Municipal total,1267,470,0,-43.401067,-22.8042769993252
RES_1759,3303203,Nilópolis,Municipal total,834,306,0,-43.410869,-22.811034999325
RES_1760,3303203,Nilópolis,Municipal total,412,138,0,-43.410847,-22.8061509993252
RES_1761,3303203,Nilópolis,Municipal total,798,297,0,-43.408186,-22.8097689993251
RES_1762,3303203,Nilópolis,Municipal total,3169,1172,0,-43.408108,-22.8067789993251
RES_1763,3303203,Nilópolis,Municipal total,1824,657,0,-43.427866,-22.8092709993251
RES_1764,3303203,Nilópolis,Municipal total,6048,2172,0,-43.428165,-22.8054239993252
RES_1765,3303203,Nilópolis,Municipal total,813,293,0,-43.42425,-22.8089959993251
RES_1766,3303203,Nilópolis,Municipal total,4179,1484,0,-43.423476,-22.8043079993252
RES_1767,3303203,Nilópolis,Municipal total,1231,447,0,-43.42279,-22.8008579993253
RES_1768,3303203,Nilópolis,Municipal total,532,197,0,-43.433561,-22.814911999325
RES_1769,3303203,Nilópolis,Municipal total,3897,1447,0,-43.42772,-22.8171519993249
RES_1770,3303203,Nilópolis,Municipal total,5140,1872,0,-43.428694,-22.813994999325
RES_1771,3303203,Nilópolis,Municipal total,1267,468,0,-43.423599,-22.8167169993249
RES_1772,3303203,Nilópolis,Municipal total,7472,2737,0,-43.422636,-22.813234999325
RES_1773,3303203,Nilópolis,Municipal total,5192,1919,0,-43.435897,-22.8113479993251
RES_1774,3303203,Nilópolis,Municipal total,1211,446,0,-43.43375,-22.8081779993251
RES_1775,3303203,Nilópolis,Municipal total,3956,1443,0,-43.431458,-22.8107819993251
RES_1776,3303203,Nilópolis,Municipal total,860,313,0,-43.431974,-22.8077799993251
RES_1777,3303203,Nilópolis,Municipal total,4297,1555,0,-43.413249,-22.8183239993249
RES_1778,3303203,Nilópolis,Municipal total,2542,907,0,-43.413296,-22.814809999325
RES_1779,3303203,Nilópolis,Municipal total,1973,712,0,-43.407922,-22.8181939993249
RES_1780,3303203,Nilópolis,Municipal total,307,104,0,-43.409698,-22.8150479993249
RES_1781,3303203,Nilópolis,Municipal total,393,161,0,-43.411466,-22.8201829993248
RES_1782,3303203,Nilópolis,Municipal total,1967,728,0,-43.40488,-22.8177579993249
RES_1783,3303203,Nilópolis,Municipal total,6448,2358,0,-43.406409,-22.812630999325
RES_1784,3303203,Nilópolis,Municipal total,974,356,0,-43.400703,-22.8164989993249
RES_1785,3303203,Nilópolis,Municipal total,176,69,0,-43.403596,-22.8159549993249
RES_1786,3303203,Nilópolis,Municipal total,1793,648,0,-43.402647,-22.815034999325
RES_1787,3303203,Nilópolis,Municipal total,1400,370,0,-43.401277,-22.814617999325
RES_1788,3303203,Nilópolis,Municipal total,7575,2808,0,-43.39765,-22.812335999325
RES_1789,3303203,Nilópolis,Municipal total,2759,983,0,-43.39327,-22.812825999325
RES_1790,3303203,Nilópolis,Municipal total,3581,1303,0,-43.419728,-22.8245809993247
RES_1791,3303203,Nilópolis,Municipal total,5121,1861,0,-43.420329,-22.8210409993248
RES_1792,3303203,Nilópolis,Municipal total,2558,932,0,-43.416372,-22.8201179993248
RES_1793,3303203,Nilópolis,Municipal total,696,259,0,-43.40318,-22.8095759993251
RES_1794,3303203,Nilópolis,Municipal total,433,147,0,-43.402571,-22.8083369993251
RES_1795,3303203,Nilópolis,Municipal total,1217,459,0,-43.400749,-22.8094189993251
RES_1796,3303203,Nilópolis,Municipal total,2403,849,0,-43.399741,-22.8075629993251
RES_1797,3303203,Nilópolis,Municipal total,766,304,0,-43.426427,-22.8195109993249
RES_1798,3303203,Nilópolis,Municipal total,3919,1427,0,-43.421364,-22.8180629993249
RES_1799,3303302,Niterói,Municipal total,2482,1125,0,-43.059102,-22.9078089993228
RES_1800,3303302,Niterói,Municipal total,367,147,0,-43.060511,-22.9052169993229
RES_1801,3303302,Niterói,Municipal total,504,250,0,-43.057001,-22.9060699993229
RES_1802,3303302,Niterói,Municipal total,459,200,0,-43.051026,-22.9033599993229
RES_1803,3303302,Niterói,Municipal total,1202,509,0,-43.048446,-22.9060849993229
RES_1804,3303302,Niterói,Municipal total,401,181,0,-43.049347,-22.9076139993228
RES_1805,3303302,Niterói,Municipal total,617,280,0,-43.05979,-22.9038979993229
RES_1806,3303302,Niterói,Municipal total,1023,481,0,-43.054966,-22.9035959993229
RES_1807,3303302,Niterói,Municipal total,42,18,0,-43.06426,-22.8774859993235
RES_1808,3303302,Niterói,Municipal total,1945,931,0,-43.068329,-22.8724939993236
RES_1809,3303302,Niterói,Municipal total,21,10,0,-43.07005,-22.8694779993237
RES_1810,3303302,Niterói,Municipal total,660,296,0,-43.063403,-22.8807549993234
RES_1811,3303302,Niterói,Municipal total,1177,537,0,-43.060892,-22.8756889993236
RES_1812,3303302,Niterói,Municipal total,490,222,0,-43.056838,-22.8772329993235
RES_1813,3303302,Niterói,Municipal total,784,335,0,-43.106855,-22.8714929993237
RES_1814,3303302,Niterói,Municipal total,539,227,0,-43.106122,-22.8655019993238
RES_1815,3303302,Niterói,Municipal total,3722,1570,0,-43.101362,-22.8664289993238
RES_1816,3303302,Niterói,Municipal total,2220,916,0,-43.100952,-22.8605589993239
RES_1817,3303302,Niterói,Municipal total,3618,1625,0,-43.095025,-22.8636639993238
RES_1818,3303302,Niterói,Municipal total,3306,1528,0,-43.094767,-22.8620649993239
RES_1819,3303302,Niterói,Municipal total,100,44,0,-43.088635,-22.8633839993238
RES_1820,3303302,Niterói,Municipal total,2864,1310,0,-43.107726,-22.8678269993237
RES_1821,3303302,Niterói,Municipal total,21,10,0,-43.098373,-22.8683919993237
RES_1822,3303302,Niterói,Municipal total,586,263,0,-43.095857,-22.8664219993238
RES_1823,3303302,Niterói,Municipal total,560,279,0,-43.108955,-22.8709319993237
RES_1824,3303302,Niterói,Municipal total,379,173,0,-43.106273,-22.8697749993237
RES_1825,3303302,Niterói,Municipal total,577,232,0,-43.130687,-22.9066439993229
RES_1826,3303302,Niterói,Municipal total,994,437,0,-43.13136,-22.9057289993229
RES_1827,3303302,Niterói,Municipal total,373,156,0,-43.128277,-22.9073219993228
RES_1828,3303302,Niterói,Municipal total,103,46,0,-43.082108,-22.9120429993227
RES_1829,3303302,Niterói,Municipal total,660,293,0,-43.079018,-22.9114899993227
RES_1830,3303302,Niterói,Municipal total,1286,621,0,-43.076677,-22.9084129993228
RES_1831,3303302,Niterói,Municipal total,212,99,0,-43.077053,-22.9095849993228
RES_1832,3303302,Niterói,Municipal total,737,357,0,-43.078054,-22.9091619993228
RES_1833,3303302,Niterói,Municipal total,722,331,0,-43.074574,-22.9323109993223
RES_1834,3303302,Niterói,Municipal total,2462,1077,0,-43.07011,-22.9309719993223
RES_1835,3303302,Niterói,Municipal total,98,53,0,-43.06494,-22.9205129993225
RES_1836,3303302,Niterói,Municipal total,1256,592,0,-43.067315,-22.9289499993223
RES_1837,3303302,Niterói,Municipal total,1113,453,0,-43.057934,-22.9588679993217
RES_1838,3303302,Niterói,Municipal total,1145,486,0,-43.064043,-22.9560649993217
RES_1839,3303302,Niterói,Municipal total,1147,493,0,-43.052882,-22.9601119993216
RES_1840,3303302,Niterói,Municipal total,2732,1209,0,-43.054804,-22.9532109993218
RES_1841,3303302,Niterói,Municipal total,42,18,0,-43.064974,-22.9299009993223
RES_1842,3303302,Niterói,Municipal total,523,256,0,-43.063261,-22.9200369993225
RES_1843,3303302,Niterói,Municipal total,899,449,0,-43.0633,-22.9136599993227
RES_1844,3303302,Niterói,Municipal total,345,142,0,-43.057472,-22.9089769993228
RES_1845,3303302,Niterói,Municipal total,542,263,0,-43.051391,-22.9183579993226
RES_1846,3303302,Niterói,Municipal total,737,323,0,-43.055941,-22.9102779993228
RES_1847,3303302,Niterói,Municipal total,197,93,0,-43.050079,-22.9177279993226
RES_1848,3303302,Niterói,Municipal total,356,164,0,-43.049603,-22.9092259993228
RES_1849,3303302,Niterói,Municipal total,1726,780,0,-43.052363,-22.9093189993228
RES_1850,3303302,Niterói,Municipal total,922,420,0,-43.050219,-22.9140759993227
RES_1851,3303302,Niterói,Municipal total,2061,951,0,-43.051788,-22.9119139993227
RES_1852,3303302,Niterói,Municipal total,458,197,0,-43.048865,-22.9137299993227
RES_1853,3303302,Niterói,Municipal total,576,268,0,-43.057272,-22.9101879993228
RES_1854,3303302,Niterói,Municipal total,469,229,0,-43.062455,-22.9126129993227
RES_1855,3303302,Niterói,Municipal total,560,235,0,-43.074424,-22.8883199993233
RES_1856,3303302,Niterói,Municipal total,794,338,0,-43.066904,-22.8928589993232
RES_1857,3303302,Niterói,Municipal total,2143,963,0,-43.068755,-22.8869999993233
RES_1858,3303302,Niterói,Municipal total,474,222,0,-43.065285,-22.8917609993232
RES_1859,3303302,Niterói,Municipal total,1893,856,0,-43.062527,-22.8859779993233
RES_1860,3303302,Niterói,Municipal total,494,201,0,-43.064359,-22.8833939993234
RES_1861,3303302,Niterói,Municipal total,250,125,0,-43.05612,-22.8931859993232
RES_1862,3303302,Niterói,Municipal total,83,36,0,-43.054164,-22.8871619993233
RES_1863,3303302,Niterói,Municipal total,416,197,0,-43.054525,-22.8923269993232
RES_1864,3303302,Niterói,Municipal total,349,165,0,-43.057044,-22.8924349993232
RES_1865,3303302,Niterói,Municipal total,59,26,0,-43.071409,-22.8848939993234
RES_1866,3303302,Niterói,Municipal total,455,208,0,-43.064793,-22.8845079993233
RES_1867,3303302,Niterói,Municipal total,129,61,0,-43.075882,-22.8904329993232
RES_1868,3303302,Niterói,Municipal total,358,161,0,-43.062996,-22.8871079993233
RES_1869,3303302,Niterói,Municipal total,343,150,0,-43.129299,-22.8848369993234
RES_1870,3303302,Niterói,Municipal total,2599,1186,0,-43.121514,-22.8947129993231
RES_1871,3303302,Niterói,Municipal total,4348,2025,0,-43.122367,-22.8882029993233
RES_1872,3303302,Niterói,Municipal total,4072,1853,0,-43.117433,-22.8944419993231
RES_1873,3303302,Niterói,Municipal total,3492,1575,0,-43.118473,-22.8894099993233
RES_1874,3303302,Niterói,Municipal total,1028,535,0,-43.119253,-22.8843309993234
RES_1875,3303302,Niterói,Municipal total,1023,514,0,-43.112059,-22.8966939993231
RES_1876,3303302,Niterói,Municipal total,1033,484,0,-43.116542,-22.8969089993231
RES_1877,3303302,Niterói,Municipal total,873,417,0,-43.098126,-22.9335089993222
RES_1878,3303302,Niterói,Municipal total,698,280,0,-43.095571,-22.9296179993223
RES_1879,3303302,Niterói,Municipal total,3345,1470,0,-43.093302,-22.9251459993224
RES_1880,3303302,Niterói,Municipal total,185,87,0,-43.092657,-22.9253149993224
RES_1881,3303302,Niterói,Municipal total,4382,2051,0,-43.099579,-22.9363419993222
RES_1882,3303302,Niterói,Municipal total,1026,480,0,-43.097512,-22.9344419993222
RES_1883,3303302,Niterói,Municipal total,2664,1256,0,-43.099508,-22.8936409993232
RES_1884,3303302,Niterói,Municipal total,1884,854,0,-43.098753,-22.8903589993232
RES_1885,3303302,Niterói,Municipal total,2335,989,0,-43.093371,-22.8899279993232
RES_1886,3303302,Niterói,Municipal total,419,187,0,-43.097117,-22.8918139993232
RES_1887,3303302,Niterói,Municipal total,81,36,0,-43.09435,-22.8922509993232
RES_1888,3303302,Niterói,Municipal total,413,177,0,-43.094008,-22.8913619993232
RES_1889,3303302,Niterói,Municipal total,376,177,0,-43.099621,-22.8888089993233
RES_1890,3303302,Niterói,Municipal total,146,70,0,-43.096678,-22.8886389993233
RES_1891,3303302,Niterói,Municipal total,2896,1245,0,-43.100276,-22.8718479993237
RES_1892,3303302,Niterói,Municipal total,3641,1578,0,-43.095203,-22.8737239993236
RES_1893,3303302,Niterói,Municipal total,2079,888,0,-43.093103,-22.8678599993237
RES_1894,3303302,Niterói,Municipal total,12,6,0,-43.086,-22.8705319993237
RES_1895,3303302,Niterói,Municipal total,601,267,0,-43.0889,-22.8659069993238
RES_1896,3303302,Niterói,Municipal total,1180,514,0,-43.090714,-22.8735159993236
RES_1897,3303302,Niterói,Municipal total,537,235,0,-43.088037,-22.8720469993236
RES_1898,3303302,Niterói,Municipal total,571,262,0,-43.099358,-22.8695369993237
RES_1899,3303302,Niterói,Municipal total,898,380,0,-43.095301,-22.8680239993237
RES_1900,3303302,Niterói,Municipal total,712,312,0,-43.090046,-22.8678319993238
RES_1901,3303302,Niterói,Municipal total,1241,558,0,-43.087652,-22.8670469993238
RES_1902,3303302,Niterói,Municipal total,105,45,0,-43.090098,-22.8752809993236
RES_1903,3303302,Niterói,Municipal total,1114,484,0,-43.091664,-22.8708159993237
RES_1904,3303302,Niterói,Municipal total,458,188,0,-43.091077,-22.8693289993237
RES_1905,3303302,Niterói,Municipal total,655,291,0,-43.092717,-22.8760339993236
RES_1906,3303302,Niterói,Municipal total,39,17,0,-43.023085,-22.9516129993218
RES_1907,3303302,Niterói,Municipal total,458,193,0,-43.019513,-22.9475129993219
RES_1908,3303302,Niterói,Municipal total,126,59,0,-43.020319,-22.9398339993221
RES_1909,3303302,Niterói,Municipal total,1474,655,0,-43.01536,-22.944091999322
RES_1910,3303302,Niterói,Municipal total,3204,1521,0,-43.013715,-22.9376219993221
RES_1911,3303302,Niterói,Municipal total,2698,1254,0,-43.0064,-22.9364079993222
RES_1912,3303302,Niterói,Municipal total,2071,915,0,-43.008332,-22.9292699993223
RES_1913,3303302,Niterói,Municipal total,1308,583,0,-43.005182,-22.9249829993224
RES_1914,3303302,Niterói,Municipal total,409,188,0,-42.999,-22.9357299993222
RES_1915,3303302,Niterói,Municipal total,708,335,0,-43.00092,-22.9317079993223
RES_1916,3303302,Niterói,Municipal total,351,166,0,-42.993187,-22.9322979993223
RES_1917,3303302,Niterói,Municipal total,5,2,0,-42.982689,-22.9295729993223
RES_1918,3303302,Niterói,Municipal total,15,6,0,-42.985452,-22.9204869993225
RES_1919,3303302,Niterói,Municipal total,2143,1032,0,-43.110406,-22.8949819993231
RES_1920,3303302,Niterói,Municipal total,985,449,0,-43.112785,-22.8914499993232
RES_1921,3303302,Niterói,Municipal total,655,299,0,-43.107584,-22.8947379993231
RES_1922,3303302,Niterói,Municipal total,338,148,0,-43.097443,-22.8851519993233
RES_1923,3303302,Niterói,Municipal total,6663,2909,0,-43.099542,-22.8799949993235
RES_1924,3303302,Niterói,Municipal total,1148,518,0,-43.094868,-22.8858369993233
RES_1925,3303302,Niterói,Municipal total,5530,2383,0,-43.094381,-22.8807159993235
RES_1926,3303302,Niterói,Municipal total,3047,1367,0,-43.086271,-22.8857249993233
RES_1927,3303302,Niterói,Municipal total,8431,3580,0,-43.085403,-22.8807159993235
RES_1928,3303302,Niterói,Municipal total,3264,1432,0,-43.085481,-22.8747549993236
RES_1929,3303302,Niterói,Municipal total,545,245,0,-43.078233,-22.8854559993233
RES_1930,3303302,Niterói,Municipal total,2347,985,0,-43.079562,-22.8812139993234
RES_1931,3303302,Niterói,Municipal total,2586,1089,0,-43.078587,-22.8744559993236
RES_1932,3303302,Niterói,Municipal total,359,168,0,-43.074776,-22.8682889993237
RES_1933,3303302,Niterói,Municipal total,1397,639,0,-43.071798,-22.8799769993235
RES_1934,3303302,Niterói,Municipal total,764,338,0,-43.072866,-22.8707579993237
RES_1935,3303302,Niterói,Municipal total,976,445,0,-43.072795,-22.8691569993237
RES_1936,3303302,Niterói,Municipal total,560,245,0,-43.084731,-22.8721769993236
RES_1937,3303302,Niterói,Municipal total,73,35,0,-43.080461,-22.8692659993237
RES_1938,3303302,Niterói,Municipal total,279,130,0,-43.088661,-22.8866759993233
RES_1939,3303302,Niterói,Municipal total,925,420,0,-43.074017,-22.8827859993234
RES_1940,3303302,Niterói,Municipal total,473,228,0,-43.071254,-22.8827139993234
RES_1941,3303302,Niterói,Municipal total,419,179,0,-43.075999,-22.8805579993234
RES_1942,3303302,Niterói,Municipal total,313,142,0,-43.098859,-22.8836039993234
RES_1943,3303302,Niterói,Municipal total,137,58,0,-43.08318,-22.8860979993233
RES_1944,3303302,Niterói,Municipal total,572,241,0,-43.099672,-22.8849129993233
RES_1945,3303302,Niterói,Municipal total,489,217,0,-43.08969,-22.8772969993235
RES_1946,3303302,Niterói,Municipal total,588,264,0,-43.090855,-22.8768549993235
RES_1947,3303302,Niterói,Municipal total,215,93,0,-43.075627,-22.8785059993235
RES_1948,3303302,Niterói,Municipal total,2948,1327,0,-43.09383,-22.8786099993235
RES_1949,3303302,Niterói,Municipal total,232,101,0,-43.091879,-22.8764139993236
RES_1950,3303302,Niterói,Municipal total,699,319,0,-43.072767,-22.8728569993236
RES_1951,3303302,Niterói,Municipal total,250,114,0,-43.133831,-22.901723999323
RES_1952,3303302,Niterói,Municipal total,13733,5325,0,-43.114637,-22.9035679993229
RES_1953,3303302,Niterói,Municipal total,17543,6614,0,-43.108087,-22.9094229993228
RES_1954,3303302,Niterói,Municipal total,20681,8170,0,-43.108784,-22.9033879993229
RES_1955,3303302,Niterói,Municipal total,3616,1707,0,-43.109746,-22.898834999323
RES_1956,3303302,Niterói,Municipal total,8858,3883,0,-43.102102,-22.9079789993228
RES_1957,3303302,Niterói,Municipal total,11392,4784,0,-43.102293,-22.9039499993229
RES_1958,3303302,Niterói,Municipal total,1341,613,0,-43.101362,-22.9113149993228
RES_1959,3303302,Niterói,Municipal total,83,36,0,-43.097049,-22.9092049993228
RES_1960,3303302,Niterói,Municipal total,519,229,0,-43.116716,-22.8698729993237
RES_1961,3303302,Niterói,Municipal total,1526,641,0,-43.11538,-22.8735279993236
RES_1962,3303302,Niterói,Municipal total,1978,872,0,-43.114746,-22.8693039993237
RES_1963,3303302,Niterói,Municipal total,1696,778,0,-43.116869,-22.8712309993237
RES_1964,3303302,Niterói,Municipal total,12392,5266,0,-43.123677,-22.9027679993229
RES_1965,3303302,Niterói,Municipal total,1280,560,0,-43.120029,-22.901599999323
RES_1966,3303302,Niterói,Municipal total,534,248,0,-43.128702,-22.9056599993229
RES_1967,3303302,Niterói,Municipal total,918,451,0,-43.127501,-22.9052999993229
RES_1968,3303302,Niterói,Municipal total,411,172,0,-43.035408,-22.9729069993213
RES_1969,3303302,Niterói,Municipal total,496,182,0,-43.030268,-22.9722049993213
RES_1970,3303302,Niterói,Municipal total,1302,564,0,-43.031685,-22.9665099993215
RES_1971,3303302,Niterói,Municipal total,166,84,0,-43.045283,-22.9717949993214
RES_1972,3303302,Niterói,Municipal total,34,15,0,-43.046485,-22.9491529993219
RES_1973,3303302,Niterói,Municipal total,196,103,0,-43.042535,-22.945742999322
RES_1974,3303302,Niterói,Municipal total,1493,649,0,-43.038915,-22.9668929993215
RES_1975,3303302,Niterói,Municipal total,1640,680,0,-43.038344,-22.9465189993219
RES_1976,3303302,Niterói,Municipal total,1717,774,0,-43.03063,-22.9592149993217
RES_1977,3303302,Niterói,Municipal total,1721,738,0,-43.031703,-22.9514849993218
RES_1978,3303302,Niterói,Municipal total,895,383,0,-43.025132,-22.9540249993218
RES_1979,3303302,Niterói,Municipal total,220,90,0,-43.078136,-22.898737999323
RES_1980,3303302,Niterói,Municipal total,1391,650,0,-43.076954,-22.8964269993231
RES_1981,3303302,Niterói,Municipal total,2148,939,0,-43.068173,-22.900737999323
RES_1982,3303302,Niterói,Municipal total,106,46,0,-43.06412616738156,-22.901924800000003
RES_1983,3303302,Niterói,Municipal total,747,355,0,-43.08024,-22.8967279993231
RES_1984,3303302,Niterói,Municipal total,1100,523,0,-43.074994,-22.899924999323
RES_1985,3303302,Niterói,Municipal total,152,65,0,-43.073165,-22.8959429993231
RES_1986,3303302,Niterói,Municipal total,871,372,0,-43.05859,-22.9356049993222
RES_1987,3303302,Niterói,Municipal total,867,405,0,-43.054011,-22.9359399993222
RES_1988,3303302,Niterói,Municipal total,683,317,0,-43.048925,-22.9304779993223
RES_1989,3303302,Niterói,Municipal total,78,34,0,-43.03723,-22.9254999993224
RES_1990,3303302,Niterói,Municipal total,320,141,0,-43.043921,-22.9294489993223
RES_1991,3303302,Niterói,Municipal total,478,232,0,-43.0563,-22.9383479993221
RES_1992,3303302,Niterói,Municipal total,1158,503,0,-43.054674,-22.9399749993221
RES_1993,3303302,Niterói,Municipal total,423,209,0,-43.049348,-22.9309949993223
RES_1994,3303302,Niterói,Municipal total,401,177,0,-43.116852,-22.9314969993223
RES_1995,3303302,Niterói,Municipal total,129,57,0,-43.114248,-22.9360199993222
RES_1996,3303302,Niterói,Municipal total,81,34,0,-43.113242,-22.9353069993222
RES_1997,3303302,Niterói,Municipal total,427,173,0,-43.113056,-22.9360999993222
RES_1998,3303302,Niterói,Municipal total,983,423,0,-43.113879,-22.9306929993223
RES_1999,3303302,Niterói,Municipal total,173,81,0,-43.118602,-22.9300619993223
RES_2000,3303302,Niterói,Municipal total,720,317,0,-43.12046,-22.9274419993224
RES_2001,3303302,Niterói,Municipal total,856,395,0,-43.111188,-22.9359099993222
RES_2002,3303302,Niterói,Municipal total,1223,552,0,-43.075754,-22.9038819993229
RES_2003,3303302,Niterói,Municipal total,1515,649,0,-43.06723,-22.9095069993228
RES_2004,3303302,Niterói,Municipal total,757,324,0,-43.069996,-22.9039579993229
RES_2005,3303302,Niterói,Municipal total,358,161,0,-43.065127,-22.9089099993228
RES_2006,3303302,Niterói,Municipal total,735,323,0,-43.064533,-22.9049699993229
RES_2007,3303302,Niterói,Municipal total,850,417,0,-43.077795,-22.901380999323
RES_2008,3303302,Niterói,Municipal total,721,338,0,-43.073912,-22.9096429993228
RES_2009,3303302,Niterói,Municipal total,590,287,0,-43.073515,-22.9099099993228
RES_2010,3303302,Niterói,Municipal total,329,156,0,-43.074081,-22.9066319993229
RES_2011,3303302,Niterói,Municipal total,592,268,0,-43.073451,-22.9060329993229
RES_2012,3303302,Niterói,Municipal total,373,175,0,-43.074927,-22.9044559993229
RES_2013,3303302,Niterói,Municipal total,796,366,0,-43.071118,-22.9050459993229
RES_2014,3303302,Niterói,Municipal total,526,246,0,-43.064847,-22.9099159993228
RES_2015,3303302,Niterói,Municipal total,272,135,0,-43.077833,-22.9064889993228
RES_2016,3303302,Niterói,Municipal total,1931,867,0,-43.069466,-22.9161199993226
RES_2017,3303302,Niterói,Municipal total,1120,494,0,-43.06976,-22.9123229993227
RES_2018,3303302,Niterói,Municipal total,206,103,0,-43.068403,-22.9154379993227
RES_2019,3303302,Niterói,Municipal total,797,363,0,-43.072566,-22.9125999993227
RES_2020,3303302,Niterói,Municipal total,152,67,0,-43.044512,-22.8887769993233
RES_2021,3303302,Niterói,Municipal total,703,344,0,-43.036873,-22.8854059993233
RES_2022,3303302,Niterói,Municipal total,878,390,0,-43.036103,-22.8804299993235
RES_2023,3303302,Niterói,Municipal total,1198,525,0,-43.029241,-22.8845259993234
RES_2024,3303302,Niterói,Municipal total,1725,756,0,-43.031607,-22.8805669993234
RES_2025,3303302,Niterói,Municipal total,977,424,0,-43.024307,-22.8830649993234
RES_2026,3303302,Niterói,Municipal total,559,244,0,-43.032961,-22.8814549993234
RES_2027,3303302,Niterói,Municipal total,235,112,0,-43.02195,-22.8833869993234
RES_2028,3303302,Niterói,Municipal total,211,86,0,-43.047036,-22.901465999323
RES_2029,3303302,Niterói,Municipal total,72,32,0,-43.044465,-22.8904999993232
RES_2030,3303302,Niterói,Municipal total,279,133,0,-43.041993,-22.898691999323
RES_2031,3303302,Niterói,Municipal total,493,226,0,-43.036425,-22.8893529993233
RES_2032,3303302,Niterói,Municipal total,673,309,0,-43.121383,-22.899353999323
RES_2033,3303302,Niterói,Municipal total,435,204,0,-43.120784,-22.898395999323
RES_2034,3303302,Niterói,Municipal total,589,264,0,-43.119413,-22.899706999323
RES_2035,3303302,Niterói,Municipal total,1414,680,0,-43.118646,-22.898335999323
RES_2036,3303302,Niterói,Municipal total,33,14,0,-43.034277,-22.9071829993228
RES_2037,3303302,Niterói,Municipal total,272,120,0,-43.032626,-22.902180999323
RES_2038,3303302,Niterói,Municipal total,360,166,0,-43.022783,-22.8884449993233
RES_2039,3303302,Niterói,Municipal total,141,64,0,-43.014212,-22.900607999323
RES_2040,3303302,Niterói,Municipal total,3,1,0,-43.017077,-22.8970779993231
RES_2041,3303302,Niterói,Municipal total,239,108,0,-43.017163,-22.8861199993233
RES_2042,3303302,Niterói,Municipal total,25,11,0,-43.012135,-22.8887919993232
RES_2043,3303302,Niterói,Municipal total,1513,661,0,-43.106661,-22.8963879993231
RES_2044,3303302,Niterói,Municipal total,1776,752,0,-43.103223,-22.8964189993231
RES_2045,3303302,Niterói,Municipal total,46,21,0,-43.106357,-22.8937579993231
RES_2046,3303302,Niterói,Municipal total,1670,745,0,-43.090971,-22.9516159993218
RES_2047,3303302,Niterói,Municipal total,1375,551,0,-43.084495,-22.9527749993218
RES_2048,3303302,Niterói,Municipal total,90,41,0,-43.08707,-22.9326899993223
RES_2049,3303302,Niterói,Municipal total,1298,551,0,-43.078163,-22.9535199993218
RES_2050,3303302,Niterói,Municipal total,1196,514,0,-43.076807,-22.9365589993222
RES_2051,3303302,Niterói,Municipal total,1313,569,0,-43.070683,-22.9547889993218
RES_2052,3303302,Niterói,Municipal total,1580,723,0,-43.069402,-22.9376019993221
RES_2053,3303302,Niterói,Municipal total,723,295,0,-43.067049,-22.9347419993222
RES_2054,3303302,Niterói,Municipal total,567,259,0,-43.06464,-22.9522099993218
RES_2055,3303302,Niterói,Municipal total,1372,599,0,-43.060244,-22.9455889993219
RES_2056,3303302,Niterói,Municipal total,1586,708,0,-43.06338,-22.9393489993221
RES_2057,3303302,Niterói,Municipal total,574,252,0,-43.055308,-22.9488729993219
RES_2058,3303302,Niterói,Municipal total,1034,418,0,-43.054839,-22.944793999322
RES_2059,3303302,Niterói,Municipal total,1031,498,0,-43.067825,-22.9399619993221
RES_2060,3303302,Niterói,Municipal total,837,398,0,-43.063852,-22.942151999322
RES_2061,3303302,Niterói,Municipal total,647,292,0,-43.093017,-22.9506849993219
RES_2062,3303302,Niterói,Municipal total,602,276,0,-43.059452,-22.9418999993221
RES_2063,3303302,Niterói,Municipal total,997,494,0,-43.060954,-22.9415139993221
RES_2064,3303302,Niterói,Municipal total,777,348,0,-43.126852,-22.8832529993234
RES_2065,3303302,Niterói,Municipal total,247,107,0,-43.124546,-22.8851079993233
RES_2066,3303302,Niterói,Municipal total,2891,1208,0,-43.123636,-22.8825959993234
RES_2067,3303302,Niterói,Municipal total,348,161,0,-43.121682,-22.8832789993234
RES_2068,3303302,Niterói,Municipal total,1394,631,0,-43.124454,-22.8795019993234
RES_2069,3303302,Niterói,Municipal total,39,17,0,-43.014338,-22.9078699993228
RES_2070,3303302,Niterói,Municipal total,3,1,0,-43.020517,-22.9171909993226
RES_2071,3303302,Niterói,Municipal total,767,343,0,-43.006307,-22.8946079993231
RES_2072,3303302,Niterói,Municipal total,834,367,0,-42.988473,-22.9078249993228
RES_2073,3303302,Niterói,Municipal total,292,135,0,-42.989067,-22.9043869993229
RES_2074,3303302,Niterói,Municipal total,1684,769,0,-42.992651,-22.8957749993231
RES_2075,3303302,Niterói,Municipal total,140,65,0,-43.053542,-22.8849299993233
RES_2076,3303302,Niterói,Municipal total,343,155,0,-43.056352,-22.8823499993234
RES_2077,3303302,Niterói,Municipal total,1043,486,0,-43.051698,-22.8755319993236
RES_2078,3303302,Niterói,Municipal total,92,44,0,-43.049457,-22.8846859993234
RES_2079,3303302,Niterói,Municipal total,2088,928,0,-43.048389,-22.8798009993235
RES_2080,3303302,Niterói,Municipal total,2366,1077,0,-43.046906,-22.8751559993236
RES_2081,3303302,Niterói,Municipal total,233,101,0,-43.051796,-22.8800929993235
RES_2082,3303302,Niterói,Municipal total,304,139,0,-43.046011,-22.8802929993235
RES_2083,3303302,Niterói,Municipal total,1755,755,0,-43.107991,-22.8817119993234
RES_2084,3303302,Niterói,Municipal total,3699,1664,0,-43.106897,-22.8744739993236
RES_2085,3303302,Niterói,Municipal total,271,135,0,-43.104931,-22.8735999993236
RES_2086,3303302,Niterói,Municipal total,1088,520,0,-43.106093,-22.8781679993235
RES_2087,3303302,Niterói,Municipal total,500,204,0,-43.107074,-22.899339999323
RES_2088,3303302,Niterói,Municipal total,9982,4368,0,-43.100207,-22.901869999323
RES_2089,3303302,Niterói,Municipal total,6225,2717,0,-43.100203,-22.897939999323
RES_2090,3303302,Niterói,Municipal total,9630,4274,0,-43.09311,-22.9026139993229
RES_2091,3303302,Niterói,Municipal total,1625,736,0,-43.095281,-22.8979379993231
RES_2092,3303302,Niterói,Municipal total,955,411,0,-43.087454,-22.9063309993229
RES_2093,3303302,Niterói,Municipal total,2434,1054,0,-43.087269,-22.902694999323
RES_2094,3303302,Niterói,Municipal total,78,34,0,-43.089328,-22.898273999323
RES_2095,3303302,Niterói,Municipal total,399,199,0,-43.084707,-22.900764999323
RES_2096,3303302,Niterói,Municipal total,563,252,0,-43.08746,-22.897547999323
RES_2097,3303302,Niterói,Municipal total,676,308,0,-43.090876,-22.9078409993228
RES_2098,3303302,Niterói,Municipal total,215,98,0,-43.088545,-22.9072999993228
RES_2099,3303302,Niterói,Municipal total,188,91,0,-43.087381,-22.9022319993229
RES_2100,3303302,Niterói,Municipal total,642,311,0,-43.08782,-22.900979999323
RES_2101,3303302,Niterói,Municipal total,2056,954,0,-43.130521,-22.901387999323
RES_2102,3303302,Niterói,Municipal total,655,299,0,-43.129989,-22.898978999323
RES_2103,3303302,Niterói,Municipal total,493,228,0,-43.127409,-22.900412999323
RES_2104,3303302,Niterói,Municipal total,991,467,0,-43.127102,-22.8984009993231
RES_2105,3303302,Niterói,Municipal total,220,97,0,-43.12921,-22.901589999323
RES_2106,3303302,Niterói,Municipal total,266,116,0,-43.110076,-22.9137579993227
RES_2107,3303302,Niterói,Municipal total,94,34,0,-43.102462,-22.9138599993227
RES_2108,3303302,Niterói,Municipal total,262,121,0,-43.103747,-22.9136829993227
RES_2109,3303302,Niterói,Municipal total,476,156,0,-43.092277,-22.9213519993225
RES_2110,3303302,Niterói,Municipal total,3100,1197,0,-43.09257,-22.9168219993226
RES_2111,3303302,Niterói,Municipal total,419,166,0,-43.088234,-22.9213769993225
RES_2112,3303302,Niterói,Municipal total,2322,923,0,-43.086056,-22.9168239993226
RES_2113,3303302,Niterói,Municipal total,793,329,0,-43.084308,-22.9126919993227
RES_2114,3303302,Niterói,Municipal total,424,193,0,-43.080933,-22.9141889993227
RES_2115,3303302,Niterói,Municipal total,154,73,0,-43.07333,-22.9177449993226
RES_2116,3303302,Niterói,Municipal total,664,299,0,-43.102449,-22.9124039993227
RES_2117,3303302,Niterói,Municipal total,548,264,0,-43.113984,-22.8854169993234
RES_2118,3303302,Niterói,Municipal total,1780,789,0,-43.110343,-22.8873459993233
RES_2119,3303302,Niterói,Municipal total,1939,831,0,-43.108891,-22.8835719993234
RES_2120,3303302,Niterói,Municipal total,1080,463,0,-43.102924,-22.8822449993234
RES_2121,3303302,Niterói,Municipal total,1274,560,0,-43.106802,-22.8866519993233
RES_2122,3303302,Niterói,Municipal total,185,84,0,-43.103841,-22.8851669993234
RES_2123,3303302,Niterói,Municipal total,308,131,0,-43.10378,-22.8839599993234
RES_2124,3303302,Niterói,Municipal total,884,381,0,-43.061998,-22.900502999323
RES_2125,3303302,Niterói,Municipal total,1285,577,0,-43.059831,-22.8969679993231
RES_2126,3303302,Niterói,Municipal total,459,218,0,-43.056888,-22.8948599993231
RES_2127,3303302,Niterói,Municipal total,362,166,0,-43.051362,-22.8891629993233
RES_2128,3303302,Niterói,Municipal total,477,222,0,-43.048133,-22.8919309993232
RES_2129,3303302,Niterói,Municipal total,486,223,0,-43.047305,-22.8855749993233
RES_2130,3303302,Niterói,Municipal total,569,256,0,-43.052183,-22.8966989993231
RES_2131,3303302,Niterói,Municipal total,259,115,0,-43.051422,-22.900899999323
RES_2132,3303302,Niterói,Municipal total,273,121,0,-43.061051,-22.9028209993229
RES_2133,3303302,Niterói,Municipal total,1411,657,0,-43.055794,-22.900947999323
RES_2134,3303302,Niterói,Municipal total,1800,769,0,-43.085385,-22.8642979993238
RES_2135,3303302,Niterói,Municipal total,858,383,0,-43.077638,-22.8655959993238
RES_2136,3303302,Niterói,Municipal total,132,62,0,-43.073702,-22.8676209993238
RES_2137,3303302,Niterói,Municipal total,241,117,0,-43.08753,-22.8654679993238
RES_2138,3303302,Niterói,Municipal total,2,1,0,-43.00021,-22.9162169993226
RES_2139,3303302,Niterói,Municipal total,19,8,0,-42.98845,-22.9242179993225
RES_2140,3303302,Niterói,Municipal total,82,42,0,-42.990391,-22.9164419993226
RES_2141,3303302,Niterói,Municipal total,790,366,0,-42.982662,-22.9168659993226
RES_2142,3303302,Niterói,Municipal total,5,2,0,-42.98064,-22.9155479993226
RES_2143,3303302,Niterói,Municipal total,812,354,0,-42.980207,-22.9089919993228
RES_2144,3303302,Niterói,Municipal total,454,208,0,-42.962975,-22.9043579993229
RES_2145,3303302,Niterói,Municipal total,635,311,0,-42.97909,-22.9155719993227
RES_2146,3303302,Niterói,Municipal total,378,163,0,-43.087751,-22.8914769993232
RES_2147,3303302,Niterói,Municipal total,1577,700,0,-43.084776,-22.8898489993232
RES_2148,3303302,Niterói,Municipal total,243,109,0,-43.080151,-22.8934669993232
RES_2149,3303302,Niterói,Municipal total,349,153,0,-43.079247,-22.8899639993232
RES_2150,3303302,Niterói,Municipal total,314,136,0,-43.071719,-22.8938289993232
RES_2151,3303302,Niterói,Municipal total,435,216,0,-43.083135,-22.8919999993232
RES_2152,3303302,Niterói,Municipal total,344,149,0,-43.083505,-22.8910049993232
RES_2153,3303302,Niterói,Municipal total,29,13,0,-43.088528,-22.8945079993231
RES_2154,3303302,Niterói,Municipal total,398,177,0,-43.082815,-22.8945869993231
RES_2155,3303302,Niterói,Municipal total,241,105,0,-43.074797,-22.8932629993232
RES_2156,3303302,Niterói,Municipal total,70,30,0,-43.076286,-22.8907329993232
RES_2157,3303302,Niterói,Municipal total,25,11,0,-43.074053,-22.8944529993231
RES_2158,3303302,Niterói,Municipal total,670,300,0,-43.043357,-22.9077579993228
RES_2159,3303302,Niterói,Municipal total,480,220,0,-43.040815,-22.900827999323
RES_2160,3303302,Niterói,Municipal total,123,62,0,-43.033507,-22.898609999323
RES_2161,3303302,Niterói,Municipal total,1336,583,0,-43.03254,-22.8932469993232
RES_2162,3303302,Niterói,Municipal total,332,147,0,-43.029252,-22.8883239993233
RES_2163,3303302,Niterói,Municipal total,402,161,0,-43.026561,-22.8870339993233
RES_2164,3303302,Niterói,Municipal total,497,246,0,-43.04446,-22.9124599993227
RES_2165,3303302,Niterói,Municipal total,835,404,0,-43.084577,-22.9051699993229
RES_2166,3303302,Niterói,Municipal total,729,355,0,-43.085762,-22.9031409993229
RES_2167,3303302,Niterói,Municipal total,598,272,0,-43.082834,-22.9052719993229
RES_2168,3303302,Niterói,Municipal total,633,287,0,-43.081185,-22.9067279993228
RES_2169,3303302,Niterói,Municipal total,408,163,0,-43.097599,-22.9068759993228
RES_2170,3303302,Niterói,Municipal total,321,138,0,-43.096844,-22.9044929993229
RES_2171,3303302,Niterói,Municipal total,344,145,0,-43.094868,-22.9064219993229
RES_2172,3303302,Niterói,Municipal total,1183,514,0,-43.095247,-22.9046989993229
RES_2173,3303302,Niterói,Municipal total,633,285,0,-43.094029,-22.9079979993228
RES_2174,3303302,Niterói,Municipal total,498,208,0,-43.050962,-22.944221999322
RES_2175,3303302,Niterói,Municipal total,1021,450,0,-43.049577,-22.9411979993221
RES_2176,3303302,Niterói,Municipal total,1080,456,0,-43.045002,-22.942722999322
RES_2177,3303302,Niterói,Municipal total,824,320,0,-43.044243,-22.9386529993221
RES_2178,3303302,Niterói,Municipal total,229,108,0,-43.039123,-22.941984999322
RES_2179,3303302,Niterói,Municipal total,1046,429,0,-43.038968,-22.9393169993221
RES_2180,3303302,Niterói,Municipal total,642,272,0,-43.041213,-22.9351599993222
RES_2181,3303302,Niterói,Municipal total,414,184,0,-43.052856,-22.9399779993221
RES_2182,3303302,Niterói,Municipal total,384,164,0,-43.035918,-22.941679999322
RES_2183,3303302,Niterói,Municipal total,442,177,0,-43.027097,-22.9507669993218
RES_2184,3303302,Niterói,Municipal total,2842,1165,0,-43.030195,-22.945115999322
RES_2185,3303302,Niterói,Municipal total,2704,1145,0,-43.028967,-22.9386289993221
RES_2186,3303302,Niterói,Municipal total,2409,1070,0,-43.023037,-22.943815999322
RES_2187,3303302,Niterói,Municipal total,1352,589,0,-43.02394,-22.9393099993221
RES_2188,3303302,Niterói,Municipal total,451,244,0,-43.033085,-22.9373369993221
RES_2189,3303302,Niterói,Municipal total,128,56,0,-43.027588,-22.9355089993222
RES_2190,3303302,Niterói,Municipal total,575,274,0,-43.026778,-22.9309129993223
RES_2191,3303302,Niterói,Municipal total,2548,1094,0,-43.021503,-22.9360069993222
RES_2192,3303302,Niterói,Municipal total,2162,970,0,-43.022544,-22.9311559993223
RES_2193,3303302,Niterói,Municipal total,559,259,0,-43.018872,-22.9258149993224
RES_2194,3303302,Niterói,Municipal total,153,73,0,-43.016186,-22.9362429993222
RES_2195,3303302,Niterói,Municipal total,2738,1203,0,-43.015127,-22.9312339993223
RES_2196,3303302,Niterói,Municipal total,533,227,0,-43.012144,-22.9258209993224
RES_2197,3303302,Niterói,Municipal total,756,330,0,-43.00859,-22.9215939993225
RES_2198,3303302,Niterói,Municipal total,10,5,0,-43.09466,-22.944871999322
RES_2199,3303302,Niterói,Municipal total,639,250,0,-43.098624,-22.9489709993219
RES_2200,3303302,Niterói,Municipal total,521,217,0,-43.094557,-22.946224999322
RES_2201,3303500,Nova Iguaçu,Municipal total,2792,977,0,-43.458399,-22.7610229993262
RES_2202,3303500,Nova Iguaçu,Municipal total,760,266,0,-43.460623,-22.7572499993263
RES_2203,3303500,Nova Iguaçu,Municipal total,6538,2221,0,-43.45431,-22.7616869993262
RES_2204,3303500,Nova Iguaçu,Municipal total,1317,434,0,-43.453054,-22.7549949993263
RES_2205,3303500,Nova Iguaçu,Municipal total,3012,983,0,-43.445826,-22.7622319993262
RES_2206,3303500,Nova Iguaçu,Municipal total,3469,1151,0,-43.444947,-22.7545789993264
RES_2207,3303500,Nova Iguaçu,Municipal total,2945,989,0,-43.444368,-22.7498979993264
RES_2208,3303500,Nova Iguaçu,Municipal total,918,297,0,-43.440396,-22.7618639993262
RES_2209,3303500,Nova Iguaçu,Municipal total,3256,1037,0,-43.44004,-22.7550689993263
RES_2210,3303500,Nova Iguaçu,Municipal total,583,193,0,-43.445533,-22.7674379993261
RES_2211,3303500,Nova Iguaçu,Municipal total,216,74,0,-43.459174,-22.7644129993261
RES_2212,3303500,Nova Iguaçu,Municipal total,1995,634,0,-43.43651,-22.7600779993262
RES_2213,3303500,Nova Iguaçu,Municipal total,1101,379,0,-43.436356,-22.7562899993263
RES_2214,3303500,Nova Iguaçu,Municipal total,1258,418,0,-43.433346,-22.7601059993262
RES_2215,3303500,Nova Iguaçu,Municipal total,309,107,0,-43.433044,-22.7575499993263
RES_2216,3303500,Nova Iguaçu,Municipal total,557,177,0,-43.434652,-22.7632399993262
RES_2217,3303500,Nova Iguaçu,Municipal total,1610,518,0,-43.42829,-22.7660149993261
RES_2218,3303500,Nova Iguaçu,Municipal total,2830,913,0,-43.431124,-22.7631989993262
RES_2219,3303500,Nova Iguaçu,Municipal total,312,98,0,-43.418792,-22.7669729993261
RES_2220,3303500,Nova Iguaçu,Municipal total,1922,645,0,-43.42358,-22.7642299993261
RES_2221,3303500,Nova Iguaçu,Municipal total,993,339,0,-43.41579,-22.7673509993261
RES_2222,3303500,Nova Iguaçu,Municipal total,198,68,0,-43.433327,-22.7654899993261
RES_2223,3303500,Nova Iguaçu,Municipal total,181,57,0,-43.416013,-22.7662269993261
RES_2224,3303500,Nova Iguaçu,Municipal total,1631,540,0,-43.437603,-22.767749999326
RES_2225,3303500,Nova Iguaçu,Municipal total,697,227,0,-43.442441,-22.772179999326
RES_2226,3303500,Nova Iguaçu,Municipal total,2377,799,0,-43.443163,-22.768749999326
RES_2227,3303500,Nova Iguaçu,Municipal total,683,217,0,-43.443855,-22.7644689993261
RES_2228,3303500,Nova Iguaçu,Municipal total,1475,504,0,-43.43942,-22.7668759993261
RES_2229,3303500,Nova Iguaçu,Municipal total,176,63,0,-43.44177,-22.770570999326
RES_2230,3303500,Nova Iguaçu,Municipal total,1563,540,0,-43.482327,-22.7525639993264
RES_2231,3303500,Nova Iguaçu,Municipal total,1983,680,0,-43.481375,-22.7492099993265
RES_2232,3303500,Nova Iguaçu,Municipal total,3166,1117,0,-43.476523,-22.7604519993262
RES_2233,3303500,Nova Iguaçu,Municipal total,5170,1789,0,-43.478134,-22.7555969993263
RES_2234,3303500,Nova Iguaçu,Municipal total,1401,485,0,-43.476394,-22.7512379993264
RES_2235,3303500,Nova Iguaçu,Municipal total,2358,798,0,-43.469184,-22.7601829993262
RES_2236,3303500,Nova Iguaçu,Municipal total,4465,1563,0,-43.469962,-22.7553629993263
RES_2237,3303500,Nova Iguaçu,Municipal total,2769,917,0,-43.46132,-22.7593079993263
RES_2238,3303500,Nova Iguaçu,Municipal total,948,319,0,-43.463815,-22.7576189993263
RES_2239,3303500,Nova Iguaçu,Municipal total,2091,726,0,-43.476792,-22.7478419993265
RES_2240,3303500,Nova Iguaçu,Municipal total,345,112,0,-43.465456,-22.7519119993264
RES_2241,3303500,Nova Iguaçu,Municipal total,4871,1642,0,-43.469381,-22.7494759993265
RES_2242,3303500,Nova Iguaçu,Municipal total,1594,503,0,-43.463115,-22.7526989993264
RES_2243,3303500,Nova Iguaçu,Municipal total,2468,814,0,-43.460603,-22.7501169993265
RES_2244,3303500,Nova Iguaçu,Municipal total,102,32,0,-43.473674,-22.7470669993265
RES_2245,3303500,Nova Iguaçu,Municipal total,196,70,0,-43.46918899977851,-22.747137600000002
RES_2246,3303500,Nova Iguaçu,Municipal total,764,261,0,-43.474361,-22.7443109993266
RES_2247,3303500,Nova Iguaçu,Municipal total,1746,615,0,-43.475308,-22.7420049993266
RES_2248,3303500,Nova Iguaçu,Municipal total,4037,1399,0,-43.469822,-22.7424739993266
RES_2249,3303500,Nova Iguaçu,Municipal total,587,207,0,-43.465468,-22.7441059993266
RES_2250,3303500,Nova Iguaçu,Municipal total,1118,371,0,-43.464459,-22.7416019993267
RES_2251,3303500,Nova Iguaçu,Municipal total,726,249,0,-43.474073,-22.7414089993267
RES_2252,3303500,Nova Iguaçu,Municipal total,1419,473,0,-43.459023,-22.7533029993264
RES_2253,3303500,Nova Iguaçu,Municipal total,531,189,0,-43.457435,-22.7508699993264
RES_2254,3303500,Nova Iguaçu,Municipal total,1122,383,0,-43.456463,-22.7522379993264
RES_2255,3303500,Nova Iguaçu,Municipal total,1042,358,0,-43.454231,-22.7497439993265
RES_2256,3303500,Nova Iguaçu,Municipal total,531,188,0,-43.470245,-22.7453399993266
RES_2257,3303500,Nova Iguaçu,Municipal total,694,256,0,-43.463889,-22.7439509993266
RES_2258,3303500,Nova Iguaçu,Municipal total,3919,1322,0,-43.452773,-22.7469499993265
RES_2259,3303500,Nova Iguaçu,Municipal total,430,149,0,-43.453176,-22.7433449993266
RES_2260,3303500,Nova Iguaçu,Municipal total,550,172,0,-43.449377,-22.7519029993264
RES_2261,3303500,Nova Iguaçu,Municipal total,982,327,0,-43.447764,-22.7482209993265
RES_2262,3303500,Nova Iguaçu,Municipal total,2158,743,0,-43.444031,-22.7403719993267
RES_2263,3303500,Nova Iguaçu,Municipal total,356,117,0,-43.4386,-22.7436509993266
RES_2264,3303500,Nova Iguaçu,Municipal total,5132,1778,0,-43.439043,-22.7397619993267
RES_2265,3303500,Nova Iguaçu,Municipal total,2048,688,0,-43.438123,-22.7354269993268
RES_2266,3303500,Nova Iguaçu,Municipal total,605,206,0,-43.4345,-22.7354769993268
RES_2267,3303500,Nova Iguaçu,Municipal total,1910,648,0,-43.443361,-22.7452569993266
RES_2268,3303500,Nova Iguaçu,Municipal total,645,204,0,-43.447074,-22.7431509993266
RES_2269,3303500,Nova Iguaçu,Municipal total,4970,1724,0,-43.438819,-22.7472739993265
RES_2270,3303500,Nova Iguaçu,Municipal total,447,145,0,-43.434068,-22.7480399993265
RES_2271,3303500,Nova Iguaçu,Municipal total,1442,491,0,-43.434819,-22.7459799993266
RES_2272,3303500,Nova Iguaçu,Municipal total,2165,747,0,-43.435048,-22.7417479993267
RES_2273,3303500,Nova Iguaçu,Municipal total,1613,572,0,-43.432097,-22.7445259993266
RES_2274,3303500,Nova Iguaçu,Municipal total,4879,1722,0,-43.430343,-22.7405519993267
RES_2275,3303500,Nova Iguaçu,Municipal total,994,352,0,-43.430297,-22.7361569993268
RES_2276,3303500,Nova Iguaçu,Municipal total,802,338,0,-43.429093,-22.7512079993264
RES_2277,3303500,Nova Iguaçu,Municipal total,3897,1326,0,-43.428337,-22.7478559993265
RES_2278,3303500,Nova Iguaçu,Municipal total,5316,1854,0,-43.421857,-22.7538189993264
RES_2279,3303500,Nova Iguaçu,Municipal total,1807,624,0,-43.42467,-22.7482379993265
RES_2280,3303500,Nova Iguaçu,Municipal total,821,295,0,-43.435241,-22.7516709993264
RES_2281,3303500,Nova Iguaçu,Municipal total,782,310,0,-43.433396,-22.7500889993265
RES_2282,3303500,Nova Iguaçu,Municipal total,6617,2368,0,-43.429264,-22.7546259993263
RES_2283,3303500,Nova Iguaçu,Municipal total,568,183,0,-43.431872,-22.7489849993265
RES_2284,3303500,Nova Iguaçu,Municipal total,788,295,0,-43.424666,-22.7586259993263
RES_2285,3303500,Nova Iguaçu,Municipal total,769,264,0,-43.425689,-22.7555929993263
RES_2286,3303500,Nova Iguaçu,Municipal total,2249,844,0,-43.420406,-22.7594949993262
RES_2287,3303500,Nova Iguaçu,Municipal total,1349,450,0,-43.420859,-22.7574239993263
RES_2288,3303500,Nova Iguaçu,Municipal total,1622,517,0,-43.416826,-22.7601699993262
RES_2289,3303500,Nova Iguaçu,Municipal total,1713,572,0,-43.416212,-22.7554779993263
RES_2290,3303500,Nova Iguaçu,Municipal total,1939,655,0,-43.460474,-22.7381329993267
RES_2291,3303500,Nova Iguaçu,Municipal total,2120,711,0,-43.459809,-22.7337969993268
RES_2292,3303500,Nova Iguaçu,Municipal total,1497,507,0,-43.460045,-22.727818999327
RES_2293,3303500,Nova Iguaçu,Municipal total,453,156,0,-43.455114,-22.7383909993267
RES_2294,3303500,Nova Iguaçu,Municipal total,4372,1470,0,-43.455048,-22.7333939993268
RES_2295,3303500,Nova Iguaçu,Municipal total,540,188,0,-43.459071,-22.7303569993269
RES_2296,3303500,Nova Iguaçu,Municipal total,3295,1186,0,-43.483333,-22.7334799993268
RES_2297,3303500,Nova Iguaçu,Municipal total,719,234,0,-43.476489,-22.7361979993268
RES_2298,3303500,Nova Iguaçu,Municipal total,7181,2447,0,-43.477473,-22.7327569993269
RES_2299,3303500,Nova Iguaçu,Municipal total,2229,763,0,-43.477099,-22.728319999327
RES_2300,3303500,Nova Iguaçu,Municipal total,5563,2034,0,-43.469332,-22.7348529993268
RES_2301,3303500,Nova Iguaçu,Municipal total,361,123,0,-43.473115,-22.7295559993269
RES_2302,3303500,Nova Iguaçu,Municipal total,701,240,0,-43.465212,-22.7367629993268
RES_2303,3303500,Nova Iguaçu,Municipal total,3711,1322,0,-43.477943,-22.725872999327
RES_2304,3303500,Nova Iguaçu,Municipal total,1806,628,0,-43.466156,-22.7328559993268
RES_2305,3303500,Nova Iguaçu,Municipal total,3722,1256,0,-43.469481,-22.725890999327
RES_2306,3303500,Nova Iguaçu,Municipal total,2801,979,0,-43.466914,-22.7188349993272
RES_2307,3303500,Nova Iguaçu,Municipal total,699,241,0,-43.466149,-22.7120679993273
RES_2308,3303500,Nova Iguaçu,Municipal total,1859,620,0,-43.462754,-22.7324819993269
RES_2309,3303500,Nova Iguaçu,Municipal total,1103,386,0,-43.463223,-22.727650999327
RES_2310,3303500,Nova Iguaçu,Municipal total,518,178,0,-43.461762,-22.7088929993274
RES_2311,3303500,Nova Iguaçu,Municipal total,466,172,0,-43.471997,-22.7222589993271
RES_2312,3303500,Nova Iguaçu,Municipal total,1535,517,0,-43.453438,-22.7176249993272
RES_2313,3303500,Nova Iguaçu,Municipal total,753,256,0,-43.449014,-22.7158439993273
RES_2314,3303500,Nova Iguaçu,Municipal total,3524,1191,0,-43.446539,-22.7114899993273
RES_2315,3303500,Nova Iguaçu,Municipal total,1380,486,0,-43.442635,-22.7203649993272
RES_2316,3303500,Nova Iguaçu,Municipal total,1614,565,0,-43.438583,-22.7318799993269
RES_2317,3303500,Nova Iguaçu,Municipal total,4207,1471,0,-43.437573,-22.726300999327
RES_2318,3303500,Nova Iguaçu,Municipal total,5302,1806,0,-43.438536,-22.7192769993272
RES_2319,3303500,Nova Iguaçu,Municipal total,502,172,0,-43.441636,-22.7139739993273
RES_2320,3303500,Nova Iguaçu,Municipal total,804,289,0,-43.431824,-22.7314789993269
RES_2321,3303500,Nova Iguaçu,Municipal total,415,147,0,-43.433597,-22.726917999327
RES_2322,3303500,Nova Iguaçu,Municipal total,399,143,0,-43.438867,-22.7333289993268
RES_2323,3303500,Nova Iguaçu,Municipal total,693,232,0,-43.458242,-22.7238859993271
RES_2324,3303500,Nova Iguaçu,Municipal total,1329,432,0,-43.452194,-22.7301539993269
RES_2325,3303500,Nova Iguaçu,Municipal total,5997,2104,0,-43.453072,-22.725531999327
RES_2326,3303500,Nova Iguaçu,Municipal total,898,310,0,-43.450814,-22.7207679993271
RES_2327,3303500,Nova Iguaçu,Municipal total,431,142,0,-43.447809,-22.7295009993269
RES_2328,3303500,Nova Iguaçu,Municipal total,4570,1584,0,-43.446041,-22.725842999327
RES_2329,3303500,Nova Iguaçu,Municipal total,2723,916,0,-43.446436,-22.7201489993272
RES_2330,3303500,Nova Iguaçu,Municipal total,668,228,0,-43.441725,-22.725086999327
RES_2331,3303500,Nova Iguaçu,Municipal total,180,72,0,-43.456746,-22.727632999327
RES_2332,3303500,Nova Iguaçu,Municipal total,2041,707,0,-43.462522,-22.7190809993272
RES_2333,3303500,Nova Iguaçu,Municipal total,548,186,0,-43.463297,-22.7132969993273
RES_2334,3303500,Nova Iguaçu,Municipal total,646,220,0,-43.457252,-22.7195909993272
RES_2335,3303500,Nova Iguaçu,Municipal total,1943,661,0,-43.451048,-22.7390999993267
RES_2336,3303500,Nova Iguaçu,Municipal total,1372,474,0,-43.45014,-22.7344129993268
RES_2337,3303500,Nova Iguaçu,Municipal total,3259,1130,0,-43.447658,-22.7387419993267
RES_2338,3303500,Nova Iguaçu,Municipal total,7407,2566,0,-43.445611,-22.7333119993268
RES_2339,3303500,Nova Iguaçu,Municipal total,736,256,0,-43.459211,-22.7162019993272
RES_2340,3303500,Nova Iguaçu,Municipal total,786,280,0,-43.456214,-22.7162779993272
RES_2341,3303500,Nova Iguaçu,Municipal total,2639,914,0,-43.454221,-22.7114559993273
RES_2342,3303500,Nova Iguaçu,Municipal total,1113,389,0,-43.452195,-22.7060129993275
RES_2343,3303500,Nova Iguaçu,Municipal total,284,97,0,-43.449739,-22.7107279993274
RES_2344,3303500,Nova Iguaçu,Municipal total,459,172,0,-43.448413,-22.7064349993275
RES_2345,3303500,Nova Iguaçu,Municipal total,243,86,0,-43.45333240000001,-22.70959595
RES_2346,3303500,Nova Iguaçu,Municipal total,458,149,0,-43.449078,-22.7048509993275
RES_2347,3303500,Nova Iguaçu,Municipal total,3393,1171,0,-43.460219,-22.7118759993273
RES_2348,3303500,Nova Iguaçu,Municipal total,598,215,0,-43.456639,-22.7077449993274
RES_2349,3303500,Nova Iguaçu,Municipal total,197,70,0,-43.457879,-22.7068859993275
RES_2350,3303500,Nova Iguaçu,Municipal total,499,176,0,-43.496604,-22.7479259993265
RES_2351,3303500,Nova Iguaçu,Municipal total,6468,2206,0,-43.49197,-22.7469919993265
RES_2352,3303500,Nova Iguaçu,Municipal total,3756,1262,0,-43.491504,-22.7411749993267
RES_2353,3303500,Nova Iguaçu,Municipal total,4350,1486,0,-43.485046,-22.7467349993265
RES_2354,3303500,Nova Iguaçu,Municipal total,3906,1293,0,-43.483856,-22.7412759993267
RES_2355,3303500,Nova Iguaçu,Municipal total,2070,727,0,-43.47833,-22.7451529993266
RES_2356,3303500,Nova Iguaçu,Municipal total,2382,798,0,-43.478883,-22.7417029993267
RES_2357,3303500,Nova Iguaçu,Municipal total,1771,593,0,-43.490624,-22.7527449993264
RES_2358,3303500,Nova Iguaçu,Municipal total,2534,941,0,-43.492157,-22.7510839993264
RES_2359,3303500,Nova Iguaçu,Municipal total,4204,1460,0,-43.485743,-22.7537729993264
RES_2360,3303500,Nova Iguaçu,Municipal total,704,257,0,-43.485723,-22.7504279993264
RES_2361,3303500,Nova Iguaçu,Municipal total,926,331,0,-43.496856,-22.7633549993261
RES_2362,3303500,Nova Iguaçu,Municipal total,4607,1758,0,-43.491879,-22.7617249993262
RES_2363,3303500,Nova Iguaçu,Municipal total,1056,371,0,-43.489176,-22.7580389993263
RES_2364,3303500,Nova Iguaçu,Municipal total,6833,2463,0,-43.483796,-22.7607259993262
RES_2365,3303500,Nova Iguaçu,Municipal total,787,284,0,-43.483063,-22.7577379993263
RES_2366,3303500,Nova Iguaçu,Municipal total,845,280,0,-43.479671,-22.7620889993262
RES_2367,3303500,Nova Iguaçu,Municipal total,565,192,0,-43.513346,-22.7735129993259
RES_2368,3303500,Nova Iguaçu,Municipal total,1111,390,0,-43.517207,-22.772047999326
RES_2369,3303500,Nova Iguaçu,Municipal total,508,178,0,-43.510049,-22.7733899993259
RES_2370,3303500,Nova Iguaçu,Municipal total,2675,937,0,-43.507196,-22.770338999326
RES_2371,3303500,Nova Iguaçu,Municipal total,173,57,0,-43.493122,-22.7667459993261
RES_2372,3303500,Nova Iguaçu,Municipal total,795,272,0,-43.48681,-22.7646619993261
RES_2373,3303500,Nova Iguaçu,Municipal total,665,217,0,-43.519634,-22.7633959993262
RES_2374,3303500,Nova Iguaçu,Municipal total,3045,1114,0,-43.515443,-22.7682569993261
RES_2375,3303500,Nova Iguaçu,Municipal total,6886,2446,0,-43.515178,-22.7622389993262
RES_2376,3303500,Nova Iguaçu,Municipal total,3177,1108,0,-43.516325,-22.7557999993263
RES_2377,3303500,Nova Iguaçu,Municipal total,1215,422,0,-43.510612,-22.769241999326
RES_2378,3303500,Nova Iguaçu,Municipal total,2283,799,0,-43.509881,-22.7631149993261
RES_2379,3303500,Nova Iguaçu,Municipal total,674,232,0,-43.509878,-22.7563379993263
RES_2380,3303500,Nova Iguaçu,Municipal total,1467,508,0,-43.51409,-22.7511409993264
RES_2381,3303500,Nova Iguaçu,Municipal total,674,232,0,-43.509454,-22.7523699993264
RES_2382,3303500,Nova Iguaçu,Municipal total,3729,1314,0,-43.507676,-22.7488739993265
RES_2383,3303500,Nova Iguaçu,Municipal total,4852,1643,0,-43.499368,-22.7466849993265
RES_2384,3303500,Nova Iguaçu,Municipal total,2098,764,0,-43.499415,-22.7431889993266
RES_2385,3303500,Nova Iguaçu,Municipal total,288,113,0,-43.50469,-22.7451919993266
RES_2386,3303500,Nova Iguaçu,Municipal total,502,180,0,-43.504737,-22.7439849993266
RES_2387,3303500,Nova Iguaçu,Municipal total,162,55,0,-43.499713,-22.7496429993265
RES_2388,3303500,Nova Iguaçu,Municipal total,5429,1911,0,-43.500777,-22.7535869993264
RES_2389,3303500,Nova Iguaçu,Municipal total,716,249,0,-43.499347,-22.7507979993264
RES_2390,3303500,Nova Iguaçu,Municipal total,3149,1151,0,-43.493493,-22.7538979993264
RES_2391,3303500,Nova Iguaçu,Municipal total,454,166,0,-43.494909,-22.7504279993264
RES_2392,3303500,Nova Iguaçu,Municipal total,549,178,0,-43.498888,-22.7497819993265
RES_2393,3303500,Nova Iguaçu,Municipal total,772,255,0,-43.505471,-22.7667149993261
RES_2394,3303500,Nova Iguaçu,Municipal total,2774,993,0,-43.506436,-22.7626449993262
RES_2395,3303500,Nova Iguaçu,Municipal total,817,295,0,-43.506453,-22.7574979993263
RES_2396,3303500,Nova Iguaçu,Municipal total,4059,1449,0,-43.500888,-22.7628949993262
RES_2397,3303500,Nova Iguaçu,Municipal total,2429,886,0,-43.501061,-22.7583809993263
RES_2398,3303500,Nova Iguaçu,Municipal total,573,200,0,-43.494499,-22.7591859993263
RES_2399,3303500,Nova Iguaçu,Municipal total,885,313,0,-43.493031,-22.7576809993263
RES_2400,3303500,Nova Iguaçu,Municipal total,1243,423,0,-43.552299,-22.7901889993255
RES_2401,3303500,Nova Iguaçu,Municipal total,1174,410,0,-43.552958,-22.7847519993257
RES_2402,3303500,Nova Iguaçu,Municipal total,1376,483,0,-43.551769,-22.7785019993258
RES_2403,3303500,Nova Iguaçu,Municipal total,1672,602,0,-43.545439,-22.7894269993255
RES_2404,3303500,Nova Iguaçu,Municipal total,4339,1501,0,-43.547367,-22.7840579993257
RES_2405,3303500,Nova Iguaçu,Municipal total,3065,1071,0,-43.545697,-22.7772569993258
RES_2406,3303500,Nova Iguaçu,Municipal total,1780,614,0,-43.540977,-22.7842859993257
RES_2407,3303500,Nova Iguaçu,Municipal total,4507,1568,0,-43.539534,-22.7775229993258
RES_2408,3303500,Nova Iguaçu,Municipal total,4209,1448,0,-43.537891,-22.768552999326
RES_2409,3303500,Nova Iguaçu,Municipal total,3300,1172,0,-43.538201,-22.7657609993261
RES_2410,3303500,Nova Iguaçu,Municipal total,791,283,0,-43.534989,-22.7770899993258
RES_2411,3303500,Nova Iguaçu,Municipal total,974,340,0,-43.534297,-22.7732649993259
RES_2412,3303500,Nova Iguaçu,Municipal total,455,156,0,-43.533775,-22.7658269993261
RES_2413,3303500,Nova Iguaçu,Municipal total,194,67,0,-43.537699,-22.768248999326
RES_2414,3303500,Nova Iguaçu,Municipal total,396,133,0,-43.539569,-22.7890539993256
RES_2415,3303500,Nova Iguaçu,Municipal total,256,81,0,-43.539915,-22.7717949993259
RES_2416,3303500,Nova Iguaçu,Municipal total,2535,895,0,-43.529788,-22.7633509993261
RES_2417,3303500,Nova Iguaçu,Municipal total,938,317,0,-43.531003,-22.7534109993264
RES_2418,3303500,Nova Iguaçu,Municipal total,2255,791,0,-43.530727,-22.7508499993264
RES_2419,3303500,Nova Iguaçu,Municipal total,1936,673,0,-43.522065,-22.768297999326
RES_2420,3303500,Nova Iguaçu,Municipal total,3720,1352,0,-43.524249,-22.7633899993261
RES_2421,3303500,Nova Iguaçu,Municipal total,2016,723,0,-43.522225,-22.7544399993264
RES_2422,3303500,Nova Iguaçu,Municipal total,800,274,0,-43.519303,-22.769525999326
RES_2423,3303500,Nova Iguaçu,Municipal total,84,29,0,-43.560855,-22.8240209993248
RES_2424,3303500,Nova Iguaçu,Municipal total,3366,1187,0,-43.529391,-22.7761159993259
RES_2425,3303500,Nova Iguaçu,Municipal total,3046,1084,0,-43.530321,-22.770701999326
RES_2426,3303500,Nova Iguaçu,Municipal total,2123,751,0,-43.524194,-22.7746689993259
RES_2427,3303500,Nova Iguaçu,Municipal total,2748,949,0,-43.524595,-22.771409999326
RES_2428,3303500,Nova Iguaçu,Municipal total,640,232,0,-43.526784,-22.7759689993259
RES_2429,3303500,Nova Iguaçu,Municipal total,2143,751,0,-43.589681,-22.8061759993252
RES_2430,3303500,Nova Iguaçu,Municipal total,3431,1194,0,-43.586443,-22.8046699993252
RES_2431,3303500,Nova Iguaçu,Municipal total,1931,667,0,-43.586187,-22.8018139993253
RES_2432,3303500,Nova Iguaçu,Municipal total,4449,1503,0,-43.585033,-22.7934989993254
RES_2433,3303500,Nova Iguaçu,Municipal total,2066,745,0,-43.57186,-22.8030249993252
RES_2434,3303500,Nova Iguaçu,Municipal total,947,344,0,-43.580944,-22.7978289993253
RES_2435,3303500,Nova Iguaçu,Municipal total,2244,730,0,-43.568485,-22.7998679993253
RES_2436,3303500,Nova Iguaçu,Municipal total,250,80,0,-43.561815,-22.8045819993252
RES_2437,3303500,Nova Iguaçu,Municipal total,1072,358,0,-43.557018,-22.7985749993253
RES_2438,3303500,Nova Iguaçu,Municipal total,458,154,0,-43.550565,-22.7951409993254
RES_2439,3303500,Nova Iguaçu,Municipal total,639,211,0,-43.548973,-22.7920229993255
RES_2440,3303500,Nova Iguaçu,Municipal total,185,67,0,-43.583223,-22.7963269993254
RES_2441,3303500,Nova Iguaçu,Municipal total,906,324,0,-43.624407,-22.8094509993251
RES_2442,3303500,Nova Iguaçu,Municipal total,557,194,0,-43.616555,-22.8066859993252
RES_2443,3303500,Nova Iguaçu,Municipal total,1396,477,0,-43.608819,-22.812424999325
RES_2444,3303500,Nova Iguaçu,Municipal total,883,306,0,-43.607349,-22.8094549993251
RES_2445,3303500,Nova Iguaçu,Municipal total,402,132,0,-43.603508,-22.8213749993248
RES_2446,3303500,Nova Iguaçu,Municipal total,1620,541,0,-43.602751,-22.814497999325
RES_2447,3303500,Nova Iguaçu,Municipal total,402,135,0,-43.60416,-22.8069229993251
RES_2448,3303500,Nova Iguaçu,Municipal total,2125,725,0,-43.599542,-22.8011179993253
RES_2449,3303500,Nova Iguaçu,Municipal total,1056,353,0,-43.594371,-22.8057349993252
RES_2450,3303500,Nova Iguaçu,Municipal total,3570,1249,0,-43.5919,-22.7995649993253
RES_2451,3303500,Nova Iguaçu,Municipal total,632,211,0,-43.58825,-22.8002159993253
RES_2452,3303500,Nova Iguaçu,Municipal total,634,210,0,-43.587043,-22.7938689993254
RES_2453,3303500,Nova Iguaçu,Municipal total,8,2,0,-43.599173,-22.7778069993258
RES_2454,3303500,Nova Iguaçu,Municipal total,199,59,0,-43.611655,-22.7726889993259
RES_2455,3303500,Nova Iguaçu,Municipal total,188,61,0,-43.606542,-22.7533209993264
RES_2456,3303500,Nova Iguaçu,Municipal total,252,78,0,-43.60117894550418,-22.76349925
RES_2457,3303500,Nova Iguaçu,Municipal total,10,4,0,-43.59617,-22.7789269993258
RES_2458,3303500,Nova Iguaçu,Municipal total,182,59,0,-43.590692,-22.7593739993262
RES_2459,3303500,Nova Iguaçu,Municipal total,4,1,0,-43.596175,-22.7758229993259
RES_2460,3303500,Nova Iguaçu,Municipal total,1,0,0,-43.578343,-22.7740179993259
RES_2461,3303500,Nova Iguaçu,Municipal total,564,195,0,-43.574824,-22.7575119993263
RES_2462,3303500,Nova Iguaçu,Municipal total,377,129,0,-43.566535,-22.7790519993258
RES_2463,3303500,Nova Iguaçu,Municipal total,228,69,0,-43.560524,-22.768801999326
RES_2464,3303500,Nova Iguaçu,Municipal total,140,42,0,-43.572801685111116,-22.759218500000003
RES_2465,3303500,Nova Iguaçu,Municipal total,646,239,0,-43.559203,-22.7672059993261
RES_2466,3303500,Nova Iguaçu,Municipal total,2899,1030,0,-43.560088,-22.7643639993261
RES_2467,3303500,Nova Iguaçu,Municipal total,539,189,0,-43.554623,-22.7753839993259
RES_2468,3303500,Nova Iguaçu,Municipal total,2615,894,0,-43.554812,-22.769639999326
RES_2469,3303500,Nova Iguaçu,Municipal total,1632,569,0,-43.556586,-22.7639809993261
RES_2470,3303500,Nova Iguaçu,Municipal total,358,113,0,-43.554404,-22.7594269993262
RES_2471,3303500,Nova Iguaçu,Municipal total,1085,347,0,-43.548654,-22.769115999326
RES_2472,3303500,Nova Iguaçu,Municipal total,898,300,0,-43.551003,-22.7646049993261
RES_2473,3303500,Nova Iguaçu,Municipal total,85,25,0,-43.544497,-22.7729489993259
RES_2474,3303500,Nova Iguaçu,Municipal total,1447,450,0,-43.578691,-22.7967129993254
RES_2475,3303500,Nova Iguaçu,Municipal total,3368,1227,0,-43.576724,-22.7944539993254
RES_2476,3303500,Nova Iguaçu,Municipal total,1766,610,0,-43.568241,-22.7912889993255
RES_2477,3303500,Nova Iguaçu,Municipal total,2475,837,0,-43.570975,-22.7834379993257
RES_2478,3303500,Nova Iguaçu,Municipal total,2258,783,0,-43.561284,-22.7966999993254
RES_2479,3303500,Nova Iguaçu,Municipal total,583,204,0,-43.561439,-22.7951909993254
RES_2480,3303500,Nova Iguaçu,Municipal total,530,189,0,-43.554184,-22.7880349993256
RES_2481,3303500,Nova Iguaçu,Municipal total,1534,528,0,-43.556283,-22.7838729993257
RES_2482,3303500,Nova Iguaçu,Municipal total,193,58,0,-43.580174,-22.7930399993255
RES_2483,3303500,Nova Iguaçu,Municipal total,52,19,0,-43.477116,-22.7732339993259
RES_2484,3303500,Nova Iguaçu,Municipal total,67,22,0,-43.655291,-22.856600999324
RES_2485,3303500,Nova Iguaçu,Municipal total,148,51,0,-43.626811,-22.8404939993244
RES_2486,3303500,Nova Iguaçu,Municipal total,310,109,0,-43.623295,-22.856387999324
RES_2487,3303500,Nova Iguaçu,Municipal total,335,114,0,-43.622112,-22.8521519993241
RES_2488,3303500,Nova Iguaçu,Municipal total,1884,666,0,-43.616576,-22.856940999324
RES_2489,3303500,Nova Iguaçu,Municipal total,1259,449,0,-43.615461,-22.8518289993241
RES_2490,3303500,Nova Iguaçu,Municipal total,2170,780,0,-43.607928,-22.855574999324
RES_2491,3303500,Nova Iguaçu,Municipal total,3392,1164,0,-43.608,-22.8509039993241
RES_2492,3303500,Nova Iguaçu,Municipal total,289,102,0,-43.60756,-22.8452329993243
RES_2493,3303500,Nova Iguaçu,Municipal total,2666,897,0,-43.601027,-22.855405999324
RES_2494,3303500,Nova Iguaçu,Municipal total,2242,791,0,-43.601513,-22.8516569993241
RES_2495,3303500,Nova Iguaçu,Municipal total,1617,549,0,-43.595287,-22.855957999324
RES_2496,3303500,Nova Iguaçu,Municipal total,133,42,0,-43.591568,-22.6122989993296
RES_2497,3303500,Nova Iguaçu,Municipal total,12,4,0,-43.56849260289913,-22.630263049999996
RES_2498,3303500,Nova Iguaçu,Municipal total,26,10,0,-43.568337,-22.6146279993296
RES_2499,3303500,Nova Iguaçu,Municipal total,56,19,0,-43.567494365902164,-22.622417049999996
RES_2500,3303500,Nova Iguaçu,Municipal total,422,137,0,-43.566608,-22.6021499993299
RES_2501,3303500,Nova Iguaçu,Municipal total,244,80,0,-43.54075,-22.681864999328
RES_2502,3303500,Nova Iguaçu,Municipal total,146,48,0,-43.529999,-22.6619489993285
RES_2503,3303500,Nova Iguaçu,Municipal total,139,46,0,-43.531242,-22.6554639993287
RES_2504,3303500,Nova Iguaçu,Municipal total,196,74,0,-43.52696,-22.6895149993279
RES_2505,3303500,Nova Iguaçu,Municipal total,32,11,0,-43.523089,-22.6367519993291
RES_2506,3303500,Nova Iguaçu,Municipal total,119,35,0,-43.60348,-22.8305329993246
RES_2507,3303500,Nova Iguaçu,Municipal total,2887,976,0,-43.600908,-22.8272129993247
RES_2508,3303500,Nova Iguaçu,Municipal total,2041,719,0,-43.599138,-22.8206329993248
RES_2509,3303500,Nova Iguaçu,Municipal total,833,299,0,-43.598764,-22.8158439993249
RES_2510,3303500,Nova Iguaçu,Municipal total,1435,496,0,-43.596102,-22.8256929993247
RES_2511,3303500,Nova Iguaçu,Municipal total,4375,1484,0,-43.59373,-22.8216139993248
RES_2512,3303500,Nova Iguaçu,Municipal total,3792,1294,0,-43.592605,-22.814556999325
RES_2513,3303500,Nova Iguaçu,Municipal total,695,243,0,-43.592577,-22.8100509993251
RES_2514,3303500,Nova Iguaçu,Municipal total,403,146,0,-43.612426,-22.8326159993246
RES_2515,3303500,Nova Iguaçu,Municipal total,1933,652,0,-43.613308,-22.8289199993246
RES_2516,3303500,Nova Iguaçu,Municipal total,2647,894,0,-43.616704,-22.8208079993248
RES_2517,3303500,Nova Iguaçu,Municipal total,1218,428,0,-43.615668,-22.815273999325
RES_2518,3303500,Nova Iguaçu,Municipal total,631,212,0,-43.604876,-22.8379879993244
RES_2519,3303500,Nova Iguaçu,Municipal total,7678,2664,0,-43.609318,-22.8347889993245
RES_2520,3303500,Nova Iguaçu,Municipal total,3194,1131,0,-43.607636,-22.8286349993246
RES_2521,3303500,Nova Iguaçu,Municipal total,2294,771,0,-43.60867,-22.8230259993248
RES_2522,3303500,Nova Iguaçu,Municipal total,676,235,0,-43.611924,-22.8168059993249
RES_2523,3303500,Nova Iguaçu,Municipal total,440,137,0,-43.604452,-22.8333279993245
RES_2524,3303500,Nova Iguaçu,Municipal total,627,218,0,-43.604501,-22.8284069993246
RES_2525,3303500,Nova Iguaçu,Municipal total,402,139,0,-43.603777,-22.8241819993247
RES_2526,3303500,Nova Iguaçu,Municipal total,660,233,0,-43.622074,-22.8415859993244
RES_2527,3303500,Nova Iguaçu,Municipal total,974,335,0,-43.62174,-22.8337439993245
RES_2528,3303500,Nova Iguaçu,Municipal total,303,104,0,-43.621882,-22.8282899993247
RES_2529,3303500,Nova Iguaçu,Municipal total,552,190,0,-43.621589,-22.8206049993248
RES_2530,3303500,Nova Iguaçu,Municipal total,2582,906,0,-43.61574,-22.8424599993243
RES_2531,3303500,Nova Iguaçu,Municipal total,2011,698,0,-43.617053,-22.8344819993245
RES_2532,3303500,Nova Iguaçu,Municipal total,1375,456,0,-43.619302,-22.8289369993246
RES_2533,3303500,Nova Iguaçu,Municipal total,401,138,0,-43.610435,-22.8475419993242
RES_2534,3303500,Nova Iguaçu,Municipal total,2421,856,0,-43.610861,-22.8433769993243
RES_2535,3303500,Nova Iguaçu,Municipal total,784,275,0,-43.598073,-22.8208949993248
RES_2536,3303500,Nova Iguaçu,Municipal total,2779,947,0,-43.529607,-22.727773999327
RES_2537,3303500,Nova Iguaçu,Municipal total,1170,399,0,-43.52961,-22.7194059993272
RES_2538,3303500,Nova Iguaçu,Municipal total,718,249,0,-43.529587,-22.7154879993273
RES_2539,3303500,Nova Iguaçu,Municipal total,5427,1894,0,-43.52389,-22.726799999327
RES_2540,3303500,Nova Iguaçu,Municipal total,3225,1124,0,-43.523033,-22.7198889993272
RES_2541,3303500,Nova Iguaçu,Municipal total,3893,1323,0,-43.523859,-22.7127089993273
RES_2542,3303500,Nova Iguaçu,Municipal total,520,190,0,-43.518406,-22.724690999327
RES_2543,3303500,Nova Iguaçu,Municipal total,1014,347,0,-43.518157,-22.7195919993272
RES_2544,3303500,Nova Iguaçu,Municipal total,2148,727,0,-43.518369,-22.7127519993273
RES_2545,3303500,Nova Iguaçu,Municipal total,740,261,0,-43.520481,-22.7081319993274
RES_2546,3303500,Nova Iguaçu,Municipal total,207,76,0,-43.528278,-22.7102179993274
RES_2547,3303500,Nova Iguaçu,Municipal total,477,163,0,-43.534231,-22.724363999327
RES_2548,3303500,Nova Iguaçu,Municipal total,584,215,0,-43.524851,-22.7107899993274
RES_2549,3303500,Nova Iguaçu,Municipal total,314,106,0,-43.527846,-22.7201109993272
RES_2550,3303500,Nova Iguaçu,Municipal total,2850,983,0,-43.522971,-22.7468579993265
RES_2551,3303500,Nova Iguaçu,Municipal total,810,283,0,-43.522657,-22.7431029993266
RES_2552,3303500,Nova Iguaçu,Municipal total,2496,870,0,-43.522304,-22.7351089993268
RES_2553,3303500,Nova Iguaçu,Municipal total,3658,1259,0,-43.515526,-22.7473249993265
RES_2554,3303500,Nova Iguaçu,Municipal total,705,241,0,-43.519098,-22.7378329993267
RES_2555,3303500,Nova Iguaçu,Municipal total,709,261,0,-43.510064,-22.7464029993265
RES_2556,3303500,Nova Iguaçu,Municipal total,1516,532,0,-43.537012,-22.7338549993268
RES_2557,3303500,Nova Iguaçu,Municipal total,932,319,0,-43.537518,-22.7240089993271
RES_2558,3303500,Nova Iguaçu,Municipal total,647,220,0,-43.536447,-22.7199039993271
RES_2559,3303500,Nova Iguaçu,Municipal total,1304,466,0,-43.53226,-22.7333259993268
RES_2560,3303500,Nova Iguaçu,Municipal total,1436,501,0,-43.533212,-22.7204579993271
RES_2561,3303500,Nova Iguaçu,Municipal total,848,311,0,-43.520758,-22.6997229993276
RES_2562,3303500,Nova Iguaçu,Municipal total,2531,893,0,-43.517578,-22.7042929993275
RES_2563,3303500,Nova Iguaçu,Municipal total,1900,632,0,-43.516804,-22.6972279993277
RES_2564,3303500,Nova Iguaçu,Municipal total,690,235,0,-43.511968,-22.6950129993277
RES_2565,3303500,Nova Iguaçu,Municipal total,336,115,0,-43.512,-22.6901769993278
RES_2566,3303500,Nova Iguaçu,Municipal total,378,135,0,-43.524603,-22.6998859993276
RES_2567,3303500,Nova Iguaçu,Municipal total,217,73,0,-43.518195,-22.7052379993275
RES_2568,3303500,Nova Iguaçu,Municipal total,180,63,0,-43.517375,-22.7013169993276
RES_2569,3303500,Nova Iguaçu,Municipal total,410,141,0,-43.512104,-22.724525999327
RES_2570,3303500,Nova Iguaçu,Municipal total,1027,355,0,-43.513301,-22.7212289993271
RES_2571,3303500,Nova Iguaçu,Municipal total,2316,798,0,-43.508776,-22.726268999327
RES_2572,3303500,Nova Iguaçu,Municipal total,1125,373,0,-43.51026,-22.7217909993271
RES_2573,3303500,Nova Iguaçu,Municipal total,112,40,0,-43.508071,-22.69383025
RES_2574,3303500,Nova Iguaçu,Municipal total,584,204,0,-43.500518,-22.7297829993269
RES_2575,3303500,Nova Iguaçu,Municipal total,869,313,0,-43.502545,-22.728856999327
RES_2576,3303500,Nova Iguaçu,Municipal total,878,314,0,-43.503572,-22.7221989993271
RES_2577,3303500,Nova Iguaçu,Municipal total,168,64,0,-43.511685,-22.7072379993274
RES_2578,3303500,Nova Iguaçu,Municipal total,340,115,0,-43.495931,-22.7304329993269
RES_2579,3303500,Nova Iguaçu,Municipal total,169,57,0,-43.495246,-22.728589999327
RES_2580,3303500,Nova Iguaçu,Municipal total,78,27,0,-43.49608657648855,-22.69741455
RES_2581,3303500,Nova Iguaçu,Municipal total,1100,367,0,-43.486021,-22.7316359993269
RES_2582,3303500,Nova Iguaçu,Municipal total,1156,415,0,-43.483294,-22.726195999327
RES_2583,3303500,Nova Iguaçu,Municipal total,7,2,0,-43.489288,-22.7152599993272
RES_2584,3303500,Nova Iguaçu,Municipal total,312,116,0,-43.480503,-22.7031019993275
RES_2585,3303500,Nova Iguaçu,Municipal total,648,224,0,-43.4792,-22.6922169993278
RES_2586,3303500,Nova Iguaçu,Municipal total,1363,466,0,-43.514955,-22.725766999327
RES_2587,3303500,Nova Iguaçu,Municipal total,2019,726,0,-43.507831,-22.7316749993269
RES_2588,3303500,Nova Iguaçu,Municipal total,3338,1195,0,-43.500444,-22.7325479993269
RES_2589,3303500,Nova Iguaçu,Municipal total,66,23,0,-43.485228,-22.7367449993268
RES_2590,3303500,Nova Iguaçu,Municipal total,234,75,0,-43.489833,-22.7361169993268
RES_2591,3303500,Nova Iguaçu,Municipal total,1150,386,0,-43.528054,-22.7334519993268
RES_2592,3303500,Nova Iguaçu,Municipal total,1490,513,0,-43.52368,-22.7323279993269
RES_2593,3303500,Nova Iguaçu,Municipal total,1483,508,0,-43.513055,-22.7394609993267
RES_2594,3303500,Nova Iguaçu,Municipal total,2333,799,0,-43.515627,-22.7344279993268
RES_2595,3303500,Nova Iguaçu,Municipal total,1120,372,0,-43.518515,-22.728112999327
RES_2596,3303500,Nova Iguaçu,Municipal total,2969,1055,0,-43.508192,-22.7395319993267
RES_2597,3303500,Nova Iguaçu,Municipal total,1194,414,0,-43.507791,-22.7362849993268
RES_2598,3303500,Nova Iguaçu,Municipal total,1203,435,0,-43.502592,-22.7376909993267
RES_2599,3303500,Nova Iguaçu,Municipal total,417,145,0,-43.501692,-22.7360309993268
RES_2600,3303500,Nova Iguaçu,Municipal total,456,160,0,-43.498643,-22.7391269993267
RES_2601,3303500,Nova Iguaçu,Municipal total,558,183,0,-43.518684300000004,-22.7293668
RES_2602,3303500,Nova Iguaçu,Municipal total,373,129,0,-43.536479,-22.7181729993272
RES_2603,3303500,Nova Iguaçu,Municipal total,1889,690,0,-43.538124,-22.7141809993273
RES_2604,3303500,Nova Iguaçu,Municipal total,418,149,0,-43.533528,-22.7177889993272
RES_2605,3303500,Nova Iguaçu,Municipal total,3257,1143,0,-43.531403,-22.7121349993273
RES_2606,3303500,Nova Iguaçu,Municipal total,3499,1215,0,-43.531383,-22.7052169993275
RES_2607,3303500,Nova Iguaçu,Municipal total,4347,1509,0,-43.523165,-22.7045049993275
RES_2608,3303500,Nova Iguaçu,Municipal total,502,163,0,-43.535974,-22.7155019993272
RES_2609,3303500,Nova Iguaçu,Municipal total,1006,350,0,-43.462801,-22.6772929993281
RES_2610,3303500,Nova Iguaçu,Municipal total,2836,973,0,-43.453797,-22.6871219993279
RES_2611,3303500,Nova Iguaçu,Municipal total,1376,498,0,-43.455046,-22.6795339993281
RES_2612,3303500,Nova Iguaçu,Municipal total,2397,832,0,-43.451861,-22.6753049993282
RES_2613,3303500,Nova Iguaçu,Municipal total,643,235,0,-43.451442,-22.6690429993283
RES_2614,3303500,Nova Iguaçu,Municipal total,2191,725,0,-43.446793,-22.681104999328
RES_2615,3303500,Nova Iguaçu,Municipal total,3470,1205,0,-43.447578,-22.6755259993282
RES_2616,3303500,Nova Iguaçu,Municipal total,741,261,0,-43.448703,-22.6707899993283
RES_2617,3303500,Nova Iguaçu,Municipal total,532,179,0,-43.441694,-22.6789129993281
RES_2618,3303500,Nova Iguaçu,Municipal total,660,238,0,-43.439254,-22.6781099993281
RES_2619,3303500,Nova Iguaçu,Municipal total,203,63,0,-43.45590604853937,-22.677982149999995
RES_2620,3303500,Nova Iguaçu,Municipal total,257,87,0,-43.451626,-22.6758659993282
RES_2621,3303500,Nova Iguaçu,Municipal total,101,38,0,-43.447481,-22.6751889993282
RES_2622,3303500,Nova Iguaçu,Municipal total,591,211,0,-43.473833,-22.7041809993275
RES_2623,3303500,Nova Iguaçu,Municipal total,699,238,0,-43.474968,-22.6948999993277
RES_2624,3303500,Nova Iguaçu,Municipal total,1705,604,0,-43.476441,-22.6874619993279
RES_2625,3303500,Nova Iguaçu,Municipal total,3416,1190,0,-43.468884,-22.6971429993277
RES_2626,3303500,Nova Iguaçu,Municipal total,5512,1887,0,-43.469586,-22.6893109993279
RES_2627,3303500,Nova Iguaçu,Municipal total,748,251,0,-43.47004,-22.685163999328
RES_2628,3303500,Nova Iguaçu,Municipal total,1204,404,0,-43.462218,-22.7015809993276
RES_2629,3303500,Nova Iguaçu,Municipal total,977,350,0,-43.462246,-22.6989159993276
RES_2630,3303500,Nova Iguaçu,Municipal total,4806,1660,0,-43.461141,-22.6900229993278
RES_2631,3303500,Nova Iguaçu,Municipal total,3184,1121,0,-43.462308,-22.684263999328
RES_2632,3303500,Nova Iguaçu,Municipal total,1137,373,0,-43.457016,-22.6917639993278
RES_2633,3303500,Nova Iguaçu,Municipal total,600,204,0,-43.462431,-22.6952369993277
RES_2634,3303500,Nova Iguaçu,Municipal total,60,21,0,-43.46005,-22.6805789993281
RES_2635,3303500,Nova Iguaçu,Municipal total,128,42,0,-43.476699,-22.6863769993279
RES_2636,3303500,Nova Iguaçu,Municipal total,666,239,0,-43.464966,-22.6907489993278
RES_2637,3303500,Nova Iguaçu,Municipal total,379,130,0,-43.466973,-22.6883139993279
RES_2638,3303500,Nova Iguaçu,Municipal total,754,268,0,-43.459943,-22.7009599993276
RES_2639,3303500,Nova Iguaçu,Municipal total,943,332,0,-43.45826,-22.6954159993277
RES_2640,3303500,Nova Iguaçu,Municipal total,909,299,0,-43.455724,-22.7025149993276
RES_2641,3303500,Nova Iguaçu,Municipal total,1242,450,0,-43.454004,-22.6957779993277
RES_2642,3303500,Nova Iguaçu,Municipal total,473,160,0,-43.448302,-22.6955399993277
RES_2643,3303500,Nova Iguaçu,Municipal total,326,110,0,-43.447085,-22.6911959993278
RES_2644,3303500,Nova Iguaçu,Municipal total,631,218,0,-43.44342,-22.683703999328
RES_2645,3303500,Nova Iguaçu,Municipal total,142,50,0,-43.44218,-22.6858059993279
RES_2646,3303500,Nova Iguaçu,Municipal total,528,188,0,-43.444414,-22.684562999328
RES_2647,3303500,Nova Iguaçu,Municipal total,564,204,0,-43.456387,-22.6970379993277
RES_2648,3303500,Nova Iguaçu,Municipal total,208,69,0,-43.45807030747943,-22.69808345
RES_2649,3303500,Nova Iguaçu,Municipal total,129,45,0,-43.456865,-22.7028289993276
RES_2650,3303500,Nova Iguaçu,Municipal total,788,268,0,-43.441276,-22.6938389993278
RES_2651,3303500,Nova Iguaçu,Municipal total,675,233,0,-43.436799,-22.6922579993278
RES_2652,3303500,Nova Iguaçu,Municipal total,982,341,0,-43.433895,-22.6918749993278
RES_2653,3303500,Nova Iguaçu,Municipal total,1312,434,0,-43.441262,-22.684630999328
RES_2654,3303500,Nova Iguaçu,Municipal total,486,165,0,-43.441228,-22.6778149993281
RES_2655,3303500,Nova Iguaçu,Municipal total,272,90,0,-43.435061,-22.6731369993282
RES_2656,3303500,Nova Iguaçu,Municipal total,809,275,0,-43.428163,-22.6916149993278
RES_2657,3303500,Nova Iguaçu,Municipal total,255,77,0,-43.434961,-22.6781119993281
RES_2658,3303500,Nova Iguaçu,Municipal total,141,50,0,-43.43035960515347,-22.671290599999995
RES_2659,3303500,Nova Iguaçu,Municipal total,1332,450,0,-43.425603,-22.6897169993278
RES_2660,3303500,Nova Iguaçu,Municipal total,377,123,0,-43.425385,-22.6788069993281
RES_2661,3303500,Nova Iguaçu,Municipal total,286,93,0,-43.418828,-22.6576079993286
RES_2662,3303500,Nova Iguaçu,Municipal total,25,8,0,-43.41392,-22.6748919993282
RES_2663,3303500,Nova Iguaçu,Municipal total,249,84,0,-43.411768,-22.6680389993284
RES_2664,3303500,Nova Iguaçu,Municipal total,488,172,0,-43.417098,-22.6594079993285
RES_2665,3303500,Nova Iguaçu,Municipal total,692,237,0,-43.414835,-22.6556209993286
RES_2666,3303500,Nova Iguaçu,Municipal total,20,6,0,-43.405577,-22.6615059993285
RES_2667,3303500,Nova Iguaçu,Municipal total,106,34,0,-43.401097,-22.6756229993282
RES_2668,3303500,Nova Iguaçu,Municipal total,10,4,0,-43.394169,-22.6725129993282
RES_2669,3303500,Nova Iguaçu,Municipal total,184,69,0,-43.427491,-22.6934159993278
RES_2670,3303500,Nova Iguaçu,Municipal total,849,292,0,-43.474696,-22.7096889993274
RES_2671,3303500,Nova Iguaçu,Municipal total,4038,1438,0,-43.477275,-22.7042749993275
RES_2672,3303500,Nova Iguaçu,Municipal total,1174,404,0,-43.475794,-22.7000689993276
RES_2673,3303500,Nova Iguaçu,Municipal total,812,279,0,-43.472287,-22.7090329993274
RES_2674,3303500,Nova Iguaçu,Municipal total,2938,1004,0,-43.471502,-22.7032309993275
RES_2675,3303500,Nova Iguaçu,Municipal total,3002,1022,0,-43.471531,-22.6982889993277
RES_2676,3303500,Nova Iguaçu,Municipal total,56,19,0,-43.511243,-22.6766769993281
RES_2677,3303500,Nova Iguaçu,Municipal total,418,152,0,-43.437806,-22.7153149993273
RES_2678,3303500,Nova Iguaçu,Municipal total,2158,725,0,-43.437516,-22.7119339993273
RES_2679,3303500,Nova Iguaçu,Municipal total,882,293,0,-43.435745,-22.7070039993274
RES_2680,3303500,Nova Iguaçu,Municipal total,2978,1043,0,-43.432255,-22.7096899993274
RES_2681,3303500,Nova Iguaçu,Municipal total,339,113,0,-43.431785,-22.7062959993274
RES_2682,3303500,Nova Iguaçu,Municipal total,200,69,0,-43.435072,-22.7174169993272
RES_2683,3303500,Nova Iguaçu,Municipal total,418,133,0,-43.43246,-22.7217389993271
RES_2684,3303500,Nova Iguaçu,Municipal total,2678,922,0,-43.431095,-22.7176569993272
RES_2685,3303500,Nova Iguaçu,Municipal total,1249,429,0,-43.431392,-22.7138949993273
RES_2686,3303500,Nova Iguaçu,Municipal total,230,88,0,-43.434155,-22.7218229993271
RES_2687,3303500,Nova Iguaçu,Municipal total,504,164,0,-43.44443,-22.7084789993274
RES_2688,3303500,Nova Iguaçu,Municipal total,1135,394,0,-43.444602,-22.7051099993275
RES_2689,3303500,Nova Iguaçu,Municipal total,2252,799,0,-43.44084,-22.7093179993274
RES_2690,3303500,Nova Iguaçu,Municipal total,3442,1201,0,-43.438355,-22.7034459993275
RES_2691,3303500,Nova Iguaçu,Municipal total,1035,352,0,-43.438507,-22.6978019993277
RES_2692,3303500,Nova Iguaçu,Municipal total,1207,426,0,-43.433047,-22.7028989993276
RES_2693,3303500,Nova Iguaçu,Municipal total,298,107,0,-43.443722,-22.7053379993275
RES_2694,3303500,Nova Iguaçu,Municipal total,575,200,0,-43.436755,-22.7041349993275
RES_2695,3303500,Nova Iguaçu,Municipal total,575,206,0,-43.435258,-22.6968049993277
RES_2696,3303500,Nova Iguaçu,Municipal total,874,310,0,-43.4286,-22.7013219993276
RES_2697,3303500,Nova Iguaçu,Municipal total,3319,1148,0,-43.430141,-22.6970589993277
RES_2698,3303500,Nova Iguaçu,Municipal total,1567,530,0,-43.423199,-22.7018259993276
RES_2699,3303500,Nova Iguaçu,Municipal total,2419,828,0,-43.423757,-22.6972819993277
RES_2700,3303500,Nova Iguaçu,Municipal total,265,90,0,-43.423141,-22.7000589993276
RES_2701,3303500,Nova Iguaçu,Municipal total,329,118,0,-43.42816,-22.7024099993276
RES_2702,3303500,Nova Iguaçu,Municipal total,643,232,0,-43.427713,-22.6986019993276
RES_2703,3303500,Nova Iguaçu,Municipal total,363,131,0,-43.434765,-22.6946369993277
RES_2704,3303500,Nova Iguaçu,Municipal total,152,50,0,-43.430093,-22.6988239993277
RES_2705,3303500,Nova Iguaçu,Municipal total,1717,597,0,-43.419589,-22.6947819993277
RES_2706,3303500,Nova Iguaçu,Municipal total,1213,424,0,-43.42312,-22.6923479993278
RES_2707,3303500,Nova Iguaçu,Municipal total,1584,562,0,-43.413937,-22.6972279993277
RES_2708,3303500,Nova Iguaçu,Municipal total,2344,815,0,-43.416087,-22.6889459993279
RES_2709,3303500,Nova Iguaçu,Municipal total,412,135,0,-43.413819,-22.684740999328
RES_2710,3303500,Nova Iguaçu,Municipal total,681,239,0,-43.411045,-22.683684999328
RES_2711,3303500,Nova Iguaçu,Municipal total,71,25,0,-43.4026704162882,-22.6839685
RES_2712,3303500,Nova Iguaçu,Municipal total,235,81,0,-43.41652,-22.6879849993279
RES_2713,3303500,Nova Iguaçu,Municipal total,338,109,0,-43.445198,-22.6729449993282
RES_2714,3303500,Nova Iguaçu,Municipal total,184,62,0,-43.449516,-22.6454699993289
RES_2715,3303500,Nova Iguaçu,Municipal total,78,27,0,-43.429025,-22.6061299993298
RES_2716,3303500,Nova Iguaçu,Municipal total,87,29,0,-43.42252868203542,-22.62264365
RES_2717,3303500,Nova Iguaçu,Municipal total,760,283,0,-43.420384,-22.5929689993301
RES_2718,3303500,Nova Iguaçu,Municipal total,369,124,0,-43.4228174,-22.588328250000004
RES_2719,3303500,Nova Iguaçu,Municipal total,79,23,0,-43.415344,-22.6425959993289
RES_2720,3303500,Nova Iguaçu,Municipal total,111,42,0,-43.417221275560955,-22.63611115
RES_2721,3303500,Nova Iguaçu,Municipal total,503,182,0,-43.413301,-22.6073109993298
RES_2722,3303500,Nova Iguaçu,Municipal total,810,264,0,-43.417682,-22.5944829993301
RES_2723,3303500,Nova Iguaçu,Municipal total,544,178,0,-43.414751,-22.5905719993301
RES_2724,3303500,Nova Iguaçu,Municipal total,46,16,0,-43.402758,-22.5847999993303
RES_2725,3303500,Nova Iguaçu,Municipal total,185,63,0,-43.445068,-22.6738569993282
RES_2726,3303500,Nova Iguaçu,Municipal total,240,81,0,-43.411663,-22.6448269993289
RES_2727,3303500,Nova Iguaçu,Municipal total,421,129,0,-43.414433,-22.639216999329
RES_2728,3303500,Nova Iguaçu,Municipal total,193,63,0,-43.414459,-22.6227329993294
RES_2729,3303500,Nova Iguaçu,Municipal total,985,327,0,-43.408376,-22.6451819993289
RES_2730,3303500,Nova Iguaçu,Municipal total,111,38,0,-43.4041778,-22.638657599999995
RES_2731,3303500,Nova Iguaçu,Municipal total,186,57,0,-43.40875745787089,-22.621566699999995
RES_2732,3303500,Nova Iguaçu,Municipal total,298,93,0,-43.402659,-22.6506769993288
RES_2733,3303500,Nova Iguaçu,Municipal total,114,34,0,-43.397815,-22.6438139993289
RES_2734,3303500,Nova Iguaçu,Municipal total,123,35,0,-43.399911,-22.640433999329
RES_2735,3303500,Nova Iguaçu,Municipal total,74,26,0,-43.402333350000006,-22.625426799999996
RES_2736,3303500,Nova Iguaçu,Municipal total,219,73,0,-43.39823055,-22.618354899999993
RES_2737,3303500,Nova Iguaçu,Municipal total,80,28,0,-43.394405,-22.638991999329
RES_2738,3303500,Nova Iguaçu,Municipal total,42,15,0,-43.396334,-22.6331179993292
RES_2739,3303500,Nova Iguaçu,Municipal total,183,56,0,-43.39506446595149,-22.619445350000003
RES_2740,3303500,Nova Iguaçu,Municipal total,34,12,0,-43.38801230080411,-22.626869750000004
RES_2741,3303500,Nova Iguaçu,Municipal total,181,63,0,-43.522365,-22.6643369993284
RES_2742,3303500,Nova Iguaçu,Municipal total,81,28,0,-43.509965,-22.6511809993287
RES_2743,3303500,Nova Iguaçu,Municipal total,197,73,0,-43.489185,-22.6901249993278
RES_2744,3303500,Nova Iguaçu,Municipal total,17,6,0,-43.487508,-22.6863869993279
RES_2745,3303500,Nova Iguaçu,Municipal total,474,169,0,-43.484074,-22.6571639993286
RES_2746,3303500,Nova Iguaçu,Municipal total,275,86,0,-43.491832,-22.6559139993286
RES_2747,3303500,Nova Iguaçu,Municipal total,103,35,0,-43.471223,-22.6800269993281
RES_2748,3303500,Nova Iguaçu,Municipal total,322,109,0,-43.466649,-22.6571589993286
RES_2749,3303500,Nova Iguaçu,Municipal total,191,65,0,-43.463443,-22.6761059993282
RES_2750,3303500,Nova Iguaçu,Municipal total,444,147,0,-43.463991,-22.6597209993286
RES_2751,3303500,Nova Iguaçu,Municipal total,1320,484,0,-43.452826,-22.6682669993283
RES_2752,3303500,Nova Iguaçu,Municipal total,693,237,0,-43.453473,-22.6736039993282
RES_2753,3303500,Nova Iguaçu,Municipal total,606,204,0,-43.471983,-22.684354999328
RES_2754,3303609,Paracambi,Municipal total,182,68,0,-43.812157,-22.6638249993284
RES_2755,3303609,Paracambi,Municipal total,266,95,0,-43.810847,-22.6776989993281
RES_2756,3303609,Paracambi,Municipal total,85,33,0,-43.779935,-22.6749559993282
RES_2757,3303609,Paracambi,Municipal total,62,23,0,-43.790168,-22.6685379993283
RES_2758,3303609,Paracambi,Municipal total,30,11,0,-43.789062,-22.6487229993288
RES_2759,3303609,Paracambi,Municipal total,63,23,0,-43.763172,-22.6213819993294
RES_2760,3303609,Paracambi,Municipal total,145,51,0,-43.75796805,-22.66334195
RES_2761,3303609,Paracambi,Municipal total,116,42,0,-43.759175,-22.6439339993289
RES_2762,3303609,Paracambi,Municipal total,102,39,0,-43.75284006321682,-22.697331600000005
RES_2763,3303609,Paracambi,Municipal total,54,21,0,-43.748395699999996,-22.683817400000002
RES_2764,3303609,Paracambi,Municipal total,156,61,0,-43.745578899096884,-22.6193046
RES_2765,3303609,Paracambi,Municipal total,19,7,0,-43.732525,-22.6239539993294
RES_2766,3303609,Paracambi,Municipal total,27,10,0,-43.73052775000001,-22.6522129
RES_2767,3303609,Paracambi,Municipal total,916,353,0,-43.726512,-22.6183269993295
RES_2768,3303609,Paracambi,Municipal total,96,33,0,-43.729368,-22.5864149993302
RES_2769,3303609,Paracambi,Municipal total,63,29,0,-43.717687299999994,-22.653522799999998
RES_2770,3303609,Paracambi,Municipal total,969,381,0,-43.71745,-22.637853999329
RES_2771,3303609,Paracambi,Municipal total,933,368,0,-43.717896,-22.6358109993291
RES_2772,3303609,Paracambi,Municipal total,1326,531,0,-43.717148,-22.6201529993295
RES_2773,3303609,Paracambi,Municipal total,2343,855,0,-43.719525,-22.6135019993296
RES_2774,3303609,Paracambi,Municipal total,119,40,0,-43.717305,-22.6006009993299
RES_2775,3303609,Paracambi,Municipal total,3498,1337,0,-43.713117,-22.6341909993291
RES_2776,3303609,Paracambi,Municipal total,243,95,0,-43.710886,-22.6291199993293
RES_2777,3303609,Paracambi,Municipal total,239,95,0,-43.713826,-22.6179189993295
RES_2778,3303609,Paracambi,Municipal total,1947,705,0,-43.713543,-22.6113479993297
RES_2779,3303609,Paracambi,Municipal total,1942,718,0,-43.710255,-22.6053669993298
RES_2780,3303609,Paracambi,Municipal total,341,131,0,-43.714938,-22.59813799933
RES_2781,3303609,Paracambi,Municipal total,1108,436,0,-43.706613,-22.6307539993292
RES_2782,3303609,Paracambi,Municipal total,5955,2241,0,-43.70363,-22.6266469993293
RES_2783,3303609,Paracambi,Municipal total,1414,545,0,-43.704323,-22.6211619993294
RES_2784,3303609,Paracambi,Municipal total,737,262,0,-43.706311,-22.6088869993297
RES_2785,3303609,Paracambi,Municipal total,2004,699,0,-43.70419,-22.6051039993298
RES_2786,3303609,Paracambi,Municipal total,1177,453,0,-43.703555,-22.6019729993299
RES_2787,3303609,Paracambi,Municipal total,213,87,0,-43.691331,-22.6426859993289
RES_2788,3303609,Paracambi,Municipal total,3222,1223,0,-43.699214,-22.6274249993293
RES_2789,3303609,Paracambi,Municipal total,1508,545,0,-43.69417,-22.5999219993299
RES_2790,3303609,Paracambi,Municipal total,78,29,0,-43.689176,-22.6338899993291
RES_2791,3303609,Paracambi,Municipal total,259,92,0,-43.685324,-22.6169549993295
RES_2792,3303609,Paracambi,Municipal total,2,1,0,-43.6923089,-22.6110647
RES_2793,3303609,Paracambi,Municipal total,228,87,0,-43.69057545532057,-22.6038596
RES_2794,3303609,Paracambi,Municipal total,1859,705,0,-43.687579,-22.59677099933
RES_2795,3303609,Paracambi,Municipal total,10,4,0,-43.69075097717042,-22.589412199999998
RES_2796,3303609,Paracambi,Municipal total,424,167,0,-43.68442616042729,-22.596498350000005
RES_2797,3303609,Paracambi,Municipal total,147,61,0,-43.668626,-22.6079379993297
RES_2798,3303609,Paracambi,Municipal total,8,2,0,-43.6615206,-22.575224750000004
RES_2799,3303609,Paracambi,Municipal total,3,1,0,-43.655947,-22.59501599933
RES_2800,3303609,Paracambi,Municipal total,187,70,0,-43.712547,-22.6200679993295
RES_2801,3303609,Paracambi,Municipal total,238,97,0,-43.694182,-22.638849999329
RES_2802,3303609,Paracambi,Municipal total,596,231,0,-43.690193,-22.638221999329
RES_2803,3303609,Paracambi,Municipal total,385,155,0,-43.710179,-22.6208909993295
RES_2804,3303609,Paracambi,Municipal total,415,165,0,-43.722168,-22.6377299993291
RES_2805,3303609,Paracambi,Municipal total,561,205,0,-43.719489,-22.6169949993295
RES_2806,3303609,Paracambi,Municipal total,496,195,0,-43.726522,-22.6193089993295
RES_2807,3303609,Paracambi,Municipal total,398,174,0,-43.711563,-22.6255009993294
RES_2808,3303609,Paracambi,Municipal total,594,223,0,-43.708445,-22.6248619993294
RES_2809,3303906,Petrópolis,Municipal total,19,0,0,-43.252523,-22.5711849993306
RES_2810,3304003,Piraí,Municipal total,1,0,0,-43.89775,-22.6689019993283
RES_2811,3304003,Piraí,Municipal total,14,2,0,-43.896043,-22.6457309993289
RES_2812,3304003,Piraí,Municipal total,445,64,0,-43.898882,-22.6283449993293
RES_2813,3304003,Piraí,Municipal total,2022,307,0,-43.890395,-22.6288359993293
RES_2814,3304003,Piraí,Municipal total,38,6,0,-43.890657,-22.6023979993299
RES_2815,3304003,Piraí,Municipal total,15,2,0,-43.894225,-22.6752949993282
RES_2816,3304003,Piraí,Municipal total,56,8,0,-43.870544,-22.6637259993285
RES_2817,3304003,Piraí,Municipal total,1452,213,0,-43.88487,-22.6212839993294
RES_2818,3304003,Piraí,Municipal total,24,4,0,-43.882241,-22.5861379993303
RES_2819,3304003,Piraí,Municipal total,310,48,0,-43.878614,-22.683476999328
RES_2820,3304003,Piraí,Municipal total,169,20,0,-43.87139,-22.6786279993281
RES_2821,3304003,Piraí,Municipal total,212,29,0,-43.871905,-22.6074179993298
RES_2822,3304003,Piraí,Municipal total,92,13,0,-43.873978,-22.6315109993292
RES_2823,3304003,Piraí,Municipal total,746,116,0,-43.870439,-22.6042469993298
RES_2824,3304003,Piraí,Municipal total,125,18,0,-43.859633,-22.6020479993299
RES_2825,3304003,Piraí,Municipal total,20,3,0,-43.854054,-22.5805849993304
RES_2826,3304003,Piraí,Municipal total,254,37,0,-43.852348,-22.6705809993283
RES_2827,3304003,Piraí,Municipal total,295,43,0,-43.848632,-22.6624259993285
RES_2828,3304003,Piraí,Municipal total,129,18,0,-43.851641,-22.5998509993299
RES_2829,3304003,Piraí,Municipal total,240,36,0,-43.845161,-22.5796729993304
RES_2830,3304003,Piraí,Municipal total,342,51,0,-43.829582,-22.6727299993283
RES_2831,3304003,Piraí,Municipal total,25,4,0,-43.833392,-22.5756109993305
RES_2832,3304003,Piraí,Municipal total,153,22,0,-43.829351,-22.5736189993305
RES_2833,3304003,Piraí,Municipal total,52,8,0,-43.819875,-22.6051949993298
RES_2834,3304003,Piraí,Municipal total,124,17,0,-43.791417,-22.5839419993303
RES_2835,3304003,Piraí,Municipal total,9,1,0,-43.899967949944454,-22.62520684999999
RES_2836,3304003,Piraí,Municipal total,533,78,0,-43.884611,-22.6246829993294
RES_2837,3304003,Piraí,Municipal total,216,33,0,-43.84948,-22.7829379993257
RES_2838,3304003,Piraí,Municipal total,238,35,0,-43.853045,-22.7382729993267
RES_2839,3304003,Piraí,Municipal total,499,76,0,-43.848414,-22.7180889993272
RES_2840,3304003,Piraí,Municipal total,113,15,0,-43.837513,-22.7123779993273
RES_2841,3304003,Piraí,Municipal total,124,17,0,-43.82817,-22.7046389993275
RES_2842,3304144,Queimados,Municipal total,657,240,0,-43.566941,-22.724687999327
RES_2843,3304144,Queimados,Municipal total,1984,769,0,-43.562667,-22.725704999327
RES_2844,3304144,Queimados,Municipal total,5066,1828,0,-43.563238,-22.7194609993272
RES_2845,3304144,Queimados,Municipal total,2453,897,0,-43.561648,-22.7117759993273
RES_2846,3304144,Queimados,Municipal total,2212,782,0,-43.560388,-22.7074369993274
RES_2847,3304144,Queimados,Municipal total,1478,542,0,-43.557372,-22.725665999327
RES_2848,3304144,Queimados,Municipal total,3797,1396,0,-43.556229,-22.7204449993271
RES_2849,3304144,Queimados,Municipal total,3483,1234,0,-43.55547,-22.7115279993273
RES_2850,3304144,Queimados,Municipal total,5054,1822,0,-43.555719,-22.7052369993275
RES_2851,3304144,Queimados,Municipal total,504,177,0,-43.550828,-22.7058399993275
RES_2852,3304144,Queimados,Municipal total,952,338,0,-43.55185,-22.7139519993273
RES_2853,3304144,Queimados,Municipal total,311,110,0,-43.552683,-22.7053989993275
RES_2854,3304144,Queimados,Municipal total,2340,856,0,-43.553062,-22.6998019993276
RES_2855,3304144,Queimados,Municipal total,796,293,0,-43.555275,-22.6919199993278
RES_2856,3304144,Queimados,Municipal total,3117,1172,0,-43.547535,-22.7124489993273
RES_2857,3304144,Queimados,Municipal total,1290,473,0,-43.549054,-22.7033999993275
RES_2858,3304144,Queimados,Municipal total,2154,799,0,-43.547204,-22.6986759993277
RES_2859,3304144,Queimados,Municipal total,609,228,0,-43.550135,-22.6903129993278
RES_2860,3304144,Queimados,Municipal total,1213,441,0,-43.538488,-22.7097439993274
RES_2861,3304144,Queimados,Municipal total,869,326,0,-43.537946,-22.7033139993275
RES_2862,3304144,Queimados,Municipal total,363,137,0,-43.540778,-22.6911109993278
RES_2863,3304144,Queimados,Municipal total,1051,409,0,-43.529627,-22.6982659993277
RES_2864,3304144,Queimados,Municipal total,1374,514,0,-43.524961,-22.6958229993277
RES_2865,3304144,Queimados,Municipal total,491,180,0,-43.526318,-22.6938859993277
RES_2866,3304144,Queimados,Municipal total,993,379,0,-43.519823,-22.6937349993278
RES_2867,3304144,Queimados,Municipal total,1800,715,0,-43.554198,-22.6956029993277
RES_2868,3304144,Queimados,Municipal total,644,247,0,-43.551716,-22.6931069993278
RES_2869,3304144,Queimados,Municipal total,112,44,0,-43.550816,-22.6925159993278
RES_2870,3304144,Queimados,Municipal total,327,122,0,-43.545817,-22.6985989993276
RES_2871,3304144,Queimados,Municipal total,738,281,0,-43.539709,-22.7036729993275
RES_2872,3304144,Queimados,Municipal total,82,30,0,-43.552203,-22.7339349993268
RES_2873,3304144,Queimados,Municipal total,799,297,0,-43.553605,-22.724728999327
RES_2874,3304144,Queimados,Municipal total,465,168,0,-43.552066,-22.7188049993272
RES_2875,3304144,Queimados,Municipal total,2563,931,0,-43.548106,-22.7192839993272
RES_2876,3304144,Queimados,Municipal total,940,341,0,-43.546044,-22.7157299993273
RES_2877,3304144,Queimados,Municipal total,221,80,0,-43.542119,-22.7326449993269
RES_2878,3304144,Queimados,Municipal total,658,229,0,-43.542548,-22.7236029993271
RES_2879,3304144,Queimados,Municipal total,1254,471,0,-43.54102,-22.7191679993272
RES_2880,3304144,Queimados,Municipal total,1052,407,0,-43.546395,-22.7185839993272
RES_2881,3304144,Queimados,Municipal total,638,248,0,-43.541764,-22.7180109993272
RES_2882,3304144,Queimados,Municipal total,62,23,0,-43.59842,-22.7406569993267
RES_2883,3304144,Queimados,Municipal total,112,42,0,-43.5843289,-22.751376099999998
RES_2884,3304144,Queimados,Municipal total,199,73,0,-43.588455,-22.7435659993266
RES_2885,3304144,Queimados,Municipal total,499,176,0,-43.584732,-22.7376909993267
RES_2886,3304144,Queimados,Municipal total,471,182,0,-43.575074,-22.7529569993264
RES_2887,3304144,Queimados,Municipal total,451,169,0,-43.57522822563906,-22.75010905
RES_2888,3304144,Queimados,Municipal total,516,173,0,-43.580107,-22.7394609993267
RES_2889,3304144,Queimados,Municipal total,99,36,0,-43.5795,-22.7341229993268
RES_2890,3304144,Queimados,Municipal total,1233,453,0,-43.572175,-22.7504799993264
RES_2891,3304144,Queimados,Municipal total,450,162,0,-43.564753,-22.7396839993267
RES_2892,3304144,Queimados,Municipal total,488,196,0,-43.568216,-22.7467359993265
RES_2893,3304144,Queimados,Municipal total,761,294,0,-43.563913,-22.7383969993267
RES_2894,3304144,Queimados,Municipal total,1113,417,0,-43.563163,-22.7332769993268
RES_2895,3304144,Queimados,Municipal total,1047,420,0,-43.552853,-22.7455569993266
RES_2896,3304144,Queimados,Municipal total,1652,589,0,-43.557358,-22.7403079993267
RES_2897,3304144,Queimados,Municipal total,1016,386,0,-43.556981,-22.7354609993268
RES_2898,3304144,Queimados,Municipal total,32,12,0,-43.54056,-22.7484949993265
RES_2899,3304144,Queimados,Municipal total,524,192,0,-43.538031,-22.7443789993266
RES_2900,3304144,Queimados,Municipal total,286,113,0,-43.536559,-22.7429439993266
RES_2901,3304144,Queimados,Municipal total,145,60,0,-43.634453,-22.7237229993271
RES_2902,3304144,Queimados,Municipal total,2,1,0,-43.614798,-22.726717999327
RES_2903,3304144,Queimados,Municipal total,9,3,0,-43.606292,-22.7183529993272
RES_2904,3304144,Queimados,Municipal total,48,18,0,-43.608202,-22.728841999327
RES_2905,3304144,Queimados,Municipal total,399,164,0,-43.60011,-22.6931029993278
RES_2906,3304144,Queimados,Municipal total,857,308,0,-43.594624,-22.728203999327
RES_2907,3304144,Queimados,Municipal total,340,132,0,-43.592478,-22.7098799993274
RES_2908,3304144,Queimados,Municipal total,391,143,0,-43.596902,-22.7062159993275
RES_2909,3304144,Queimados,Municipal total,365,121,0,-43.594098,-22.6957069993277
RES_2910,3304144,Queimados,Municipal total,1503,560,0,-43.595739,-22.6909509993278
RES_2911,3304144,Queimados,Municipal total,2191,770,0,-43.586169,-22.725851999327
RES_2912,3304144,Queimados,Municipal total,5034,1868,0,-43.587703,-22.7189629993272
RES_2913,3304144,Queimados,Municipal total,3705,1362,0,-43.586479,-22.7128639993273
RES_2914,3304144,Queimados,Municipal total,654,235,0,-43.586911,-22.7046699993275
RES_2915,3304144,Queimados,Municipal total,398,141,0,-43.587566,-22.7006299993276
RES_2916,3304144,Queimados,Municipal total,630,234,0,-43.590012,-22.6926229993278
RES_2917,3304144,Queimados,Municipal total,5633,2102,0,-43.578842,-22.725272999327
RES_2918,3304144,Queimados,Municipal total,3515,1282,0,-43.578003,-22.7191869993272
RES_2919,3304144,Queimados,Municipal total,3551,1313,0,-43.579178,-22.7130659993273
RES_2920,3304144,Queimados,Municipal total,3608,1386,0,-43.578161,-22.7053239993275
RES_2921,3304144,Queimados,Municipal total,586,217,0,-43.578737,-22.7016009993276
RES_2922,3304144,Queimados,Municipal total,3854,1432,0,-43.570671,-22.725318999327
RES_2923,3304144,Queimados,Municipal total,4582,1685,0,-43.570759,-22.7190989993272
RES_2924,3304144,Queimados,Municipal total,6074,2225,0,-43.570913,-22.7125879993273
RES_2925,3304144,Queimados,Municipal total,1680,637,0,-43.57312,-22.7073099993275
RES_2926,3304144,Queimados,Municipal total,2081,758,0,-43.564977,-22.7143489993273
RES_2927,3304144,Queimados,Municipal total,1119,428,0,-43.568418,-22.7284629993269
RES_2928,3304144,Queimados,Municipal total,281,94,0,-43.581018,-22.6922359993278
RES_2929,3304144,Queimados,Municipal total,2819,1065,0,-43.568633,-22.7040809993275
RES_2930,3304144,Queimados,Municipal total,1972,722,0,-43.569073,-22.6983289993277
RES_2931,3304144,Queimados,Municipal total,800,303,0,-43.572684,-22.6914189993278
RES_2932,3304144,Queimados,Municipal total,4016,1464,0,-43.563613,-22.7043189993275
RES_2933,3304144,Queimados,Municipal total,2846,1100,0,-43.56394,-22.6996659993276
RES_2934,3304144,Queimados,Municipal total,2681,989,0,-43.563524,-22.6929279993278
RES_2935,3304144,Queimados,Municipal total,1937,727,0,-43.557907,-22.6988769993276
RES_2936,3304144,Queimados,Municipal total,489,175,0,-43.558165,-22.6915459993278
RES_2937,3304144,Queimados,Municipal total,1287,471,0,-43.561529,-22.6949359993277
RES_2938,3304144,Queimados,Municipal total,230,87,0,-43.625211,-22.7498509993265
RES_2939,3304144,Queimados,Municipal total,233,80,0,-43.626866,-22.7457109993266
RES_2940,3304144,Queimados,Municipal total,63,24,0,-43.606833,-22.7330289993268
RES_2941,3304409,Rio Claro,Municipal total,9,0,0,-43.893603,-22.8024239993252
RES_2942,3304409,Rio Claro,Municipal total,5,0,0,-43.892749,-22.8018599993253
RES_2943,3304409,Rio Claro,Municipal total,53,0,0,-43.892611,-22.7949969993254
RES_2944,3304557,Rio de Janeiro,Centro,3884,1600,0,-43.192156,-22.9112409993227
RES_2945,3304557,Rio de Janeiro,Centro,1711,698,0,-43.192537,-22.9063649993229
RES_2946,3304557,Rio de Janeiro,Centro,5266,2097,0,-43.188214,-22.9160169993226
RES_2947,3304557,Rio de Janeiro,Centro,9786,3877,0,-43.187711,-22.9120389993227
RES_2948,3304557,Rio de Janeiro,Centro,1357,578,0,-43.185498,-22.901760999323
RES_2949,3304557,Rio de Janeiro,Centro,969,418,0,-43.178451,-22.9103029993228
RES_2950,3304557,Rio de Janeiro,Centro,225,96,0,-43.180898,-22.9046109993229
RES_2951,3304557,Rio de Janeiro,Centro,183,79,0,-43.181357,-22.899837999323
RES_2952,3304557,Rio de Janeiro,Centro,305,138,0,-43.173086,-22.9114009993227
RES_2953,3304557,Rio de Janeiro,Centro,88,35,0,-43.171219,-22.9100849993228
RES_2954,3304557,Rio de Janeiro,Gamboa,1254,563,0,-43.192895,-22.901181999323
RES_2955,3304557,Rio de Janeiro,Gamboa,4243,1703,0,-43.193379,-22.8970949993231
RES_2956,3304557,Rio de Janeiro,Gamboa,1456,636,0,-43.189569,-22.898100999323
RES_2957,3304557,Rio de Janeiro,Gamboa,1636,714,0,-43.196928,-22.900847999323
RES_2958,3304557,Rio de Janeiro,Gamboa,2252,945,0,-43.195107,-22.899412999323
RES_2959,3304557,Rio de Janeiro,Gamboa,575,238,0,-43.195493,-22.9029799993229
RES_2960,3304557,Rio de Janeiro,Santo Cristo,590,248,0,-43.206644,-22.9043369993229
RES_2961,3304557,Rio de Janeiro,Santo Cristo,6580,2650,0,-43.202234,-22.9031759993229
RES_2962,3304557,Rio de Janeiro,Santo Cristo,1195,476,0,-43.199901,-22.899960999323
RES_2963,3304557,Rio de Janeiro,Santo Cristo,800,338,0,-43.197384,-22.9033249993229
RES_2964,3304557,Rio de Janeiro,Santo Cristo,293,130,0,-43.207334,-22.9067989993228
RES_2965,3304557,Rio de Janeiro,Santo Cristo,273,113,0,-43.198485,-22.902580999323
RES_2966,3304557,Rio de Janeiro,Santo Cristo,205,96,0,-43.202798,-22.9058009993229
RES_2967,3304557,Rio de Janeiro,Caju,839,362,0,-43.230205,-22.8793529993235
RES_2968,3304557,Rio de Janeiro,Caju,815,365,0,-43.23050324095961,-22.878495899999997
RES_2969,3304557,Rio de Janeiro,Caju,653,266,0,-43.22626,-22.8829189993234
RES_2970,3304557,Rio de Janeiro,Caju,1530,628,0,-43.222582,-22.8774729993235
RES_2971,3304557,Rio de Janeiro,Caju,363,135,0,-43.216209,-22.8782559993235
RES_2972,3304557,Rio de Janeiro,Caju,332,160,0,-43.218013,-22.8786919993235
RES_2973,3304557,Rio de Janeiro,Caju,569,214,0,-43.21226015,-22.876212800000005
RES_2974,3304557,Rio de Janeiro,Caju,301,122,0,-43.22038,-22.8775229993235
RES_2975,3304557,Rio de Janeiro,Caju,753,310,0,-43.223102,-22.8790669993235
RES_2976,3304557,Rio de Janeiro,Caju,844,360,0,-43.222013,-22.8778609993235
RES_2977,3304557,Rio de Janeiro,Caju,895,384,0,-43.221500789591985,-22.878684049999997
RES_2978,3304557,Rio de Janeiro,Caju,355,146,0,-43.232494,-22.8862549993233
RES_2979,3304557,Rio de Janeiro,Caju,740,304,0,-43.231124,-22.8854739993233
RES_2980,3304557,Rio de Janeiro,Caju,922,412,0,-43.22887515,-22.884626750000002
RES_2981,3304557,Rio de Janeiro,Caju,350,160,0,-43.229837915762715,-22.8810222
RES_2982,3304557,Rio de Janeiro,Caju,5745,2522,0,-43.228235,-22.8816049993234
RES_2983,3304557,Rio de Janeiro,Caju,1413,612,0,-43.225883,-22.8776039993235
RES_2984,3304557,Rio de Janeiro,Caju,1058,423,0,-43.216405,-22.8761159993235
RES_2985,3304557,Rio de Janeiro,Caju,1058,435,0,-43.22222,-22.8797279993235
RES_2986,3304557,Rio de Janeiro,Caju,938,411,0,-43.230385,-22.8846849993233
RES_2987,3304557,Rio de Janeiro,Caju,669,296,0,-43.229774,-22.8839479993234
RES_2988,3304557,Rio de Janeiro,Caju,1985,757,0,-43.212029,-22.8743509993236
RES_2989,3304557,Rio de Janeiro,Caju,989,433,0,-43.23189013044468,-22.88415615
RES_2990,3304557,Rio de Janeiro,Catumbi,663,270,0,-43.197865,-22.9239679993225
RES_2991,3304557,Rio de Janeiro,Catumbi,937,363,0,-43.196512,-22.9230359993225
RES_2992,3304557,Rio de Janeiro,Catumbi,4319,1709,0,-43.196075,-22.9174139993226
RES_2993,3304557,Rio de Janeiro,Catumbi,274,125,0,-43.19795,-22.9226369993225
RES_2994,3304557,Rio de Janeiro,Catumbi,4923,2036,0,-43.19916,-22.9192989993226
RES_2995,3304557,Rio de Janeiro,Catumbi,769,312,0,-43.197943,-22.9194089993226
RES_2996,3304557,Rio de Janeiro,Catumbi,316,136,0,-43.199276,-22.9236729993225
RES_2997,3304557,Rio de Janeiro,Rio Comprido,1502,634,0,-43.213563,-22.9230249993225
RES_2998,3304557,Rio de Janeiro,Tijuca,315,116,0,-43.214203,-22.9214769993225
RES_2999,3304557,Rio de Janeiro,Rio Comprido,2073,817,0,-43.208947,-22.9309269993223
RES_3000,3304557,Rio de Janeiro,Rio Comprido,7318,2889,0,-43.210489,-22.9248709993224
RES_3001,3304557,Rio de Janeiro,Rio Comprido,7037,2764,0,-43.209847,-22.9194759993226
RES_3002,3304557,Rio de Janeiro,Rio Comprido,4187,1872,0,-43.201441,-22.9310889993223
RES_3003,3304557,Rio de Janeiro,Rio Comprido,5146,2120,0,-43.20399,-22.9250869993224
RES_3004,3304557,Rio de Janeiro,Rio Comprido,413,169,0,-43.205172,-22.9213189993225
RES_3005,3304557,Rio de Janeiro,Rio Comprido,1317,539,0,-43.202875,-22.9213989993225
RES_3006,3304557,Rio de Janeiro,Rio Comprido,1052,437,0,-43.214379,-22.9264679993224
RES_3007,3304557,Rio de Janeiro,Rio Comprido,1524,654,0,-43.215402,-22.9257449993224
RES_3008,3304557,Rio de Janeiro,Rio Comprido,487,195,0,-43.201814,-22.9233929993225
RES_3009,3304557,Rio de Janeiro,Tijuca,1140,429,0,-43.21695,-22.9253769993224
RES_3010,3304557,Rio de Janeiro,Santa Teresa,537,245,0,-43.202178,-22.9323459993222
RES_3011,3304557,Rio de Janeiro,Rio Comprido,387,141,0,-43.216163,-22.9274839993224
RES_3012,3304557,Rio de Janeiro,Rio Comprido,198,82,0,-43.212685,-22.9348109993222
RES_3013,3304557,Rio de Janeiro,Rio Comprido,391,166,0,-43.214386,-22.9279259993224
RES_3014,3304557,Rio de Janeiro,Rio Comprido,392,173,0,-43.210525,-22.9357599993222
RES_3015,3304557,Rio de Janeiro,Rio Comprido,975,401,0,-43.21728460243902,-22.931094899999998
RES_3016,3304557,Rio de Janeiro,Rio Comprido,1893,823,0,-43.199898,-22.9278819993224
RES_3017,3304557,Rio de Janeiro,Rio Comprido,379,146,0,-43.197042,-22.9277259993224
RES_3018,3304557,Rio de Janeiro,Rio Comprido,149,62,0,-43.205376,-22.9294709993223
RES_3019,3304557,Rio de Janeiro,Rio Comprido,960,399,0,-43.204921,-22.9291449993223
RES_3020,3304557,Rio de Janeiro,Rio Comprido,497,205,0,-43.213079,-22.9366089993222
RES_3021,3304557,Rio de Janeiro,Cidade Nova,3585,1478,0,-43.200651,-22.9115399993227
RES_3022,3304557,Rio de Janeiro,Cidade Nova,1160,467,0,-43.198241,-22.9126319993227
RES_3023,3304557,Rio de Janeiro,Estácio,3587,1405,0,-43.208015,-22.9172939993226
RES_3024,3304557,Rio de Janeiro,Estácio,598,238,0,-43.209165,-22.9135129993227
RES_3025,3304557,Rio de Janeiro,Estácio,5265,2235,0,-43.20374,-22.9160869993226
RES_3026,3304557,Rio de Janeiro,Estácio,1686,726,0,-43.201662,-22.9142339993227
RES_3027,3304557,Rio de Janeiro,Estácio,1179,490,0,-43.203608,-22.9200529993225
RES_3028,3304557,Rio de Janeiro,Estácio,264,116,0,-43.203447,-22.9178909993226
RES_3029,3304557,Rio de Janeiro,Estácio,10681,4433,0,-43.201707,-22.9179999993226
RES_3030,3304557,Rio de Janeiro,Flamengo,16995,6213,0,-43.176473,-22.9386379993221
RES_3031,3304557,Rio de Janeiro,Flamengo,16125,5947,0,-43.176195,-22.9330199993222
RES_3032,3304557,Rio de Janeiro,Flamengo,3772,1421,0,-43.175199,-22.9271959993224
RES_3033,3304557,Rio de Janeiro,Flamengo,3503,1156,0,-43.173435,-22.9392629993221
RES_3034,3304557,Rio de Janeiro,Flamengo,1,0,0,-43.17402,-22.9312759993223
RES_3035,3304557,Rio de Janeiro,Flamengo,1610,718,0,-43.173649,-22.9254619993224
RES_3036,3304557,Rio de Janeiro,Flamengo,1093,454,0,-43.179789,-22.9378259993221
RES_3037,3304557,Rio de Janeiro,Catete,1525,586,0,-43.176937,-22.9221249993225
RES_3038,3304557,Rio de Janeiro,Glória,5160,2051,0,-43.17819,-22.9194849993226
RES_3039,3304557,Rio de Janeiro,Glória,435,186,0,-43.173527,-22.9224159993225
RES_3040,3304557,Rio de Janeiro,Laranjeiras,9508,3560,0,-43.191908,-22.9398599993221
RES_3041,3304557,Rio de Janeiro,Laranjeiras,1707,681,0,-43.191473,-22.9346309993222
RES_3042,3304557,Rio de Janeiro,Laranjeiras,4017,1517,0,-43.185689,-22.9364879993222
RES_3043,3304557,Rio de Janeiro,Laranjeiras,12722,4694,0,-43.186214,-22.9336229993222
RES_3044,3304557,Rio de Janeiro,Laranjeiras,1652,572,0,-43.181285,-22.9366099993222
RES_3045,3304557,Rio de Janeiro,Laranjeiras,8554,3096,0,-43.180309,-22.9330009993222
RES_3046,3304557,Rio de Janeiro,Laranjeiras,538,228,0,-43.193962,-22.9338569993222
RES_3047,3304557,Rio de Janeiro,Laranjeiras,1284,554,0,-43.192533,-22.9300539993223
RES_3048,3304557,Rio de Janeiro,Santa Teresa,373,163,0,-43.18263413333264,-22.9241745
RES_3049,3304557,Rio de Janeiro,Catete,3588,1364,0,-43.178691,-22.9301499993223
RES_3050,3304557,Rio de Janeiro,Catete,12808,4999,0,-43.178336,-22.9260949993224
RES_3051,3304557,Rio de Janeiro,Catete,689,303,0,-43.182799,-22.9250279993224
RES_3052,3304557,Rio de Janeiro,Catete,1423,604,0,-43.183715,-22.9280499993224
RES_3053,3304557,Rio de Janeiro,Catete,428,182,0,-43.1821697,-22.926460249999998
RES_3054,3304557,Rio de Janeiro,Catete,2986,1327,0,-43.179341,-22.9233929993225
RES_3055,3304557,Rio de Janeiro,Cosme Velho,72,29,0,-43.203257,-22.944834999322
RES_3056,3304557,Rio de Janeiro,Cosme Velho,2330,822,0,-43.198198,-22.9407529993221
RES_3057,3304557,Rio de Janeiro,Cosme Velho,1140,378,0,-43.196018,-22.9390099993221
RES_3058,3304557,Rio de Janeiro,Cosme Velho,680,278,0,-43.201971,-22.9414899993221
RES_3059,3304557,Rio de Janeiro,Cosme Velho,779,327,0,-43.206109,-22.944270999322
RES_3060,3304557,Rio de Janeiro,Cosme Velho,1272,520,0,-43.204487,-22.942285999322
RES_3061,3304557,Rio de Janeiro,Cosme Velho,135,51,0,-43.203388,-22.945642999322
RES_3062,3304557,Rio de Janeiro,Botafogo,2557,1007,0,-43.193615,-22.9589719993217
RES_3063,3304557,Rio de Janeiro,Botafogo,12126,4608,0,-43.192724,-22.9545149993218
RES_3064,3304557,Rio de Janeiro,Botafogo,2162,844,0,-43.192589,-22.9501359993219
RES_3065,3304557,Rio de Janeiro,Botafogo,1481,571,0,-43.1842,-22.9582159993217
RES_3066,3304557,Rio de Janeiro,Botafogo,16505,6534,0,-43.18553,-22.9534349993218
RES_3067,3304557,Rio de Janeiro,Botafogo,19988,7957,0,-43.185055,-22.9469969993219
RES_3068,3304557,Rio de Janeiro,Botafogo,1368,560,0,-43.185012,-22.943049999322
RES_3069,3304557,Rio de Janeiro,Botafogo,265,117,0,-43.176964,-22.9579559993217
RES_3070,3304557,Rio de Janeiro,Botafogo,9159,3608,0,-43.177726,-22.9533459993218
RES_3071,3304557,Rio de Janeiro,Botafogo,454,195,0,-43.176549,-22.9508279993218
RES_3072,3304557,Rio de Janeiro,Botafogo,4420,1685,0,-43.178959,-22.9412399993221
RES_3073,3304557,Rio de Janeiro,Botafogo,822,273,0,-43.174092,-22.9549719993217
RES_3074,3304557,Rio de Janeiro,Botafogo,647,289,0,-43.189021,-22.9619279993216
RES_3075,3304557,Rio de Janeiro,Botafogo,745,315,0,-43.191329,-22.9606119993216
RES_3076,3304557,Rio de Janeiro,Botafogo,3854,1701,0,-43.193794,-22.9475819993219
RES_3077,3304557,Rio de Janeiro,Urca,175,75,0,-43.172406,-22.9554359993217
RES_3078,3304557,Rio de Janeiro,Urca,1667,650,0,-43.168025,-22.9533009993218
RES_3079,3304557,Rio de Janeiro,Urca,2899,1069,0,-43.162833,-22.9467489993219
RES_3080,3304557,Rio de Janeiro,Urca,394,177,0,-43.157093,-22.9463149993219
RES_3081,3304557,Rio de Janeiro,Urca,255,94,0,-43.172443,-22.9550319993217
RES_3082,3304557,Rio de Janeiro,Humaitá,3902,1473,0,-43.201011,-22.9594629993216
RES_3083,3304557,Rio de Janeiro,Humaitá,7171,2561,0,-43.198952,-22.9554829993217
RES_3084,3304557,Rio de Janeiro,Humaitá,1702,616,0,-43.197126,-22.9558039993217
RES_3085,3304557,Rio de Janeiro,Humaitá,269,109,0,-43.202019,-22.9590069993216
RES_3086,3304557,Rio de Janeiro,Copacabana,235,95,0,-43.174065,-22.9620879993216
RES_3087,3304557,Rio de Janeiro,Leme,8991,3169,0,-43.170746,-22.9631049993215
RES_3088,3304557,Rio de Janeiro,Leme,304,120,0,-43.166155,-22.9619809993216
RES_3089,3304557,Rio de Janeiro,Leme,1987,875,0,-43.171263,-22.9605519993216
RES_3090,3304557,Rio de Janeiro,Leme,962,407,0,-43.16755,-22.9606169993216
RES_3091,3304557,Rio de Janeiro,Copacabana,505,182,0,-43.190555,-22.986861999321
RES_3092,3304557,Rio de Janeiro,Copacabana,17592,6341,0,-43.192221,-22.9833589993211
RES_3093,3304557,Rio de Janeiro,Copacabana,19318,6822,0,-43.191596,-22.9757939993213
RES_3094,3304557,Rio de Janeiro,Copacabana,8798,3257,0,-43.190784,-22.9678689993215
RES_3095,3304557,Rio de Janeiro,Copacabana,3594,1444,0,-43.191159,-22.9640279993215
RES_3096,3304557,Rio de Janeiro,Copacabana,368,105,0,-43.189164,-22.986345999321
RES_3097,3304557,Rio de Janeiro,Copacabana,7021,2422,0,-43.188388,-22.9743019993213
RES_3098,3304557,Rio de Janeiro,Copacabana,29587,10376,0,-43.186022,-22.9683919993214
RES_3099,3304557,Rio de Janeiro,Copacabana,2534,921,0,-43.183052,-22.9641439993215
RES_3100,3304557,Rio de Janeiro,Copacabana,8743,3116,0,-43.179333,-22.9662279993215
RES_3101,3304557,Rio de Janeiro,Copacabana,15151,5720,0,-43.176635,-22.9634299993215
RES_3102,3304557,Rio de Janeiro,Copacabana,248,93,0,-43.174745,-22.9630959993216
RES_3103,3304557,Rio de Janeiro,Copacabana,801,361,0,-43.190437,-22.9629609993216
RES_3104,3304557,Rio de Janeiro,Copacabana,706,307,0,-43.189341,-22.9640329993216
RES_3105,3304557,Rio de Janeiro,Copacabana,2427,1047,0,-43.196828,-22.9812389993211
RES_3106,3304557,Rio de Janeiro,Copacabana,790,367,0,-43.194406,-22.9656579993215
RES_3107,3304557,Rio de Janeiro,Copacabana,3558,1485,0,-43.194777,-22.9640129993215
RES_3108,3304557,Rio de Janeiro,Copacabana,6504,2989,0,-43.193841,-22.9801299993212
RES_3109,3304557,Rio de Janeiro,Copacabana,674,283,0,-43.193456,-22.9796709993212
RES_3110,3304557,Rio de Janeiro,Ipanema,1693,594,0,-43.213575,-22.9845649993211
RES_3111,3304557,Rio de Janeiro,Ipanema,11392,3890,0,-43.209074,-22.9836119993211
RES_3112,3304557,Rio de Janeiro,Ipanema,14959,5310,0,-43.201202,-22.9834099993211
RES_3113,3304557,Rio de Janeiro,Ipanema,680,216,0,-43.193707,-22.987564999321
RES_3114,3304557,Rio de Janeiro,Ipanema,5675,1985,0,-43.195082,-22.9850459993211
RES_3115,3304557,Rio de Janeiro,Ipanema,2993,1271,0,-43.197947,-22.9814669993211
RES_3116,3304557,Rio de Janeiro,Leblon,729,233,0,-43.229439,-22.987648999321
RES_3117,3304557,Rio de Janeiro,Leblon,7308,2591,0,-43.231496,-22.985285999321
RES_3118,3304557,Rio de Janeiro,Leblon,255,81,0,-43.227518,-22.987720999321
RES_3119,3304557,Rio de Janeiro,Leblon,15766,5473,0,-43.224311,-22.9837979993211
RES_3120,3304557,Rio de Janeiro,Leblon,1458,539,0,-43.223555,-22.9785429993212
RES_3121,3304557,Rio de Janeiro,Leblon,11856,3866,0,-43.21824,-22.9831139993211
RES_3122,3304557,Rio de Janeiro,Leblon,337,118,0,-43.220787,-22.9795039993212
RES_3123,3304557,Rio de Janeiro,Ipanema,395,120,0,-43.209894,-22.9808649993211
RES_3124,3304557,Rio de Janeiro,Lagoa,1941,662,0,-43.217866,-22.9664989993215
RES_3125,3304557,Rio de Janeiro,Lagoa,479,156,0,-43.211461,-22.9617119993216
RES_3126,3304557,Rio de Janeiro,Lagoa,882,306,0,-43.205943,-22.9738219993213
RES_3127,3304557,Rio de Janeiro,Lagoa,645,239,0,-43.206949,-22.9709969993214
RES_3128,3304557,Rio de Janeiro,Lagoa,2397,791,0,-43.207901,-22.9620569993216
RES_3129,3304557,Rio de Janeiro,Ipanema,495,159,0,-43.203161,-22.9800019993212
RES_3130,3304557,Rio de Janeiro,Lagoa,2760,942,0,-43.198202,-22.9762329993213
RES_3131,3304557,Rio de Janeiro,Lagoa,3673,1293,0,-43.202665,-22.9670409993215
RES_3132,3304557,Rio de Janeiro,Lagoa,3672,1246,0,-43.202333,-22.9627409993216
RES_3133,3304557,Rio de Janeiro,Lagoa,1337,499,0,-43.196563,-22.9771599993212
RES_3134,3304557,Rio de Janeiro,Jardim Botânico,131,47,0,-43.236154,-22.9665059993215
RES_3135,3304557,Rio de Janeiro,Jardim Botânico,1272,471,0,-43.232947,-22.9659939993215
RES_3136,3304557,Rio de Janeiro,Jardim Botânico,312,107,0,-43.231001,-22.9669089993215
RES_3137,3304557,Rio de Janeiro,Jardim Botânico,3555,1245,0,-43.223228,-22.9635839993216
RES_3138,3304557,Rio de Janeiro,Jardim Botânico,426,157,0,-43.219193,-22.9657499993215
RES_3139,3304557,Rio de Janeiro,Jardim Botânico,4660,1740,0,-43.217694,-22.9629339993216
RES_3140,3304557,Rio de Janeiro,Jardim Botânico,2644,975,0,-43.20728,-22.9601759993216
RES_3141,3304557,Rio de Janeiro,Jardim Botânico,506,197,0,-43.207292,-22.9583609993217
RES_3142,3304557,Rio de Janeiro,Jardim Botânico,1252,489,0,-43.204388,-22.9594589993216
RES_3143,3304557,Rio de Janeiro,Jardim Botânico,512,193,0,-43.23804,-22.9673279993215
RES_3144,3304557,Rio de Janeiro,Jardim Botânico,601,219,0,-43.232933,-22.9688489993214
RES_3145,3304557,Rio de Janeiro,Gávea,1646,572,0,-43.237808,-22.9823389993211
RES_3146,3304557,Rio de Janeiro,Gávea,579,201,0,-43.235316,-22.9806069993212
RES_3147,3304557,Rio de Janeiro,Gávea,5226,1840,0,-43.231022,-22.9773799993212
RES_3148,3304557,Rio de Janeiro,Gávea,4662,1548,0,-43.227598,-22.9756689993213
RES_3149,3304557,Rio de Janeiro,Gávea,1987,878,0,-43.241155,-22.9809749993212
RES_3150,3304557,Rio de Janeiro,Vidigal,394,168,0,-43.236342,-22.9942429993209
RES_3151,3304557,Rio de Janeiro,Vidigal,2491,1046,0,-43.237725,-22.9937479993208
RES_3152,3304557,Rio de Janeiro,Vidigal,261,98,0,-43.234108,-22.9927419993209
RES_3153,3304557,Rio de Janeiro,Vidigal,591,250,0,-43.233268,-22.9904349993209
RES_3154,3304557,Rio de Janeiro,Vidigal,2133,939,0,-43.244617,-22.9956299993208
RES_3155,3304557,Rio de Janeiro,Vidigal,7876,3392,0,-43.23952,-22.9958289993208
RES_3156,3304557,Rio de Janeiro,Vidigal,608,268,0,-43.240541,-22.9944879993208
RES_3157,3304557,Rio de Janeiro,Vidigal,758,316,0,-43.236125,-22.9958709993208
RES_3158,3304557,Rio de Janeiro,São Conrado,66,26,0,-43.279592,-22.987635999321
RES_3159,3304557,Rio de Janeiro,São Conrado,1492,530,0,-43.271328,-22.9987179993207
RES_3160,3304557,Rio de Janeiro,São Conrado,469,181,0,-43.273024,-22.9927879993209
RES_3161,3304557,Rio de Janeiro,São Conrado,648,228,0,-43.26624,-22.9993709993207
RES_3162,3304557,Rio de Janeiro,São Conrado,2160,669,0,-43.25796,-22.9962539993208
RES_3163,3304557,Rio de Janeiro,São Conrado,2803,1031,0,-43.255554,-22.9939979993208
RES_3164,3304557,Rio de Janeiro,São Conrado,555,210,0,-43.255458,-22.9966449993208
RES_3165,3304557,Rio de Janeiro,São Conrado,678,279,0,-43.269687,-22.9951429993208
RES_3166,3304557,Rio de Janeiro,São Conrado,364,158,0,-43.270285,-22.9946819993208
RES_3167,3304557,Rio de Janeiro,São Conrado,504,208,0,-43.271514,-22.9935059993209
RES_3168,3304557,Rio de Janeiro,Imperial de São Cristóvão,2384,945,0,-43.231071,-22.901298999323
RES_3169,3304557,Rio de Janeiro,Imperial de São Cristóvão,3563,1431,0,-43.231306,-22.8976509993231
RES_3170,3304557,Rio de Janeiro,Imperial de São Cristóvão,946,392,0,-43.231271,-22.8918409993232
RES_3171,3304557,Rio de Janeiro,Imperial de São Cristóvão,2922,1124,0,-43.224732,-22.9023489993229
RES_3172,3304557,Rio de Janeiro,Imperial de São Cristóvão,2732,1051,0,-43.227756,-22.898340999323
RES_3173,3304557,Rio de Janeiro,Imperial de São Cristóvão,284,117,0,-43.223713,-22.8885419993233
RES_3174,3304557,Rio de Janeiro,Imperial de São Cristóvão,249,98,0,-43.216134,-22.9065999993228
RES_3175,3304557,Rio de Janeiro,Imperial de São Cristóvão,4330,1682,0,-43.219299,-22.9029479993229
RES_3176,3304557,Rio de Janeiro,Imperial de São Cristóvão,2084,850,0,-43.219432,-22.898437999323
RES_3177,3304557,Rio de Janeiro,Imperial de São Cristóvão,1686,741,0,-43.220385,-22.8919709993232
RES_3178,3304557,Rio de Janeiro,Imperial de São Cristóvão,267,101,0,-43.213359,-22.9044759993229
RES_3179,3304557,Rio de Janeiro,Imperial de São Cristóvão,1371,547,0,-43.23217,-22.8944819993231
RES_3180,3304557,Rio de Janeiro,Imperial de São Cristóvão,28,10,0,-43.235376,-22.900595999323
RES_3181,3304557,Rio de Janeiro,Imperial de São Cristóvão,695,266,0,-43.234528,-22.8977829993231
RES_3182,3304557,Rio de Janeiro,Imperial de São Cristóvão,3266,1378,0,-43.233458,-22.899311999323
RES_3183,3304557,Rio de Janeiro,Imperial de São Cristóvão,1209,526,0,-43.231771800000004,-22.901941500000003
RES_3184,3304557,Rio de Janeiro,Mangueira,989,411,0,-43.237226714599835,-22.906428199999997
RES_3185,3304557,Rio de Janeiro,Mangueira,2297,991,0,-43.237955,-22.9065949993228
RES_3186,3304557,Rio de Janeiro,Mangueira,1514,617,0,-43.233462,-22.9063879993228
RES_3187,3304557,Rio de Janeiro,Mangueira,4607,1856,0,-43.238403,-22.9048899993229
RES_3188,3304557,Rio de Janeiro,Mangueira,2339,931,0,-43.238202,-22.902146999323
RES_3189,3304557,Rio de Janeiro,Mangueira,2866,1168,0,-43.236481,-22.902181999323
RES_3190,3304557,Rio de Janeiro,Mangueira,387,157,0,-43.232797,-22.9080709993228
RES_3191,3304557,Rio de Janeiro,Mangueira,1938,787,0,-43.233997,-22.9064999993229
RES_3192,3304557,Rio de Janeiro,Mangueira,824,336,0,-43.232602,-22.9048709993229
RES_3193,3304557,Rio de Janeiro,Mangueira,486,217,0,-43.232904,-22.901718999323
RES_3194,3304557,Rio de Janeiro,Rocha,2507,1066,0,-43.247532,-22.8901559993232
RES_3195,3304557,Rio de Janeiro,Benfica,1870,730,0,-43.250826,-22.8849859993234
RES_3196,3304557,Rio de Janeiro,Benfica,3357,1306,0,-43.240162,-22.8970079993231
RES_3197,3304557,Rio de Janeiro,Benfica,1846,727,0,-43.241385,-22.8913479993232
RES_3198,3304557,Rio de Janeiro,Benfica,1452,603,0,-43.235939,-22.899668999323
RES_3199,3304557,Rio de Janeiro,Benfica,3505,1445,0,-43.234964,-22.8902099993232
RES_3200,3304557,Rio de Janeiro,Benfica,142,63,0,-43.232278,-22.8880679993233
RES_3201,3304557,Rio de Janeiro,Benfica,186,78,0,-43.23344,-22.8943329993231
RES_3202,3304557,Rio de Janeiro,Benfica,227,94,0,-43.235816,-22.900197999323
RES_3203,3304557,Rio de Janeiro,Benfica,2001,823,0,-43.236913,-22.8887289993233
RES_3204,3304557,Rio de Janeiro,Benfica,773,320,0,-43.235324,-22.8879149993233
RES_3205,3304557,Rio de Janeiro,Benfica,614,252,0,-43.238411,-22.8916789993232
RES_3206,3304557,Rio de Janeiro,Imperial de São Cristóvão,159,64,0,-43.235312,-22.899184999323
RES_3207,3304557,Rio de Janeiro,Benfica,2964,1246,0,-43.241066,-22.8890099993232
RES_3208,3304557,Rio de Janeiro,Benfica,726,299,0,-43.250251,-22.8840499993234
RES_3209,3304557,Rio de Janeiro,Benfica,82,38,0,-43.246132,-22.8909419993232
RES_3210,3304557,Rio de Janeiro,Benfica,250,103,0,-43.246717,-22.8893469993233
RES_3211,3304557,Rio de Janeiro,Praça da Bandeira,2866,1100,0,-43.215626,-22.9117559993227
RES_3212,3304557,Rio de Janeiro,Praça da Bandeira,1282,478,0,-43.211666,-22.9153379993227
RES_3213,3304557,Rio de Janeiro,Praça da Bandeira,3067,1210,0,-43.212021,-22.9128219993227
RES_3214,3304557,Rio de Janeiro,Tijuca,385,160,0,-43.260197,-22.944868999322
RES_3215,3304557,Rio de Janeiro,Tijuca,1699,579,0,-43.255287,-22.9457179993219
RES_3216,3304557,Rio de Janeiro,Tijuca,2436,909,0,-43.254743,-22.942699999322
RES_3217,3304557,Rio de Janeiro,Tijuca,4080,1553,0,-43.248164,-22.9391989993221
RES_3218,3304557,Rio de Janeiro,Tijuca,8731,3367,0,-43.247014,-22.9329279993222
RES_3219,3304557,Rio de Janeiro,Tijuca,1480,563,0,-43.244182,-22.9406139993221
RES_3220,3304557,Rio de Janeiro,Tijuca,16742,5851,0,-43.24104,-22.9328069993222
RES_3221,3304557,Rio de Janeiro,Tijuca,9310,3387,0,-43.240321,-22.9277349993224
RES_3222,3304557,Rio de Janeiro,Tijuca,6927,2580,0,-43.234272,-22.9306009993223
RES_3223,3304557,Rio de Janeiro,Tijuca,13863,4877,0,-43.232759,-22.9262059993224
RES_3224,3304557,Rio de Janeiro,Tijuca,6692,2416,0,-43.232561,-22.9206569993225
RES_3225,3304557,Rio de Janeiro,Tijuca,16839,6043,0,-43.225959,-22.9248479993224
RES_3226,3304557,Rio de Janeiro,Tijuca,7964,3014,0,-43.224608,-22.9193929993225
RES_3227,3304557,Rio de Janeiro,Tijuca,8549,3276,0,-43.21914,-22.9234619993225
RES_3228,3304557,Rio de Janeiro,Tijuca,16118,5782,0,-43.217791,-22.9186479993226
RES_3229,3304557,Rio de Janeiro,Tijuca,414,158,0,-43.218676,-22.9151099993227
RES_3230,3304557,Rio de Janeiro,Tijuca,1039,401,0,-43.212637,-22.9181989993226
RES_3231,3304557,Rio de Janeiro,Tijuca,205,86,0,-43.247625,-22.9416309993221
RES_3232,3304557,Rio de Janeiro,Tijuca,5378,2194,0,-43.254004,-22.9395819993221
RES_3233,3304557,Rio de Janeiro,Tijuca,1695,711,0,-43.254682,-22.9357099993222
RES_3234,3304557,Rio de Janeiro,Tijuca,619,251,0,-43.252293,-22.9391289993221
RES_3235,3304557,Rio de Janeiro,Tijuca,29,12,0,-43.250015,-22.9343769993222
RES_3236,3304557,Rio de Janeiro,Tijuca,377,149,0,-43.233124,-22.9352599993222
RES_3237,3304557,Rio de Janeiro,Tijuca,208,87,0,-43.248832,-22.9307219993223
RES_3238,3304557,Rio de Janeiro,Tijuca,614,264,0,-43.253533,-22.9416179993221
RES_3239,3304557,Rio de Janeiro,Tijuca,656,254,0,-43.249869,-22.9374939993221
RES_3240,3304557,Rio de Janeiro,Tijuca,1093,443,0,-43.248981,-22.9364209993222
RES_3241,3304557,Rio de Janeiro,Tijuca,352,136,0,-43.244898,-22.9416599993221
RES_3242,3304557,Rio de Janeiro,Tijuca,2411,990,0,-43.242538,-22.941554999322
RES_3243,3304557,Rio de Janeiro,Tijuca,1555,625,0,-43.217133,-22.9254379993224
RES_3244,3304557,Rio de Janeiro,Tijuca,1141,464,0,-43.219651299999995,-22.92658815
RES_3245,3304557,Rio de Janeiro,Tijuca,1850,777,0,-43.22743,-22.9306339993223
RES_3246,3304557,Rio de Janeiro,Tijuca,1458,612,0,-43.225951,-22.9289769993224
RES_3247,3304557,Rio de Janeiro,Alto da Boa Vista,84,37,0,-43.298813,-22.9703029993214
RES_3248,3304557,Rio de Janeiro,Alto da Boa Vista,434,167,0,-43.295271,-22.9702429993214
RES_3249,3304557,Rio de Janeiro,Alto da Boa Vista,714,255,0,-43.2834187,-22.9739109
RES_3250,3304557,Rio de Janeiro,Alto da Boa Vista,344,129,0,-43.28011,-22.9749089993213
RES_3251,3304557,Rio de Janeiro,Alto da Boa Vista,135,58,0,-43.281323321181176,-22.970017149999997
RES_3252,3304557,Rio de Janeiro,Alto da Boa Vista,106,33,0,-43.28084743299701,-22.964265299999994
RES_3253,3304557,Rio de Janeiro,Alto da Boa Vista,15,6,0,-43.285122,-22.9579969993217
RES_3254,3304557,Rio de Janeiro,Alto da Boa Vista,56,22,0,-43.273815,-22.9728679993213
RES_3255,3304557,Rio de Janeiro,Alto da Boa Vista,361,137,0,-43.272514,-22.9614809993216
RES_3256,3304557,Rio de Janeiro,Alto da Boa Vista,1693,657,0,-43.26207,-22.9473859993219
RES_3257,3304557,Rio de Janeiro,Alto da Boa Vista,822,291,0,-43.258649,-22.9476869993219
RES_3258,3304557,Rio de Janeiro,Alto da Boa Vista,4,2,0,-43.218893,-22.9339699993222
RES_3259,3304557,Rio de Janeiro,Alto da Boa Vista,157,59,0,-43.29422,-22.9795269993212
RES_3260,3304557,Rio de Janeiro,Alto da Boa Vista,206,89,0,-43.263717,-22.9467299993219
RES_3261,3304557,Rio de Janeiro,Alto da Boa Vista,1006,419,0,-43.284906,-22.9712629993214
RES_3262,3304557,Rio de Janeiro,Alto da Boa Vista,1766,693,0,-43.284776,-22.9759339993213
RES_3263,3304557,Rio de Janeiro,Alto da Boa Vista,176,77,0,-43.29279,-22.9777119993212
RES_3264,3304557,Rio de Janeiro,Maracanã,940,380,0,-43.237714,-22.9113069993228
RES_3265,3304557,Rio de Janeiro,Maracanã,7390,2746,0,-43.232617,-22.9167989993226
RES_3266,3304557,Rio de Janeiro,Maracanã,2948,1144,0,-43.233377,-22.9140439993227
RES_3267,3304557,Rio de Janeiro,Maracanã,3649,1363,0,-43.224163,-22.9158329993226
RES_3268,3304557,Rio de Janeiro,Maracanã,3661,1400,0,-43.224501,-22.9142869993227
RES_3269,3304557,Rio de Janeiro,Maracanã,4091,1577,0,-43.219956,-22.9127359993227
RES_3270,3304557,Rio de Janeiro,Maracanã,236,91,0,-43.237401,-22.9088789993228
RES_3271,3304557,Rio de Janeiro,Vila Isabel,1615,598,0,-43.261617,-22.9171049993226
RES_3272,3304557,Rio de Janeiro,Vila Isabel,8297,3139,0,-43.256217,-22.9180889993226
RES_3273,3304557,Rio de Janeiro,Vila Isabel,2266,925,0,-43.254506,-22.9141159993227
RES_3274,3304557,Rio de Janeiro,Vila Isabel,6440,2364,0,-43.24815,-22.9175379993226
RES_3275,3304557,Rio de Janeiro,Vila Isabel,8570,3247,0,-43.247894,-22.9131839993227
RES_3276,3304557,Rio de Janeiro,Vila Isabel,3233,1170,0,-43.239164,-22.9232919993225
RES_3277,3304557,Rio de Janeiro,Vila Isabel,14328,5200,0,-43.240559,-22.9185359993226
RES_3278,3304557,Rio de Janeiro,Vila Isabel,8692,3286,0,-43.241427,-22.9122529993227
RES_3279,3304557,Rio de Janeiro,Vila Isabel,402,139,0,-43.236397,-22.9226539993225
RES_3280,3304557,Rio de Janeiro,Vila Isabel,2091,757,0,-43.23638,-22.9204259993225
RES_3281,3304557,Rio de Janeiro,Maracanã,394,149,0,-43.237436,-22.9136729993227
RES_3282,3304557,Rio de Janeiro,Vila Isabel,751,312,0,-43.255736,-22.9132509993227
RES_3283,3304557,Rio de Janeiro,Vila Isabel,2028,854,0,-43.250903,-22.9122489993227
RES_3284,3304557,Rio de Janeiro,Vila Isabel,1071,430,0,-43.261175,-22.9143219993227
RES_3285,3304557,Rio de Janeiro,Vila Isabel,440,195,0,-43.256352,-22.9158489993226
RES_3286,3304557,Rio de Janeiro,Vila Isabel,5172,2147,0,-43.258123,-22.9141199993227
RES_3287,3304557,Rio de Janeiro,Andaraí,1346,526,0,-43.253772,-22.9302189993223
RES_3288,3304557,Rio de Janeiro,Andaraí,4818,1712,0,-43.253912,-22.9262609993224
RES_3289,3304557,Rio de Janeiro,Andaraí,224,89,0,-43.251491,-22.9204699993225
RES_3290,3304557,Rio de Janeiro,Andaraí,13362,5047,0,-43.248274,-22.9257939993224
RES_3291,3304557,Rio de Janeiro,Andaraí,2389,867,0,-43.2492,-22.9212839993225
RES_3292,3304557,Rio de Janeiro,Andaraí,3829,1447,0,-43.243456,-22.9243469993225
RES_3293,3304557,Rio de Janeiro,Andaraí,637,236,0,-43.243121,-22.9217269993225
RES_3294,3304557,Rio de Janeiro,Andaraí,3584,1470,0,-43.256859,-22.9328159993223
RES_3295,3304557,Rio de Janeiro,Andaraí,109,49,0,-43.253665,-22.9334009993222
RES_3296,3304557,Rio de Janeiro,Andaraí,400,172,0,-43.248912,-22.9296019993223
RES_3297,3304557,Rio de Janeiro,Andaraí,773,317,0,-43.26076,-22.9330039993222
RES_3298,3304557,Rio de Janeiro,Andaraí,1714,683,0,-43.258972,-22.9330659993222
RES_3299,3304557,Rio de Janeiro,Andaraí,1312,575,0,-43.252015,-22.9310419993223
RES_3300,3304557,Rio de Janeiro,Grajaú,79,35,0,-43.259281,-22.9305619993223
RES_3301,3304557,Rio de Janeiro,Grajaú,644,226,0,-43.269124,-22.9208819993225
RES_3302,3304557,Rio de Janeiro,Grajaú,6881,2515,0,-43.263472,-22.9247739993224
RES_3303,3304557,Rio de Janeiro,Grajaú,7721,2775,0,-43.264732,-22.9196879993226
RES_3304,3304557,Rio de Janeiro,Grajaú,8881,3209,0,-43.25728,-22.9254569993224
RES_3305,3304557,Rio de Janeiro,Grajaú,3961,1416,0,-43.256792,-22.9214819993225
RES_3306,3304557,Rio de Janeiro,Grajaú,498,197,0,-43.266206,-22.9306379993223
RES_3307,3304557,Rio de Janeiro,Andaraí,105,42,0,-43.259492,-22.9335329993222
RES_3308,3304557,Rio de Janeiro,Vila Isabel,155,63,0,-43.26188,-22.9185849993226
RES_3309,3304557,Rio de Janeiro,Grajaú,922,388,0,-43.264322,-22.9298529993223
RES_3310,3304557,Rio de Janeiro,Grajaú,869,368,0,-43.264612,-22.9296119993223
RES_3311,3304557,Rio de Janeiro,Grajaú,738,303,0,-43.261155,-22.9299399993223
RES_3312,3304557,Rio de Janeiro,Grajaú,904,407,0,-43.262483,-22.9296339993223
RES_3313,3304557,Rio de Janeiro,Grajaú,537,218,0,-43.259963,-22.9304639993223
RES_3314,3304557,Rio de Janeiro,Manguinhos,567,217,0,-43.254639,-22.8767379993235
RES_3315,3304557,Rio de Janeiro,Manguinhos,5628,2392,0,-43.247236,-22.8834499993234
RES_3316,3304557,Rio de Janeiro,Manguinhos,912,359,0,-43.250109,-22.8741029993236
RES_3317,3304557,Rio de Janeiro,Manguinhos,4313,1851,0,-43.243904,-22.8832529993234
RES_3318,3304557,Rio de Janeiro,Manguinhos,373,161,0,-43.253243,-22.8824929993234
RES_3319,3304557,Rio de Janeiro,Manguinhos,4508,1803,0,-43.252083,-22.8818159993234
RES_3320,3304557,Rio de Janeiro,Manguinhos,1433,615,0,-43.244689,-22.8835129993234
RES_3321,3304557,Rio de Janeiro,Manguinhos,1559,656,0,-43.248152,-22.8811489993234
RES_3322,3304557,Rio de Janeiro,Manguinhos,898,368,0,-43.250923,-22.8812289993234
RES_3323,3304557,Rio de Janeiro,Manguinhos,527,207,0,-43.252286,-22.8769109993235
RES_3324,3304557,Rio de Janeiro,Manguinhos,2823,1130,0,-43.24851,-22.8749419993236
RES_3325,3304557,Rio de Janeiro,Manguinhos,1841,787,0,-43.24163,-22.8884949993233
RES_3326,3304557,Rio de Janeiro,Manguinhos,511,214,0,-43.253934,-22.8791199993235
RES_3327,3304557,Rio de Janeiro,Manguinhos,2619,1032,0,-43.253754,-22.8775529993235
RES_3328,3304557,Rio de Janeiro,Manguinhos,343,142,0,-43.252642,-22.8784099993235
RES_3329,3304557,Rio de Janeiro,Bonsucesso,304,117,0,-43.259711,-22.8680709993237
RES_3330,3304557,Rio de Janeiro,Bonsucesso,508,209,0,-43.255964,-22.8757079993236
RES_3331,3304557,Rio de Janeiro,Bonsucesso,1827,726,0,-43.255828,-22.8687499993237
RES_3332,3304557,Rio de Janeiro,Bonsucesso,6506,2464,0,-43.256079,-22.8617019993239
RES_3333,3304557,Rio de Janeiro,Bonsucesso,1874,762,0,-43.251415,-22.8674019993237
RES_3334,3304557,Rio de Janeiro,Bonsucesso,2576,1022,0,-43.251497,-22.8618409993239
RES_3335,3304557,Rio de Janeiro,Bonsucesso,1374,559,0,-43.255418,-22.8723939993237
RES_3336,3304557,Rio de Janeiro,Bonsucesso,785,320,0,-43.249133,-22.8681439993237
RES_3337,3304557,Rio de Janeiro,Bonsucesso,1118,478,0,-43.255311,-22.8713279993237
RES_3338,3304557,Rio de Janeiro,Ramos,3337,1301,0,-43.263446,-22.8601249993239
RES_3339,3304557,Rio de Janeiro,Ramos,3471,1304,0,-43.26374,-22.855286999324
RES_3340,3304557,Rio de Janeiro,Ramos,237,81,0,-43.261771,-22.8503689993241
RES_3341,3304557,Rio de Janeiro,Ramos,2465,926,0,-43.259641,-22.8595259993239
RES_3342,3304557,Rio de Janeiro,Ramos,8794,3304,0,-43.257409,-22.8538179993241
RES_3343,3304557,Rio de Janeiro,Ramos,4038,1487,0,-43.25678,-22.8477219993242
RES_3344,3304557,Rio de Janeiro,Olaria,167,64,0,-43.256563,-22.8435689993243
RES_3345,3304557,Rio de Janeiro,Ramos,3362,1271,0,-43.252065,-22.8530169993241
RES_3346,3304557,Rio de Janeiro,Ramos,2678,1075,0,-43.251257,-22.8477199993242
RES_3347,3304557,Rio de Janeiro,Ramos,165,69,0,-43.252191,-22.8430169993243
RES_3348,3304557,Rio de Janeiro,Ramos,1411,607,0,-43.248094,-22.8476609993242
RES_3349,3304557,Rio de Janeiro,Ramos,177,78,0,-43.24841,-22.8503289993242
RES_3350,3304557,Rio de Janeiro,Ramos,246,99,0,-43.255081,-22.8473019993242
RES_3351,3304557,Rio de Janeiro,Ramos,2313,986,0,-43.249495,-22.8492979993242
RES_3352,3304557,Rio de Janeiro,Ramos,135,58,0,-43.254404,-22.8416529993243
RES_3353,3304557,Rio de Janeiro,Ramos,269,112,0,-43.251407,-22.8498709993242
RES_3354,3304557,Rio de Janeiro,Ramos,245,98,0,-43.250239,-22.854191999324
RES_3355,3304557,Rio de Janeiro,Ramos,459,183,0,-43.250265,-22.8510099993241
RES_3356,3304557,Rio de Janeiro,Ramos,484,189,0,-43.254,-22.854134999324
RES_3357,3304557,Rio de Janeiro,Olaria,2839,1145,0,-43.278807,-22.8519469993241
RES_3358,3304557,Rio de Janeiro,Olaria,6885,2663,0,-43.273782,-22.8525859993241
RES_3359,3304557,Rio de Janeiro,Olaria,8385,3193,0,-43.272567,-22.8485099993242
RES_3360,3304557,Rio de Janeiro,Olaria,5476,2105,0,-43.267261,-22.8535529993241
RES_3361,3304557,Rio de Janeiro,Olaria,9652,3575,0,-43.264597,-22.8466389993242
RES_3362,3304557,Rio de Janeiro,Olaria,3712,1394,0,-43.264593,-22.8401329993244
RES_3363,3304557,Rio de Janeiro,Olaria,1899,713,0,-43.259782,-22.8446509993243
RES_3364,3304557,Rio de Janeiro,Olaria,2525,937,0,-43.25946,-22.8410299993244
RES_3365,3304557,Rio de Janeiro,Olaria,1193,483,0,-43.27796,-22.8488689993242
RES_3366,3304557,Rio de Janeiro,Olaria,2440,965,0,-43.275914,-22.8470529993242
RES_3367,3304557,Rio de Janeiro,Olaria,309,124,0,-43.271462,-22.8479679993242
RES_3368,3304557,Rio de Janeiro,Olaria,928,376,0,-43.281411,-22.8511639993241
RES_3369,3304557,Rio de Janeiro,Olaria,1690,662,0,-43.280751,-22.8498209993242
RES_3370,3304557,Rio de Janeiro,Olaria,1530,608,0,-43.287288,-22.8511319993241
RES_3371,3304557,Rio de Janeiro,Olaria,1759,716,0,-43.284555,-22.8513239993241
RES_3372,3304557,Rio de Janeiro,Penha,5651,2229,0,-43.28854,-22.8461989993242
RES_3373,3304557,Rio de Janeiro,Penha,1821,720,0,-43.286359,-22.8413409993243
RES_3374,3304557,Rio de Janeiro,Penha,3298,1331,0,-43.282106,-22.8451159993243
RES_3375,3304557,Rio de Janeiro,Penha,5964,2209,0,-43.281142,-22.8398749993244
RES_3376,3304557,Rio de Janeiro,Penha,1735,657,0,-43.279083,-22.8341679993245
RES_3377,3304557,Rio de Janeiro,Penha,260,94,0,-43.272069,-22.8432139993243
RES_3378,3304557,Rio de Janeiro,Penha,11894,4537,0,-43.273961,-22.8390539993244
RES_3379,3304557,Rio de Janeiro,Penha,3395,1300,0,-43.273513,-22.8327769993246
RES_3380,3304557,Rio de Janeiro,Penha,2237,783,0,-43.267651,-22.8380759993244
RES_3381,3304557,Rio de Janeiro,Penha,417,165,0,-43.270054,-22.8346569993245
RES_3382,3304557,Rio de Janeiro,Penha,1416,613,0,-43.296233,-22.8467389993242
RES_3383,3304557,Rio de Janeiro,Penha,1134,463,0,-43.290208,-22.8439439993243
RES_3384,3304557,Rio de Janeiro,Penha,276,120,0,-43.288889,-22.8430139993243
RES_3385,3304557,Rio de Janeiro,Penha,2414,1029,0,-43.278656,-22.8469359993242
RES_3386,3304557,Rio de Janeiro,Penha,141,60,0,-43.293044,-22.8464219993242
RES_3387,3304557,Rio de Janeiro,Penha,1059,416,0,-43.291909,-22.8456139993243
RES_3388,3304557,Rio de Janeiro,Penha,345,144,0,-43.292971,-22.8489349993242
RES_3389,3304557,Rio de Janeiro,Penha,541,236,0,-43.291193,-22.8494459993242
RES_3390,3304557,Rio de Janeiro,Penha,5730,2360,0,-43.282526,-22.8481829993242
RES_3391,3304557,Rio de Janeiro,Penha,7605,3074,0,-43.286389,-22.8487929993242
RES_3392,3304557,Rio de Janeiro,Olaria,56,24,0,-43.28045,-22.8522969993241
RES_3393,3304557,Rio de Janeiro,Penha,1127,435,0,-43.284404,-22.8491259993242
RES_3394,3304557,Rio de Janeiro,Penha Circular,3852,1457,0,-43.303054,-22.8451179993243
RES_3395,3304557,Rio de Janeiro,Penha Circular,1569,584,0,-43.301502,-22.8413889993244
RES_3396,3304557,Rio de Janeiro,Penha Circular,3545,1404,0,-43.299042,-22.8469079993242
RES_3397,3304557,Rio de Janeiro,Penha Circular,7210,2692,0,-43.29657,-22.8399419993244
RES_3398,3304557,Rio de Janeiro,Penha Circular,3021,1162,0,-43.289946,-22.8386449993244
RES_3399,3304557,Rio de Janeiro,Penha Circular,3786,1443,0,-43.286515,-22.8346129993245
RES_3400,3304557,Rio de Janeiro,Penha Circular,4182,1579,0,-43.282147,-22.8317019993246
RES_3401,3304557,Rio de Janeiro,Penha Circular,1358,522,0,-43.280367,-22.8272339993247
RES_3402,3304557,Rio de Janeiro,Penha Circular,463,178,0,-43.277068,-22.8277549993247
RES_3403,3304557,Rio de Janeiro,Penha Circular,3497,1460,0,-43.270575,-22.8200969993249
RES_3404,3304557,Rio de Janeiro,Penha Circular,12,5,0,-43.275352757947516,-22.8138407
RES_3405,3304557,Rio de Janeiro,Penha Circular,775,367,0,-43.272036,-22.8216149993248
RES_3406,3304557,Rio de Janeiro,Penha Circular,530,226,0,-43.271702,-22.8213329993248
RES_3407,3304557,Rio de Janeiro,Penha Circular,191,75,0,-43.295862,-22.8437369993243
RES_3408,3304557,Rio de Janeiro,Penha Circular,1165,477,0,-43.298492,-22.8520479993241
RES_3409,3304557,Rio de Janeiro,Penha Circular,901,355,0,-43.289848,-22.8414859993244
RES_3410,3304557,Rio de Janeiro,Penha Circular,312,140,0,-43.296917,-22.8453359993243
RES_3411,3304557,Rio de Janeiro,Penha Circular,356,152,0,-43.293453,-22.8423779993243
RES_3412,3304557,Rio de Janeiro,Vista Alegre,1182,457,0,-43.317081,-22.8347409993245
RES_3413,3304557,Rio de Janeiro,Vista Alegre,1533,594,0,-43.312037,-22.8370509993245
RES_3414,3304557,Rio de Janeiro,Vista Alegre,4567,1723,0,-43.312274,-22.8348139993245
RES_3415,3304557,Rio de Janeiro,Brás de Pina,1273,465,0,-43.304885,-22.8377309993245
RES_3416,3304557,Rio de Janeiro,Brás de Pina,7162,2872,0,-43.303066,-22.8333289993245
RES_3417,3304557,Rio de Janeiro,Brás de Pina,1046,404,0,-43.298358,-22.8368849993245
RES_3418,3304557,Rio de Janeiro,Brás de Pina,7970,3109,0,-43.296589,-22.8332809993246
RES_3419,3304557,Rio de Janeiro,Brás de Pina,1575,629,0,-43.296888,-22.8287209993246
RES_3420,3304557,Rio de Janeiro,Brás de Pina,4599,1788,0,-43.290122,-22.8320349993246
RES_3421,3304557,Rio de Janeiro,Brás de Pina,3306,1253,0,-43.288652,-22.8260419993247
RES_3422,3304557,Rio de Janeiro,Brás de Pina,2716,1012,0,-43.283374,-22.8252749993247
RES_3423,3304557,Rio de Janeiro,Brás de Pina,1617,628,0,-43.286586,-22.8224299993248
RES_3424,3304557,Rio de Janeiro,Brás de Pina,1224,507,0,-43.28606,-22.8209969993248
RES_3425,3304557,Rio de Janeiro,Brás de Pina,1197,466,0,-43.283578,-22.8228279993248
RES_3426,3304557,Rio de Janeiro,Brás de Pina,474,181,0,-43.284734,-22.8215809993248
RES_3427,3304557,Rio de Janeiro,Brás de Pina,344,134,0,-43.3012343252324,-22.8334458
RES_3428,3304557,Rio de Janeiro,Brás de Pina,764,315,0,-43.300099,-22.8339769993245
RES_3429,3304557,Rio de Janeiro,Brás de Pina,1277,522,0,-43.296987,-22.8346749993245
RES_3430,3304557,Rio de Janeiro,Brás de Pina,1222,492,0,-43.2946,-22.8343479993245
RES_3431,3304557,Rio de Janeiro,Vista Alegre,911,368,0,-43.310296,-22.8299159993246
RES_3432,3304557,Rio de Janeiro,Vista Alegre,2664,983,0,-43.310935,-22.8271159993247
RES_3433,3304557,Rio de Janeiro,Cordovil,825,325,0,-43.305096,-22.8295199993246
RES_3434,3304557,Rio de Janeiro,Cordovil,6996,2706,0,-43.30426,-22.8255369993247
RES_3435,3304557,Rio de Janeiro,Cordovil,362,136,0,-43.301673,-22.8214299993248
RES_3436,3304557,Rio de Janeiro,Cordovil,4099,1640,0,-43.297478,-22.8237349993247
RES_3437,3304557,Rio de Janeiro,Cordovil,5631,2169,0,-43.294704,-22.8190539993249
RES_3438,3304557,Rio de Janeiro,Cordovil,1598,644,0,-43.291377,-22.8243589993248
RES_3439,3304557,Rio de Janeiro,Cordovil,5883,2269,0,-43.291815,-22.8183849993249
RES_3440,3304557,Rio de Janeiro,Cordovil,515,201,0,-43.290477,-22.8162639993249
RES_3441,3304557,Rio de Janeiro,Cordovil,591,236,0,-43.309299,-22.8291519993247
RES_3442,3304557,Rio de Janeiro,Cordovil,196,82,0,-43.291838,-22.8233239993248
RES_3443,3304557,Rio de Janeiro,Cordovil,126,55,0,-43.301788,-22.8273229993247
RES_3444,3304557,Rio de Janeiro,Cordovil,315,131,0,-43.300974,-22.8255519993247
RES_3445,3304557,Rio de Janeiro,Cordovil,1538,685,0,-43.288814,-22.8205399993248
RES_3446,3304557,Rio de Janeiro,Cordovil,594,234,0,-43.298821,-22.8263629993247
RES_3447,3304557,Rio de Janeiro,Cordovil,183,73,0,-43.295217,-22.8241229993248
RES_3448,3304557,Rio de Janeiro,Cordovil,315,115,0,-43.295277,-22.8209819993248
RES_3449,3304557,Rio de Janeiro,Cordovil,278,132,0,-43.302013,-22.8279429993247
RES_3450,3304557,Rio de Janeiro,Cordovil,508,190,0,-43.293187,-22.8210619993248
RES_3451,3304557,Rio de Janeiro,Cordovil,540,216,0,-43.291715,-22.8192969993249
RES_3452,3304557,Rio de Janeiro,Parada de Lucas,4928,2171,0,-43.312443,-22.8233189993248
RES_3453,3304557,Rio de Janeiro,Parada de Lucas,1446,598,0,-43.310724,-22.8214069993248
RES_3454,3304557,Rio de Janeiro,Parada de Lucas,349,120,0,-43.308326,-22.8224009993248
RES_3455,3304557,Rio de Janeiro,Parada de Lucas,3974,1731,0,-43.304179,-22.8188339993249
RES_3456,3304557,Rio de Janeiro,Parada de Lucas,2323,899,0,-43.296997,-22.8172549993249
RES_3457,3304557,Rio de Janeiro,Parada de Lucas,329,128,0,-43.296482,-22.812381999325
RES_3458,3304557,Rio de Janeiro,Parada de Lucas,718,291,0,-43.300815,-22.8101679993251
RES_3459,3304557,Rio de Janeiro,Parada de Lucas,7673,3136,0,-43.298843,-22.812891999325
RES_3460,3304557,Rio de Janeiro,Parada de Lucas,329,145,0,-43.295038,-22.813702999325
RES_3461,3304557,Rio de Janeiro,Vigário Geral,443,195,0,-43.318882,-22.8078709993251
RES_3462,3304557,Rio de Janeiro,Vigário Geral,1152,455,0,-43.317094,-22.8071889993251
RES_3463,3304557,Rio de Janeiro,Vigário Geral,2434,948,0,-43.312814,-22.8165749993249
RES_3464,3304557,Rio de Janeiro,Vigário Geral,7372,2918,0,-43.312587,-22.811094999325
RES_3465,3304557,Rio de Janeiro,Vigário Geral,1971,798,0,-43.312894,-22.8063369993252
RES_3466,3304557,Rio de Janeiro,Vigário Geral,1487,574,0,-43.305837,-22.815180999325
RES_3467,3304557,Rio de Janeiro,Vigário Geral,6073,2368,0,-43.305016,-22.811750999325
RES_3468,3304557,Rio de Janeiro,Vigário Geral,1274,496,0,-43.308596,-22.8057489993252
RES_3469,3304557,Rio de Janeiro,Vigário Geral,1714,712,0,-43.317726,-22.8026569993252
RES_3470,3304557,Rio de Janeiro,Vigário Geral,1266,511,0,-43.314039,-22.8019499993252
RES_3471,3304557,Rio de Janeiro,Vigário Geral,3076,1293,0,-43.318317,-22.8045499993252
RES_3472,3304557,Rio de Janeiro,Vigário Geral,1523,621,0,-43.315129,-22.8047379993252
RES_3473,3304557,Rio de Janeiro,Vigário Geral,499,197,0,-43.302269,-22.8079689993251
RES_3474,3304557,Rio de Janeiro,Vigário Geral,4361,1761,0,-43.303051,-22.8057289993252
RES_3475,3304557,Rio de Janeiro,Jardim América,4925,1911,0,-43.327142,-22.8102809993251
RES_3476,3304557,Rio de Janeiro,Jardim América,2105,799,0,-43.325969,-22.8050899993252
RES_3477,3304557,Rio de Janeiro,Jardim América,1819,705,0,-43.319118,-22.8157619993249
RES_3478,3304557,Rio de Janeiro,Jardim América,6290,2462,0,-43.319881,-22.8110879993251
RES_3479,3304557,Rio de Janeiro,Jardim América,2403,952,0,-43.322162,-22.8056989993252
RES_3480,3304557,Rio de Janeiro,Jardim América,799,323,0,-43.325105,-22.8021809993253
RES_3481,3304557,Rio de Janeiro,Jardim América,1517,627,0,-43.322989,-22.8026419993252
RES_3482,3304557,Rio de Janeiro,Jardim América,286,115,0,-43.330827,-22.8100419993251
RES_3483,3304557,Rio de Janeiro,Jardim América,100,36,0,-43.329901,-22.8072109993251
RES_3484,3304557,Rio de Janeiro,São Francisco Xavier,759,299,0,-43.246307,-22.9041799993229
RES_3485,3304557,Rio de Janeiro,São Francisco Xavier,178,74,0,-43.239061,-22.9082099993228
RES_3486,3304557,Rio de Janeiro,São Francisco Xavier,4094,1700,0,-43.243237,-22.9043979993229
RES_3487,3304557,Rio de Janeiro,São Francisco Xavier,445,161,0,-43.243328,-22.899239999323
RES_3488,3304557,Rio de Janeiro,São Francisco Xavier,188,87,0,-43.238348,-22.9081339993228
RES_3489,3304557,Rio de Janeiro,São Francisco Xavier,565,225,0,-43.243017,-22.898095999323
RES_3490,3304557,Rio de Janeiro,São Francisco Xavier,111,51,0,-43.24307794655227,-22.902635349999997
RES_3491,3304557,Rio de Janeiro,Rocha,3752,1399,0,-43.249557,-22.902380999323
RES_3492,3304557,Rio de Janeiro,Rocha,6528,2652,0,-43.248948,-22.8966679993231
RES_3493,3304557,Rio de Janeiro,Rocha,4347,1846,0,-43.248959,-22.8923709993232
RES_3494,3304557,Rio de Janeiro,Riachuelo,5794,2148,0,-43.256104,-22.9041169993229
RES_3495,3304557,Rio de Janeiro,Riachuelo,4720,1837,0,-43.255285,-22.898637999323
RES_3496,3304557,Rio de Janeiro,Sampaio,1364,519,0,-43.263227,-22.9022359993229
RES_3497,3304557,Rio de Janeiro,Sampaio,1194,482,0,-43.261647,-22.899506999323
RES_3498,3304557,Rio de Janeiro,Sampaio,2136,860,0,-43.259981,-22.9027389993229
RES_3499,3304557,Rio de Janeiro,Sampaio,1083,407,0,-43.259586,-22.8972979993231
RES_3500,3304557,Rio de Janeiro,Sampaio,954,387,0,-43.262143,-22.898505999323
RES_3501,3304557,Rio de Janeiro,Sampaio,592,235,0,-43.263218550000005,-22.905608249999997
RES_3502,3304557,Rio de Janeiro,Sampaio,1509,619,0,-43.261394,-22.9048359993229
RES_3503,3304557,Rio de Janeiro,Engenho Novo,11359,4375,0,-43.271616,-22.9117059993227
RES_3504,3304557,Rio de Janeiro,Engenho Novo,4757,1854,0,-43.269739,-22.9042679993229
RES_3505,3304557,Rio de Janeiro,Engenho Novo,1350,543,0,-43.27145,-22.900331999323
RES_3506,3304557,Rio de Janeiro,Engenho Novo,5895,2421,0,-43.265462,-22.9131309993227
RES_3507,3304557,Rio de Janeiro,Engenho Novo,3335,1289,0,-43.266149,-22.9046519993229
RES_3508,3304557,Rio de Janeiro,Engenho Novo,5258,2278,0,-43.265549,-22.898510999323
RES_3509,3304557,Rio de Janeiro,Engenho Novo,630,240,0,-43.276517,-22.9153339993226
RES_3510,3304557,Rio de Janeiro,Engenho Novo,652,257,0,-43.273993,-22.9152319993226
RES_3511,3304557,Rio de Janeiro,Engenho Novo,1038,405,0,-43.267842,-22.901667999323
RES_3512,3304557,Rio de Janeiro,Engenho Novo,1399,548,0,-43.265202,-22.9100449993228
RES_3513,3304557,Rio de Janeiro,Engenho Novo,1015,420,0,-43.265503,-22.9074019993228
RES_3514,3304557,Rio de Janeiro,Engenho Novo,449,190,0,-43.268788,-22.9159899993226
RES_3515,3304557,Rio de Janeiro,Engenho Novo,488,200,0,-43.264303,-22.9060759993229
RES_3516,3304557,Rio de Janeiro,Engenho Novo,993,407,0,-43.265629,-22.9157059993226
RES_3517,3304557,Rio de Janeiro,Engenho Novo,228,95,0,-43.264308,-22.898939999323
RES_3518,3304557,Rio de Janeiro,Engenho Novo,578,230,0,-43.275,-22.9152619993226
RES_3519,3304557,Rio de Janeiro,Lins de Vasconcelos,1309,495,0,-43.293597,-22.9120119993227
RES_3520,3304557,Rio de Janeiro,Lins de Vasconcelos,6089,2258,0,-43.287099,-22.9107279993227
RES_3521,3304557,Rio de Janeiro,Lins de Vasconcelos,8748,3375,0,-43.280058,-22.9110679993227
RES_3522,3304557,Rio de Janeiro,Lins de Vasconcelos,1931,698,0,-43.280441,-22.9079459993228
RES_3523,3304557,Rio de Janeiro,Lins de Vasconcelos,641,231,0,-43.27585,-22.9121469993227
RES_3524,3304557,Rio de Janeiro,Lins de Vasconcelos,2221,861,0,-43.274589,-22.9066889993228
RES_3525,3304557,Rio de Janeiro,Lins de Vasconcelos,77,29,0,-43.295516,-22.9186549993226
RES_3526,3304557,Rio de Janeiro,Lins de Vasconcelos,374,178,0,-43.281393,-22.9162689993226
RES_3527,3304557,Rio de Janeiro,Lins de Vasconcelos,1200,500,0,-43.281153,-22.9148249993227
RES_3528,3304557,Rio de Janeiro,Lins de Vasconcelos,1675,813,0,-43.27804407474106,-22.915676449999996
RES_3529,3304557,Rio de Janeiro,Lins de Vasconcelos,578,213,0,-43.286145,-22.9144029993227
RES_3530,3304557,Rio de Janeiro,Lins de Vasconcelos,1464,629,0,-43.283352,-22.9166099993226
RES_3531,3304557,Rio de Janeiro,Lins de Vasconcelos,311,127,0,-43.281875,-22.9178729993226
RES_3532,3304557,Rio de Janeiro,Lins de Vasconcelos,1379,571,0,-43.278033,-22.9123159993227
RES_3533,3304557,Rio de Janeiro,Lins de Vasconcelos,536,252,0,-43.293067,-22.9135059993227
RES_3534,3304557,Rio de Janeiro,Lins de Vasconcelos,2377,1017,0,-43.28597,-22.9173509993226
RES_3535,3304557,Rio de Janeiro,Méier,3157,1125,0,-43.292422,-22.9066319993229
RES_3536,3304557,Rio de Janeiro,Méier,1466,507,0,-43.288761,-22.9090119993228
RES_3537,3304557,Rio de Janeiro,Méier,12130,4072,0,-43.288178,-22.9049719993229
RES_3538,3304557,Rio de Janeiro,Méier,904,318,0,-43.290863,-22.901088999323
RES_3539,3304557,Rio de Janeiro,Méier,8247,2962,0,-43.280572,-22.9042659993229
RES_3540,3304557,Rio de Janeiro,Méier,7478,2676,0,-43.278887,-22.8973409993231
RES_3541,3304557,Rio de Janeiro,Méier,1758,659,0,-43.274716,-22.9027879993229
RES_3542,3304557,Rio de Janeiro,Méier,4312,1545,0,-43.27428,-22.898144999323
RES_3543,3304557,Rio de Janeiro,Méier,248,94,0,-43.27851,-22.9045629993229
RES_3544,3304557,Rio de Janeiro,Todos os Santos,8257,3133,0,-43.286477,-22.897679999323
RES_3545,3304557,Rio de Janeiro,Todos os Santos,5272,2154,0,-43.286387,-22.8903959993232
RES_3546,3304557,Rio de Janeiro,Todos os Santos,4505,1674,0,-43.282024,-22.8968999993231
RES_3547,3304557,Rio de Janeiro,Todos os Santos,4559,1732,0,-43.28276,-22.8917649993232
RES_3548,3304557,Rio de Janeiro,Cachambi,8999,3396,0,-43.278815,-22.8902489993232
RES_3549,3304557,Rio de Janeiro,Cachambi,5016,2092,0,-43.279908,-22.8848449993234
RES_3550,3304557,Rio de Janeiro,Cachambi,5860,2221,0,-43.271362,-22.8958469993231
RES_3551,3304557,Rio de Janeiro,Cachambi,11537,4420,0,-43.272047,-22.8906259993232
RES_3552,3304557,Rio de Janeiro,Del Castilho,1087,453,0,-43.274399,-22.8856849993233
RES_3553,3304557,Rio de Janeiro,Cachambi,468,183,0,-43.267198,-22.8940229993231
RES_3554,3304557,Rio de Janeiro,Cachambi,4927,1852,0,-43.266343,-22.8901999993232
RES_3555,3304557,Rio de Janeiro,Cachambi,236,94,0,-43.264115,-22.8916149993232
RES_3556,3304557,Rio de Janeiro,Cachambi,183,75,0,-43.26829,-22.8934689993232
RES_3557,3304557,Rio de Janeiro,Cachambi,709,315,0,-43.266268,-22.8898609993232
RES_3558,3304557,Rio de Janeiro,Engenho de Dentro,318,137,0,-43.300598,-22.9128289993227
RES_3559,3304557,Rio de Janeiro,Engenho de Dentro,4924,1895,0,-43.301139,-22.9066529993229
RES_3560,3304557,Rio de Janeiro,Engenho de Dentro,1811,679,0,-43.30033,-22.899153999323
RES_3561,3304557,Rio de Janeiro,Engenho de Dentro,2538,1063,0,-43.296896,-22.9116369993227
RES_3562,3304557,Rio de Janeiro,Engenho de Dentro,7715,2764,0,-43.297099,-22.9056699993229
RES_3563,3304557,Rio de Janeiro,Engenho de Dentro,6722,2462,0,-43.296489,-22.897985999323
RES_3564,3304557,Rio de Janeiro,Engenho de Dentro,2733,1044,0,-43.295484,-22.8915319993232
RES_3565,3304557,Rio de Janeiro,Engenho de Dentro,2373,897,0,-43.289602,-22.8968809993231
RES_3566,3304557,Rio de Janeiro,Engenho de Dentro,3592,1486,0,-43.290539,-22.8897619993233
RES_3567,3304557,Rio de Janeiro,Engenho de Dentro,3754,1523,0,-43.288402,-22.8854769993233
RES_3568,3304557,Rio de Janeiro,Engenho de Dentro,436,197,0,-43.300109,-22.9168719993226
RES_3569,3304557,Rio de Janeiro,Engenho de Dentro,1385,588,0,-43.297908,-22.9167949993226
RES_3570,3304557,Rio de Janeiro,Engenho de Dentro,640,264,0,-43.290752,-22.8889909993233
RES_3571,3304557,Rio de Janeiro,Engenho de Dentro,2430,998,0,-43.288018,-22.8843439993234
RES_3572,3304557,Rio de Janeiro,Engenho de Dentro,449,192,0,-43.295419,-22.9134829993227
RES_3573,3304557,Rio de Janeiro,Engenho de Dentro,159,70,0,-43.298372405229046,-22.913996649999994
RES_3574,3304557,Rio de Janeiro,Engenho de Dentro,847,354,0,-43.299447,-22.9102089993228
RES_3575,3304557,Rio de Janeiro,Água Santa,3279,1311,0,-43.31022,-22.9053479993229
RES_3576,3304557,Rio de Janeiro,Água Santa,95,33,0,-43.30384825,-22.9087217
RES_3577,3304557,Rio de Janeiro,Água Santa,2280,856,0,-43.305043,-22.9060029993229
RES_3578,3304557,Rio de Janeiro,Água Santa,587,272,0,-43.317267,-22.9097859993228
RES_3579,3304557,Rio de Janeiro,Água Santa,178,69,0,-43.306543,-22.9075809993228
RES_3580,3304557,Rio de Janeiro,Encantado,408,166,0,-43.308381,-22.9025779993229
RES_3581,3304557,Rio de Janeiro,Encantado,906,335,0,-43.307691,-22.900463999323
RES_3582,3304557,Rio de Janeiro,Encantado,1774,698,0,-43.304681,-22.9023659993229
RES_3583,3304557,Rio de Janeiro,Encantado,4885,1860,0,-43.30486,-22.8977779993231
RES_3584,3304557,Rio de Janeiro,Encantado,3130,1199,0,-43.302868,-22.8922729993232
RES_3585,3304557,Rio de Janeiro,Encantado,709,262,0,-43.299905,-22.8917099993232
RES_3586,3304557,Rio de Janeiro,Encantado,375,159,0,-43.305953,-22.900569999323
RES_3587,3304557,Rio de Janeiro,Encantado,218,89,0,-43.305706,-22.9029009993229
RES_3588,3304557,Rio de Janeiro,Piedade,371,152,0,-43.315913,-22.9032649993229
RES_3589,3304557,Rio de Janeiro,Piedade,630,255,0,-43.315788,-22.8958799993231
RES_3590,3304557,Rio de Janeiro,Piedade,1955,731,0,-43.312136,-22.9028909993229
RES_3591,3304557,Rio de Janeiro,Piedade,7975,3044,0,-43.312107,-22.897904999323
RES_3592,3304557,Rio de Janeiro,Piedade,5236,2100,0,-43.310368,-22.8909009993232
RES_3593,3304557,Rio de Janeiro,Piedade,3654,1364,0,-43.309394,-22.8830019993234
RES_3594,3304557,Rio de Janeiro,Piedade,1861,683,0,-43.310563,-22.8778299993235
RES_3595,3304557,Rio de Janeiro,Piedade,5013,1936,0,-43.304728,-22.8894259993233
RES_3596,3304557,Rio de Janeiro,Piedade,5018,2017,0,-43.30524,-22.8833019993234
RES_3597,3304557,Rio de Janeiro,Piedade,1100,437,0,-43.306844,-22.8763419993236
RES_3598,3304557,Rio de Janeiro,Piedade,679,291,0,-43.316673,-22.902400999323
RES_3599,3304557,Rio de Janeiro,Piedade,798,335,0,-43.316449,-22.9051569993229
RES_3600,3304557,Rio de Janeiro,Piedade,977,449,0,-43.315909,-22.8944929993231
RES_3601,3304557,Rio de Janeiro,Piedade,517,230,0,-43.314154,-22.8930589993232
RES_3602,3304557,Rio de Janeiro,Piedade,355,144,0,-43.31798,-22.899456999323
RES_3603,3304557,Rio de Janeiro,Piedade,310,129,0,-43.308278720746806,-22.87802155
RES_3604,3304557,Rio de Janeiro,Piedade,114,46,0,-43.30675909672284,-22.877693450000002
RES_3605,3304557,Rio de Janeiro,Piedade,341,136,0,-43.304706,-22.878980900000002
RES_3606,3304557,Rio de Janeiro,Cavalcanti,851,352,0,-43.310513,-22.8764689993235
RES_3607,3304557,Rio de Janeiro,Piedade,426,173,0,-43.304645,-22.8805919993234
RES_3608,3304557,Rio de Janeiro,Abolição,867,338,0,-43.299393,-22.8874079993233
RES_3609,3304557,Rio de Janeiro,Abolição,3561,1363,0,-43.301591,-22.8832399993234
RES_3610,3304557,Rio de Janeiro,Abolição,3322,1261,0,-43.297522,-22.8892169993232
RES_3611,3304557,Rio de Janeiro,Abolição,1446,563,0,-43.298158,-22.8848289993233
RES_3612,3304557,Rio de Janeiro,Pilares,1349,500,0,-43.300234,-22.8770909993235
RES_3613,3304557,Rio de Janeiro,Pilares,1251,470,0,-43.294124,-22.8872989993233
RES_3614,3304557,Rio de Janeiro,Pilares,6643,2523,0,-43.295537,-22.8825599993234
RES_3615,3304557,Rio de Janeiro,Pilares,8180,3165,0,-43.296484,-22.8760009993235
RES_3616,3304557,Rio de Janeiro,Pilares,806,331,0,-43.300274,-22.8726359993236
RES_3617,3304557,Rio de Janeiro,Pilares,1551,583,0,-43.289079,-22.8811699993234
RES_3618,3304557,Rio de Janeiro,Pilares,1226,467,0,-43.290737,-22.8786719993235
RES_3619,3304557,Rio de Janeiro,Pilares,651,278,0,-43.294781,-22.8853099993234
RES_3620,3304557,Rio de Janeiro,Pilares,1861,734,0,-43.302275,-22.8755189993236
RES_3621,3304557,Rio de Janeiro,Vila Kosmos,1597,597,0,-43.309148,-22.8540299993241
RES_3622,3304557,Rio de Janeiro,Vila Kosmos,5311,2060,0,-43.305214,-22.8542289993241
RES_3623,3304557,Rio de Janeiro,Vila Kosmos,5479,2089,0,-43.30393,-22.8489769993242
RES_3624,3304557,Rio de Janeiro,Vila Kosmos,753,284,0,-43.299085,-22.854141999324
RES_3625,3304557,Rio de Janeiro,Vila Kosmos,1237,518,0,-43.30268,-22.8520239993241
RES_3626,3304557,Rio de Janeiro,Vila Kosmos,501,210,0,-43.299756,-22.8529409993241
RES_3627,3304557,Rio de Janeiro,Vicente de Carvalho,2599,998,0,-43.320788,-22.8600449993239
RES_3628,3304557,Rio de Janeiro,Vicente de Carvalho,5791,2249,0,-43.31978,-22.855531999324
RES_3629,3304557,Rio de Janeiro,Vicente de Carvalho,785,294,0,-43.31141,-22.858287999324
RES_3630,3304557,Rio de Janeiro,Vicente de Carvalho,4324,1665,0,-43.313561,-22.8545979993241
RES_3631,3304557,Rio de Janeiro,Vicente de Carvalho,676,287,0,-43.312453,-22.8507459993241
RES_3632,3304557,Rio de Janeiro,Vicente de Carvalho,2189,917,0,-43.317408,-22.8595669993239
RES_3633,3304557,Rio de Janeiro,Vicente de Carvalho,459,183,0,-43.31635,-22.857367999324
RES_3634,3304557,Rio de Janeiro,Vicente de Carvalho,3830,1602,0,-43.310877,-22.8597189993239
RES_3635,3304557,Rio de Janeiro,Vicente de Carvalho,647,274,0,-43.308003,-22.8619029993239
RES_3636,3304557,Rio de Janeiro,Vila da Penha,8479,3167,0,-43.311129,-22.8463919993242
RES_3637,3304557,Rio de Janeiro,Vila da Penha,6126,2277,0,-43.31217,-22.8411529993244
RES_3638,3304557,Rio de Janeiro,Vila da Penha,1891,742,0,-43.307052,-22.8463219993242
RES_3639,3304557,Rio de Janeiro,Vila da Penha,5454,2020,0,-43.305951,-22.8404079993244
RES_3640,3304557,Rio de Janeiro,Vista Alegre,1588,568,0,-43.317743,-22.8312759993246
RES_3641,3304557,Rio de Janeiro,Vista Alegre,805,295,0,-43.318036,-22.8287299993247
RES_3642,3304557,Rio de Janeiro,Vista Alegre,3329,1270,0,-43.313497,-22.8311249993246
RES_3643,3304557,Rio de Janeiro,Vista Alegre,1337,479,0,-43.31532,-22.8276019993247
RES_3644,3304557,Rio de Janeiro,Irajá,1021,392,0,-43.334194,-22.8522979993241
RES_3645,3304557,Rio de Janeiro,Irajá,2998,1113,0,-43.333665,-22.8485409993242
RES_3646,3304557,Rio de Janeiro,Irajá,549,205,0,-43.332412,-22.8311239993246
RES_3647,3304557,Rio de Janeiro,Irajá,2884,1085,0,-43.332903,-22.8256059993247
RES_3648,3304557,Rio de Janeiro,Irajá,1896,708,0,-43.333473,-22.8203409993248
RES_3649,3304557,Rio de Janeiro,Irajá,4985,1840,0,-43.327869,-22.8527339993241
RES_3650,3304557,Rio de Janeiro,Irajá,5942,2273,0,-43.327751,-22.8473809993242
RES_3651,3304557,Rio de Janeiro,Irajá,6865,2562,0,-43.327238,-22.8405039993244
RES_3652,3304557,Rio de Janeiro,Irajá,3468,1286,0,-43.327607,-22.8325929993246
RES_3653,3304557,Rio de Janeiro,Irajá,11858,4506,0,-43.327485,-22.8255839993247
RES_3654,3304557,Rio de Janeiro,Irajá,794,283,0,-43.331207,-22.8195569993248
RES_3655,3304557,Rio de Janeiro,Irajá,2855,1156,0,-43.321273,-22.8515629993241
RES_3656,3304557,Rio de Janeiro,Irajá,6434,2631,0,-43.319236,-22.8481879993242
RES_3657,3304557,Rio de Janeiro,Irajá,9353,3622,0,-43.320242,-22.8398119993244
RES_3658,3304557,Rio de Janeiro,Irajá,4716,1728,0,-43.320818,-22.8327599993245
RES_3659,3304557,Rio de Janeiro,Irajá,8709,3297,0,-43.32083,-22.8254749993247
RES_3660,3304557,Rio de Janeiro,Irajá,3741,1589,0,-43.315455,-22.8498249993242
RES_3661,3304557,Rio de Janeiro,Irajá,975,348,0,-43.314802,-22.8387319993244
RES_3662,3304557,Rio de Janeiro,Irajá,2196,931,0,-43.315723,-22.8248639993247
RES_3663,3304557,Rio de Janeiro,Irajá,202,81,0,-43.334391,-22.8318139993246
RES_3664,3304557,Rio de Janeiro,Irajá,147,55,0,-43.336121,-22.8522139993241
RES_3665,3304557,Rio de Janeiro,Irajá,191,78,0,-43.333764,-22.8536649993241
RES_3666,3304557,Rio de Janeiro,Irajá,726,296,0,-43.324828,-22.8305329993246
RES_3667,3304557,Rio de Janeiro,Irajá,569,223,0,-43.324523,-22.8491109993242
RES_3668,3304557,Rio de Janeiro,Irajá,457,179,0,-43.32386145,-22.84853575
RES_3669,3304557,Rio de Janeiro,Irajá,1556,606,0,-43.320963,-22.8482809993242
RES_3670,3304557,Rio de Janeiro,Irajá,301,123,0,-43.321245,-22.8393629993244
RES_3671,3304557,Rio de Janeiro,Colégio,1902,730,0,-43.34153,-22.8459859993242
RES_3672,3304557,Rio de Janeiro,Colégio,5032,1997,0,-43.341309,-22.8410309993244
RES_3673,3304557,Rio de Janeiro,Colégio,2511,987,0,-43.334834,-22.8452399993243
RES_3674,3304557,Rio de Janeiro,Colégio,3129,1457,0,-43.334568,-22.8421759993243
RES_3675,3304557,Rio de Janeiro,Colégio,1848,685,0,-43.329324,-22.8367969993244
RES_3676,3304557,Rio de Janeiro,Colégio,1611,569,0,-43.328397,-22.8354949993245
RES_3677,3304557,Rio de Janeiro,Colégio,257,108,0,-43.332192,-22.8418249993244
RES_3678,3304557,Rio de Janeiro,Colégio,836,327,0,-43.345196,-22.8395479993244
RES_3679,3304557,Rio de Janeiro,Colégio,5067,2012,0,-43.33444,-22.8388949993244
RES_3680,3304557,Rio de Janeiro,Colégio,4112,1692,0,-43.333107,-22.8356279993245
RES_3681,3304557,Rio de Janeiro,Colégio,53,23,0,-43.33931958889926,-22.837265449999997
RES_3682,3304557,Rio de Janeiro,Campinho,1077,401,0,-43.355778,-22.8820899993234
RES_3683,3304557,Rio de Janeiro,Campinho,2518,942,0,-43.349998,-22.8846559993234
RES_3684,3304557,Rio de Janeiro,Campinho,161,63,0,-43.344919,-22.8879969993233
RES_3685,3304557,Rio de Janeiro,Campinho,3142,1242,0,-43.344749,-22.8855739993233
RES_3686,3304557,Rio de Janeiro,Campinho,418,165,0,-43.340799,-22.8870439993233
RES_3687,3304557,Rio de Janeiro,Campinho,228,91,0,-43.342988,-22.8883999993233
RES_3688,3304557,Rio de Janeiro,Campinho,517,208,0,-43.354942,-22.8809599993234
RES_3689,3304557,Rio de Janeiro,Campinho,518,223,0,-43.34073,-22.8849709993233
RES_3690,3304557,Rio de Janeiro,Quintino Bocaiúva,1510,582,0,-43.325034,-22.8961629993231
RES_3691,3304557,Rio de Janeiro,Quintino Bocaiúva,1704,662,0,-43.325758,-22.8894569993233
RES_3692,3304557,Rio de Janeiro,Quintino Bocaiúva,1393,560,0,-43.32099,-22.8958169993231
RES_3693,3304557,Rio de Janeiro,Quintino Bocaiúva,6524,2510,0,-43.319514,-22.8904739993232
RES_3694,3304557,Rio de Janeiro,Quintino Bocaiúva,5015,1869,0,-43.318237,-22.8846699993234
RES_3695,3304557,Rio de Janeiro,Quintino Bocaiúva,421,160,0,-43.31603,-22.8798979993235
RES_3696,3304557,Rio de Janeiro,Quintino Bocaiúva,1066,397,0,-43.314589,-22.8884419993233
RES_3697,3304557,Rio de Janeiro,Quintino Bocaiúva,4416,1678,0,-43.313469,-22.8839309993234
RES_3698,3304557,Rio de Janeiro,Quintino Bocaiúva,2067,844,0,-43.317745,-22.8936789993232
RES_3699,3304557,Rio de Janeiro,Quintino Bocaiúva,786,315,0,-43.314241,-22.8810399993234
RES_3700,3304557,Rio de Janeiro,Quintino Bocaiúva,313,124,0,-43.321547,-22.8871379993233
RES_3701,3304557,Rio de Janeiro,Quintino Bocaiúva,56,22,0,-43.32772753415625,-22.89864515
RES_3702,3304557,Rio de Janeiro,Cavalcanti,1519,637,0,-43.317586,-22.8739609993236
RES_3703,3304557,Rio de Janeiro,Cavalcanti,1648,646,0,-43.318475,-22.8695839993237
RES_3704,3304557,Rio de Janeiro,Cavalcanti,4595,1822,0,-43.313023,-22.8754939993236
RES_3705,3304557,Rio de Janeiro,Cavalcanti,3856,1664,0,-43.31233,-22.8701769993237
RES_3706,3304557,Rio de Janeiro,Cavalcanti,107,43,0,-43.312714,-22.8679219993238
RES_3707,3304557,Rio de Janeiro,Cavalcanti,1292,568,0,-43.316359,-22.8671129993237
RES_3708,3304557,Rio de Janeiro,Cavalcanti,782,330,0,-43.318097,-22.8727989993236
RES_3709,3304557,Rio de Janeiro,Engenheiro Leal,2039,834,0,-43.326763,-22.8754989993236
RES_3710,3304557,Rio de Janeiro,Engenheiro Leal,1566,620,0,-43.321795,-22.8777639993235
RES_3711,3304557,Rio de Janeiro,Engenheiro Leal,90,36,0,-43.32509083669912,-22.872926800000002
RES_3712,3304557,Rio de Janeiro,Engenheiro Leal,1505,604,0,-43.330131,-22.8733219993236
RES_3713,3304557,Rio de Janeiro,Cascadura,268,111,0,-43.339862,-22.8835709993234
RES_3714,3304557,Rio de Janeiro,Cascadura,115,45,0,-43.334762,-22.8947839993231
RES_3715,3304557,Rio de Janeiro,Cascadura,2659,1063,0,-43.333207,-22.8918949993232
RES_3716,3304557,Rio de Janeiro,Cascadura,4060,1674,0,-43.334982,-22.8832109993234
RES_3717,3304557,Rio de Janeiro,Cascadura,2124,815,0,-43.328658,-22.8885819993233
RES_3718,3304557,Rio de Janeiro,Cascadura,4615,1762,0,-43.326139,-22.8840069993234
RES_3719,3304557,Rio de Janeiro,Cascadura,2522,909,0,-43.326862,-22.8790349993235
RES_3720,3304557,Rio de Janeiro,Cascadura,3784,1472,0,-43.321585,-22.8824209993234
RES_3721,3304557,Rio de Janeiro,Cascadura,2598,1024,0,-43.318703,-22.8784499993235
RES_3722,3304557,Rio de Janeiro,Cascadura,160,59,0,-43.32641,-22.8833029993234
RES_3723,3304557,Rio de Janeiro,Cascadura,490,193,0,-43.33859735,-22.88651064999999
RES_3724,3304557,Rio de Janeiro,Cascadura,72,29,0,-43.3344393,-22.88843635
RES_3725,3304557,Rio de Janeiro,Cascadura,503,209,0,-43.333366,-22.8872239993233
RES_3726,3304557,Rio de Janeiro,Cascadura,141,56,0,-43.330751,-22.8882039993233
RES_3727,3304557,Rio de Janeiro,Cascadura,697,274,0,-43.333544,-22.8909669993232
RES_3728,3304557,Rio de Janeiro,Cascadura,744,323,0,-43.329646,-22.8866039993233
RES_3729,3304557,Rio de Janeiro,Cascadura,447,179,0,-43.340018,-22.8846539993234
RES_3730,3304557,Rio de Janeiro,Cascadura,896,362,0,-43.33784,-22.8856029993233
RES_3731,3304557,Rio de Janeiro,Madureira,1610,592,0,-43.347127,-22.8814559993234
RES_3732,3304557,Rio de Janeiro,Madureira,412,164,0,-43.347408,-22.8797799993235
RES_3733,3304557,Rio de Janeiro,Madureira,1942,711,0,-43.345289,-22.8819379993234
RES_3734,3304557,Rio de Janeiro,Madureira,7533,2835,0,-43.343282,-22.8769329993235
RES_3735,3304557,Rio de Janeiro,Madureira,2295,835,0,-43.341829,-22.8711629993237
RES_3736,3304557,Rio de Janeiro,Madureira,904,335,0,-43.336643,-22.8809499993234
RES_3737,3304557,Rio de Janeiro,Madureira,4148,1596,0,-43.334353,-22.8768659993235
RES_3738,3304557,Rio de Janeiro,Madureira,5384,2047,0,-43.334194,-22.8686049993237
RES_3739,3304557,Rio de Janeiro,Madureira,3544,1384,0,-43.33405,-22.8632999993238
RES_3740,3304557,Rio de Janeiro,Madureira,1433,632,0,-43.329688,-22.8761459993236
RES_3741,3304557,Rio de Janeiro,Madureira,297,122,0,-43.329583,-22.8678839993238
RES_3742,3304557,Rio de Janeiro,Madureira,2186,829,0,-43.330214,-22.8637859993239
RES_3743,3304557,Rio de Janeiro,Madureira,1745,735,0,-43.334666,-22.8611269993239
RES_3744,3304557,Rio de Janeiro,Madureira,136,52,0,-43.334918,-22.8742179993236
RES_3745,3304557,Rio de Janeiro,Madureira,346,149,0,-43.332077,-22.8602229993239
RES_3746,3304557,Rio de Janeiro,Madureira,1304,528,0,-43.327345,-22.8682509993237
RES_3747,3304557,Rio de Janeiro,Madureira,830,349,0,-43.332721,-22.8711949993237
RES_3748,3304557,Rio de Janeiro,Madureira,2580,1018,0,-43.336299,-22.8645259993238
RES_3749,3304557,Rio de Janeiro,Madureira,65,25,0,-43.333786,-22.8745989993236
RES_3750,3304557,Rio de Janeiro,Madureira,905,356,0,-43.329302,-22.8661539993238
RES_3751,3304557,Rio de Janeiro,Madureira,156,60,0,-43.328027,-22.8638139993238
RES_3752,3304557,Rio de Janeiro,Madureira,133,58,0,-43.338391,-22.8706739993237
RES_3753,3304557,Rio de Janeiro,Vaz Lobo,1521,592,0,-43.332111,-22.856394999324
RES_3754,3304557,Rio de Janeiro,Vaz Lobo,4565,1820,0,-43.327831,-22.8598849993239
RES_3755,3304557,Rio de Janeiro,Vaz Lobo,3742,1421,0,-43.327529,-22.856520999324
RES_3756,3304557,Rio de Janeiro,Vaz Lobo,179,71,0,-43.331942,-22.858444999324
RES_3757,3304557,Rio de Janeiro,Vaz Lobo,771,325,0,-43.333636,-22.856842999324
RES_3758,3304557,Rio de Janeiro,Vaz Lobo,217,88,0,-43.325098,-22.8618649993239
RES_3759,3304557,Rio de Janeiro,Turiaçú,884,348,0,-43.348826,-22.8612369993239
RES_3760,3304557,Rio de Janeiro,Turiaçú,1458,563,0,-43.342914,-22.8670169993238
RES_3761,3304557,Rio de Janeiro,Turiaçú,5724,2202,0,-43.342828,-22.8619259993239
RES_3762,3304557,Rio de Janeiro,Turiaçú,1465,574,0,-43.343249,-22.858117999324
RES_3763,3304557,Rio de Janeiro,Turiaçú,1590,640,0,-43.338723,-22.8618429993239
RES_3764,3304557,Rio de Janeiro,Turiaçú,170,65,0,-43.337343,-22.8597159993239
RES_3765,3304557,Rio de Janeiro,Rocha Miranda,92,31,0,-43.341493,-22.857083999324
RES_3766,3304557,Rio de Janeiro,Turiaçú,230,87,0,-43.341554,-22.8598459993239
RES_3767,3304557,Rio de Janeiro,Rocha Miranda,5019,1889,0,-43.350347,-22.855386999324
RES_3768,3304557,Rio de Janeiro,Rocha Miranda,6210,2384,0,-43.35095,-22.8481129993242
RES_3769,3304557,Rio de Janeiro,Rocha Miranda,2228,880,0,-43.350195,-22.8411529993243
RES_3770,3304557,Rio de Janeiro,Rocha Miranda,6782,2661,0,-43.34409,-22.8538989993241
RES_3771,3304557,Rio de Janeiro,Rocha Miranda,8118,3116,0,-43.344577,-22.8479169993242
RES_3772,3304557,Rio de Janeiro,Rocha Miranda,2984,1153,0,-43.346344,-22.8421069993243
RES_3773,3304557,Rio de Janeiro,Rocha Miranda,1261,484,0,-43.338532,-22.8518559993241
RES_3774,3304557,Rio de Janeiro,Rocha Miranda,1605,591,0,-43.338335,-22.8478339993242
RES_3775,3304557,Rio de Janeiro,Rocha Miranda,1154,446,0,-43.340612,-22.855162999324
RES_3776,3304557,Rio de Janeiro,Rocha Miranda,556,222,0,-43.338165,-22.8536259993241
RES_3777,3304557,Rio de Janeiro,Honório Gurgel,443,177,0,-43.353217,-22.8470339993242
RES_3778,3304557,Rio de Janeiro,Honório Gurgel,4467,1693,0,-43.358622,-22.8537619993241
RES_3779,3304557,Rio de Janeiro,Honório Gurgel,4145,1575,0,-43.356996,-22.8471349993242
RES_3780,3304557,Rio de Janeiro,Honório Gurgel,1600,620,0,-43.356833,-22.8415899993243
RES_3781,3304557,Rio de Janeiro,Honório Gurgel,1894,729,0,-43.354128,-22.8459459993243
RES_3782,3304557,Rio de Janeiro,Honório Gurgel,1485,575,0,-43.354288,-22.8411569993244
RES_3783,3304557,Rio de Janeiro,Honório Gurgel,1407,544,0,-43.352877,-22.8425369993243
RES_3784,3304557,Rio de Janeiro,Honório Gurgel,1008,400,0,-43.358838,-22.8379669993244
RES_3785,3304557,Rio de Janeiro,Honório Gurgel,295,117,0,-43.359568,-22.8368539993244
RES_3786,3304557,Rio de Janeiro,Honório Gurgel,1450,571,0,-43.358284,-22.8394369993244
RES_3787,3304557,Rio de Janeiro,Honório Gurgel,462,192,0,-43.355352,-22.8493299993242
RES_3788,3304557,Rio de Janeiro,Osvaldo Cruz,2474,922,0,-43.355252,-22.8753849993236
RES_3789,3304557,Rio de Janeiro,Osvaldo Cruz,1037,375,0,-43.355522,-22.8716569993237
RES_3790,3304557,Rio de Janeiro,Campinho,1733,641,0,-43.349997,-22.8821539993234
RES_3791,3304557,Rio de Janeiro,Osvaldo Cruz,8333,3138,0,-43.350913,-22.8758059993236
RES_3792,3304557,Rio de Janeiro,Osvaldo Cruz,7468,2810,0,-43.35066,-22.8693539993237
RES_3793,3304557,Rio de Janeiro,Osvaldo Cruz,4084,1589,0,-43.350681,-22.8631949993238
RES_3794,3304557,Rio de Janeiro,Osvaldo Cruz,3569,1354,0,-43.344887,-22.8705699993237
RES_3795,3304557,Rio de Janeiro,Osvaldo Cruz,317,122,0,-43.353638,-22.8688899993237
RES_3796,3304557,Rio de Janeiro,Osvaldo Cruz,570,213,0,-43.352738,-22.8663859993238
RES_3797,3304557,Rio de Janeiro,Osvaldo Cruz,128,45,0,-43.352695,-22.8654129993238
RES_3798,3304557,Rio de Janeiro,Osvaldo Cruz,106,40,0,-43.354903,-22.8802179993235
RES_3799,3304557,Rio de Janeiro,Bento Ribeiro,3106,1185,0,-43.365453,-22.8752659993236
RES_3800,3304557,Rio de Janeiro,Bento Ribeiro,6800,2604,0,-43.366026,-22.8700869993237
RES_3801,3304557,Rio de Janeiro,Bento Ribeiro,1970,698,0,-43.364802,-22.8633359993239
RES_3802,3304557,Rio de Janeiro,Bento Ribeiro,581,209,0,-43.363228,-22.858060999324
RES_3803,3304557,Rio de Janeiro,Bento Ribeiro,3220,1197,0,-43.360051,-22.8761669993235
RES_3804,3304557,Rio de Janeiro,Bento Ribeiro,6601,2497,0,-43.359175,-22.8695489993237
RES_3805,3304557,Rio de Janeiro,Bento Ribeiro,6925,2590,0,-43.358471,-22.8624329993239
RES_3806,3304557,Rio de Janeiro,Bento Ribeiro,4776,1865,0,-43.358966,-22.858010999324
RES_3807,3304557,Rio de Janeiro,Bento Ribeiro,412,158,0,-43.354314,-22.8679069993237
RES_3808,3304557,Rio de Janeiro,Bento Ribeiro,1827,730,0,-43.353612,-22.8605699993239
RES_3809,3304557,Rio de Janeiro,Bento Ribeiro,224,79,0,-43.364473,-22.8625099993239
RES_3810,3304557,Rio de Janeiro,Bento Ribeiro,242,100,0,-43.361698,-22.859014999324
RES_3811,3304557,Rio de Janeiro,Bento Ribeiro,78,31,0,-43.366247,-22.8760769993235
RES_3812,3304557,Rio de Janeiro,Bento Ribeiro,28,10,0,-43.353296,-22.8647549993238
RES_3813,3304557,Rio de Janeiro,Bento Ribeiro,307,124,0,-43.365329,-22.8767999993235
RES_3814,3304557,Rio de Janeiro,Bento Ribeiro,209,79,0,-43.353152,-22.8640379993238
RES_3815,3304557,Rio de Janeiro,Marechal Hermes,1361,527,0,-43.37203,-22.8750979993236
RES_3816,3304557,Rio de Janeiro,Marechal Hermes,6353,2426,0,-43.37319,-22.8693529993237
RES_3817,3304557,Rio de Janeiro,Marechal Hermes,3124,1119,0,-43.374276,-22.8633659993238
RES_3818,3304557,Rio de Janeiro,Marechal Hermes,3820,1445,0,-43.373533,-22.855611999324
RES_3819,3304557,Rio de Janeiro,Marechal Hermes,415,166,0,-43.371543,-22.8511629993241
RES_3820,3304557,Rio de Janeiro,Marechal Hermes,475,193,0,-43.369887,-22.8743219993236
RES_3821,3304557,Rio de Janeiro,Marechal Hermes,1095,425,0,-43.371012,-22.8671169993238
RES_3822,3304557,Rio de Janeiro,Marechal Hermes,4082,1508,0,-43.367711,-22.8619359993239
RES_3823,3304557,Rio de Janeiro,Marechal Hermes,7580,2904,0,-43.366682,-22.8546749993241
RES_3824,3304557,Rio de Janeiro,Marechal Hermes,2198,821,0,-43.365767,-22.8503879993241
RES_3825,3304557,Rio de Janeiro,Marechal Hermes,1207,474,0,-43.362252,-22.8479989993242
RES_3826,3304557,Rio de Janeiro,Marechal Hermes,54,22,0,-43.369613,-22.8759699993236
RES_3827,3304557,Rio de Janeiro,Marechal Hermes,539,204,0,-43.379282,-22.855850999324
RES_3828,3304557,Rio de Janeiro,Marechal Hermes,673,260,0,-43.378072,-22.855520999324
RES_3829,3304557,Rio de Janeiro,Marechal Hermes,161,65,0,-43.368182,-22.8757599993236
RES_3830,3304557,Rio de Janeiro,Marechal Hermes,109,43,0,-43.360435,-22.8490489993242
RES_3831,3304557,Rio de Janeiro,Marechal Hermes,740,298,0,-43.363473,-22.8491569993242
RES_3832,3304557,Rio de Janeiro,Marechal Hermes,306,114,0,-43.370694,-22.8715599993237
RES_3833,3304557,Rio de Janeiro,Marechal Hermes,2306,945,0,-43.36531,-22.8486749993242
RES_3834,3304557,Rio de Janeiro,Marechal Hermes,308,124,0,-43.378309,-22.8507669993241
RES_3835,3304557,Rio de Janeiro,Marechal Hermes,1914,762,0,-43.376393,-22.8517979993241
RES_3836,3304557,Rio de Janeiro,Marechal Hermes,1420,588,0,-43.373999,-22.8507879993241
RES_3837,3304557,Rio de Janeiro,Marechal Hermes,585,240,0,-43.369794,-22.8763429993235
RES_3838,3304557,Rio de Janeiro,Marechal Hermes,682,281,0,-43.367997,-22.8634339993238
RES_3839,3304557,Rio de Janeiro,Jacarepaguá,685,274,0,-43.43553623269231,-22.9299758
RES_3840,3304557,Rio de Janeiro,Jacarepaguá,49,20,0,-43.437037,-22.9198779993225
RES_3841,3304557,Rio de Janeiro,Jacarepaguá,491,230,0,-43.423442,-22.9706679993214
RES_3842,3304557,Rio de Janeiro,Jacarepaguá,1738,681,0,-43.428565,-22.9278799993224
RES_3843,3304557,Rio de Janeiro,Jacarepaguá,559,240,0,-43.429472,-22.9159739993226
RES_3844,3304557,Rio de Janeiro,Jacarepaguá,3041,1348,0,-43.419088,-22.9694099993214
RES_3845,3304557,Rio de Janeiro,Jacarepaguá,293,130,0,-43.416622,-22.9670819993215
RES_3846,3304557,Rio de Janeiro,Jacarepaguá,174,79,0,-43.416249,-22.9192949993226
RES_3847,3304557,Rio de Janeiro,Jacarepaguá,439,165,0,-43.41669388602868,-22.915313700000002
RES_3848,3304557,Rio de Janeiro,Jacarepaguá,8323,3340,0,-43.411998,-22.9710319993214
RES_3849,3304557,Rio de Janeiro,Jacarepaguá,5103,2211,0,-43.411092,-22.9657459993215
RES_3850,3304557,Rio de Janeiro,Jacarepaguá,1140,412,0,-43.413313,-22.9206209993225
RES_3851,3304557,Rio de Janeiro,Jacarepaguá,3667,1515,0,-43.405915,-22.9644469993215
RES_3852,3304557,Rio de Janeiro,Jacarepaguá,71,28,0,-43.396223,-22.9578359993217
RES_3853,3304557,Rio de Janeiro,Jacarepaguá,87,34,0,-43.405048,-22.9420159993221
RES_3854,3304557,Rio de Janeiro,Jacarepaguá,1202,494,0,-43.403448,-22.9277129993224
RES_3855,3304557,Rio de Janeiro,Jacarepaguá,2613,994,0,-43.404609,-22.9195589993226
RES_3856,3304557,Rio de Janeiro,Barra Olímpica,8446,3666,0,-43.394908,-22.9696259993214
RES_3857,3304557,Rio de Janeiro,Jacarepaguá,3288,1461,0,-43.396592,-22.9654229993215
RES_3858,3304557,Rio de Janeiro,Jacarepaguá,484,211,0,-43.39599,-22.944666999322
RES_3859,3304557,Rio de Janeiro,Jacarepaguá,990,390,0,-43.395622,-22.9403529993221
RES_3860,3304557,Rio de Janeiro,Jacarepaguá,625,253,0,-43.39783498932323,-22.936522099999998
RES_3861,3304557,Rio de Janeiro,Jacarepaguá,2590,1001,0,-43.395725,-22.9270909993224
RES_3862,3304557,Rio de Janeiro,Jacarepaguá,1357,564,0,-43.39817,-22.9230929993225
RES_3863,3304557,Rio de Janeiro,Barra Olímpica,11751,4863,0,-43.388442,-22.9691709993214
RES_3864,3304557,Rio de Janeiro,Barra Olímpica,5681,2392,0,-43.386646,-22.9654429993215
RES_3865,3304557,Rio de Janeiro,Jacarepaguá,574,222,0,-43.390992,-22.9388629993221
RES_3866,3304557,Rio de Janeiro,Jacarepaguá,6885,2831,0,-43.390639,-22.9341749993222
RES_3867,3304557,Rio de Janeiro,Jacarepaguá,249,93,0,-43.392554,-22.9270109993224
RES_3868,3304557,Rio de Janeiro,Barra Olímpica,819,324,0,-43.383769,-22.9674469993215
RES_3869,3304557,Rio de Janeiro,Barra Olímpica,3318,1365,0,-43.384227,-22.9646319993215
RES_3870,3304557,Rio de Janeiro,Jacarepaguá,772,300,0,-43.377581,-22.9527749993218
RES_3871,3304557,Rio de Janeiro,Jacarepaguá,792,315,0,-43.377276,-22.9510429993218
RES_3872,3304557,Rio de Janeiro,Jacarepaguá,793,318,0,-43.384534,-22.9344419993222
RES_3873,3304557,Rio de Janeiro,Barra Olímpica,879,375,0,-43.374108,-22.9762289993213
RES_3874,3304557,Rio de Janeiro,Barra Olímpica,2032,922,0,-43.366654,-22.9683559993214
RES_3875,3304557,Rio de Janeiro,Jacarepaguá,2,1,0,-43.375114,-22.9575999993217
RES_3876,3304557,Rio de Janeiro,Jacarepaguá,2336,962,0,-43.371347,-22.9499219993218
RES_3877,3304557,Rio de Janeiro,Jacarepaguá,3592,1409,0,-43.36497,-22.9537219993218
RES_3878,3304557,Rio de Janeiro,Jacarepaguá,3082,1247,0,-43.365941,-22.9519879993218
RES_3879,3304557,Rio de Janeiro,Barra Olímpica,2659,1188,0,-43.357982,-22.9724869993213
RES_3880,3304557,Rio de Janeiro,Jacarepaguá,655,298,0,-43.351633,-22.9649009993215
RES_3881,3304557,Rio de Janeiro,Jacarepaguá,997,399,0,-43.361711,-22.9530789993218
RES_3882,3304557,Rio de Janeiro,Jacarepaguá,5492,2510,0,-43.349609,-22.9646649993215
RES_3883,3304557,Rio de Janeiro,Jacarepaguá,6639,3039,0,-43.335313,-22.9706899993214
RES_3884,3304557,Rio de Janeiro,Jacarepaguá,1208,440,0,-43.3319,-22.9645819993215
RES_3885,3304557,Rio de Janeiro,Jacarepaguá,465,193,0,-43.3323,-22.9590689993216
RES_3886,3304557,Rio de Janeiro,Jacarepaguá,1009,399,0,-43.326044,-22.9710319993214
RES_3887,3304557,Rio de Janeiro,Jacarepaguá,289,111,0,-43.329242,-22.9618529993216
RES_3888,3304557,Rio de Janeiro,Anil,3376,1574,0,-43.329219,-22.9566909993217
RES_3889,3304557,Rio de Janeiro,Jacarepaguá,284,100,0,-43.329131,-22.9474449993219
RES_3890,3304557,Rio de Janeiro,Jacarepaguá,1010,359,0,-43.327906,-22.942871999322
RES_3891,3304557,Rio de Janeiro,Jacarepaguá,184,71,0,-43.32233,-22.9255579993224
RES_3892,3304557,Rio de Janeiro,Jacarepaguá,62,24,0,-43.317377,-22.9633609993216
RES_3893,3304557,Rio de Janeiro,Jacarepaguá,400,165,0,-43.32365,-22.9355099993222
RES_3894,3304557,Rio de Janeiro,Jacarepaguá,336,137,0,-43.317964,-22.9282739993224
RES_3895,3304557,Rio de Janeiro,Jacarepaguá,12,5,0,-43.284276,-22.9217849993225
RES_3896,3304557,Rio de Janeiro,Jacarepaguá,74,26,0,-43.286368,-22.9246799993224
RES_3897,3304557,Rio de Janeiro,Jacarepaguá,110,45,0,-43.281807,-22.9230119993225
RES_3898,3304557,Rio de Janeiro,Jacarepaguá,9335,4313,0,-43.333487,-22.9712009993214
RES_3899,3304557,Rio de Janeiro,Jacarepaguá,809,303,0,-43.394841,-22.9629459993216
RES_3900,3304557,Rio de Janeiro,Jacarepaguá,365,169,0,-43.39241,-22.945674999322
RES_3901,3304557,Rio de Janeiro,Jacarepaguá,2968,1279,0,-43.390912,-22.946207999322
RES_3902,3304557,Rio de Janeiro,Jacarepaguá,1407,598,0,-43.39238,-22.943456999322
RES_3903,3304557,Rio de Janeiro,Barra Olímpica,3319,1454,0,-43.393803,-22.9650829993215
RES_3904,3304557,Rio de Janeiro,Barra Olímpica,323,145,0,-43.392756,-22.9626989993216
RES_3905,3304557,Rio de Janeiro,Jacarepaguá,261,103,0,-43.391886,-22.9372559993222
RES_3906,3304557,Rio de Janeiro,Jacarepaguá,143,56,0,-43.406311,-22.9381569993221
RES_3907,3304557,Rio de Janeiro,Jacarepaguá,248,96,0,-43.439064,-22.9182729993226
RES_3908,3304557,Rio de Janeiro,Jacarepaguá,1528,610,0,-43.350533,-22.9702519993214
RES_3909,3304557,Rio de Janeiro,Jacarepaguá,4034,1759,0,-43.349013,-22.9658059993215
RES_3910,3304557,Rio de Janeiro,Jacarepaguá,437,181,0,-43.397123,-22.9244669993224
RES_3911,3304557,Rio de Janeiro,Jacarepaguá,588,253,0,-43.378067,-22.9580939993217
RES_3912,3304557,Rio de Janeiro,Jacarepaguá,882,371,0,-43.376442,-22.9575279993217
RES_3913,3304557,Rio de Janeiro,Jacarepaguá,140,56,0,-43.396201,-22.9574789993217
RES_3914,3304557,Rio de Janeiro,Jacarepaguá,140,53,0,-43.323782,-22.9242709993224
RES_3915,3304557,Rio de Janeiro,Jacarepaguá,2199,888,0,-43.390873,-22.9407029993221
RES_3916,3304557,Rio de Janeiro,Jacarepaguá,87,35,0,-43.426555,-22.9157239993226
RES_3917,3304557,Rio de Janeiro,Jacarepaguá,755,307,0,-43.323409,-22.9673749993215
RES_3918,3304557,Rio de Janeiro,Jacarepaguá,242,106,0,-43.321072,-22.9657459993215
RES_3919,3304557,Rio de Janeiro,Barra Olímpica,789,305,0,-43.374272,-22.9583129993217
RES_3920,3304557,Rio de Janeiro,Jacarepaguá,5436,2311,0,-43.393895,-22.9516269993218
RES_3921,3304557,Rio de Janeiro,Jacarepaguá,2226,946,0,-43.392124,-22.9502569993219
RES_3922,3304557,Rio de Janeiro,Jacarepaguá,459,202,0,-43.387561,-22.9348999993222
RES_3923,3304557,Rio de Janeiro,Jacarepaguá,211,83,0,-43.442616,-22.9310859993223
RES_3924,3304557,Rio de Janeiro,Jacarepaguá,208,96,0,-43.398953,-22.9224149993225
RES_3925,3304557,Rio de Janeiro,Jacarepaguá,14948,6829,0,-43.339617,-22.9778849993212
RES_3926,3304557,Rio de Janeiro,Jacarepaguá,23073,10468,0,-43.334651,-22.9758529993213
RES_3927,3304557,Rio de Janeiro,Jacarepaguá,7291,3342,0,-43.332458,-22.9730719993213
RES_3928,3304557,Rio de Janeiro,Jacarepaguá,1054,471,0,-43.330523,-22.9585469993217
RES_3929,3304557,Rio de Janeiro,Jacarepaguá,2574,1022,0,-43.419963,-22.9148519993227
RES_3930,3304557,Rio de Janeiro,Jacarepaguá,633,261,0,-43.404135,-22.9661649993215
RES_3931,3304557,Rio de Janeiro,Jacarepaguá,421,173,0,-43.42396,-22.9682579993215
RES_3932,3304557,Rio de Janeiro,Jacarepaguá,680,289,0,-43.323779,-22.9395769993221
RES_3933,3304557,Rio de Janeiro,Jacarepaguá,813,335,0,-43.36591,-22.9513809993218
RES_3934,3304557,Rio de Janeiro,Jacarepaguá,954,404,0,-43.384227,-22.9377249993221
RES_3935,3304557,Rio de Janeiro,Jacarepaguá,863,360,0,-43.387775,-22.9388109993221
RES_3936,3304557,Rio de Janeiro,Jacarepaguá,1315,551,0,-43.386768,-22.9371559993221
RES_3937,3304557,Rio de Janeiro,Jacarepaguá,464,201,0,-43.384556,-22.9364729993222
RES_3938,3304557,Rio de Janeiro,Jacarepaguá,64,31,0,-43.356444,-22.9572039993217
RES_3939,3304557,Rio de Janeiro,Jacarepaguá,618,259,0,-43.363884,-22.9540999993218
RES_3940,3304557,Rio de Janeiro,Jacarepaguá,863,368,0,-43.400326,-22.9639249993215
RES_3941,3304557,Rio de Janeiro,Jacarepaguá,127,49,0,-43.399935,-22.9205469993225
RES_3942,3304557,Rio de Janeiro,Jacarepaguá,319,128,0,-43.3783,-22.9509879993218
RES_3943,3304557,Rio de Janeiro,Jacarepaguá,3133,1297,0,-43.375017,-22.9499719993218
RES_3944,3304557,Rio de Janeiro,Jacarepaguá,1111,439,0,-43.370673,-22.9568769993217
RES_3945,3304557,Rio de Janeiro,Jacarepaguá,332,149,0,-43.399035,-22.9633439993216
RES_3946,3304557,Rio de Janeiro,Anil,5105,2214,0,-43.348412,-22.9559089993217
RES_3947,3304557,Rio de Janeiro,Anil,4,2,0,-43.338645,-22.9687529993214
RES_3948,3304557,Rio de Janeiro,Anil,4912,2101,0,-43.342827,-22.9635139993216
RES_3949,3304557,Rio de Janeiro,Anil,5336,2227,0,-43.341974,-22.9554999993217
RES_3950,3304557,Rio de Janeiro,Anil,1321,494,0,-43.340893,-22.9503709993219
RES_3951,3304557,Rio de Janeiro,Anil,1837,742,0,-43.337211,-22.9627419993216
RES_3952,3304557,Rio de Janeiro,Anil,2524,961,0,-43.334541,-22.9550769993217
RES_3953,3304557,Rio de Janeiro,Anil,5248,1948,0,-43.334777,-22.9472939993219
RES_3954,3304557,Rio de Janeiro,Anil,1418,585,0,-43.333903,-22.944026999322
RES_3955,3304557,Rio de Janeiro,Anil,710,272,0,-43.330443,-22.9527809993218
RES_3956,3304557,Rio de Janeiro,Anil,2432,993,0,-43.332131,-22.9558529993217
RES_3957,3304557,Rio de Janeiro,Anil,416,179,0,-43.34572,-22.9677669993215
RES_3958,3304557,Rio de Janeiro,Anil,632,281,0,-43.329169,-22.9553919993217
RES_3959,3304557,Rio de Janeiro,Gardênia Azul,1928,816,0,-43.354782,-22.9615989993216
RES_3960,3304557,Rio de Janeiro,Gardênia Azul,4805,2002,0,-43.350779,-22.9613499993216
RES_3961,3304557,Rio de Janeiro,Gardênia Azul,2400,957,0,-43.350913,-22.9577269993217
RES_3962,3304557,Rio de Janeiro,Gardênia Azul,2049,887,0,-43.347795,-22.9623129993216
RES_3963,3304557,Rio de Janeiro,Gardênia Azul,1088,510,0,-43.344563,-22.9583339993217
RES_3964,3304557,Rio de Janeiro,Jacarepaguá,302,130,0,-43.347945,-22.9634749993215
RES_3965,3304557,Rio de Janeiro,Gardênia Azul,1046,498,0,-43.344789,-22.9604869993216
RES_3966,3304557,Rio de Janeiro,Gardênia Azul,5402,2364,0,-43.354715,-22.9568909993217
RES_3967,3304557,Rio de Janeiro,Gardênia Azul,1470,706,0,-43.353393,-22.9573559993217
RES_3968,3304557,Rio de Janeiro,Cidade de Deus,690,276,0,-43.36982,-22.9476189993219
RES_3969,3304557,Rio de Janeiro,Cidade de Deus,600,239,0,-43.370407,-22.942352999322
RES_3970,3304557,Rio de Janeiro,Cidade de Deus,10574,4244,0,-43.365275,-22.9479899993219
RES_3971,3304557,Rio de Janeiro,Cidade de Deus,2259,908,0,-43.365837,-22.944025999322
RES_3972,3304557,Rio de Janeiro,Cidade de Deus,2939,1177,0,-43.356504,-22.9525739993218
RES_3973,3304557,Rio de Janeiro,Cidade de Deus,10390,4190,0,-43.358278,-22.9502879993219
RES_3974,3304557,Rio de Janeiro,Cidade de Deus,450,193,0,-43.360511,-22.944824999322
RES_3975,3304557,Rio de Janeiro,Cidade de Deus,181,71,0,-43.355081,-22.9522809993218
RES_3976,3304557,Rio de Janeiro,Taquara,263,105,0,-43.36904667638889,-22.94280155
RES_3977,3304557,Rio de Janeiro,Taquara,192,84,0,-43.36261,-22.943375999322
RES_3978,3304557,Rio de Janeiro,Cidade de Deus,176,60,0,-43.367887,-22.944331999322
RES_3979,3304557,Rio de Janeiro,Cidade de Deus,12,5,0,-43.354282115362324,-22.951542299999996
RES_3980,3304557,Rio de Janeiro,Cidade de Deus,145,62,0,-43.353543,-22.9514629993218
RES_3981,3304557,Rio de Janeiro,Freguesia (Jacarepaguá),323,132,0,-43.357046,-22.9491249993219
RES_3982,3304557,Rio de Janeiro,Cidade de Deus,1382,540,0,-43.370391,-22.943770999322
RES_3983,3304557,Rio de Janeiro,Curicica,30,12,0,-43.395927,-22.9579939993217
RES_3984,3304557,Rio de Janeiro,Curicica,4018,1579,0,-43.388904,-22.9566859993217
RES_3985,3304557,Rio de Janeiro,Curicica,4060,1678,0,-43.387461,-22.9485479993219
RES_3986,3304557,Rio de Janeiro,Curicica,915,360,0,-43.386131,-22.944853999322
RES_3987,3304557,Rio de Janeiro,Curicica,3205,1310,0,-43.381701,-22.9551189993217
RES_3988,3304557,Rio de Janeiro,Curicica,4817,2077,0,-43.381615,-22.9502489993219
RES_3989,3304557,Rio de Janeiro,Curicica,5896,2267,0,-43.380912,-22.942353999322
RES_3990,3304557,Rio de Janeiro,Curicica,1442,643,0,-43.385251,-22.9494639993219
RES_3991,3304557,Rio de Janeiro,Curicica,170,70,0,-43.383697,-22.9495639993219
RES_3992,3304557,Rio de Janeiro,Curicica,249,99,0,-43.379263,-22.9463479993219
RES_3993,3304557,Rio de Janeiro,Curicica,546,230,0,-43.37848,-22.9405349993221
RES_3994,3304557,Rio de Janeiro,Curicica,462,179,0,-43.376549,-22.945943999322
RES_3995,3304557,Rio de Janeiro,Curicica,557,242,0,-43.394485,-22.9593079993216
RES_3996,3304557,Rio de Janeiro,Curicica,1117,479,0,-43.3946,-22.9578569993217
RES_3997,3304557,Rio de Janeiro,Curicica,1554,627,0,-43.39119,-22.9547349993217
RES_3998,3304557,Rio de Janeiro,Freguesia (Jacarepaguá),2759,1109,0,-43.355148,-22.946225999322
RES_3999,3304557,Rio de Janeiro,Freguesia (Jacarepaguá),3530,1407,0,-43.355784,-22.941887999322
RES_4000,3304557,Rio de Janeiro,Freguesia (Jacarepaguá),5814,2387,0,-43.350444,-22.9486089993219
RES_4001,3304557,Rio de Janeiro,Freguesia (Jacarepaguá),3420,1366,0,-43.349638,-22.942467999322
RES_4002,3304557,Rio de Janeiro,Freguesia (Jacarepaguá),3942,1551,0,-43.348957,-22.9359849993222
RES_4003,3304557,Rio de Janeiro,Freguesia (Jacarepaguá),444,196,0,-43.345541,-22.9522689993218
RES_4004,3304557,Rio de Janeiro,Freguesia (Jacarepaguá),2480,919,0,-43.341426,-22.9461579993219
RES_4005,3304557,Rio de Janeiro,Freguesia (Jacarepaguá),6964,2464,0,-43.340452,-22.941992999322
RES_4006,3304557,Rio de Janeiro,Freguesia (Jacarepaguá),6389,2486,0,-43.342101,-22.9356979993222
RES_4007,3304557,Rio de Janeiro,Freguesia (Jacarepaguá),2052,803,0,-43.340541,-22.9276979993224
RES_4008,3304557,Rio de Janeiro,Freguesia (Jacarepaguá),660,268,0,-43.342675,-22.9233009993225
RES_4009,3304557,Rio de Janeiro,Freguesia (Jacarepaguá),300,117,0,-43.337697,-22.945162999322
RES_4010,3304557,Rio de Janeiro,Freguesia (Jacarepaguá),9938,3951,0,-43.335122,-22.9410689993221
RES_4011,3304557,Rio de Janeiro,Freguesia (Jacarepaguá),13722,5576,0,-43.333671,-22.9348199993222
RES_4012,3304557,Rio de Janeiro,Freguesia (Jacarepaguá),1744,670,0,-43.336387,-22.9281129993224
RES_4013,3304557,Rio de Janeiro,Freguesia (Jacarepaguá),809,323,0,-43.330896,-22.9387879993221
RES_4014,3304557,Rio de Janeiro,Freguesia (Jacarepaguá),4897,1961,0,-43.328262,-22.9353079993222
RES_4015,3304557,Rio de Janeiro,Freguesia (Jacarepaguá),638,258,0,-43.329154056076426,-22.930072300000003
RES_4016,3304557,Rio de Janeiro,Freguesia (Jacarepaguá),357,146,0,-43.359431,-22.942707999322
RES_4017,3304557,Rio de Janeiro,Freguesia (Jacarepaguá),600,269,0,-43.339871,-22.9163069993226
RES_4018,3304557,Rio de Janeiro,Freguesia (Jacarepaguá),350,141,0,-43.351096,-22.945062999322
RES_4019,3304557,Rio de Janeiro,Freguesia (Jacarepaguá),739,317,0,-43.342947,-22.9177559993226
RES_4020,3304557,Rio de Janeiro,Freguesia (Jacarepaguá),485,201,0,-43.35491,-22.9487129993219
RES_4021,3304557,Rio de Janeiro,Freguesia (Jacarepaguá),188,74,0,-43.353949,-22.9486839993219
RES_4022,3304557,Rio de Janeiro,Freguesia (Jacarepaguá),256,116,0,-43.349717,-22.942223999322
RES_4023,3304557,Rio de Janeiro,Freguesia (Jacarepaguá),525,207,0,-43.347319,-22.9333199993222
RES_4024,3304557,Rio de Janeiro,Freguesia (Jacarepaguá),153,66,0,-43.34795580533621,-22.94432915
RES_4025,3304557,Rio de Janeiro,Freguesia (Jacarepaguá),1757,727,0,-43.328454,-22.9386109993221
RES_4026,3304557,Rio de Janeiro,Pechincha,3580,1434,0,-43.363192,-22.9343479993222
RES_4027,3304557,Rio de Janeiro,Taquara,479,174,0,-43.361947,-22.9305199993223
RES_4028,3304557,Rio de Janeiro,Pechincha,3503,1437,0,-43.357687,-22.9392179993221
RES_4029,3304557,Rio de Janeiro,Pechincha,6111,2354,0,-43.3584,-22.9343539993222
RES_4030,3304557,Rio de Janeiro,Pechincha,6501,2539,0,-43.356425,-22.9278349993224
RES_4031,3304557,Rio de Janeiro,Pechincha,1687,613,0,-43.356279,-22.9233449993225
RES_4032,3304557,Rio de Janeiro,Pechincha,4869,1983,0,-43.350906,-22.9326959993223
RES_4033,3304557,Rio de Janeiro,Pechincha,7006,2757,0,-43.349683,-22.9271509993224
RES_4034,3304557,Rio de Janeiro,Pechincha,365,136,0,-43.34993681094302,-22.92213805
RES_4035,3304557,Rio de Janeiro,Pechincha,1259,493,0,-43.345562,-22.9242519993224
RES_4036,3304557,Rio de Janeiro,Pechincha,461,188,0,-43.345195,-22.9225289993225
RES_4037,3304557,Rio de Janeiro,Pechincha,761,330,0,-43.357761,-22.9305879993223
RES_4038,3304557,Rio de Janeiro,Pechincha,366,154,0,-43.353244,-22.9323019993223
RES_4039,3304557,Rio de Janeiro,Pechincha,539,237,0,-43.355457,-22.9310709993223
RES_4040,3304557,Rio de Janeiro,Taquara,12,5,0,-43.40937716244285,-22.917772900000003
RES_4041,3304557,Rio de Janeiro,Taquara,2036,913,0,-43.41138,-22.9154669993227
RES_4042,3304557,Rio de Janeiro,Taquara,695,315,0,-43.413791,-22.9094079993228
RES_4043,3304557,Rio de Janeiro,Taquara,1642,644,0,-43.40646,-22.9175909993226
RES_4044,3304557,Rio de Janeiro,Taquara,3114,1263,0,-43.403889,-22.9146919993227
RES_4045,3304557,Rio de Janeiro,Taquara,188,78,0,-43.406286,-22.9065069993229
RES_4046,3304557,Rio de Janeiro,Taquara,1078,440,0,-43.394675,-22.9178249993226
RES_4047,3304557,Rio de Janeiro,Taquara,3828,1514,0,-43.395909,-22.9134349993227
RES_4048,3304557,Rio de Janeiro,Taquara,756,308,0,-43.387289,-22.9309519993223
RES_4049,3304557,Rio de Janeiro,Taquara,6004,2432,0,-43.388772,-22.9271579993224
RES_4050,3304557,Rio de Janeiro,Taquara,7153,2861,0,-43.38999,-22.9195459993226
RES_4051,3304557,Rio de Janeiro,Taquara,7164,2868,0,-43.389133,-22.9147369993227
RES_4052,3304557,Rio de Janeiro,Taquara,1005,423,0,-43.387961,-22.9085509993228
RES_4053,3304557,Rio de Janeiro,Taquara,2435,994,0,-43.379126,-22.9321299993223
RES_4054,3304557,Rio de Janeiro,Taquara,7704,3060,0,-43.380459,-22.9273729993224
RES_4055,3304557,Rio de Janeiro,Taquara,4067,1541,0,-43.380813,-22.9190499993226
RES_4056,3304557,Rio de Janeiro,Taquara,4096,1594,0,-43.382445,-22.9135609993227
RES_4057,3304557,Rio de Janeiro,Taquara,341,132,0,-43.380278,-22.9090709993228
RES_4058,3304557,Rio de Janeiro,Taquara,2177,848,0,-43.371305,-22.941997999322
RES_4059,3304557,Rio de Janeiro,Taquara,3894,1500,0,-43.370892,-22.9355109993222
RES_4060,3304557,Rio de Janeiro,Taquara,7455,2949,0,-43.373262,-22.9280159993224
RES_4061,3304557,Rio de Janeiro,Taquara,5694,2144,0,-43.37367,-22.9196139993226
RES_4062,3304557,Rio de Janeiro,Taquara,438,163,0,-43.375434,-22.9157129993227
RES_4063,3304557,Rio de Janeiro,Taquara,4521,1925,0,-43.365105,-22.9395039993221
RES_4064,3304557,Rio de Janeiro,Taquara,9399,3613,0,-43.366885,-22.9349529993222
RES_4065,3304557,Rio de Janeiro,Taquara,7083,2717,0,-43.366434,-22.9271799993224
RES_4066,3304557,Rio de Janeiro,Taquara,3698,1445,0,-43.36685,-22.9211509993225
RES_4067,3304557,Rio de Janeiro,Taquara,421,161,0,-43.4100065,-22.917791649999998
RES_4068,3304557,Rio de Janeiro,Taquara,1522,622,0,-43.386763,-22.9295309993223
RES_4069,3304557,Rio de Janeiro,Taquara,989,391,0,-43.376635,-22.9334349993222
RES_4070,3304557,Rio de Janeiro,Taquara,496,197,0,-43.401028,-22.9163849993226
RES_4071,3304557,Rio de Janeiro,Taquara,718,308,0,-43.400231,-22.9166119993226
RES_4072,3304557,Rio de Janeiro,Taquara,75,30,0,-43.412458,-22.9074809993228
RES_4073,3304557,Rio de Janeiro,Taquara,102,43,0,-43.410218,-22.9074319993228
RES_4074,3304557,Rio de Janeiro,Taquara,261,109,0,-43.381249,-22.9065059993229
RES_4075,3304557,Rio de Janeiro,Taquara,852,344,0,-43.382643,-22.9155869993226
RES_4076,3304557,Rio de Janeiro,Taquara,441,185,0,-43.391426,-22.9122369993227
RES_4077,3304557,Rio de Janeiro,Taquara,346,151,0,-43.402884,-22.9118899993227
RES_4078,3304557,Rio de Janeiro,Taquara,1082,445,0,-43.363193,-22.942847999322
RES_4079,3304557,Rio de Janeiro,Taquara,54,25,0,-43.396625,-22.9160809993226
RES_4080,3304557,Rio de Janeiro,Taquara,375,158,0,-43.375205,-22.9168069993226
RES_4081,3304557,Rio de Janeiro,Taquara,483,194,0,-43.375101,-22.9163419993226
RES_4082,3304557,Rio de Janeiro,Taquara,451,183,0,-43.407168,-22.9164109993226
RES_4083,3304557,Rio de Janeiro,Jacarepaguá,285,124,0,-43.383392,-22.9372879993222
RES_4084,3304557,Rio de Janeiro,Taquara,207,79,0,-43.383096,-22.9265249993224
RES_4085,3304557,Rio de Janeiro,Taquara,928,388,0,-43.37472,-22.9325359993223
RES_4086,3304557,Rio de Janeiro,Taquara,44,17,0,-43.377796,-22.9187239993226
RES_4087,3304557,Rio de Janeiro,Taquara,2643,1002,0,-43.378637,-22.9136229993227
RES_4088,3304557,Rio de Janeiro,Taquara,664,222,0,-43.371167,-22.9178759993226
RES_4089,3304557,Rio de Janeiro,Tanque,3341,1307,0,-43.372828,-22.9127899993227
RES_4090,3304557,Rio de Janeiro,Tanque,688,283,0,-43.375246,-22.9074999993228
RES_4091,3304557,Rio de Janeiro,Tanque,850,320,0,-43.362553,-22.9253639993224
RES_4092,3304557,Rio de Janeiro,Tanque,2601,988,0,-43.365279,-22.9182739993226
RES_4093,3304557,Rio de Janeiro,Tanque,3986,1558,0,-43.367292,-22.9137029993227
RES_4094,3304557,Rio de Janeiro,Praça Seca,945,384,0,-43.364102,-22.9093109993228
RES_4095,3304557,Rio de Janeiro,Tanque,1132,416,0,-43.359762,-22.9255759993224
RES_4096,3304557,Rio de Janeiro,Tanque,5485,2135,0,-43.358269,-22.9204319993225
RES_4097,3304557,Rio de Janeiro,Tanque,1803,709,0,-43.358374,-22.9148199993227
RES_4098,3304557,Rio de Janeiro,Tanque,1977,809,0,-43.352061,-22.9170829993226
RES_4099,3304557,Rio de Janeiro,Tanque,622,246,0,-43.352595,-22.9154789993227
RES_4100,3304557,Rio de Janeiro,Tanque,1009,465,0,-43.34378,-22.9196359993226
RES_4101,3304557,Rio de Janeiro,Tanque,939,388,0,-43.344568,-22.9152969993227
RES_4102,3304557,Rio de Janeiro,Tanque,368,144,0,-43.351077,-22.9136119993227
RES_4103,3304557,Rio de Janeiro,Tanque,171,60,0,-43.358351,-22.9137799993227
RES_4104,3304557,Rio de Janeiro,Tanque,2356,1022,0,-43.362937,-22.9158549993226
RES_4105,3304557,Rio de Janeiro,Tanque,556,217,0,-43.346799,-22.9156519993227
RES_4106,3304557,Rio de Janeiro,Tanque,523,205,0,-43.374218,-22.9124889993227
RES_4107,3304557,Rio de Janeiro,Tanque,707,284,0,-43.357117,-22.9137859993227
RES_4108,3304557,Rio de Janeiro,Tanque,531,222,0,-43.344481,-22.9178179993226
RES_4109,3304557,Rio de Janeiro,Tanque,146,58,0,-43.35532024352453,-22.912350900000003
RES_4110,3304557,Rio de Janeiro,Tanque,2174,949,0,-43.371458,-22.9084729993228
RES_4111,3304557,Rio de Janeiro,Praça Seca,194,80,0,-43.357636,-22.9107769993228
RES_4112,3304557,Rio de Janeiro,Praça Seca,2481,943,0,-43.356,-22.9042549993229
RES_4113,3304557,Rio de Janeiro,Praça Seca,5942,2309,0,-43.35648,-22.8980669993231
RES_4114,3304557,Rio de Janeiro,Praça Seca,4603,1852,0,-43.357681,-22.8919989993232
RES_4115,3304557,Rio de Janeiro,Praça Seca,5494,2137,0,-43.350183,-22.9034599993229
RES_4116,3304557,Rio de Janeiro,Praça Seca,8596,3219,0,-43.350407,-22.8982079993231
RES_4117,3304557,Rio de Janeiro,Praça Seca,4678,1758,0,-43.349933,-22.8905469993232
RES_4118,3304557,Rio de Janeiro,Praça Seca,2620,998,0,-43.351645,-22.8863109993233
RES_4119,3304557,Rio de Janeiro,Praça Seca,1843,762,0,-43.345492,-22.9033539993229
RES_4120,3304557,Rio de Janeiro,Praça Seca,4470,1701,0,-43.344892,-22.8972219993231
RES_4121,3304557,Rio de Janeiro,Praça Seca,1796,692,0,-43.344858,-22.8924259993232
RES_4122,3304557,Rio de Janeiro,Praça Seca,1642,683,0,-43.343675,-22.9040549993229
RES_4123,3304557,Rio de Janeiro,Praça Seca,986,407,0,-43.342988,-22.901162999323
RES_4124,3304557,Rio de Janeiro,Praça Seca,563,219,0,-43.355048,-22.9092919993228
RES_4125,3304557,Rio de Janeiro,Praça Seca,888,365,0,-43.352478,-22.9088089993228
RES_4126,3304557,Rio de Janeiro,Praça Seca,2351,966,0,-43.358289,-22.9039939993229
RES_4127,3304557,Rio de Janeiro,Praça Seca,3295,1364,0,-43.36627,-22.8978709993231
RES_4128,3304557,Rio de Janeiro,Praça Seca,759,302,0,-43.364487,-22.9027879993229
RES_4129,3304557,Rio de Janeiro,Praça Seca,848,339,0,-43.363673,-22.900394999323
RES_4130,3304557,Rio de Janeiro,Praça Seca,835,347,0,-43.361289,-22.902176999323
RES_4131,3304557,Rio de Janeiro,Praça Seca,755,302,0,-43.360622,-22.901128999323
RES_4132,3304557,Rio de Janeiro,Praça Seca,279,113,0,-43.351983,-22.8920949993232
RES_4133,3304557,Rio de Janeiro,Praça Seca,1064,434,0,-43.34398,-22.8906009993232
RES_4134,3304557,Rio de Janeiro,Praça Seca,1079,441,0,-43.355064,-22.9073319993228
RES_4135,3304557,Rio de Janeiro,Praça Seca,3235,1308,0,-43.353043,-22.9071719993228
RES_4136,3304557,Rio de Janeiro,Praça Seca,704,295,0,-43.359494,-22.8943279993231
RES_4137,3304557,Rio de Janeiro,Praça Seca,530,225,0,-43.340142,-22.8959749993231
RES_4138,3304557,Rio de Janeiro,Praça Seca,628,260,0,-43.342571,-22.8940429993231
RES_4139,3304557,Rio de Janeiro,Vila Valqueire,909,372,0,-43.372148,-22.8885869993233
RES_4140,3304557,Rio de Janeiro,Vila Valqueire,4853,1819,0,-43.371717,-22.8838869993234
RES_4141,3304557,Rio de Janeiro,Vila Valqueire,2249,856,0,-43.372458,-22.8785209993235
RES_4142,3304557,Rio de Janeiro,Vila Valqueire,3676,1501,0,-43.365376,-22.8923349993232
RES_4143,3304557,Rio de Janeiro,Vila Valqueire,6950,2555,0,-43.366086,-22.8841569993234
RES_4144,3304557,Rio de Janeiro,Vila Valqueire,2304,846,0,-43.366133,-22.8792889993235
RES_4145,3304557,Rio de Janeiro,Vila Valqueire,2425,962,0,-43.361244,-22.8907109993232
RES_4146,3304557,Rio de Janeiro,Vila Valqueire,4894,1902,0,-43.358636,-22.8839909993234
RES_4147,3304557,Rio de Janeiro,Vila Valqueire,1488,579,0,-43.360217,-22.8794949993235
RES_4148,3304557,Rio de Janeiro,Vila Valqueire,717,297,0,-43.36869,-22.8980169993231
RES_4149,3304557,Rio de Janeiro,Vila Valqueire,1809,737,0,-43.358275,-22.8894259993233
RES_4150,3304557,Rio de Janeiro,Vila Valqueire,448,177,0,-43.356783,-22.8883839993233
RES_4151,3304557,Rio de Janeiro,Vila Valqueire,683,277,0,-43.356511,-22.8874259993233
RES_4152,3304557,Rio de Janeiro,Vila Valqueire,537,228,0,-43.363353,-22.8945039993231
RES_4153,3304557,Rio de Janeiro,Vila Valqueire,82,32,0,-43.358291,-22.8865309993233
RES_4154,3304557,Rio de Janeiro,Vila Militar,426,161,0,-43.395993,-22.8486999993242
RES_4155,3304557,Rio de Janeiro,Deodoro,1365,571,0,-43.390029,-22.854835999324
RES_4156,3304557,Rio de Janeiro,Deodoro,1167,500,0,-43.383028,-22.8660799993238
RES_4157,3304557,Rio de Janeiro,Deodoro,2102,811,0,-43.381712,-22.8534459993241
RES_4158,3304557,Rio de Janeiro,Deodoro,3853,1445,0,-43.381298,-22.8491329993242
RES_4159,3304557,Rio de Janeiro,Deodoro,985,391,0,-43.387595,-22.8525399993241
RES_4160,3304557,Rio de Janeiro,Deodoro,504,193,0,-43.381139,-22.8515679993241
RES_4161,3304557,Rio de Janeiro,Vila Militar,2194,851,0,-43.406155,-22.8829599993234
RES_4162,3304557,Rio de Janeiro,Vila Militar,3408,1366,0,-43.405658,-22.8787719993235
RES_4163,3304557,Rio de Janeiro,Vila Militar,630,287,0,-43.408398,-22.8700549993237
RES_4164,3304557,Rio de Janeiro,Vila Militar,66,29,0,-43.406163,-22.857071999324
RES_4165,3304557,Rio de Janeiro,Vila Militar,630,246,0,-43.403951,-22.8808979993234
RES_4166,3304557,Rio de Janeiro,Vila Militar,999,461,0,-43.396606,-22.8595559993239
RES_4167,3304557,Rio de Janeiro,Vila Militar,762,303,0,-43.395685,-22.8527839993241
RES_4168,3304557,Rio de Janeiro,Vila Militar,2874,1122,0,-43.39657,-22.8510179993241
RES_4169,3304557,Rio de Janeiro,Vila Militar,317,144,0,-43.395941,-22.8655339993238
RES_4170,3304557,Rio de Janeiro,Vila Militar,522,250,0,-43.392567,-22.8625859993239
RES_4171,3304557,Rio de Janeiro,Vila Militar,554,231,0,-43.407457,-22.8806189993235
RES_4172,3304557,Rio de Janeiro,Campo dos Afonsos,904,389,0,-43.3854,-22.8860769993233
RES_4173,3304557,Rio de Janeiro,Campo dos Afonsos,600,262,0,-43.377469,-22.8819339993234
RES_4174,3304557,Rio de Janeiro,Campo dos Afonsos,602,277,0,-43.375421,-22.8791969993235
RES_4175,3304557,Rio de Janeiro,Jardim Sulacap,493,217,0,-43.405362,-22.8922269993232
RES_4176,3304557,Rio de Janeiro,Jardim Sulacap,3301,1391,0,-43.397877,-22.8913539993232
RES_4177,3304557,Rio de Janeiro,Jardim Sulacap,1609,607,0,-43.397084,-22.8870829993233
RES_4178,3304557,Rio de Janeiro,Jardim Sulacap,648,268,0,-43.388636,-22.898315999323
RES_4179,3304557,Rio de Janeiro,Jardim Sulacap,2076,741,0,-43.390027,-22.8898489993232
RES_4180,3304557,Rio de Janeiro,Jardim Sulacap,1414,598,0,-43.391804,-22.8865929993233
RES_4181,3304557,Rio de Janeiro,Jardim Sulacap,69,27,0,-43.380187,-22.9045499993229
RES_4182,3304557,Rio de Janeiro,Jardim Sulacap,1872,727,0,-43.381255,-22.8892309993232
RES_4183,3304557,Rio de Janeiro,Campo dos Afonsos,745,325,0,-43.382126,-22.8864379993233
RES_4184,3304557,Rio de Janeiro,Jardim Sulacap,1789,738,0,-43.375613,-22.8851209993234
RES_4185,3304557,Rio de Janeiro,Jardim Sulacap,380,156,0,-43.380441,-22.9062409993229
RES_4186,3304557,Rio de Janeiro,Magalhães Bastos,1400,535,0,-43.418571,-22.8755909993236
RES_4187,3304557,Rio de Janeiro,Magalhães Bastos,910,352,0,-43.41779,-22.8687919993237
RES_4188,3304557,Rio de Janeiro,Magalhães Bastos,1151,435,0,-43.410314,-22.8808149993234
RES_4189,3304557,Rio de Janeiro,Magalhães Bastos,7175,2782,0,-43.413032,-22.8765589993236
RES_4190,3304557,Rio de Janeiro,Magalhães Bastos,3441,1384,0,-43.413411,-22.8717399993237
RES_4191,3304557,Rio de Janeiro,Magalhães Bastos,89,34,0,-43.41593,-22.8680579993237
RES_4192,3304557,Rio de Janeiro,Magalhães Bastos,2180,878,0,-43.407924,-22.8753529993236
RES_4193,3304557,Rio de Janeiro,Magalhães Bastos,666,274,0,-43.413879,-22.8746209993236
RES_4194,3304557,Rio de Janeiro,Magalhães Bastos,1501,596,0,-43.408597,-22.8780979993235
RES_4195,3304557,Rio de Janeiro,Magalhães Bastos,379,152,0,-43.417746,-22.8776519993235
RES_4196,3304557,Rio de Janeiro,Magalhães Bastos,1744,716,0,-43.41809,-22.8715839993236
RES_4197,3304557,Rio de Janeiro,Realengo,581,246,0,-43.447691,-22.8951099993231
RES_4198,3304557,Rio de Janeiro,Padre Miguel,702,332,0,-43.447999,-22.857002999324
RES_4199,3304557,Rio de Janeiro,Realengo,3573,1448,0,-43.442998,-22.898350999323
RES_4200,3304557,Rio de Janeiro,Realengo,6970,2722,0,-43.442905,-22.8924269993232
RES_4201,3304557,Rio de Janeiro,Realengo,1924,747,0,-43.441913,-22.8786279993235
RES_4202,3304557,Rio de Janeiro,Realengo,1331,518,0,-43.440727,-22.8693779993237
RES_4203,3304557,Rio de Janeiro,Realengo,5978,2458,0,-43.444428,-22.8625349993239
RES_4204,3304557,Rio de Janeiro,Realengo,5144,2241,0,-43.445951,-22.8583029993239
RES_4205,3304557,Rio de Janeiro,Realengo,3565,1412,0,-43.438367,-22.8974999993231
RES_4206,3304557,Rio de Janeiro,Realengo,11474,4572,0,-43.436223,-22.8915759993232
RES_4207,3304557,Rio de Janeiro,Realengo,7012,2783,0,-43.436916,-22.8851909993233
RES_4208,3304557,Rio de Janeiro,Realengo,3434,1324,0,-43.436876,-22.8781189993235
RES_4209,3304557,Rio de Janeiro,Realengo,5029,1955,0,-43.43598,-22.8700139993237
RES_4210,3304557,Rio de Janeiro,Realengo,4731,1920,0,-43.438469,-22.8629379993239
RES_4211,3304557,Rio de Janeiro,Realengo,567,233,0,-43.43965,-22.858210999324
RES_4212,3304557,Rio de Janeiro,Realengo,29,12,0,-43.428787,-22.901491999323
RES_4213,3304557,Rio de Janeiro,Realengo,5688,2161,0,-43.428457,-22.8908259993232
RES_4214,3304557,Rio de Janeiro,Realengo,14916,5783,0,-43.427854,-22.8846199993234
RES_4215,3304557,Rio de Janeiro,Realengo,4626,1739,0,-43.428345,-22.8776289993235
RES_4216,3304557,Rio de Janeiro,Realengo,5037,1949,0,-43.430446,-22.8697569993237
RES_4217,3304557,Rio de Janeiro,Realengo,3975,1593,0,-43.428386,-22.8621999993239
RES_4218,3304557,Rio de Janeiro,Realengo,478,197,0,-43.418211,-22.9118279993227
RES_4219,3304557,Rio de Janeiro,Realengo,1073,456,0,-43.420583,-22.9076259993228
RES_4220,3304557,Rio de Janeiro,Realengo,1354,535,0,-43.420943,-22.8959519993231
RES_4221,3304557,Rio de Janeiro,Realengo,6676,2610,0,-43.420273,-22.8916439993232
RES_4222,3304557,Rio de Janeiro,Realengo,10400,4088,0,-43.420115,-22.8849539993233
RES_4223,3304557,Rio de Janeiro,Realengo,5311,2070,0,-43.421957,-22.8771419993235
RES_4224,3304557,Rio de Janeiro,Realengo,6453,2571,0,-43.422111,-22.8689709993237
RES_4225,3304557,Rio de Janeiro,Realengo,2051,848,0,-43.423042,-22.8631549993239
RES_4226,3304557,Rio de Janeiro,Realengo,2939,1153,0,-43.41491,-22.8904519993232
RES_4227,3304557,Rio de Janeiro,Realengo,7526,2844,0,-43.413411,-22.8845609993234
RES_4228,3304557,Rio de Janeiro,Realengo,577,215,0,-43.415979,-22.8800429993235
RES_4229,3304557,Rio de Janeiro,Realengo,916,340,0,-43.408601,-22.8852029993234
RES_4230,3304557,Rio de Janeiro,Realengo,482,201,0,-43.419466,-22.9082029993228
RES_4231,3304557,Rio de Janeiro,Realengo,153,63,0,-43.434515950000005,-22.8616875
RES_4232,3304557,Rio de Janeiro,Realengo,970,389,0,-43.420538,-22.8844879993234
RES_4233,3304557,Rio de Janeiro,Realengo,3405,1382,0,-43.42655,-22.8622939993239
RES_4234,3304557,Rio de Janeiro,Realengo,97,43,0,-43.423888,-22.8666359993238
RES_4235,3304557,Rio de Janeiro,Realengo,211,87,0,-43.434866,-22.8910699993232
RES_4236,3304557,Rio de Janeiro,Realengo,30,12,0,-43.436886,-22.899863999323
RES_4237,3304557,Rio de Janeiro,Realengo,697,264,0,-43.41701,-22.9115219993227
RES_4238,3304557,Rio de Janeiro,Realengo,326,139,0,-43.41792,-22.8959829993231
RES_4239,3304557,Rio de Janeiro,Realengo,582,245,0,-43.416192,-22.8948739993231
RES_4240,3304557,Rio de Janeiro,Realengo,675,278,0,-43.434208,-22.8856659993233
RES_4241,3304557,Rio de Janeiro,Realengo,307,128,0,-43.419266,-22.8928079993232
RES_4242,3304557,Rio de Janeiro,Realengo,767,311,0,-43.423463,-22.8975559993231
RES_4243,3304557,Rio de Janeiro,Realengo,555,235,0,-43.419617,-22.8971719993231
RES_4244,3304557,Rio de Janeiro,Realengo,369,152,0,-43.431511,-22.8829369993234
RES_4245,3304557,Rio de Janeiro,Realengo,388,168,0,-43.425361,-22.8887929993233
RES_4246,3304557,Rio de Janeiro,Realengo,567,245,0,-43.40804,-22.8868489993233
RES_4247,3304557,Rio de Janeiro,Realengo,347,136,0,-43.443795,-22.8753409993236
RES_4248,3304557,Rio de Janeiro,Realengo,1054,425,0,-43.422393,-22.8614009993239
RES_4249,3304557,Rio de Janeiro,Realengo,215,93,0,-43.42983762588901,-22.86289955
RES_4250,3304557,Rio de Janeiro,Realengo,749,304,0,-43.422296,-22.9064129993228
RES_4251,3304557,Rio de Janeiro,Realengo,546,228,0,-43.412962,-22.8888269993233
RES_4252,3304557,Rio de Janeiro,Realengo,420,170,0,-43.434981,-22.8743609993236
RES_4253,3304557,Rio de Janeiro,Realengo,696,297,0,-43.41129,-22.8880879993233
RES_4254,3304557,Rio de Janeiro,Realengo,1567,657,0,-43.411118,-22.8873319993233
RES_4255,3304557,Rio de Janeiro,Realengo,333,130,0,-43.445392,-22.8615489993239
RES_4256,3304557,Rio de Janeiro,Realengo,435,179,0,-43.432517,-22.8663509993238
RES_4257,3304557,Rio de Janeiro,Realengo,692,273,0,-43.428784,-22.8658669993238
RES_4258,3304557,Rio de Janeiro,Realengo,658,262,0,-43.413865,-22.8922839993232
RES_4259,3304557,Rio de Janeiro,Realengo,205,84,0,-43.439202,-22.8623869993239
RES_4260,3304557,Rio de Janeiro,Realengo,530,218,0,-43.432081,-22.8846889993234
RES_4261,3304557,Rio de Janeiro,Realengo,1128,469,0,-43.426086,-22.8922679993232
RES_4262,3304557,Rio de Janeiro,Realengo,501,197,0,-43.440729,-22.8740699993236
RES_4263,3304557,Rio de Janeiro,Realengo,865,349,0,-43.441228,-22.8723599993236
RES_4264,3304557,Rio de Janeiro,Realengo,791,315,0,-43.438116,-22.8743039993236
RES_4265,3304557,Rio de Janeiro,Realengo,2674,1082,0,-43.438619,-22.8723799993236
RES_4266,3304557,Rio de Janeiro,Padre Miguel,6001,2396,0,-43.451199,-22.8923439993232
RES_4267,3304557,Rio de Janeiro,Padre Miguel,5973,2421,0,-43.450969,-22.8850659993234
RES_4268,3304557,Rio de Janeiro,Padre Miguel,4127,1592,0,-43.452369,-22.8775529993235
RES_4269,3304557,Rio de Janeiro,Padre Miguel,4222,1613,0,-43.450125,-22.8720799993237
RES_4270,3304557,Rio de Janeiro,Padre Miguel,4585,1754,0,-43.450693,-22.8641169993238
RES_4271,3304557,Rio de Janeiro,Padre Miguel,3958,1616,0,-43.451669,-22.858160999324
RES_4272,3304557,Rio de Janeiro,Padre Miguel,2150,850,0,-43.446007,-22.8902899993232
RES_4273,3304557,Rio de Janeiro,Padre Miguel,9449,3803,0,-43.444044,-22.8846369993233
RES_4274,3304557,Rio de Janeiro,Padre Miguel,2553,998,0,-43.445677,-22.8787039993235
RES_4275,3304557,Rio de Janeiro,Padre Miguel,2449,954,0,-43.445444,-22.8687379993237
RES_4276,3304557,Rio de Janeiro,Padre Miguel,826,302,0,-43.447843,-22.8640349993238
RES_4277,3304557,Rio de Janeiro,Padre Miguel,129,52,0,-43.450503,-22.8951709993231
RES_4278,3304557,Rio de Janeiro,Padre Miguel,1408,540,0,-43.44986,-22.8878259993233
RES_4279,3304557,Rio de Janeiro,Padre Miguel,2604,850,0,-43.452405,-22.8897509993233
RES_4280,3304557,Rio de Janeiro,Padre Miguel,225,91,0,-43.455301,-22.8951379993231
RES_4281,3304557,Rio de Janeiro,Padre Miguel,148,51,0,-43.449091,-22.8771669993235
RES_4282,3304557,Rio de Janeiro,Padre Miguel,294,101,0,-43.44818382316841,-22.881372
RES_4283,3304557,Rio de Janeiro,Padre Miguel,2193,859,0,-43.443861,-22.8738589993236
RES_4284,3304557,Rio de Janeiro,Padre Miguel,7116,2810,0,-43.445164,-22.8722889993236
RES_4285,3304557,Rio de Janeiro,Bangu,722,311,0,-43.51075,-22.8632349993239
RES_4286,3304557,Rio de Janeiro,Bangu,119,45,0,-43.513462,-22.8429249993243
RES_4287,3304557,Rio de Janeiro,Bangu,1941,863,0,-43.507312,-22.8634329993238
RES_4288,3304557,Rio de Janeiro,Bangu,633,252,0,-43.503007,-22.856931999324
RES_4289,3304557,Rio de Janeiro,Bangu,946,374,0,-43.507346,-22.8420499993243
RES_4290,3304557,Rio de Janeiro,Bangu,1479,598,0,-43.496291,-22.857241999324
RES_4291,3304557,Rio de Janeiro,Bangu,807,300,0,-43.495569,-22.8515609993241
RES_4292,3304557,Rio de Janeiro,Bangu,323,124,0,-43.495353,-22.8422419993243
RES_4293,3304557,Rio de Janeiro,Bangu,1514,589,0,-43.490654,-22.8617209993239
RES_4294,3304557,Rio de Janeiro,Bangu,208,80,0,-43.49495044141791,-22.8591042
RES_4295,3304557,Rio de Janeiro,Bangu,4647,1790,0,-43.489956,-22.8498249993242
RES_4296,3304557,Rio de Janeiro,Bangu,1561,633,0,-43.491082,-22.8432219993243
RES_4297,3304557,Rio de Janeiro,Bangu,4,2,0,-43.499833,-22.8364519993245
RES_4298,3304557,Rio de Janeiro,Bangu,1603,616,0,-43.479856,-22.8850799993233
RES_4299,3304557,Rio de Janeiro,Bangu,2085,835,0,-43.480488,-22.8771959993235
RES_4300,3304557,Rio de Janeiro,Bangu,4637,1846,0,-43.482466,-22.8699299993237
RES_4301,3304557,Rio de Janeiro,Bangu,195,78,0,-43.483432,-22.8596149993239
RES_4302,3304557,Rio de Janeiro,Bangu,5134,2242,0,-43.484231,-22.8516949993241
RES_4303,3304557,Rio de Janeiro,Bangu,1468,594,0,-43.473412,-22.8960359993231
RES_4304,3304557,Rio de Janeiro,Bangu,9109,3670,0,-43.475178,-22.8914819993232
RES_4305,3304557,Rio de Janeiro,Bangu,7086,2799,0,-43.475154,-22.8849209993233
RES_4306,3304557,Rio de Janeiro,Bangu,5366,2132,0,-43.475667,-22.8780479993235
RES_4307,3304557,Rio de Janeiro,Bangu,6612,2612,0,-43.477542,-22.8710559993237
RES_4308,3304557,Rio de Janeiro,Bangu,6693,2753,0,-43.475005,-22.8640249993238
RES_4309,3304557,Rio de Janeiro,Bangu,2067,878,0,-43.474679,-22.8542789993241
RES_4310,3304557,Rio de Janeiro,Bangu,3311,1388,0,-43.473536,-22.8499779993241
RES_4311,3304557,Rio de Janeiro,Bangu,5034,2108,0,-43.468233,-22.8923359993232
RES_4312,3304557,Rio de Janeiro,Bangu,7210,2897,0,-43.468045,-22.8849809993234
RES_4313,3304557,Rio de Janeiro,Bangu,2485,986,0,-43.46881,-22.8759859993236
RES_4314,3304557,Rio de Janeiro,Bangu,4880,1865,0,-43.467453,-22.8701269993237
RES_4315,3304557,Rio de Janeiro,Bangu,4494,1754,0,-43.467766,-22.8631069993239
RES_4316,3304557,Rio de Janeiro,Bangu,6017,2610,0,-43.467073,-22.855070999324
RES_4317,3304557,Rio de Janeiro,Bangu,9730,4020,0,-43.467173,-22.8482229993242
RES_4318,3304557,Rio de Janeiro,Bangu,3621,1542,0,-43.468103,-22.8437729993243
RES_4319,3304557,Rio de Janeiro,Bangu,5331,2076,0,-43.460257,-22.8841399993234
RES_4320,3304557,Rio de Janeiro,Bangu,4283,1610,0,-43.458883,-22.8782279993235
RES_4321,3304557,Rio de Janeiro,Bangu,10188,3945,0,-43.460407,-22.8696559993237
RES_4322,3304557,Rio de Janeiro,Bangu,5205,2022,0,-43.459798,-22.8636659993238
RES_4323,3304557,Rio de Janeiro,Bangu,4404,1715,0,-43.459416,-22.854936999324
RES_4324,3304557,Rio de Janeiro,Bangu,6986,2803,0,-43.461081,-22.8494149993242
RES_4325,3304557,Rio de Janeiro,Bangu,736,313,0,-43.455244,-22.8920199993232
RES_4326,3304557,Rio de Janeiro,Padre Miguel,1376,505,0,-43.453846,-22.8850809993234
RES_4327,3304557,Rio de Janeiro,Bangu,9066,3535,0,-43.453416,-22.8688499993237
RES_4328,3304557,Rio de Janeiro,Bangu,3978,1618,0,-43.454357,-22.8647419993238
RES_4329,3304557,Rio de Janeiro,Bangu,2603,995,0,-43.454203,-22.855030999324
RES_4330,3304557,Rio de Janeiro,Outside bairro polygons,1742,744,0,-43.483218,-22.8616939993239
RES_4331,3304557,Rio de Janeiro,Bangu,1507,630,0,-43.477971,-22.858650999324
RES_4332,3304557,Rio de Janeiro,Bangu,524,207,0,-43.500149,-22.859303999324
RES_4333,3304557,Rio de Janeiro,Bangu,422,174,0,-43.457278,-22.8755619993236
RES_4334,3304557,Rio de Janeiro,Bangu,238,99,0,-43.47857068543996,-22.869
RES_4335,3304557,Rio de Janeiro,Bangu,4067,1604,0,-43.473545,-22.8719749993236
RES_4336,3304557,Rio de Janeiro,Bangu,277,112,0,-43.47947,-22.8933819993232
RES_4337,3304557,Rio de Janeiro,Bangu,2198,1049,0,-43.46077,-22.8858309993233
RES_4338,3304557,Rio de Janeiro,Bangu,966,425,0,-43.474112,-22.8968279993231
RES_4339,3304557,Rio de Janeiro,Bangu,3082,1252,0,-43.473169,-22.8682209993237
RES_4340,3304557,Rio de Janeiro,Bangu,68,30,0,-43.472334,-22.858485999324
RES_4341,3304557,Rio de Janeiro,Bangu,463,194,0,-43.474241,-22.858183999324
RES_4342,3304557,Rio de Janeiro,Bangu,786,319,0,-43.506892,-22.8677559993237
RES_4343,3304557,Rio de Janeiro,Bangu,427,167,0,-43.507724,-22.8674239993238
RES_4344,3304557,Rio de Janeiro,Bangu,253,100,0,-43.495083349999994,-22.8577267
RES_4345,3304557,Rio de Janeiro,Bangu,729,298,0,-43.494327,-22.8617399993239
RES_4346,3304557,Rio de Janeiro,Bangu,397,153,0,-43.458195,-22.8652769993238
RES_4347,3304557,Rio de Janeiro,Bangu,404,147,0,-43.476319,-22.8749309993236
RES_4348,3304557,Rio de Janeiro,Bangu,2782,1096,0,-43.497123,-22.854464999324
RES_4349,3304557,Rio de Janeiro,Bangu,395,169,0,-43.464561,-22.8951379993231
RES_4350,3304557,Rio de Janeiro,Bangu,213,91,0,-43.462913,-22.8941599993232
RES_4351,3304557,Rio de Janeiro,Bangu,816,351,0,-43.455894,-22.8910429993232
RES_4352,3304557,Rio de Janeiro,Bangu,579,236,0,-43.500777,-22.8602809993239
RES_4353,3304557,Rio de Janeiro,Bangu,480,192,0,-43.47981539999999,-22.865735149999992
RES_4354,3304557,Rio de Janeiro,Bangu,799,317,0,-43.481143,-22.8677859993238
RES_4355,3304557,Rio de Janeiro,Bangu,1065,432,0,-43.481349,-22.8665089993238
RES_4356,3304557,Rio de Janeiro,Bangu,1673,731,0,-43.490571,-22.8628169993239
RES_4357,3304557,Rio de Janeiro,Bangu,1480,600,0,-43.4803,-22.8832669993234
RES_4358,3304557,Rio de Janeiro,Bangu,334,137,0,-43.489659,-22.8468139993242
RES_4359,3304557,Rio de Janeiro,Bangu,755,302,0,-43.47799,-22.8970819993231
RES_4360,3304557,Rio de Janeiro,Bangu,1026,413,0,-43.478287,-22.8950469993231
RES_4361,3304557,Rio de Janeiro,Bangu,154,58,0,-43.46882,-22.8688299993237
RES_4362,3304557,Rio de Janeiro,Bangu,294,103,0,-43.482158,-22.8728819993236
RES_4363,3304557,Rio de Janeiro,Bangu,612,239,0,-43.48106,-22.8664639993238
RES_4364,3304557,Rio de Janeiro,Bangu,146,60,0,-43.480919,-22.8710009993237
RES_4365,3304557,Rio de Janeiro,Bangu,404,173,0,-43.472486,-22.8657899993238
RES_4366,3304557,Rio de Janeiro,Bangu,894,368,0,-43.472485,-22.8494149993242
RES_4367,3304557,Rio de Janeiro,Bangu,1995,822,0,-43.470998,-22.8486309993242
RES_4368,3304557,Rio de Janeiro,Bangu,2210,897,0,-43.468658,-22.8652179993238
RES_4369,3304557,Rio de Janeiro,Bangu,756,304,0,-43.46915,-22.8679889993237
RES_4370,3304557,Rio de Janeiro,Bangu,197,77,0,-43.471616,-22.8601269993239
RES_4371,3304557,Rio de Janeiro,Bangu,747,304,0,-43.461505,-22.8668839993238
RES_4372,3304557,Rio de Janeiro,Bangu,878,358,0,-43.49646,-22.8604309993239
RES_4373,3304557,Rio de Janeiro,Bangu,456,183,0,-43.495026,-22.8609569993239
RES_4374,3304557,Rio de Janeiro,Bangu,715,291,0,-43.458225,-22.8632149993239
RES_4375,3304557,Rio de Janeiro,Senador Camará,2376,960,0,-43.503698,-22.8834009993234
RES_4376,3304557,Rio de Janeiro,Senador Camará,2001,813,0,-43.504993,-22.8797809993235
RES_4377,3304557,Rio de Janeiro,Senador Camará,308,131,0,-43.506879,-22.8706439993237
RES_4378,3304557,Rio de Janeiro,Senador Camará,802,338,0,-43.495495,-22.8976199993231
RES_4379,3304557,Rio de Janeiro,Senador Camará,2335,990,0,-43.496482,-22.8946789993231
RES_4380,3304557,Rio de Janeiro,Senador Camará,4030,1658,0,-43.49995,-22.8836519993234
RES_4381,3304557,Rio de Janeiro,Senador Camará,7576,3042,0,-43.49746,-22.8785369993235
RES_4382,3304557,Rio de Janeiro,Senador Camará,3861,1596,0,-43.490723,-22.8980509993231
RES_4383,3304557,Rio de Janeiro,Senador Camará,8081,3268,0,-43.490655,-22.8933659993232
RES_4384,3304557,Rio de Janeiro,Senador Camará,5933,2380,0,-43.48904,-22.8832799993234
RES_4385,3304557,Rio de Janeiro,Senador Camará,7825,3218,0,-43.48985,-22.8790329993235
RES_4386,3304557,Rio de Janeiro,Senador Camará,4150,1718,0,-43.490434,-22.8701189993237
RES_4387,3304557,Rio de Janeiro,Senador Camará,910,361,0,-43.486316,-22.8972609993231
RES_4388,3304557,Rio de Janeiro,Senador Camará,7045,2758,0,-43.483719,-22.8922029993232
RES_4389,3304557,Rio de Janeiro,Senador Camará,5178,2087,0,-43.48401,-22.8847199993233
RES_4390,3304557,Rio de Janeiro,Senador Camará,3620,1392,0,-43.483987,-22.8788329993235
RES_4391,3304557,Rio de Janeiro,Senador Camará,4830,1909,0,-43.485207,-22.8719739993237
RES_4392,3304557,Rio de Janeiro,Senador Camará,170,62,0,-43.486391,-22.8666209993238
RES_4393,3304557,Rio de Janeiro,Senador Camará,1314,553,0,-43.482886,-22.8968249993231
RES_4394,3304557,Rio de Janeiro,Senador Camará,1950,780,0,-43.481377,-22.8943509993231
RES_4395,3304557,Rio de Janeiro,Senador Camará,1088,417,0,-43.506796,-22.8692269993237
RES_4396,3304557,Rio de Janeiro,Senador Camará,169,67,0,-43.49744670101285,-22.876240149999997
RES_4397,3304557,Rio de Janeiro,Senador Camará,3386,1377,0,-43.491978,-22.8769509993235
RES_4398,3304557,Rio de Janeiro,Senador Camará,1445,643,0,-43.487783,-22.8867979993233
RES_4399,3304557,Rio de Janeiro,Senador Camará,230,88,0,-43.503823,-22.8756289993236
RES_4400,3304557,Rio de Janeiro,Senador Camará,989,399,0,-43.50329,-22.8734029993236
RES_4401,3304557,Rio de Janeiro,Senador Camará,2573,1067,0,-43.500045,-22.8751339993236
RES_4402,3304557,Rio de Janeiro,Senador Camará,6869,2803,0,-43.498689,-22.8723679993237
RES_4403,3304557,Rio de Janeiro,Senador Camará,2127,884,0,-43.492471,-22.8750609993236
RES_4404,3304557,Rio de Janeiro,Senador Camará,5138,2080,0,-43.492455,-22.8725989993236
RES_4405,3304557,Rio de Janeiro,Senador Camará,2315,923,0,-43.50408,-22.8776779993235
RES_4406,3304557,Rio de Janeiro,Senador Camará,2515,1000,0,-43.500945,-22.8781739993235
RES_4407,3304557,Rio de Janeiro,Senador Camará,1659,670,0,-43.497615,-22.8686049993237
RES_4408,3304557,Rio de Janeiro,Senador Camará,27,10,0,-43.484364,-22.8755589993236
RES_4409,3304557,Rio de Janeiro,Senador Camará,632,278,0,-43.485848,-22.8882929993233
RES_4410,3304557,Rio de Janeiro,Senador Camará,162,63,0,-43.485772,-22.898282999323
RES_4411,3304557,Rio de Janeiro,Senador Camará,235,108,0,-43.487256,-22.8881709993233
RES_4412,3304557,Rio de Janeiro,Senador Camará,394,165,0,-43.483504,-22.8902289993232
RES_4413,3304557,Rio de Janeiro,Senador Camará,875,410,0,-43.484484,-22.8888569993233
RES_4414,3304557,Rio de Janeiro,Bangu,144,59,0,-43.482512,-22.8731449993236
RES_4415,3304557,Rio de Janeiro,Campo Grande,1188,514,0,-43.534206,-22.8756689993236
RES_4416,3304557,Rio de Janeiro,Santíssimo,708,254,0,-43.535084,-22.8736059993236
RES_4417,3304557,Rio de Janeiro,Santíssimo,947,411,0,-43.539621,-22.8640299993238
RES_4418,3304557,Rio de Janeiro,Santíssimo,5749,2348,0,-43.529931,-22.8774709993235
RES_4419,3304557,Rio de Janeiro,Santíssimo,5459,2342,0,-43.529051,-22.8720819993236
RES_4420,3304557,Rio de Janeiro,Santíssimo,413,181,0,-43.522761,-22.8839619993234
RES_4421,3304557,Rio de Janeiro,Santíssimo,2866,1167,0,-43.522888,-22.8765149993235
RES_4422,3304557,Rio de Janeiro,Santíssimo,4127,1716,0,-43.521845,-22.8721109993237
RES_4423,3304557,Rio de Janeiro,Santíssimo,1859,823,0,-43.523435,-22.8649689993238
RES_4424,3304557,Rio de Janeiro,Santíssimo,2269,876,0,-43.513954,-22.8821059993234
RES_4425,3304557,Rio de Janeiro,Santíssimo,3979,1582,0,-43.514175,-22.8775789993235
RES_4426,3304557,Rio de Janeiro,Santíssimo,4655,1881,0,-43.514151,-22.8712509993237
RES_4427,3304557,Rio de Janeiro,Santíssimo,3168,1354,0,-43.513667,-22.8649669993238
RES_4428,3304557,Rio de Janeiro,Santíssimo,2081,842,0,-43.508677,-22.8835129993234
RES_4429,3304557,Rio de Janeiro,Santíssimo,816,334,0,-43.508173,-22.8803899993234
RES_4430,3304557,Rio de Janeiro,Santíssimo,1167,502,0,-43.509913,-22.8694969993237
RES_4431,3304557,Rio de Janeiro,Santíssimo,189,79,0,-43.509356,-22.8771329993235
RES_4432,3304557,Rio de Janeiro,Senador Vasconcelos,121,50,0,-43.519903695690175,-22.887194849999997
RES_4433,3304557,Rio de Janeiro,Santíssimo,573,228,0,-43.505621,-22.8757269993236
RES_4434,3304557,Rio de Janeiro,Santíssimo,675,268,0,-43.50922,-22.8718779993237
RES_4435,3304557,Rio de Janeiro,Santíssimo,163,66,0,-43.523702,-22.8819539993234
RES_4436,3304557,Rio de Janeiro,Santíssimo,1214,517,0,-43.524261,-22.8807229993235
RES_4437,3304557,Rio de Janeiro,Santíssimo,330,136,0,-43.511125,-22.8851839993233
RES_4438,3304557,Rio de Janeiro,Santíssimo,895,378,0,-43.523238,-22.8828889993234
RES_4439,3304557,Rio de Janeiro,Santíssimo,229,88,0,-43.507442,-22.8745779993236
RES_4440,3304557,Rio de Janeiro,Santíssimo,196,79,0,-43.506741,-22.8832579993234
RES_4441,3304557,Rio de Janeiro,Santíssimo,460,196,0,-43.512915,-22.8734049993236
RES_4442,3304557,Rio de Janeiro,Santíssimo,532,223,0,-43.511645,-22.8729909993236
RES_4443,3304557,Rio de Janeiro,Santíssimo,1159,485,0,-43.522683,-22.8772819993235
RES_4444,3304557,Rio de Janeiro,Campo Grande,2366,947,0,-43.615951,-22.8836159993234
RES_4445,3304557,Rio de Janeiro,Campo Grande,5355,2159,0,-43.615277,-22.8809879993234
RES_4446,3304557,Rio de Janeiro,Campo Grande,443,172,0,-43.605416,-22.8844879993234
RES_4447,3304557,Rio de Janeiro,Campo Grande,904,384,0,-43.607241,-22.8797139993235
RES_4448,3304557,Rio de Janeiro,Campo Grande,3549,1476,0,-43.599486,-22.8853289993233
RES_4449,3304557,Rio de Janeiro,Campo Grande,404,192,0,-43.610578,-22.8759579993235
RES_4450,3304557,Rio de Janeiro,Campo Grande,7,2,0,-43.608129,-22.8726659993236
RES_4451,3304557,Rio de Janeiro,Campo Grande,2234,897,0,-43.588873,-22.8933739993232
RES_4452,3304557,Rio de Janeiro,Campo Grande,6217,2526,0,-43.591979,-22.8865819993233
RES_4453,3304557,Rio de Janeiro,Campo Grande,5663,2409,0,-43.59202,-22.8797119993235
RES_4454,3304557,Rio de Janeiro,Campo Grande,130,55,0,-43.589656,-22.8716379993237
RES_4455,3304557,Rio de Janeiro,Campo Grande,613,250,0,-43.585837,-22.9292039993223
RES_4456,3304557,Rio de Janeiro,Campo Grande,1174,454,0,-43.580317,-22.9171009993226
RES_4457,3304557,Rio de Janeiro,Inhoaíba,1838,706,0,-43.581046,-22.9094589993228
RES_4458,3304557,Rio de Janeiro,Campo Grande,663,259,0,-43.581712,-22.8977249993231
RES_4459,3304557,Rio de Janeiro,Campo Grande,5372,2091,0,-43.584663,-22.8932279993232
RES_4460,3304557,Rio de Janeiro,Campo Grande,8150,3152,0,-43.584788,-22.8859949993233
RES_4461,3304557,Rio de Janeiro,Campo Grande,5097,2093,0,-43.584281,-22.8789759993235
RES_4462,3304557,Rio de Janeiro,Campo Grande,3726,1539,0,-43.58399,-22.8721429993236
RES_4463,3304557,Rio de Janeiro,Campo Grande,348,157,0,-43.581218,-22.8637819993238
RES_4464,3304557,Rio de Janeiro,Campo Grande,2434,998,0,-43.573685,-22.941795999322
RES_4465,3304557,Rio de Janeiro,Campo Grande,4381,1903,0,-43.574933,-22.9372649993221
RES_4466,3304557,Rio de Janeiro,Campo Grande,1890,777,0,-43.576012,-22.9291499993223
RES_4467,3304557,Rio de Janeiro,Campo Grande,38,15,0,-43.57245752377844,-22.921796049999998
RES_4468,3304557,Rio de Janeiro,Campo Grande,3572,1350,0,-43.577476,-22.9130529993227
RES_4469,3304557,Rio de Janeiro,Campo Grande,2360,867,0,-43.577138,-22.9087009993228
RES_4470,3304557,Rio de Janeiro,Campo Grande,5248,2212,0,-43.575767,-22.899698999323
RES_4471,3304557,Rio de Janeiro,Campo Grande,6755,2508,0,-43.576422,-22.8928649993232
RES_4472,3304557,Rio de Janeiro,Campo Grande,4293,1595,0,-43.576378,-22.8859349993233
RES_4473,3304557,Rio de Janeiro,Campo Grande,6170,2520,0,-43.577965,-22.8789609993235
RES_4474,3304557,Rio de Janeiro,Campo Grande,3916,1661,0,-43.576439,-22.8728689993236
RES_4475,3304557,Rio de Janeiro,Campo Grande,514,216,0,-43.581409,-22.8638459993238
RES_4476,3304557,Rio de Janeiro,Campo Grande,535,203,0,-43.569448,-22.8417809993243
RES_4477,3304557,Rio de Janeiro,Campo Grande,945,428,0,-43.571172,-22.943127999322
RES_4478,3304557,Rio de Janeiro,Campo Grande,3604,1507,0,-43.568587,-22.9357799993222
RES_4479,3304557,Rio de Janeiro,Campo Grande,3599,1445,0,-43.567396,-22.9288599993224
RES_4480,3304557,Rio de Janeiro,Campo Grande,2163,868,0,-43.570499,-22.9245089993224
RES_4481,3304557,Rio de Janeiro,Campo Grande,2563,973,0,-43.566697,-22.9143529993227
RES_4482,3304557,Rio de Janeiro,Campo Grande,4247,1646,0,-43.569116,-22.9072549993228
RES_4483,3304557,Rio de Janeiro,Campo Grande,4778,1761,0,-43.569494,-22.900454999323
RES_4484,3304557,Rio de Janeiro,Campo Grande,4276,1561,0,-43.568561,-22.8937019993231
RES_4485,3304557,Rio de Janeiro,Campo Grande,5757,2265,0,-43.569269,-22.8856389993233
RES_4486,3304557,Rio de Janeiro,Campo Grande,6698,2733,0,-43.569492,-22.8783609993235
RES_4487,3304557,Rio de Janeiro,Campo Grande,4193,1829,0,-43.569863,-22.8719369993237
RES_4488,3304557,Rio de Janeiro,Campo Grande,1292,546,0,-43.559198,-22.9409049993221
RES_4489,3304557,Rio de Janeiro,Campo Grande,2677,1213,0,-43.56101,-22.9377479993221
RES_4490,3304557,Rio de Janeiro,Campo Grande,5867,2327,0,-43.560538,-22.9292589993223
RES_4491,3304557,Rio de Janeiro,Campo Grande,5853,2243,0,-43.560267,-22.9221539993225
RES_4492,3304557,Rio de Janeiro,Campo Grande,5285,2100,0,-43.561089,-22.9143829993227
RES_4493,3304557,Rio de Janeiro,Campo Grande,2264,841,0,-43.560629,-22.9086299993228
RES_4494,3304557,Rio de Janeiro,Campo Grande,1890,687,0,-43.561413,-22.899341999323
RES_4495,3304557,Rio de Janeiro,Campo Grande,4227,1579,0,-43.561434,-22.8920729993232
RES_4496,3304557,Rio de Janeiro,Campo Grande,3858,1472,0,-43.561472,-22.8854069993233
RES_4497,3304557,Rio de Janeiro,Campo Grande,4738,1930,0,-43.561608,-22.8790239993235
RES_4498,3304557,Rio de Janeiro,Campo Grande,6203,2522,0,-43.561601,-22.8711419993237
RES_4499,3304557,Rio de Janeiro,Campo Grande,1625,644,0,-43.558795,-22.8665929993238
RES_4500,3304557,Rio de Janeiro,Campo Grande,1049,434,0,-43.561185,-22.855711999324
RES_4501,3304557,Rio de Janeiro,Campo Grande,487,190,0,-43.560495,-22.8467589993242
RES_4502,3304557,Rio de Janeiro,Campo Grande,459,183,0,-43.555885,-22.943614999322
RES_4503,3304557,Rio de Janeiro,Campo Grande,1027,428,0,-43.552955,-22.9355539993222
RES_4504,3304557,Rio de Janeiro,Campo Grande,4936,2106,0,-43.553343,-22.9289739993223
RES_4505,3304557,Rio de Janeiro,Campo Grande,4405,1752,0,-43.551827,-22.9227909993225
RES_4506,3304557,Rio de Janeiro,Campo Grande,4258,1596,0,-43.552724,-22.9138819993227
RES_4507,3304557,Rio de Janeiro,Campo Grande,3847,1435,0,-43.553156,-22.9068039993228
RES_4508,3304557,Rio de Janeiro,Campo Grande,1682,639,0,-43.55487,-22.899866999323
RES_4509,3304557,Rio de Janeiro,Campo Grande,1688,711,0,-43.55182,-22.8961349993231
RES_4510,3304557,Rio de Janeiro,Campo Grande,5792,2209,0,-43.552858,-22.8857339993233
RES_4511,3304557,Rio de Janeiro,Campo Grande,5232,2247,0,-43.553269,-22.8780359993235
RES_4512,3304557,Rio de Janeiro,Campo Grande,4645,1930,0,-43.553263,-22.8718919993237
RES_4513,3304557,Rio de Janeiro,Campo Grande,3161,1413,0,-43.552582,-22.8672049993238
RES_4514,3304557,Rio de Janeiro,Campo Grande,117,51,0,-43.551043,-22.8545749993241
RES_4515,3304557,Rio de Janeiro,Campo Grande,185,78,0,-43.553697,-22.8375759993244
RES_4516,3304557,Rio de Janeiro,Campo Grande,32,13,0,-43.552384,-22.8295139993246
RES_4517,3304557,Rio de Janeiro,Campo Grande,3081,1216,0,-43.546179,-22.9282839993223
RES_4518,3304557,Rio de Janeiro,Campo Grande,5522,2165,0,-43.545028,-22.9219179993225
RES_4519,3304557,Rio de Janeiro,Campo Grande,2636,1004,0,-43.545783,-22.9130639993227
RES_4520,3304557,Rio de Janeiro,Campo Grande,6059,2344,0,-43.54516,-22.9068299993229
RES_4521,3304557,Rio de Janeiro,Campo Grande,2661,959,0,-43.546524,-22.901808999323
RES_4522,3304557,Rio de Janeiro,Campo Grande,469,186,0,-43.546419,-22.8954349993231
RES_4523,3304557,Rio de Janeiro,Campo Grande,3992,1543,0,-43.546349,-22.8849699993234
RES_4524,3304557,Rio de Janeiro,Campo Grande,2735,1153,0,-43.544101,-22.8789179993235
RES_4525,3304557,Rio de Janeiro,Campo Grande,2877,1310,0,-43.546913,-22.8694469993237
RES_4526,3304557,Rio de Janeiro,Campo Grande,934,417,0,-43.545581,-22.8635279993238
RES_4527,3304557,Rio de Janeiro,Campo Grande,3387,1510,0,-43.545125,-22.857252999324
RES_4528,3304557,Rio de Janeiro,Campo Grande,1592,644,0,-43.543991,-22.8515239993241
RES_4529,3304557,Rio de Janeiro,Campo Grande,2025,864,0,-43.535759,-22.9261489993224
RES_4530,3304557,Rio de Janeiro,Campo Grande,2042,841,0,-43.537514,-22.9207379993225
RES_4531,3304557,Rio de Janeiro,Campo Grande,4871,1905,0,-43.537479,-22.9141719993227
RES_4532,3304557,Rio de Janeiro,Campo Grande,6046,2331,0,-43.537813,-22.9082669993228
RES_4533,3304557,Rio de Janeiro,Campo Grande,1173,503,0,-43.540647,-22.8825539993234
RES_4534,3304557,Rio de Janeiro,Campo Grande,7433,3135,0,-43.537464,-22.8789189993235
RES_4535,3304557,Rio de Janeiro,Campo Grande,672,287,0,-43.531173,-22.8603899993239
RES_4536,3304557,Rio de Janeiro,Campo Grande,3854,1479,0,-43.538149,-22.856971999324
RES_4537,3304557,Rio de Janeiro,Campo Grande,3241,1300,0,-43.538204,-22.8510329993241
RES_4538,3304557,Rio de Janeiro,Campo Grande,675,282,0,-43.538155,-22.8451909993243
RES_4539,3304557,Rio de Janeiro,Campo Grande,14,6,0,-43.534231,-22.8375959993244
RES_4540,3304557,Rio de Janeiro,Campo Grande,740,317,0,-43.530595,-22.9269409993224
RES_4541,3304557,Rio de Janeiro,Campo Grande,5906,2416,0,-43.530352,-22.9213949993225
RES_4542,3304557,Rio de Janeiro,Campo Grande,4269,1717,0,-43.530318,-22.9143389993227
RES_4543,3304557,Rio de Janeiro,Campo Grande,249,111,0,-43.533772,-22.8793039993235
RES_4544,3304557,Rio de Janeiro,Campo Grande,4254,1747,0,-43.531119,-22.856317999324
RES_4545,3304557,Rio de Janeiro,Campo Grande,5987,2471,0,-43.531969,-22.8495629993241
RES_4546,3304557,Rio de Janeiro,Campo Grande,74,31,0,-43.528627,-22.8404959993244
RES_4547,3304557,Rio de Janeiro,Campo Grande,758,306,0,-43.521725,-22.9349859993222
RES_4548,3304557,Rio de Janeiro,Campo Grande,425,157,0,-43.522435,-22.9247829993224
RES_4549,3304557,Rio de Janeiro,Campo Grande,818,312,0,-43.520449,-22.9227339993225
RES_4550,3304557,Rio de Janeiro,Campo Grande,2833,1151,0,-43.522613,-22.9136379993227
RES_4551,3304557,Rio de Janeiro,Campo Grande,1341,543,0,-43.526665,-22.8596919993239
RES_4552,3304557,Rio de Janeiro,Campo Grande,1619,640,0,-43.524616,-22.8477679993242
RES_4553,3304557,Rio de Janeiro,Campo Grande,1037,414,0,-43.522876,-22.8417179993244
RES_4554,3304557,Rio de Janeiro,Campo Grande,421,180,0,-43.51394684435715,-22.927907449999992
RES_4555,3304557,Rio de Janeiro,Campo Grande,1150,469,0,-43.513945,-22.9227649993225
RES_4556,3304557,Rio de Janeiro,Campo Grande,1057,462,0,-43.51372,-22.9154489993226
RES_4557,3304557,Rio de Janeiro,Campo Grande,405,163,0,-43.514943,-22.9103979993228
RES_4558,3304557,Rio de Janeiro,Campo Grande,4,2,0,-43.51787402522277,-22.857425349999996
RES_4559,3304557,Rio de Janeiro,Campo Grande,10,3,0,-43.515686,-22.9416129993221
RES_4560,3304557,Rio de Janeiro,Campo Grande,510,190,0,-43.5118,-22.9190849993226
RES_4561,3304557,Rio de Janeiro,Campo Grande,199,79,0,-43.568916,-22.9310089993223
RES_4562,3304557,Rio de Janeiro,Campo Grande,3053,1267,0,-43.561847,-22.9340619993222
RES_4563,3304557,Rio de Janeiro,Campo Grande,457,193,0,-43.553248,-22.9365949993222
RES_4564,3304557,Rio de Janeiro,Campo Grande,400,175,0,-43.589387,-22.8955219993231
RES_4565,3304557,Rio de Janeiro,Campo Grande,373,154,0,-43.548674,-22.9293039993223
RES_4566,3304557,Rio de Janeiro,Campo Grande,217,84,0,-43.57652,-22.943012999322
RES_4567,3304557,Rio de Janeiro,Campo Grande,216,87,0,-43.567169,-22.8439049993243
RES_4568,3304557,Rio de Janeiro,Campo Grande,205,81,0,-43.568349,-22.8424679993243
RES_4569,3304557,Rio de Janeiro,Campo Grande,358,152,0,-43.592481,-22.8870899993233
RES_4570,3304557,Rio de Janeiro,Campo Grande,273,118,0,-43.544966,-22.9281209993224
RES_4571,3304557,Rio de Janeiro,Campo Grande,352,139,0,-43.544964,-22.8646289993238
RES_4572,3304557,Rio de Janeiro,Campo Grande,134,55,0,-43.5685863427416,-22.919998699999994
RES_4573,3304557,Rio de Janeiro,Campo Grande,136,49,0,-43.590573,-22.9313869993223
RES_4574,3304557,Rio de Janeiro,Campo Grande,217,91,0,-43.57083,-22.8409449993244
RES_4575,3304557,Rio de Janeiro,Campo Grande,79,29,0,-43.556303,-22.9208369993225
RES_4576,3304557,Rio de Janeiro,Campo Grande,251,109,0,-43.549132,-22.8936709993232
RES_4577,3304557,Rio de Janeiro,Campo Grande,136,53,0,-43.546163,-22.8755399993236
RES_4578,3304557,Rio de Janeiro,Campo Grande,403,183,0,-43.567364,-22.9364919993222
RES_4579,3304557,Rio de Janeiro,Campo Grande,304,120,0,-43.569228,-22.9402869993221
RES_4580,3304557,Rio de Janeiro,Campo Grande,460,187,0,-43.56787,-22.9384109993221
RES_4581,3304557,Rio de Janeiro,Campo Grande,305,138,0,-43.526941,-22.8545959993241
RES_4582,3304557,Rio de Janeiro,Campo Grande,259,110,0,-43.527779,-22.8518069993241
RES_4583,3304557,Rio de Janeiro,Campo Grande,47,20,0,-43.523669,-22.8501609993242
RES_4584,3304557,Rio de Janeiro,Campo Grande,140,59,0,-43.520672,-22.8485749993242
RES_4585,3304557,Rio de Janeiro,Campo Grande,532,216,0,-43.52332,-22.8460009993242
RES_4586,3304557,Rio de Janeiro,Campo Grande,596,251,0,-43.524726,-22.8455519993242
RES_4587,3304557,Rio de Janeiro,Campo Grande,437,183,0,-43.522043,-22.8437999993243
RES_4588,3304557,Rio de Janeiro,Campo Grande,400,168,0,-43.535486,-22.8591479993239
RES_4589,3304557,Rio de Janeiro,Campo Grande,121,45,0,-43.57941,-22.9181579993226
RES_4590,3304557,Rio de Janeiro,Campo Grande,129,57,0,-43.56066,-22.8783319993235
RES_4591,3304557,Rio de Janeiro,Campo Grande,810,344,0,-43.584569,-22.8770789993235
RES_4592,3304557,Rio de Janeiro,Campo Grande,342,138,0,-43.558689,-22.9271119993224
RES_4593,3304557,Rio de Janeiro,Campo Grande,542,219,0,-43.571991,-22.9115099993227
RES_4594,3304557,Rio de Janeiro,Campo Grande,1103,452,0,-43.571603,-22.9094299993228
RES_4595,3304557,Rio de Janeiro,Campo Grande,403,160,0,-43.546943,-22.8921949993232
RES_4596,3304557,Rio de Janeiro,Campo Grande,72,29,0,-43.549268,-22.8773759993235
RES_4597,3304557,Rio de Janeiro,Campo Grande,1158,470,0,-43.578592,-22.8762349993236
RES_4598,3304557,Rio de Janeiro,Campo Grande,306,122,0,-43.603763,-22.8814879993234
RES_4599,3304557,Rio de Janeiro,Campo Grande,181,73,0,-43.566184083978584,-22.93015175
RES_4600,3304557,Rio de Janeiro,Campo Grande,78,29,0,-43.581723,-22.9194989993225
RES_4601,3304557,Rio de Janeiro,Campo Grande,1236,497,0,-43.529403,-22.9138639993227
RES_4602,3304557,Rio de Janeiro,Campo Grande,2458,1044,0,-43.530609,-22.9095069993228
RES_4603,3304557,Rio de Janeiro,Campo Grande,317,127,0,-43.566618,-22.8782149993235
RES_4604,3304557,Rio de Janeiro,Campo Grande,341,128,0,-43.555468,-22.9176589993226
RES_4605,3304557,Rio de Janeiro,Campo Grande,1999,846,0,-43.555405,-22.9208499993225
RES_4606,3304557,Rio de Janeiro,Senador Vasconcelos,2154,838,0,-43.541988,-22.902021999323
RES_4607,3304557,Rio de Janeiro,Senador Vasconcelos,2549,1026,0,-43.543638,-22.8942139993231
RES_4608,3304557,Rio de Janeiro,Senador Vasconcelos,2394,977,0,-43.536211,-22.9049039993229
RES_4609,3304557,Rio de Janeiro,Senador Vasconcelos,5428,2133,0,-43.537892,-22.900540999323
RES_4610,3304557,Rio de Janeiro,Senador Vasconcelos,4253,1703,0,-43.538399,-22.8930929993232
RES_4611,3304557,Rio de Janeiro,Senador Vasconcelos,1123,476,0,-43.531848,-22.9059419993229
RES_4612,3304557,Rio de Janeiro,Senador Vasconcelos,380,161,0,-43.533304,-22.8969229993231
RES_4613,3304557,Rio de Janeiro,Senador Vasconcelos,2612,1160,0,-43.530204,-22.8908829993232
RES_4614,3304557,Rio de Janeiro,Senador Vasconcelos,2730,1132,0,-43.528735,-22.8874199993233
RES_4615,3304557,Rio de Janeiro,Senador Vasconcelos,2332,911,0,-43.520682,-22.8905479993232
RES_4616,3304557,Rio de Janeiro,Senador Vasconcelos,1572,620,0,-43.524626,-22.8874999993233
RES_4617,3304557,Rio de Janeiro,Senador Vasconcelos,78,31,0,-43.532625,-22.8914859993232
RES_4618,3304557,Rio de Janeiro,Senador Vasconcelos,183,71,0,-43.534747,-22.8886929993233
RES_4619,3304557,Rio de Janeiro,Senador Vasconcelos,2059,860,0,-43.532853,-22.901504999323
RES_4620,3304557,Rio de Janeiro,Senador Vasconcelos,335,151,0,-43.535112,-22.8896979993232
RES_4621,3304557,Rio de Janeiro,Senador Vasconcelos,158,69,0,-43.534805,-22.8916379993232
RES_4622,3304557,Rio de Janeiro,Senador Vasconcelos,338,158,0,-43.533871,-22.8914299993232
RES_4623,3304557,Rio de Janeiro,Senador Vasconcelos,393,157,0,-43.519756,-22.8927779993232
RES_4624,3304557,Rio de Janeiro,Senador Vasconcelos,506,217,0,-43.532046,-22.8871279993233
RES_4625,3304557,Rio de Janeiro,Senador Vasconcelos,79,30,0,-43.532818,-22.8908119993232
RES_4626,3304557,Rio de Janeiro,Senador Vasconcelos,640,290,0,-43.532739,-22.8897389993232
RES_4627,3304557,Rio de Janeiro,Inhoaíba,208,92,0,-43.60438612386615,-22.92659954999999
RES_4628,3304557,Rio de Janeiro,Inhoaíba,2805,1157,0,-43.605294,-22.9209579993225
RES_4629,3304557,Rio de Janeiro,Inhoaíba,3083,1327,0,-43.605386,-22.9151609993227
RES_4630,3304557,Rio de Janeiro,Inhoaíba,1796,736,0,-43.602638,-22.9270279993224
RES_4631,3304557,Rio de Janeiro,Inhoaíba,5569,2335,0,-43.601212,-22.9227969993225
RES_4632,3304557,Rio de Janeiro,Inhoaíba,5243,2131,0,-43.600716,-22.9162159993226
RES_4633,3304557,Rio de Janeiro,Inhoaíba,6038,2409,0,-43.60082,-22.9082149993228
RES_4634,3304557,Rio de Janeiro,Inhoaíba,3331,1323,0,-43.597886,-22.901490999323
RES_4635,3304557,Rio de Janeiro,Inhoaíba,916,384,0,-43.596687,-22.8953149993231
RES_4636,3304557,Rio de Janeiro,Inhoaíba,3814,1619,0,-43.591832,-22.9099329993228
RES_4637,3304557,Rio de Janeiro,Inhoaíba,2652,1074,0,-43.591187,-22.898163999323
RES_4638,3304557,Rio de Janeiro,Inhoaíba,3080,1246,0,-43.59362,-22.8935499993232
RES_4639,3304557,Rio de Janeiro,Inhoaíba,4542,1830,0,-43.583714,-22.9140349993227
RES_4640,3304557,Rio de Janeiro,Inhoaíba,4028,1625,0,-43.585508,-22.9086229993228
RES_4641,3304557,Rio de Janeiro,Inhoaíba,2561,1131,0,-43.585181,-22.898060999323
RES_4642,3304557,Rio de Janeiro,Inhoaíba,679,298,0,-43.578683,-22.9032529993229
RES_4643,3304557,Rio de Janeiro,Inhoaíba,311,127,0,-43.596505,-22.8965389993231
RES_4644,3304557,Rio de Janeiro,Inhoaíba,334,147,0,-43.59601,-22.9073569993228
RES_4645,3304557,Rio de Janeiro,Inhoaíba,5880,2395,0,-43.592403,-22.9058939993229
RES_4646,3304557,Rio de Janeiro,Inhoaíba,7312,3022,0,-43.591467,-22.901671999323
RES_4647,3304557,Rio de Janeiro,Inhoaíba,1179,478,0,-43.586435,-22.9050149993229
RES_4648,3304557,Rio de Janeiro,Inhoaíba,1875,758,0,-43.586644,-22.902229999323
RES_4649,3304557,Rio de Janeiro,Inhoaíba,249,109,0,-43.59622,-22.9118979993227
RES_4650,3304557,Rio de Janeiro,Inhoaíba,435,193,0,-43.596368,-22.9110249993228
RES_4651,3304557,Rio de Janeiro,Inhoaíba,210,91,0,-43.582771,-22.9191199993226
RES_4652,3304557,Rio de Janeiro,Inhoaíba,439,181,0,-43.60434893048452,-22.928998
RES_4653,3304557,Rio de Janeiro,Inhoaíba,1043,442,0,-43.605093,-22.9247869993224
RES_4654,3304557,Rio de Janeiro,Inhoaíba,213,83,0,-43.6041959,-22.911955199999994
RES_4655,3304557,Rio de Janeiro,Inhoaíba,1062,417,0,-43.603046,-22.9122189993227
RES_4656,3304557,Rio de Janeiro,Inhoaíba,1254,530,0,-43.598991,-22.9207829993225
RES_4657,3304557,Rio de Janeiro,Cosmos,524,218,0,-43.620554,-22.9261439993224
RES_4658,3304557,Rio de Janeiro,Cosmos,3330,1416,0,-43.619818,-22.9247649993224
RES_4659,3304557,Rio de Janeiro,Cosmos,9053,3679,0,-43.621902,-22.9149389993227
RES_4660,3304557,Rio de Janeiro,Cosmos,4802,1968,0,-43.622621,-22.9086629993228
RES_4661,3304557,Rio de Janeiro,Cosmos,5358,2307,0,-43.615692,-22.9204039993225
RES_4662,3304557,Rio de Janeiro,Cosmos,7679,3391,0,-43.615044,-22.9169149993226
RES_4663,3304557,Rio de Janeiro,Cosmos,7340,2898,0,-43.615544,-22.9078099993228
RES_4664,3304557,Rio de Janeiro,Cosmos,2449,1055,0,-43.614772,-22.900878999323
RES_4665,3304557,Rio de Janeiro,Cosmos,4749,1986,0,-43.613536,-22.8927109993232
RES_4666,3304557,Rio de Janeiro,Cosmos,4023,1687,0,-43.616206,-22.8872549993233
RES_4667,3304557,Rio de Janeiro,Cosmos,1794,808,0,-43.607952,-22.9226769993225
RES_4668,3304557,Rio de Janeiro,Cosmos,1779,765,0,-43.60868,-22.9167579993226
RES_4669,3304557,Rio de Janeiro,Cosmos,5694,2411,0,-43.607458,-22.9064759993229
RES_4670,3304557,Rio de Janeiro,Cosmos,4582,1941,0,-43.607588,-22.901263999323
RES_4671,3304557,Rio de Janeiro,Cosmos,7150,2875,0,-43.607441,-22.8931299993232
RES_4672,3304557,Rio de Janeiro,Cosmos,3890,1542,0,-43.608376,-22.8877779993233
RES_4673,3304557,Rio de Janeiro,Cosmos,2317,1027,0,-43.60054,-22.899774999323
RES_4674,3304557,Rio de Janeiro,Cosmos,4822,1981,0,-43.600509,-22.8925189993232
RES_4675,3304557,Rio de Janeiro,Cosmos,1840,719,0,-43.601565,-22.8883799993233
RES_4676,3304557,Rio de Janeiro,Cosmos,1270,524,0,-43.618433,-22.8917129993232
RES_4677,3304557,Rio de Janeiro,Cosmos,193,87,0,-43.6150692,-22.898111249999996
RES_4678,3304557,Rio de Janeiro,Cosmos,486,212,0,-43.60732,-22.9045639993229
RES_4679,3304557,Rio de Janeiro,Cosmos,1165,507,0,-43.60682,-22.9031789993229
RES_4680,3304557,Rio de Janeiro,Cosmos,374,151,0,-43.619326,-22.9215409993225
RES_4681,3304557,Rio de Janeiro,Cosmos,340,147,0,-43.609596,-22.9168849993226
RES_4682,3304557,Rio de Janeiro,Cosmos,597,238,0,-43.612363,-22.9130709993227
RES_4683,3304557,Rio de Janeiro,Cosmos,2492,982,0,-43.608887,-22.9126669993227
RES_4684,3304557,Rio de Janeiro,Cosmos,357,158,0,-43.616667,-22.8910329993232
RES_4685,3304557,Rio de Janeiro,Cosmos,1591,670,0,-43.616136,-22.8885619993233
RES_4686,3304557,Rio de Janeiro,Cosmos,3444,1377,0,-43.608137,-22.9094609993228
RES_4687,3304557,Rio de Janeiro,Paciência,1210,484,0,-43.659177,-22.9093869993228
RES_4688,3304557,Rio de Janeiro,Paciência,358,143,0,-43.659625,-22.8780149993235
RES_4689,3304557,Rio de Janeiro,Paciência,3139,1202,0,-43.65349,-22.9131999993227
RES_4690,3304557,Rio de Janeiro,Paciência,3096,1238,0,-43.653345,-22.9105349993228
RES_4691,3304557,Rio de Janeiro,Paciência,296,158,0,-43.651006,-22.9203549993225
RES_4692,3304557,Rio de Janeiro,Paciência,710,271,0,-43.644144,-22.9169559993226
RES_4693,3304557,Rio de Janeiro,Paciência,62,30,0,-43.648836,-22.9063909993229
RES_4694,3304557,Rio de Janeiro,Paciência,1071,432,0,-43.644634,-22.8922349993232
RES_4695,3304557,Rio de Janeiro,Paciência,475,193,0,-43.64604,-22.8756929993236
RES_4696,3304557,Rio de Janeiro,Paciência,952,377,0,-43.645882,-22.8719039993237
RES_4697,3304557,Rio de Janeiro,Paciência,4732,1865,0,-43.637556,-22.9300109993223
RES_4698,3304557,Rio de Janeiro,Paciência,4277,1695,0,-43.63933,-22.9225569993225
RES_4699,3304557,Rio de Janeiro,Paciência,3277,1271,0,-43.638257,-22.9156919993226
RES_4700,3304557,Rio de Janeiro,Paciência,3264,1357,0,-43.639523,-22.8924889993232
RES_4701,3304557,Rio de Janeiro,Paciência,6529,2613,0,-43.638596,-22.8859799993233
RES_4702,3304557,Rio de Janeiro,Paciência,753,316,0,-43.642733,-22.8769759993235
RES_4703,3304557,Rio de Janeiro,Paciência,8,3,0,-43.617002,-22.8772879993235
RES_4704,3304557,Rio de Janeiro,Paciência,1265,533,0,-43.631497,-22.9359599993222
RES_4705,3304557,Rio de Janeiro,Paciência,3782,1502,0,-43.632681,-22.9305779993223
RES_4706,3304557,Rio de Janeiro,Paciência,6020,2579,0,-43.630404,-22.9229729993225
RES_4707,3304557,Rio de Janeiro,Paciência,6453,2538,0,-43.630644,-22.9156239993227
RES_4708,3304557,Rio de Janeiro,Paciência,816,339,0,-43.629195,-22.9110699993227
RES_4709,3304557,Rio de Janeiro,Paciência,1882,779,0,-43.633376,-22.8913469993232
RES_4710,3304557,Rio de Janeiro,Paciência,4799,2107,0,-43.629267,-22.8851639993234
RES_4711,3304557,Rio de Janeiro,Paciência,1298,531,0,-43.631595,-22.8767719993235
RES_4712,3304557,Rio de Janeiro,Paciência,4510,1735,0,-43.631456,-22.8738409993236
RES_4713,3304557,Rio de Janeiro,Paciência,1752,731,0,-43.624911,-22.9274369993224
RES_4714,3304557,Rio de Janeiro,Paciência,5135,2055,0,-43.624243,-22.9223169993225
RES_4715,3304557,Rio de Janeiro,Paciência,718,294,0,-43.625924,-22.9180079993226
RES_4716,3304557,Rio de Janeiro,Paciência,384,156,0,-43.626627,-22.8928289993232
RES_4717,3304557,Rio de Janeiro,Paciência,1904,820,0,-43.624248,-22.8853319993233
RES_4718,3304557,Rio de Janeiro,Campo Grande,1004,417,0,-43.620588,-22.8803139993235
RES_4719,3304557,Rio de Janeiro,Paciência,2482,944,0,-43.626189,-22.8723339993236
RES_4720,3304557,Rio de Janeiro,Campo Grande,1457,632,0,-43.613403,-22.8776959993235
RES_4721,3304557,Rio de Janeiro,Paciência,1377,572,0,-43.622835,-22.9277079993224
RES_4722,3304557,Rio de Janeiro,Paciência,704,291,0,-43.622239,-22.9252359993224
RES_4723,3304557,Rio de Janeiro,Paciência,591,248,0,-43.626819,-22.9301199993223
RES_4724,3304557,Rio de Janeiro,Paciência,279,115,0,-43.643433,-22.9152069993227
RES_4725,3304557,Rio de Janeiro,Paciência,772,315,0,-43.629119,-22.9332169993222
RES_4726,3304557,Rio de Janeiro,Paciência,435,189,0,-43.635494,-22.9188249993226
RES_4727,3304557,Rio de Janeiro,Paciência,617,264,0,-43.640532,-22.9264059993224
RES_4728,3304557,Rio de Janeiro,Paciência,3599,1466,0,-43.63941,-22.9233519993225
RES_4729,3304557,Rio de Janeiro,Paciência,369,144,0,-43.637698,-22.9185109993226
RES_4730,3304557,Rio de Janeiro,Paciência,1916,806,0,-43.631846,-22.8713239993237
RES_4731,3304557,Rio de Janeiro,Paciência,816,356,0,-43.626592,-22.8699079993237
RES_4732,3304557,Rio de Janeiro,Paciência,671,274,0,-43.633175,-22.8892799993233
RES_4733,3304557,Rio de Janeiro,Paciência,1346,553,0,-43.636554,-22.8922919993232
RES_4734,3304557,Rio de Janeiro,Paciência,284,117,0,-43.63619,-22.8948279993231
RES_4735,3304557,Rio de Janeiro,Paciência,455,175,0,-43.63218,-22.8926239993232
RES_4736,3304557,Rio de Janeiro,Paciência,1108,459,0,-43.623714,-22.8879619993233
RES_4737,3304557,Rio de Janeiro,Paciência,663,284,0,-43.626188,-22.8748059993236
RES_4738,3304557,Rio de Janeiro,Paciência,4434,1897,0,-43.629413,-22.9288349993223
RES_4739,3304557,Rio de Janeiro,Paciência,1445,659,0,-43.629173,-22.9257269993224
RES_4740,3304557,Rio de Janeiro,Paciência,1138,457,0,-43.64512,-22.9229969993225
RES_4741,3304557,Rio de Janeiro,Paciência,2399,978,0,-43.653905,-22.9091309993228
RES_4742,3304557,Rio de Janeiro,Paciência,413,174,0,-43.65039,-22.9072979993229
RES_4743,3304557,Rio de Janeiro,Santa Cruz,4,2,0,-43.713893,-22.9047309993229
RES_4744,3304557,Rio de Janeiro,Santa Cruz,88,35,0,-43.724774,-22.8873259993233
RES_4745,3304557,Rio de Janeiro,Santa Cruz,1834,726,0,-43.724424,-22.899088999323
RES_4746,3304557,Rio de Janeiro,Santa Cruz,1439,558,0,-43.722576,-22.8972549993231
RES_4747,3304557,Rio de Janeiro,Santa Cruz,628,251,0,-43.713189,-22.9028329993229
RES_4748,3304557,Rio de Janeiro,Santa Cruz,1379,528,0,-43.716522,-22.8940989993232
RES_4749,3304557,Rio de Janeiro,Santa Cruz,2043,772,0,-43.718782,-22.8883709993233
RES_4750,3304557,Rio de Janeiro,Santa Cruz,140,56,0,-43.704364,-22.9256219993224
RES_4751,3304557,Rio de Janeiro,Santa Cruz,757,311,0,-43.706061,-22.9056229993229
RES_4752,3304557,Rio de Janeiro,Santa Cruz,7208,2898,0,-43.70858,-22.901521999323
RES_4753,3304557,Rio de Janeiro,Santa Cruz,116,39,0,-43.713178,-22.8963079993231
RES_4754,3304557,Rio de Janeiro,Santa Cruz,2574,1094,0,-43.700097,-22.9366349993222
RES_4755,3304557,Rio de Janeiro,Santa Cruz,2346,995,0,-43.700758,-22.9291459993223
RES_4756,3304557,Rio de Janeiro,Santa Cruz,3067,1286,0,-43.700158,-22.9237759993225
RES_4757,3304557,Rio de Janeiro,Santa Cruz,2080,870,0,-43.698843,-22.9184759993226
RES_4758,3304557,Rio de Janeiro,Santa Cruz,3536,1400,0,-43.700353,-22.9061259993229
RES_4759,3304557,Rio de Janeiro,Santa Cruz,4617,1816,0,-43.701406,-22.9027529993229
RES_4760,3304557,Rio de Janeiro,Santa Cruz,59,23,0,-43.685502,-22.8782649993235
RES_4761,3304557,Rio de Janeiro,Santa Cruz,2537,1065,0,-43.691644,-22.942376999322
RES_4762,3304557,Rio de Janeiro,Santa Cruz,2755,1125,0,-43.693453,-22.9374619993222
RES_4763,3304557,Rio de Janeiro,Santa Cruz,3618,1407,0,-43.692116,-22.9319369993223
RES_4764,3304557,Rio de Janeiro,Santa Cruz,3319,1335,0,-43.695075,-22.9229669993225
RES_4765,3304557,Rio de Janeiro,Santa Cruz,6389,2602,0,-43.693544,-22.9148499993227
RES_4766,3304557,Rio de Janeiro,Santa Cruz,5479,2295,0,-43.695469,-22.9078799993228
RES_4767,3304557,Rio de Janeiro,Santa Cruz,390,166,0,-43.693148,-22.899922999323
RES_4768,3304557,Rio de Janeiro,Santa Cruz,1636,697,0,-43.682062,-22.9562349993217
RES_4769,3304557,Rio de Janeiro,Santa Cruz,3184,1310,0,-43.684813,-22.945058999322
RES_4770,3304557,Rio de Janeiro,Santa Cruz,4988,1964,0,-43.684889,-22.9371999993222
RES_4771,3304557,Rio de Janeiro,Santa Cruz,5474,2175,0,-43.685305,-22.9307769993223
RES_4772,3304557,Rio de Janeiro,Santa Cruz,2340,852,0,-43.684659,-22.9237939993225
RES_4773,3304557,Rio de Janeiro,Santa Cruz,2862,1175,0,-43.684112,-22.9151419993227
RES_4774,3304557,Rio de Janeiro,Santa Cruz,3401,1370,0,-43.686456,-22.9073569993228
RES_4775,3304557,Rio de Janeiro,Santa Cruz,2103,937,0,-43.683728,-22.901059999323
RES_4776,3304557,Rio de Janeiro,Santa Cruz,108,43,0,-43.68244025000001,-22.876673250000003
RES_4777,3304557,Rio de Janeiro,Santa Cruz,2879,1187,0,-43.678497,-22.9573539993217
RES_4778,3304557,Rio de Janeiro,Santa Cruz,3135,1310,0,-43.679094,-22.9516549993218
RES_4779,3304557,Rio de Janeiro,Santa Cruz,2896,1178,0,-43.679623,-22.944283999322
RES_4780,3304557,Rio de Janeiro,Santa Cruz,5104,2083,0,-43.677627,-22.9367929993222
RES_4781,3304557,Rio de Janeiro,Santa Cruz,4433,1779,0,-43.677604,-22.9302399993223
RES_4782,3304557,Rio de Janeiro,Santa Cruz,3657,1449,0,-43.677113,-22.9231709993225
RES_4783,3304557,Rio de Janeiro,Santa Cruz,2766,1125,0,-43.676685,-22.9159789993226
RES_4784,3304557,Rio de Janeiro,Santa Cruz,2935,1195,0,-43.677422,-22.9099509993228
RES_4785,3304557,Rio de Janeiro,Santa Cruz,6361,2840,0,-43.678078,-22.900299999323
RES_4786,3304557,Rio de Janeiro,Santa Cruz,862,377,0,-43.68128,-22.8968659993231
RES_4787,3304557,Rio de Janeiro,Santa Cruz,1899,770,0,-43.677031,-22.8866839993233
RES_4788,3304557,Rio de Janeiro,Santa Cruz,695,274,0,-43.67382,-22.8821129993234
RES_4789,3304557,Rio de Janeiro,Santa Cruz,303,123,0,-43.666618,-22.9614999993216
RES_4790,3304557,Rio de Janeiro,Santa Cruz,3447,1422,0,-43.669607,-22.9525019993218
RES_4791,3304557,Rio de Janeiro,Santa Cruz,3287,1404,0,-43.66787,-22.941789999322
RES_4792,3304557,Rio de Janeiro,Santa Cruz,3669,1512,0,-43.669716,-22.9377779993222
RES_4793,3304557,Rio de Janeiro,Santa Cruz,6265,2580,0,-43.670516,-22.9309909993223
RES_4794,3304557,Rio de Janeiro,Santa Cruz,3196,1319,0,-43.67064,-22.9234239993225
RES_4795,3304557,Rio de Janeiro,Santa Cruz,2269,914,0,-43.671562,-22.9160889993226
RES_4796,3304557,Rio de Janeiro,Santa Cruz,2969,1218,0,-43.671198,-22.9077589993228
RES_4797,3304557,Rio de Janeiro,Santa Cruz,947,373,0,-43.672066,-22.9041849993229
RES_4798,3304557,Rio de Janeiro,Santa Cruz,1575,659,0,-43.670458,-22.8862559993233
RES_4799,3304557,Rio de Janeiro,Santa Cruz,1262,537,0,-43.673744,-22.8682719993237
RES_4800,3304557,Rio de Janeiro,Santa Cruz,397,169,0,-43.663045,-22.9518589993218
RES_4801,3304557,Rio de Janeiro,Santa Cruz,1339,569,0,-43.662038,-22.942415999322
RES_4802,3304557,Rio de Janeiro,Santa Cruz,6764,2719,0,-43.662685,-22.9372319993222
RES_4803,3304557,Rio de Janeiro,Santa Cruz,5971,2408,0,-43.662578,-22.9301019993223
RES_4804,3304557,Rio de Janeiro,Santa Cruz,2510,997,0,-43.662064,-22.9200439993225
RES_4805,3304557,Rio de Janeiro,Santa Cruz,1442,563,0,-43.661338,-22.9187349993226
RES_4806,3304557,Rio de Janeiro,Santa Cruz,1757,729,0,-43.663511,-22.9072969993228
RES_4807,3304557,Rio de Janeiro,Santa Cruz,7,2,0,-43.66153,-22.901040999323
RES_4808,3304557,Rio de Janeiro,Santa Cruz,6503,2653,0,-43.661919,-22.8842969993234
RES_4809,3304557,Rio de Janeiro,Santa Cruz,2178,888,0,-43.660823,-22.8819819993234
RES_4810,3304557,Rio de Janeiro,Santa Cruz,249,107,0,-43.6642178982793,-22.869827599999994
RES_4811,3304557,Rio de Janeiro,Santa Cruz,618,255,0,-43.653604,-22.9524829993218
RES_4812,3304557,Rio de Janeiro,Santa Cruz,757,334,0,-43.653308,-22.944584999322
RES_4813,3304557,Rio de Janeiro,Santa Cruz,6232,2402,0,-43.655651,-22.9363859993222
RES_4814,3304557,Rio de Janeiro,Santa Cruz,5153,2036,0,-43.65345,-22.9313489993223
RES_4815,3304557,Rio de Janeiro,Santa Cruz,4212,1659,0,-43.656117,-22.9205869993225
RES_4816,3304557,Rio de Janeiro,Santa Cruz,2071,788,0,-43.654732,-22.9153629993226
RES_4817,3304557,Rio de Janeiro,Paciência,639,269,0,-43.655447,-22.9037509993229
RES_4818,3304557,Rio de Janeiro,Santa Cruz,714,301,0,-43.658276,-22.8854819993233
RES_4819,3304557,Rio de Janeiro,Santa Cruz,2393,1033,0,-43.645511,-22.9501219993219
RES_4820,3304557,Rio de Janeiro,Santa Cruz,2005,884,0,-43.645538,-22.944834999322
RES_4821,3304557,Rio de Janeiro,Santa Cruz,2238,888,0,-43.64972,-22.9350859993222
RES_4822,3304557,Rio de Janeiro,Santa Cruz,955,381,0,-43.649735,-22.9317449993223
RES_4823,3304557,Rio de Janeiro,Santa Cruz,148,59,0,-43.649632,-22.9272659993224
RES_4824,3304557,Rio de Janeiro,Santa Cruz,317,136,0,-43.64664915392282,-22.881818099999993
RES_4825,3304557,Rio de Janeiro,Santa Cruz,1899,880,0,-43.640211,-22.944926999322
RES_4826,3304557,Rio de Janeiro,Santa Cruz,1977,915,0,-43.636613,-22.9368269993222
RES_4827,3304557,Rio de Janeiro,Santa Cruz,621,234,0,-43.694073,-22.9072009993228
RES_4828,3304557,Rio de Janeiro,Santa Cruz,2171,905,0,-43.659841,-22.9160959993226
RES_4829,3304557,Rio de Janeiro,Santa Cruz,1970,827,0,-43.657583,-22.9153939993226
RES_4830,3304557,Rio de Janeiro,Santa Cruz,522,225,0,-43.654527,-22.943580999322
RES_4831,3304557,Rio de Janeiro,Santa Cruz,838,334,0,-43.691106,-22.9185259993226
RES_4832,3304557,Rio de Janeiro,Santa Cruz,322,132,0,-43.689462,-22.9178709993226
RES_4833,3304557,Rio de Janeiro,Santa Cruz,750,302,0,-43.666176,-22.9140819993227
RES_4834,3304557,Rio de Janeiro,Santa Cruz,825,351,0,-43.662704,-22.9113839993228
RES_4835,3304557,Rio de Janeiro,Santa Cruz,249,100,0,-43.674589,-22.8796959993235
RES_4836,3304557,Rio de Janeiro,Santa Cruz,1246,515,0,-43.67218,-22.8818409993234
RES_4837,3304557,Rio de Janeiro,Santa Cruz,88,35,0,-43.662423,-22.9182649993226
RES_4838,3304557,Rio de Janeiro,Santa Cruz,64,25,0,-43.653051,-22.9195209993226
RES_4839,3304557,Rio de Janeiro,Santa Cruz,109,41,0,-43.65786431415728,-22.918815249999994
RES_4840,3304557,Rio de Janeiro,Santa Cruz,182,71,0,-43.688517,-22.9127169993227
RES_4841,3304557,Rio de Janeiro,Santa Cruz,483,189,0,-43.728089,-22.899462999323
RES_4842,3304557,Rio de Janeiro,Santa Cruz,561,214,0,-43.716441,-22.9035189993229
RES_4843,3304557,Rio de Janeiro,Santa Cruz,1028,429,0,-43.663671,-22.9135839993227
RES_4844,3304557,Rio de Janeiro,Santa Cruz,404,181,0,-43.666515496630396,-22.88714655
RES_4845,3304557,Rio de Janeiro,Santa Cruz,281,120,0,-43.640734,-22.9312239993223
RES_4846,3304557,Rio de Janeiro,Santa Cruz,1847,745,0,-43.722053,-22.8936629993231
RES_4847,3304557,Rio de Janeiro,Santa Cruz,878,375,0,-43.720787,-22.8910479993232
RES_4848,3304557,Rio de Janeiro,Santa Cruz,661,277,0,-43.719432,-22.8903379993232
RES_4849,3304557,Rio de Janeiro,Santa Cruz,221,84,0,-43.730463,-22.8951339993231
RES_4850,3304557,Rio de Janeiro,Santa Cruz,1602,643,0,-43.678888,-22.9080089993228
RES_4851,3304557,Rio de Janeiro,Santa Cruz,474,181,0,-43.674116,-22.9530909993218
RES_4852,3304557,Rio de Janeiro,Santa Cruz,290,107,0,-43.672508,-22.9529579993218
RES_4853,3304557,Rio de Janeiro,Santa Cruz,976,397,0,-43.660433,-22.899867999323
RES_4854,3304557,Rio de Janeiro,Santa Cruz,974,375,0,-43.642806,-22.9302649993223
RES_4855,3304557,Rio de Janeiro,Santa Cruz,560,230,0,-43.658102,-22.9410419993221
RES_4856,3304557,Rio de Janeiro,Santa Cruz,838,366,0,-43.698939,-22.9355209993222
RES_4857,3304557,Rio de Janeiro,Santa Cruz,686,279,0,-43.698695,-22.9336659993222
RES_4858,3304557,Rio de Janeiro,Santa Cruz,1217,497,0,-43.696941,-22.9319419993223
RES_4859,3304557,Rio de Janeiro,Santa Cruz,1062,435,0,-43.65296,-22.9221299993225
RES_4860,3304557,Rio de Janeiro,Santa Cruz,1786,762,0,-43.691986,-22.9088889993228
RES_4861,3304557,Rio de Janeiro,Santa Cruz,635,266,0,-43.669245,-22.9120239993227
RES_4862,3304557,Rio de Janeiro,Santa Cruz,1119,461,0,-43.668533,-22.9091809993228
RES_4863,3304557,Rio de Janeiro,Santa Cruz,144,63,0,-43.679431,-22.8958189993231
RES_4864,3304557,Rio de Janeiro,Santa Cruz,274,111,0,-43.65341523996139,-22.92590135
RES_4865,3304557,Rio de Janeiro,Santa Cruz,442,183,0,-43.654896,-22.9410039993221
RES_4866,3304557,Rio de Janeiro,Santa Cruz,238,84,0,-43.661135,-22.9209699993225
RES_4867,3304557,Rio de Janeiro,Santa Cruz,179,71,0,-43.650535,-22.9292869993224
RES_4868,3304557,Rio de Janeiro,Santa Cruz,2856,1140,0,-43.646518,-22.9273559993224
RES_4869,3304557,Rio de Janeiro,Santa Cruz,1447,582,0,-43.647173,-22.9249219993224
RES_4870,3304557,Rio de Janeiro,Santa Cruz,1102,440,0,-43.700184,-22.9174599993226
RES_4871,3304557,Rio de Janeiro,Santa Cruz,309,127,0,-43.666723,-22.9199119993226
RES_4872,3304557,Rio de Janeiro,Santa Cruz,623,260,0,-43.66545,-22.9203469993225
RES_4873,3304557,Rio de Janeiro,Santa Cruz,222,94,0,-43.69239035645984,-22.93874984999999
RES_4874,3304557,Rio de Janeiro,Sepetiba,1904,723,0,-43.705866,-22.9724279993214
RES_4875,3304557,Rio de Janeiro,Sepetiba,1599,608,0,-43.707062,-22.9664529993215
RES_4876,3304557,Rio de Janeiro,Sepetiba,493,196,0,-43.704672,-22.9586139993217
RES_4877,3304557,Rio de Janeiro,Sepetiba,3328,1255,0,-43.69993,-22.9807019993211
RES_4878,3304557,Rio de Janeiro,Sepetiba,4957,1936,0,-43.699766,-22.9742889993213
RES_4879,3304557,Rio de Janeiro,Sepetiba,3538,1377,0,-43.700227,-22.9671549993215
RES_4880,3304557,Rio de Janeiro,Sepetiba,2069,832,0,-43.702716,-22.9605409993216
RES_4881,3304557,Rio de Janeiro,Sepetiba,204,91,0,-43.70179,-22.9547709993217
RES_4882,3304557,Rio de Janeiro,Sepetiba,1314,495,0,-43.690954,-22.986022999321
RES_4883,3304557,Rio de Janeiro,Sepetiba,4499,1695,0,-43.692635,-22.9809429993212
RES_4884,3304557,Rio de Janeiro,Sepetiba,3482,1331,0,-43.692849,-22.9737819993213
RES_4885,3304557,Rio de Janeiro,Sepetiba,5596,2281,0,-43.692491,-22.9664759993215
RES_4886,3304557,Rio de Janeiro,Sepetiba,4880,1934,0,-43.692084,-22.9586479993217
RES_4887,3304557,Rio de Janeiro,Sepetiba,1824,748,0,-43.690799,-22.9542559993218
RES_4888,3304557,Rio de Janeiro,Sepetiba,381,140,0,-43.68817,-22.985638999321
RES_4889,3304557,Rio de Janeiro,Sepetiba,2982,1132,0,-43.685635,-22.9808019993212
RES_4890,3304557,Rio de Janeiro,Sepetiba,3523,1377,0,-43.684992,-22.9733279993213
RES_4891,3304557,Rio de Janeiro,Sepetiba,1763,724,0,-43.685177,-22.9670149993215
RES_4892,3304557,Rio de Janeiro,Sepetiba,4612,1901,0,-43.686202,-22.9589339993217
RES_4893,3304557,Rio de Janeiro,Sepetiba,2133,849,0,-43.686393,-22.9519869993218
RES_4894,3304557,Rio de Janeiro,Sepetiba,240,92,0,-43.67655612197508,-22.978409900000003
RES_4895,3304557,Rio de Janeiro,Sepetiba,1379,575,0,-43.677396,-22.9735479993213
RES_4896,3304557,Rio de Janeiro,Sepetiba,316,124,0,-43.677972,-22.9679449993214
RES_4897,3304557,Rio de Janeiro,Sepetiba,758,307,0,-43.709456,-22.9663389993215
RES_4898,3304557,Rio de Janeiro,Sepetiba,178,67,0,-43.702603,-22.9711339993214
RES_4899,3304557,Rio de Janeiro,Sepetiba,149,55,0,-43.709337,-22.9696009993214
RES_4900,3304557,Rio de Janeiro,Sepetiba,318,127,0,-43.680189,-22.9793919993212
RES_4901,3304557,Rio de Janeiro,Sepetiba,85,29,0,-43.681602,-22.9775159993212
RES_4902,3304557,Rio de Janeiro,Sepetiba,124,49,0,-43.707909,-22.9638809993215
RES_4903,3304557,Rio de Janeiro,Sepetiba,110,45,0,-43.705874,-22.9598329993216
RES_4904,3304557,Rio de Janeiro,Ribeira,943,370,0,-43.172418,-22.8267609993247
RES_4905,3304557,Rio de Janeiro,Ribeira,2023,762,0,-43.171161,-22.8233889993248
RES_4906,3304557,Rio de Janeiro,Ribeira,508,196,0,-43.169488,-22.8229409993248
RES_4907,3304557,Rio de Janeiro,Zumbi,727,283,0,-43.176809,-22.8207279993248
RES_4908,3304557,Rio de Janeiro,Pitangueiras,324,111,0,-43.177711,-22.8197249993248
RES_4909,3304557,Rio de Janeiro,Zumbi,766,282,0,-43.17525,-22.8221529993248
RES_4910,3304557,Rio de Janeiro,Cacuia,3345,1333,0,-43.186771,-22.8163409993249
RES_4911,3304557,Rio de Janeiro,Cacuia,1403,583,0,-43.186393,-22.811743999325
RES_4912,3304557,Rio de Janeiro,Cacuia,373,136,0,-43.187203,-22.8179909993249
RES_4913,3304557,Rio de Janeiro,Cacuia,1325,544,0,-43.183211,-22.814022999325
RES_4914,3304557,Rio de Janeiro,Cacuia,1639,657,0,-43.181748,-22.812649999325
RES_4915,3304557,Rio de Janeiro,Cacuia,80,31,0,-43.183021,-22.814585999325
RES_4916,3304557,Rio de Janeiro,Cacuia,2227,893,0,-43.17875,-22.8229699993248
RES_4917,3304557,Rio de Janeiro,Pitangueiras,1018,396,0,-43.184697,-22.8178589993249
RES_4918,3304557,Rio de Janeiro,Pitangueiras,3574,1384,0,-43.179149,-22.8169709993249
RES_4919,3304557,Rio de Janeiro,Pitangueiras,977,398,0,-43.184157,-22.8173629993249
RES_4920,3304557,Rio de Janeiro,Pitangueiras,4673,1865,0,-43.182791,-22.8168679993249
RES_4921,3304557,Rio de Janeiro,Praia da Bandeira,5153,2075,0,-43.179835,-22.8105279993251
RES_4922,3304557,Rio de Janeiro,Praia da Bandeira,1582,618,0,-43.181426,-22.8075649993251
RES_4923,3304557,Rio de Janeiro,Cocotá,3439,1340,0,-43.181344,-22.8026069993252
RES_4924,3304557,Rio de Janeiro,Bancários,1131,445,0,-43.184364,-22.7890549993256
RES_4925,3304557,Rio de Janeiro,Bancários,973,384,0,-43.177715,-22.7991619993253
RES_4926,3304557,Rio de Janeiro,Bancários,2571,1041,0,-43.178653,-22.7940649993255
RES_4927,3304557,Rio de Janeiro,Bancários,466,194,0,-43.182605,-22.7899539993255
RES_4928,3304557,Rio de Janeiro,Bancários,845,346,0,-43.174865,-22.7970409993254
RES_4929,3304557,Rio de Janeiro,Bancários,645,260,0,-43.178423,-22.7969229993254
RES_4930,3304557,Rio de Janeiro,Bancários,807,325,0,-43.175789,-22.7981719993253
RES_4931,3304557,Rio de Janeiro,Bancários,426,175,0,-43.174437,-22.7965609993254
RES_4932,3304557,Rio de Janeiro,Bancários,3198,1331,0,-43.185644,-22.7882849993256
RES_4933,3304557,Rio de Janeiro,Freguesia (Ilha),781,322,0,-43.17825,-22.7915399993255
RES_4934,3304557,Rio de Janeiro,Freguesia (Ilha),2229,919,0,-43.178798,-22.7891629993256
RES_4935,3304557,Rio de Janeiro,Freguesia (Ilha),2849,1082,0,-43.172658,-22.7933389993255
RES_4936,3304557,Rio de Janeiro,Freguesia (Ilha),3117,1240,0,-43.172158,-22.7898099993256
RES_4937,3304557,Rio de Janeiro,Freguesia (Ilha),2088,827,0,-43.166309,-22.7904409993255
RES_4938,3304557,Rio de Janeiro,Freguesia (Ilha),2739,1118,0,-43.173705,-22.7874599993256
RES_4939,3304557,Rio de Janeiro,Freguesia (Ilha),280,112,0,-43.173093,-22.7891229993256
RES_4940,3304557,Rio de Janeiro,Freguesia (Ilha),476,189,0,-43.176828,-22.7873159993256
RES_4941,3304557,Rio de Janeiro,Freguesia (Ilha),415,166,0,-43.177169,-22.7895959993256
RES_4942,3304557,Rio de Janeiro,Freguesia (Ilha),255,105,0,-43.175181,-22.7914259993255
RES_4943,3304557,Rio de Janeiro,Freguesia (Ilha),671,269,0,-43.18093,-22.7876449993256
RES_4944,3304557,Rio de Janeiro,Jardim Guanabara,751,255,0,-43.208176,-22.814573999325
RES_4945,3304557,Rio de Janeiro,Jardim Guanabara,6212,2300,0,-43.210738,-22.8105999993251
RES_4946,3304557,Rio de Janeiro,Jardim Guanabara,5637,2116,0,-43.203261,-22.8160339993249
RES_4947,3304557,Rio de Janeiro,Jardim Guanabara,4495,1736,0,-43.203307,-22.8093989993251
RES_4948,3304557,Rio de Janeiro,Jardim Guanabara,732,274,0,-43.203556,-22.8056519993252
RES_4949,3304557,Rio de Janeiro,Jardim Guanabara,3848,1467,0,-43.195558,-22.8164659993249
RES_4950,3304557,Rio de Janeiro,Jardim Guanabara,3000,1157,0,-43.196543,-22.811005999325
RES_4951,3304557,Rio de Janeiro,Jardim Guanabara,1890,744,0,-43.190278,-22.815452999325
RES_4952,3304557,Rio de Janeiro,Jardim Guanabara,519,202,0,-43.18927,-22.8184869993249
RES_4953,3304557,Rio de Janeiro,Jardim Carioca,782,294,0,-43.200108,-22.8030949993252
RES_4954,3304557,Rio de Janeiro,Jardim Carioca,2442,939,0,-43.193566,-22.8084469993251
RES_4955,3304557,Rio de Janeiro,Jardim Carioca,4602,1834,0,-43.196265,-22.8032659993252
RES_4956,3304557,Rio de Janeiro,Jardim Carioca,5287,2102,0,-43.189043,-22.8085139993251
RES_4957,3304557,Rio de Janeiro,Jardim Carioca,2656,1103,0,-43.187787,-22.8047499993252
RES_4958,3304557,Rio de Janeiro,Jardim Carioca,2599,1032,0,-43.192412,-22.8041599993252
RES_4959,3304557,Rio de Janeiro,Jardim Carioca,2006,834,0,-43.190816,-22.8034439993252
RES_4960,3304557,Rio de Janeiro,Tauá,669,258,0,-43.195856,-22.8003639993253
RES_4961,3304557,Rio de Janeiro,Tauá,589,226,0,-43.194253,-22.7983709993253
RES_4962,3304557,Rio de Janeiro,Tauá,3196,1295,0,-43.187472,-22.8016059993253
RES_4963,3304557,Rio de Janeiro,Tauá,5027,1905,0,-43.186535,-22.7963689993254
RES_4964,3304557,Rio de Janeiro,Tauá,1045,421,0,-43.186549,-22.7907619993255
RES_4965,3304557,Rio de Janeiro,Tauá,2063,799,0,-43.182302,-22.7957799993254
RES_4966,3304557,Rio de Janeiro,Tauá,1336,547,0,-43.189768,-22.7959969993254
RES_4967,3304557,Rio de Janeiro,Tauá,961,396,0,-43.180427,-22.7968599993254
RES_4968,3304557,Rio de Janeiro,Tauá,545,237,0,-43.188807,-22.8029329993252
RES_4969,3304557,Rio de Janeiro,Tauá,208,87,0,-43.183162,-22.7969629993254
RES_4970,3304557,Rio de Janeiro,Tauá,6702,2795,0,-43.1857,-22.8022459993253
RES_4971,3304557,Rio de Janeiro,Tauá,1604,658,0,-43.183546,-22.8020659993252
RES_4972,3304557,Rio de Janeiro,Tauá,724,295,0,-43.182058,-22.7990729993253
RES_4973,3304557,Rio de Janeiro,Tauá,1747,744,0,-43.188485,-22.7942549993254
RES_4974,3304557,Rio de Janeiro,Tauá,66,26,0,-43.184807,-22.8046159993252
RES_4975,3304557,Rio de Janeiro,Moneró,2047,762,0,-43.200176,-22.7969899993254
RES_4976,3304557,Rio de Janeiro,Moneró,394,134,0,-43.198504,-22.7993629993253
RES_4977,3304557,Rio de Janeiro,Moneró,3282,1229,0,-43.196163,-22.7968639993254
RES_4978,3304557,Rio de Janeiro,Portuguesa,4686,1709,0,-43.209797,-22.8016449993252
RES_4979,3304557,Rio de Janeiro,Portuguesa,2980,1129,0,-43.209096,-22.7977139993254
RES_4980,3304557,Rio de Janeiro,Portuguesa,4356,1615,0,-43.204585,-22.8008249993253
RES_4981,3304557,Rio de Janeiro,Portuguesa,2550,971,0,-43.205352,-22.7981369993253
RES_4982,3304557,Rio de Janeiro,Portuguesa,5259,2284,0,-43.209404,-22.7943859993254
RES_4983,3304557,Rio de Janeiro,Galeão,894,400,0,-43.233351,-22.8183649993249
RES_4984,3304557,Rio de Janeiro,Galeão,553,218,0,-43.233729,-22.814407999325
RES_4985,3304557,Rio de Janeiro,Galeão,1645,734,0,-43.235352,-22.813015999325
RES_4986,3304557,Rio de Janeiro,Galeão,577,239,0,-43.224285,-22.812538999325
RES_4987,3304557,Rio de Janeiro,Galeão,1004,427,0,-43.227107,-22.8179389993249
RES_4988,3304557,Rio de Janeiro,Galeão,296,122,0,-43.224509,-22.8102919993251
RES_4989,3304557,Rio de Janeiro,Galeão,1772,688,0,-43.227578,-22.7857169993256
RES_4990,3304557,Rio de Janeiro,Galeão,491,165,0,-43.225931,-22.7848819993256
RES_4991,3304557,Rio de Janeiro,Galeão,520,232,0,-43.219755,-22.8160379993249
RES_4992,3304557,Rio de Janeiro,Galeão,232,89,0,-43.222842,-22.8085329993251
RES_4993,3304557,Rio de Janeiro,Galeão,2541,1077,0,-43.23151,-22.815267999325
RES_4994,3304557,Rio de Janeiro,Galeão,1222,494,0,-43.231268,-22.813127999325
RES_4995,3304557,Rio de Janeiro,Galeão,2365,996,0,-43.229947,-22.8161069993249
RES_4996,3304557,Rio de Janeiro,Galeão,4034,1687,0,-43.229373,-22.812410999325
RES_4997,3304557,Rio de Janeiro,Galeão,1011,416,0,-43.235869,-22.8106089993251
RES_4998,3304557,Rio de Janeiro,Galeão,1659,729,0,-43.225873,-22.811647999325
RES_4999,3304557,Rio de Janeiro,Cidade Universitária,48,19,0,-43.218843,-22.8678999993237
RES_5000,3304557,Rio de Janeiro,Cidade Universitária,1183,495,0,-43.218135,-22.8693559993237
RES_5001,3304557,Rio de Janeiro,Cidade Universitária,72,29,0,-43.212464,-22.858786999324
RES_5002,3304557,Rio de Janeiro,Guadalupe,551,222,0,-43.378891,-22.8481809993242
RES_5003,3304557,Rio de Janeiro,Guadalupe,4775,1783,0,-43.380001,-22.8407019993244
RES_5004,3304557,Rio de Janeiro,Guadalupe,6036,2404,0,-43.381804,-22.8339109993245
RES_5005,3304557,Rio de Janeiro,Guadalupe,7139,2705,0,-43.374059,-22.8468199993242
RES_5006,3304557,Rio de Janeiro,Guadalupe,6379,2668,0,-43.37512,-22.8405169993244
RES_5007,3304557,Rio de Janeiro,Guadalupe,4414,1709,0,-43.376269,-22.8339159993245
RES_5008,3304557,Rio de Janeiro,Guadalupe,3277,1250,0,-43.366842,-22.8457489993243
RES_5009,3304557,Rio de Janeiro,Guadalupe,2225,806,0,-43.367162,-22.8428919993243
RES_5010,3304557,Rio de Janeiro,Guadalupe,47,19,0,-43.381599,-22.8307659993246
RES_5011,3304557,Rio de Janeiro,Guadalupe,433,164,0,-43.379028,-22.8347469993245
RES_5012,3304557,Rio de Janeiro,Guadalupe,92,35,0,-43.3708,-22.8485659993242
RES_5013,3304557,Rio de Janeiro,Guadalupe,692,262,0,-43.365794,-22.8395139993244
RES_5014,3304557,Rio de Janeiro,Guadalupe,3203,1306,0,-43.38311,-22.8274349993247
RES_5015,3304557,Rio de Janeiro,Guadalupe,176,75,0,-43.367317,-22.8469779993242
RES_5016,3304557,Rio de Janeiro,Guadalupe,1265,526,0,-43.379951,-22.8312409993246
RES_5017,3304557,Rio de Janeiro,Guadalupe,116,43,0,-43.363721,-22.8466669993242
RES_5018,3304557,Rio de Janeiro,Anchieta,1994,773,0,-43.411755,-22.8319259993246
RES_5019,3304557,Rio de Janeiro,Anchieta,7556,2998,0,-43.413224,-22.8266349993247
RES_5020,3304557,Rio de Janeiro,Anchieta,1456,574,0,-43.411902,-22.8222089993248
RES_5021,3304557,Rio de Janeiro,Anchieta,1309,514,0,-43.408503,-22.8310879993246
RES_5022,3304557,Rio de Janeiro,Anchieta,5102,2047,0,-43.40602,-22.8262089993247
RES_5023,3304557,Rio de Janeiro,Anchieta,2826,1108,0,-43.405844,-22.8215849993248
RES_5024,3304557,Rio de Janeiro,Anchieta,115,46,0,-43.395091,-22.8303129993246
RES_5025,3304557,Rio de Janeiro,Anchieta,4105,1673,0,-43.397954,-22.8262349993247
RES_5026,3304557,Rio de Janeiro,Anchieta,6396,2657,0,-43.39779,-22.8192049993249
RES_5027,3304557,Rio de Janeiro,Anchieta,3707,1493,0,-43.39067,-22.8245849993247
RES_5028,3304557,Rio de Janeiro,Anchieta,7146,2884,0,-43.390864,-22.8188269993249
RES_5029,3304557,Rio de Janeiro,Anchieta,1236,498,0,-43.383786,-22.8245969993247
RES_5030,3304557,Rio de Janeiro,Anchieta,561,228,0,-43.385735,-22.8211219993248
RES_5031,3304557,Rio de Janeiro,Anchieta,1012,412,0,-43.389979,-22.8157109993249
RES_5032,3304557,Rio de Janeiro,Anchieta,50,20,0,-43.391322,-22.814302999325
RES_5033,3304557,Rio de Janeiro,Anchieta,506,203,0,-43.412878,-22.8209119993248
RES_5034,3304557,Rio de Janeiro,Anchieta,200,76,0,-43.383484,-22.8224459993248
RES_5035,3304557,Rio de Janeiro,Anchieta,134,55,0,-43.391044,-22.8249529993247
RES_5036,3304557,Rio de Janeiro,Anchieta,380,157,0,-43.411289,-22.8270229993247
RES_5037,3304557,Rio de Janeiro,Anchieta,1138,461,0,-43.388006,-22.8268049993247
RES_5038,3304557,Rio de Janeiro,Anchieta,265,111,0,-43.388745,-22.8185319993249
RES_5039,3304557,Rio de Janeiro,Anchieta,126,48,0,-43.397607,-22.8166689993249
RES_5040,3304557,Rio de Janeiro,Anchieta,81,32,0,-43.41672,-22.8246259993247
RES_5041,3304557,Rio de Janeiro,Anchieta,214,84,0,-43.386886,-22.8280439993247
RES_5042,3304557,Rio de Janeiro,Anchieta,2077,834,0,-43.395358,-22.8249919993247
RES_5043,3304557,Rio de Janeiro,Anchieta,1402,567,0,-43.393554,-22.8242049993248
RES_5044,3304557,Rio de Janeiro,Anchieta,140,56,0,-43.399294,-22.8252879993247
RES_5045,3304557,Rio de Janeiro,Anchieta,124,51,0,-43.411306,-22.8280019993247
RES_5046,3304557,Rio de Janeiro,Anchieta,183,74,0,-43.412347,-22.8313729993246
RES_5047,3304557,Rio de Janeiro,Anchieta,54,22,0,-43.393746,-22.814997999325
RES_5048,3304557,Rio de Janeiro,Anchieta,136,53,0,-43.39438,-22.8225799993248
RES_5049,3304557,Rio de Janeiro,Anchieta,97,40,0,-43.410704,-22.8272799993247
RES_5050,3304557,Rio de Janeiro,Anchieta,272,103,0,-43.392238,-22.814942999325
RES_5051,3304557,Rio de Janeiro,Anchieta,469,179,0,-43.409009,-22.8287119993247
RES_5052,3304557,Rio de Janeiro,Parque Anchieta,706,274,0,-43.419269,-22.8303519993246
RES_5053,3304557,Rio de Janeiro,Parque Anchieta,1177,461,0,-43.417815,-22.8289419993246
RES_5054,3304557,Rio de Janeiro,Parque Anchieta,1382,521,0,-43.411849,-22.8381899993244
RES_5055,3304557,Rio de Janeiro,Parque Anchieta,5495,2168,0,-43.414139,-22.8341599993245
RES_5056,3304557,Rio de Janeiro,Parque Anchieta,537,194,0,-43.416368,-22.8295749993246
RES_5057,3304557,Rio de Janeiro,Parque Anchieta,5556,2193,0,-43.404986,-22.8344029993245
RES_5058,3304557,Rio de Janeiro,Parque Anchieta,967,368,0,-43.402928,-22.8283859993247
RES_5059,3304557,Rio de Janeiro,Parque Anchieta,4912,1949,0,-43.399097,-22.8341299993245
RES_5060,3304557,Rio de Janeiro,Parque Anchieta,527,215,0,-43.40128,-22.8364089993245
RES_5061,3304557,Rio de Janeiro,Parque Anchieta,293,116,0,-43.419433,-22.8285529993246
RES_5062,3304557,Rio de Janeiro,Ricardo de Albuquerque,536,217,0,-43.405488,-22.8453419993243
RES_5063,3304557,Rio de Janeiro,Ricardo de Albuquerque,8312,3316,0,-43.406416,-22.8412799993243
RES_5064,3304557,Rio de Janeiro,Ricardo de Albuquerque,4548,1793,0,-43.400128,-22.8399619993244
RES_5065,3304557,Rio de Janeiro,Ricardo de Albuquerque,1448,594,0,-43.394731,-22.8332279993245
RES_5066,3304557,Rio de Janeiro,Ricardo de Albuquerque,1153,462,0,-43.393282,-22.8384689993244
RES_5067,3304557,Rio de Janeiro,Ricardo de Albuquerque,7895,3115,0,-43.390583,-22.8331769993245
RES_5068,3304557,Rio de Janeiro,Ricardo de Albuquerque,961,381,0,-43.390739,-22.8278659993247
RES_5069,3304557,Rio de Janeiro,Ricardo de Albuquerque,1687,656,0,-43.385469,-22.8343279993245
RES_5070,3304557,Rio de Janeiro,Ricardo de Albuquerque,203,84,0,-43.389783692897204,-22.831084099999998
RES_5071,3304557,Rio de Janeiro,Ricardo de Albuquerque,1036,412,0,-43.389631,-22.8288079993246
RES_5072,3304557,Rio de Janeiro,Santa Teresa,8,3,0,-43.205513,-22.945276999322
RES_5073,3304557,Rio de Janeiro,Santa Teresa,300,127,0,-43.21143,-22.9391579993221
RES_5074,3304557,Rio de Janeiro,Santa Teresa,778,312,0,-43.203002,-22.9341609993222
RES_5075,3304557,Rio de Janeiro,Santa Teresa,275,124,0,-43.197874,-22.9268259993224
RES_5076,3304557,Rio de Janeiro,Rio Comprido,1121,433,0,-43.199461,-22.9325029993223
RES_5077,3304557,Rio de Janeiro,Santa Teresa,4197,1754,0,-43.193862,-22.9255709993224
RES_5078,3304557,Rio de Janeiro,Santa Teresa,5348,2229,0,-43.191774,-22.9177249993226
RES_5079,3304557,Rio de Janeiro,Santa Teresa,720,311,0,-43.193384,-22.9129049993227
RES_5080,3304557,Rio de Janeiro,Santa Teresa,2163,880,0,-43.184422,-22.9232949993225
RES_5081,3304557,Rio de Janeiro,Santa Teresa,5852,2445,0,-43.186625,-22.9176349993226
RES_5082,3304557,Rio de Janeiro,Santa Teresa,1173,505,0,-43.181481,-22.9222629993225
RES_5083,3304557,Rio de Janeiro,Santa Teresa,4624,1927,0,-43.180449,-22.9181989993226
RES_5084,3304557,Rio de Janeiro,Santa Teresa,282,118,0,-43.194363,-22.9136819993227
RES_5085,3304557,Rio de Janeiro,Santa Teresa,453,179,0,-43.195643,-22.9281839993224
RES_5086,3304557,Rio de Janeiro,Santa Teresa,317,132,0,-43.184461,-22.9195849993226
RES_5087,3304557,Rio de Janeiro,Santa Teresa,217,88,0,-43.19349,-22.9130599993227
RES_5088,3304557,Rio de Janeiro,Santa Teresa,1164,540,0,-43.201799,-22.9365769993222
RES_5089,3304557,Rio de Janeiro,Santa Teresa,132,51,0,-43.194176,-22.9283079993224
RES_5090,3304557,Rio de Janeiro,Santa Teresa,2934,1238,0,-43.193931,-22.9222729993225
RES_5091,3304557,Rio de Janeiro,Santa Teresa,868,360,0,-43.202345,-22.9324179993223
RES_5092,3304557,Rio de Janeiro,Santa Teresa,1846,766,0,-43.20367,-22.9338159993222
RES_5093,3304557,Rio de Janeiro,Santa Teresa,520,223,0,-43.194608,-22.9259869993224
RES_5094,3304557,Rio de Janeiro,Santa Teresa,96,42,0,-43.191357,-22.9183019993226
RES_5095,3304557,Rio de Janeiro,Rio Comprido,150,63,0,-43.196684,-22.9273639993224
RES_5096,3304557,Rio de Janeiro,Santa Teresa,131,55,0,-43.192967,-22.9135049993227
RES_5097,3304557,Rio de Janeiro,Santa Teresa,204,88,0,-43.191205,-22.9257479993224
RES_5098,3304557,Rio de Janeiro,Joá,983,403,0,-43.290488,-23.0111859993205
RES_5099,3304557,Rio de Janeiro,Itanhangá,1110,503,0,-43.330151,-22.988332999321
RES_5100,3304557,Rio de Janeiro,Itanhangá,121,59,0,-43.330367,-22.987787999321
RES_5101,3304557,Rio de Janeiro,Itanhangá,1405,641,0,-43.329648,-22.9764679993212
RES_5102,3304557,Rio de Janeiro,Itanhangá,2052,950,0,-43.323338,-22.9899939993209
RES_5103,3304557,Rio de Janeiro,Itanhangá,1394,612,0,-43.324192,-22.987364999321
RES_5104,3304557,Rio de Janeiro,Itanhangá,5723,2476,0,-43.328222,-22.9762049993213
RES_5105,3304557,Rio de Janeiro,Itanhangá,1502,711,0,-43.320071,-22.9968959993208
RES_5106,3304557,Rio de Janeiro,Itanhangá,3252,1474,0,-43.318911,-22.9897549993209
RES_5107,3304557,Rio de Janeiro,Itanhangá,100,40,0,-43.317296,-22.987930999321
RES_5108,3304557,Rio de Janeiro,Itanhangá,1038,453,0,-43.309921,-22.9993899993207
RES_5109,3304557,Rio de Janeiro,Itanhangá,289,120,0,-43.311198,-22.988654999321
RES_5110,3304557,Rio de Janeiro,Itanhangá,92,35,0,-43.306779,-22.9842079993211
RES_5111,3304557,Rio de Janeiro,Itanhangá,602,205,0,-43.303461,-23.0014749993207
RES_5112,3304557,Rio de Janeiro,Itanhangá,509,182,0,-43.30061,-22.9912329993209
RES_5113,3304557,Rio de Janeiro,Itanhangá,749,264,0,-43.301992,-22.9841909993211
RES_5114,3304557,Rio de Janeiro,Itanhangá,30,12,0,-43.29873,-22.9743079993213
RES_5115,3304557,Rio de Janeiro,Itanhangá,632,237,0,-43.297111,-22.9939849993209
RES_5116,3304557,Rio de Janeiro,Alto da Boa Vista,37,14,0,-43.29613,-22.9742499993213
RES_5117,3304557,Rio de Janeiro,Itanhangá,501,202,0,-43.29539,-22.9797749993212
RES_5118,3304557,Rio de Janeiro,Itanhangá,760,325,0,-43.32139,-22.9931849993209
RES_5119,3304557,Rio de Janeiro,Itanhangá,1924,886,0,-43.322586,-22.9901269993209
RES_5120,3304557,Rio de Janeiro,Itanhangá,515,221,0,-43.293126,-22.9827379993211
RES_5121,3304557,Rio de Janeiro,Itanhangá,3738,1678,0,-43.294268,-22.988431999321
RES_5122,3304557,Rio de Janeiro,Itanhangá,2341,1032,0,-43.29593,-22.987833999321
RES_5123,3304557,Rio de Janeiro,Itanhangá,275,110,0,-43.295564,-22.9819429993211
RES_5124,3304557,Rio de Janeiro,Itanhangá,526,247,0,-43.321906,-22.988586999321
RES_5125,3304557,Rio de Janeiro,Itanhangá,4372,2035,0,-43.320444,-22.9908459993209
RES_5126,3304557,Rio de Janeiro,Itanhangá,8084,3616,0,-43.320657,-22.987328999321
RES_5127,3304557,Rio de Janeiro,Itanhangá,354,181,0,-43.329855,-22.988187999321
RES_5128,3304557,Rio de Janeiro,Itanhangá,494,250,0,-43.328868,-22.988378999321
RES_5129,3304557,Rio de Janeiro,Itanhangá,1968,858,0,-43.339968,-22.9815269993211
RES_5130,3304557,Rio de Janeiro,Itanhangá,4234,1942,0,-43.338742,-22.9800639993212
RES_5131,3304557,Rio de Janeiro,Itanhangá,4139,1939,0,-43.336728,-22.9788309993212
RES_5132,3304557,Rio de Janeiro,Itanhangá,2495,1129,0,-43.311893,-22.9910769993209
RES_5133,3304557,Rio de Janeiro,Itanhangá,3217,1525,0,-43.308123,-22.988814999321
RES_5134,3304557,Rio de Janeiro,Itanhangá,5557,2644,0,-43.30895,-22.987421999321
RES_5135,3304557,Rio de Janeiro,Itanhangá,376,179,0,-43.305913,-22.987877999321
RES_5136,3304557,Rio de Janeiro,Itanhangá,549,269,0,-43.306405,-22.987437999321
RES_5137,3304557,Rio de Janeiro,Itanhangá,1024,468,0,-43.314088,-22.9975329993208
RES_5138,3304557,Rio de Janeiro,Itanhangá,457,199,0,-43.310822,-22.9912699993209
RES_5139,3304557,Rio de Janeiro,Barra da Tijuca,1909,736,0,-43.439058,-23.0099119993205
RES_5140,3304557,Rio de Janeiro,Barra da Tijuca,465,176,0,-43.437882,-23.0130599993204
RES_5141,3304557,Rio de Janeiro,Barra da Tijuca,3960,1539,0,-43.436126,-23.0094329993205
RES_5142,3304557,Rio de Janeiro,Barra da Tijuca,5770,2065,0,-43.428694,-23.0082159993205
RES_5143,3304557,Rio de Janeiro,Barra da Tijuca,2093,865,0,-43.426288,-23.0025379993207
RES_5144,3304557,Rio de Janeiro,Barra da Tijuca,3224,1205,0,-43.420323,-23.0092169993205
RES_5145,3304557,Rio de Janeiro,Barra da Tijuca,3950,1661,0,-43.418957,-22.9991239993207
RES_5146,3304557,Rio de Janeiro,Barra da Tijuca,7,2,0,-43.418158,-23.0162919993203
RES_5147,3304557,Rio de Janeiro,Barra da Tijuca,428,171,0,-43.412293,-22.9982629993208
RES_5148,3304557,Rio de Janeiro,Barra da Tijuca,447,168,0,-43.412326,-22.9966229993208
RES_5149,3304557,Rio de Janeiro,Barra da Tijuca,1045,421,0,-43.403109,-23.0016569993207
RES_5150,3304557,Rio de Janeiro,Barra da Tijuca,1461,612,0,-43.403021,-22.9936889993209
RES_5151,3304557,Rio de Janeiro,Barra Olímpica,49,20,0,-43.40234,-22.9738579993213
RES_5152,3304557,Rio de Janeiro,Barra da Tijuca,250,92,0,-43.397799,-23.0041319993206
RES_5153,3304557,Rio de Janeiro,Barra da Tijuca,4089,1590,0,-43.393928,-22.9996769993207
RES_5154,3304557,Rio de Janeiro,Barra da Tijuca,444,188,0,-43.395742,-22.9925429993209
RES_5155,3304557,Rio de Janeiro,Barra Olímpica,2192,872,0,-43.395307,-22.9720379993214
RES_5156,3304557,Rio de Janeiro,Barra da Tijuca,613,201,0,-43.384636,-23.0040269993206
RES_5157,3304557,Rio de Janeiro,Barra da Tijuca,4981,1837,0,-43.388309,-22.9997639993207
RES_5158,3304557,Rio de Janeiro,Barra da Tijuca,725,295,0,-43.383896,-22.9838049993211
RES_5159,3304557,Rio de Janeiro,Barra Olímpica,230,92,0,-43.38647689743327,-22.97544695
RES_5160,3304557,Rio de Janeiro,Barra Olímpica,1802,728,0,-43.387864,-22.9730379993213
RES_5161,3304557,Rio de Janeiro,Barra da Tijuca,2035,665,0,-43.379443,-23.0032839993206
RES_5162,3304557,Rio de Janeiro,Barra da Tijuca,4882,1600,0,-43.380109,-22.9992339993207
RES_5163,3304557,Rio de Janeiro,Barra da Tijuca,426,171,0,-43.381847,-22.9913919993209
RES_5164,3304557,Rio de Janeiro,Barra da Tijuca,1710,708,0,-43.382747,-22.9851849993211
RES_5165,3304557,Rio de Janeiro,Barra Olímpica,5067,1977,0,-43.382441,-22.9717499993214
RES_5166,3304557,Rio de Janeiro,Barra da Tijuca,2211,828,0,-43.370357,-23.0089379993205
RES_5167,3304557,Rio de Janeiro,Barra da Tijuca,919,366,0,-43.371376,-23.0026219993207
RES_5168,3304557,Rio de Janeiro,Barra da Tijuca,3766,1344,0,-43.365323,-23.0090999993205
RES_5169,3304557,Rio de Janeiro,Barra da Tijuca,780,228,0,-43.361582,-23.0013709993207
RES_5170,3304557,Rio de Janeiro,Barra da Tijuca,1405,525,0,-43.356806,-23.0090729993205
RES_5171,3304557,Rio de Janeiro,Barra da Tijuca,1004,352,0,-43.358929,-23.0013259993207
RES_5172,3304557,Rio de Janeiro,Barra da Tijuca,1975,772,0,-43.355316,-22.989607999321
RES_5173,3304557,Rio de Janeiro,Barra da Tijuca,2641,1085,0,-43.357344,-22.986898999321
RES_5174,3304557,Rio de Janeiro,Barra da Tijuca,6880,2356,0,-43.349037,-23.0047909993206
RES_5175,3304557,Rio de Janeiro,Barra da Tijuca,3599,1331,0,-43.349256,-22.9982509993207
RES_5176,3304557,Rio de Janeiro,Barra da Tijuca,6716,2584,0,-43.350453,-22.9901929993209
RES_5177,3304557,Rio de Janeiro,Barra da Tijuca,357,132,0,-43.35005,-22.988776999321
RES_5178,3304557,Rio de Janeiro,Barra da Tijuca,6489,2308,0,-43.341723,-23.0058259993206
RES_5179,3304557,Rio de Janeiro,Barra da Tijuca,1443,453,0,-43.340854,-23.0023279993206
RES_5180,3304557,Rio de Janeiro,Barra da Tijuca,1300,470,0,-43.330636,-23.0102989993205
RES_5181,3304557,Rio de Janeiro,Barra da Tijuca,7531,2799,0,-43.33309,-23.0074239993206
RES_5182,3304557,Rio de Janeiro,Barra da Tijuca,773,284,0,-43.337348,-22.9979369993208
RES_5183,3304557,Rio de Janeiro,Barra da Tijuca,1204,417,0,-43.328009,-23.0101189993205
RES_5184,3304557,Rio de Janeiro,Barra da Tijuca,20504,7624,0,-43.325961,-23.0068589993205
RES_5185,3304557,Rio de Janeiro,Barra da Tijuca,741,336,0,-43.327675,-23.0023159993207
RES_5186,3304557,Rio de Janeiro,Barra da Tijuca,3194,1199,0,-43.317398,-23.0111849993205
RES_5187,3304557,Rio de Janeiro,Barra da Tijuca,4293,1609,0,-43.318219,-23.0084369993205
RES_5188,3304557,Rio de Janeiro,Barra da Tijuca,5448,1998,0,-43.309688,-23.0127249993204
RES_5189,3304557,Rio de Janeiro,Barra da Tijuca,4290,1754,0,-43.310632,-23.0063509993205
RES_5190,3304557,Rio de Janeiro,Barra da Tijuca,808,384,0,-43.309121,-23.0021839993207
RES_5191,3304557,Rio de Janeiro,Barra da Tijuca,4219,1647,0,-43.302345,-23.0127279993204
RES_5192,3304557,Rio de Janeiro,Barra da Tijuca,1134,430,0,-43.303811,-23.0092589993205
RES_5193,3304557,Rio de Janeiro,Barra da Tijuca,425,161,0,-43.296833,-23.0099089993205
RES_5194,3304557,Rio de Janeiro,Barra da Tijuca,1082,413,0,-43.296575,-23.0077079993205
RES_5195,3304557,Rio de Janeiro,Barra da Tijuca,218,105,0,-43.419627,-23.0008839993207
RES_5196,3304557,Rio de Janeiro,Camorim,118,45,0,-43.433585,-22.9833879993211
RES_5197,3304557,Rio de Janeiro,Camorim,729,317,0,-43.428664,-22.9693409993214
RES_5198,3304557,Rio de Janeiro,Barra Olímpica,277,143,0,-43.421509,-22.9824419993211
RES_5199,3304557,Rio de Janeiro,Barra Olímpica,2213,946,0,-43.416965,-22.9798769993212
RES_5200,3304557,Rio de Janeiro,Barra Olímpica,2368,1056,0,-43.414599,-22.9843919993211
RES_5201,3304557,Rio de Janeiro,Barra Olímpica,1068,446,0,-43.416039,-22.9793929993212
RES_5202,3304557,Rio de Janeiro,Camorim,264,127,0,-43.420074,-22.9788129993212
RES_5203,3304557,Rio de Janeiro,Vargem Pequena,828,380,0,-43.486206,-22.9892509993209
RES_5204,3304557,Rio de Janeiro,Vargem Pequena,985,425,0,-43.484668,-22.9902289993209
RES_5205,3304557,Rio de Janeiro,Vargem Pequena,87,39,0,-43.481519,-22.987357999321
RES_5206,3304557,Rio de Janeiro,Vargem Pequena,1264,569,0,-43.470725,-22.986870999321
RES_5207,3304557,Rio de Janeiro,Vargem Pequena,129,52,0,-43.472865,-22.9817399993211
RES_5208,3304557,Rio de Janeiro,Vargem Pequena,3637,1567,0,-43.465529,-22.9845129993211
RES_5209,3304557,Rio de Janeiro,Vargem Pequena,255,101,0,-43.470192,-22.9800139993212
RES_5210,3304557,Rio de Janeiro,Vargem Pequena,1178,481,0,-43.457778,-22.9918759993209
RES_5211,3304557,Rio de Janeiro,Vargem Pequena,1374,590,0,-43.459377,-22.986855999321
RES_5212,3304557,Rio de Janeiro,Vargem Pequena,1027,391,0,-43.460639,-22.9812219993211
RES_5213,3304557,Rio de Janeiro,Vargem Pequena,1341,567,0,-43.451925,-22.9926949993209
RES_5214,3304557,Rio de Janeiro,Vargem Pequena,534,223,0,-43.454560150512265,-22.985012999999995
RES_5215,3304557,Rio de Janeiro,Vargem Pequena,534,226,0,-43.452706,-22.9786849993212
RES_5216,3304557,Rio de Janeiro,Vargem Pequena,931,368,0,-43.444261,-22.9925899993209
RES_5217,3304557,Rio de Janeiro,Vargem Pequena,11119,4811,0,-43.434474,-22.9913599993209
RES_5218,3304557,Rio de Janeiro,Vargem Pequena,682,293,0,-43.430557,-22.9911739993209
RES_5219,3304557,Rio de Janeiro,Vargem Pequena,70,28,0,-43.429743,-22.988941999321
RES_5220,3304557,Rio de Janeiro,Vargem Pequena,1559,686,0,-43.46397,-22.9794799993212
RES_5221,3304557,Rio de Janeiro,Vargem Pequena,849,359,0,-43.428753,-22.9909989993209
RES_5222,3304557,Rio de Janeiro,Vargem Pequena,156,67,0,-43.467836,-22.9809189993211
RES_5223,3304557,Rio de Janeiro,Vargem Pequena,1314,567,0,-43.460304,-22.9902719993209
RES_5224,3304557,Rio de Janeiro,Vargem Pequena,473,209,0,-43.477285,-22.9920399993209
RES_5225,3304557,Rio de Janeiro,Vargem Pequena,879,368,0,-43.472802,-22.989439999321
RES_5226,3304557,Rio de Janeiro,Vargem Pequena,102,45,0,-43.441578,-22.9942489993209
RES_5227,3304557,Rio de Janeiro,Vargem Grande,15,6,0,-43.516633,-23.0114229993205
RES_5228,3304557,Rio de Janeiro,Vargem Grande,180,70,0,-43.510739,-23.0057729993206
RES_5229,3304557,Rio de Janeiro,Vargem Grande,100,40,0,-43.512483,-23.0022679993207
RES_5230,3304557,Rio de Janeiro,Vargem Grande,99,43,0,-43.501653,-23.0173919993203
RES_5231,3304557,Rio de Janeiro,Vargem Grande,458,202,0,-43.504866,-22.9992559993207
RES_5232,3304557,Rio de Janeiro,Vargem Grande,555,259,0,-43.509216,-22.9925859993209
RES_5233,3304557,Rio de Janeiro,Vargem Grande,785,331,0,-43.501742,-22.9808889993212
RES_5234,3304557,Rio de Janeiro,Vargem Grande,14,6,0,-43.5069299,-22.97095035
RES_5235,3304557,Rio de Janeiro,Vargem Grande,166,91,0,-43.495594,-23.0201119993203
RES_5236,3304557,Rio de Janeiro,Vargem Grande,60,24,0,-43.498143,-23.0174739993203
RES_5237,3304557,Rio de Janeiro,Vargem Grande,1650,709,0,-43.498469,-22.9947569993208
RES_5238,3304557,Rio de Janeiro,Vargem Grande,1266,526,0,-43.498793,-22.987369999321
RES_5239,3304557,Rio de Janeiro,Vargem Grande,429,158,0,-43.494783,-22.9807099993212
RES_5240,3304557,Rio de Janeiro,Vargem Grande,1708,701,0,-43.495375,-22.9731139993213
RES_5241,3304557,Rio de Janeiro,Vargem Grande,36,14,0,-43.50164,-22.9588329993216
RES_5242,3304557,Rio de Janeiro,Vargem Grande,687,250,0,-43.493221,-22.9915489993209
RES_5243,3304557,Rio de Janeiro,Vargem Grande,1541,654,0,-43.491645,-22.986666999321
RES_5244,3304557,Rio de Janeiro,Vargem Grande,971,388,0,-43.491007,-22.9777459993212
RES_5245,3304557,Rio de Janeiro,Vargem Grande,1142,463,0,-43.489811,-22.9735429993213
RES_5246,3304557,Rio de Janeiro,Vargem Grande,484,195,0,-43.489958,-22.9647259993215
RES_5247,3304557,Rio de Janeiro,Vargem Grande,316,130,0,-43.487643208789066,-22.958981650000005
RES_5248,3304557,Rio de Janeiro,Vargem Grande,588,241,0,-43.484008,-22.9768409993212
RES_5249,3304557,Rio de Janeiro,Vargem Grande,396,146,0,-43.481059,-22.9706899993214
RES_5250,3304557,Rio de Janeiro,Vargem Grande,580,265,0,-43.511277,-23.0126289993204
RES_5251,3304557,Rio de Janeiro,Vargem Grande,1417,598,0,-43.496086,-22.9945869993209
RES_5252,3304557,Rio de Janeiro,Vargem Grande,1237,535,0,-43.481811,-22.9791819993212
RES_5253,3304557,Rio de Janeiro,Vargem Grande,468,192,0,-43.504289,-22.987578999321
RES_5254,3304557,Rio de Janeiro,Vargem Grande,627,293,0,-43.49897,-23.0190289993203
RES_5255,3304557,Rio de Janeiro,Vargem Grande,219,95,0,-43.511906,-23.0096829993205
RES_5256,3304557,Rio de Janeiro,Vargem Grande,176,83,0,-43.518713,-23.0102119993205
RES_5257,3304557,Rio de Janeiro,Vargem Grande,1087,448,0,-43.497274,-22.986281999321
RES_5258,3304557,Rio de Janeiro,Vargem Grande,1269,558,0,-43.512078,-23.0137549993204
RES_5259,3304557,Rio de Janeiro,Vargem Grande,624,274,0,-43.506724,-23.0009559993207
RES_5260,3304557,Rio de Janeiro,Recreio dos Bandeirantes,200,78,0,-43.523492,-23.0264019993201
RES_5261,3304557,Rio de Janeiro,Recreio dos Bandeirantes,855,351,0,-43.52079,-23.0234729993202
RES_5262,3304557,Rio de Janeiro,Recreio dos Bandeirantes,117,44,0,-43.518562,-23.0281049993201
RES_5263,3304557,Rio de Janeiro,Recreio dos Bandeirantes,6667,3012,0,-43.511488,-23.0223839993202
RES_5264,3304557,Rio de Janeiro,Recreio dos Bandeirantes,202,84,0,-43.504737,-23.0264059993201
RES_5265,3304557,Rio de Janeiro,Recreio dos Bandeirantes,45,18,0,-43.502067,-23.0243139993202
RES_5266,3304557,Rio de Janeiro,Recreio dos Bandeirantes,1640,690,0,-43.498174,-23.0283109993201
RES_5267,3304557,Rio de Janeiro,Recreio dos Bandeirantes,1152,436,0,-43.496673,-23.0245689993201
RES_5268,3304557,Rio de Janeiro,Recreio dos Bandeirantes,137,70,0,-43.489398,-23.0341069993199
RES_5269,3304557,Rio de Janeiro,Recreio dos Bandeirantes,375,147,0,-43.489545,-23.0274249993201
RES_5270,3304557,Rio de Janeiro,Recreio dos Bandeirantes,9301,3910,0,-43.488509,-23.0226969993202
RES_5271,3304557,Rio de Janeiro,Recreio dos Bandeirantes,1866,805,0,-43.489521,-23.0163199993203
RES_5272,3304557,Rio de Janeiro,Recreio dos Bandeirantes,283,111,0,-43.490182,-23.0056679993206
RES_5273,3304557,Rio de Janeiro,Recreio dos Bandeirantes,325,140,0,-43.48607,-23.0041649993206
RES_5274,3304557,Rio de Janeiro,Recreio dos Bandeirantes,3198,1485,0,-43.47984,-23.0279889993201
RES_5275,3304557,Rio de Janeiro,Recreio dos Bandeirantes,6704,2967,0,-43.480943,-23.0231389993202
RES_5276,3304557,Rio de Janeiro,Recreio dos Bandeirantes,2348,993,0,-43.481393,-23.0156449993204
RES_5277,3304557,Rio de Janeiro,Recreio dos Bandeirantes,5573,2392,0,-43.483907,-23.0058429993206
RES_5278,3304557,Rio de Janeiro,Recreio dos Bandeirantes,2444,1051,0,-43.482974,-23.0033879993206
RES_5279,3304557,Rio de Janeiro,Recreio dos Bandeirantes,5345,2479,0,-43.47351,-23.02919999932
RES_5280,3304557,Rio de Janeiro,Recreio dos Bandeirantes,6488,2654,0,-43.473841,-23.0206219993202
RES_5281,3304557,Rio de Janeiro,Recreio dos Bandeirantes,4352,1745,0,-43.471942,-23.0152199993204
RES_5282,3304557,Rio de Janeiro,Recreio dos Bandeirantes,2430,1002,0,-43.473946,-23.0106849993205
RES_5283,3304557,Rio de Janeiro,Recreio dos Bandeirantes,1345,529,0,-43.466215,-23.0272559993201
RES_5284,3304557,Rio de Janeiro,Recreio dos Bandeirantes,6505,2555,0,-43.464758,-23.0212299993202
RES_5285,3304557,Rio de Janeiro,Recreio dos Bandeirantes,3865,1559,0,-43.466227,-23.0168369993203
RES_5286,3304557,Rio de Janeiro,Recreio dos Bandeirantes,1687,753,0,-43.466943,-23.0092429993205
RES_5287,3304557,Rio de Janeiro,Recreio dos Bandeirantes,255,100,0,-43.461871,-23.0262389993201
RES_5288,3304557,Rio de Janeiro,Recreio dos Bandeirantes,8189,3239,0,-43.458319,-23.0218469993202
RES_5289,3304557,Rio de Janeiro,Recreio dos Bandeirantes,6252,2457,0,-43.457734,-23.0157999993204
RES_5290,3304557,Rio de Janeiro,Recreio dos Bandeirantes,3779,1510,0,-43.458006,-23.0082409993205
RES_5291,3304557,Rio de Janeiro,Recreio dos Bandeirantes,2039,809,0,-43.451964,-23.0214379993202
RES_5292,3304557,Rio de Janeiro,Recreio dos Bandeirantes,8333,3277,0,-43.450906,-23.0145069993204
RES_5293,3304557,Rio de Janeiro,Recreio dos Bandeirantes,2373,958,0,-43.451488,-23.0085949993205
RES_5294,3304557,Rio de Janeiro,Recreio dos Bandeirantes,624,327,0,-43.447491,-23.0036629993206
RES_5295,3304557,Rio de Janeiro,Recreio dos Bandeirantes,3965,1572,0,-43.4426,-23.0078019993205
RES_5296,3304557,Rio de Janeiro,Recreio dos Bandeirantes,1784,834,0,-43.444313,-23.0026549993206
RES_5297,3304557,Rio de Janeiro,Recreio dos Bandeirantes,3119,1319,0,-43.434299,-23.0012829993207
RES_5298,3304557,Rio de Janeiro,Recreio dos Bandeirantes,498,216,0,-43.429537,-22.9993139993207
RES_5299,3304557,Rio de Janeiro,Recreio dos Bandeirantes,755,320,0,-43.448572,-22.9992399993207
RES_5300,3304557,Rio de Janeiro,Recreio dos Bandeirantes,217,88,0,-43.448274,-22.9954559993208
RES_5301,3304557,Rio de Janeiro,Recreio dos Bandeirantes,661,276,0,-43.446421,-22.9969699993208
RES_5302,3304557,Rio de Janeiro,Recreio dos Bandeirantes,333,161,0,-43.445237,-22.9949369993208
RES_5303,3304557,Rio de Janeiro,Recreio dos Bandeirantes,158,67,0,-43.480467,-23.02896099932
RES_5304,3304557,Rio de Janeiro,Recreio dos Bandeirantes,341,152,0,-43.516661,-23.0196589993203
RES_5305,3304557,Rio de Janeiro,Recreio dos Bandeirantes,111,43,0,-43.508396,-23.0244249993202
RES_5306,3304557,Rio de Janeiro,Recreio dos Bandeirantes,1894,868,0,-43.484831,-23.0261519993201
RES_5307,3304557,Rio de Janeiro,Recreio dos Bandeirantes,3789,1782,0,-43.480865,-23.0251369993201
RES_5308,3304557,Rio de Janeiro,Recreio dos Bandeirantes,288,145,0,-43.476244,-23.0245239993202
RES_5309,3304557,Rio de Janeiro,Recreio dos Bandeirantes,3535,1672,0,-43.449957,-23.0033619993207
RES_5310,3304557,Rio de Janeiro,Recreio dos Bandeirantes,2765,1365,0,-43.442707,-23.0013149993207
RES_5311,3304557,Rio de Janeiro,Recreio dos Bandeirantes,328,151,0,-43.434795,-22.9994379993207
RES_5312,3304557,Rio de Janeiro,Recreio dos Bandeirantes,4962,2341,0,-43.472945,-23.0280599993201
RES_5313,3304557,Rio de Janeiro,Recreio dos Bandeirantes,187,85,0,-43.484145,-23.0178419993203
RES_5314,3304557,Rio de Janeiro,Recreio dos Bandeirantes,1319,683,0,-43.484947,-23.02947599932
RES_5315,3304557,Rio de Janeiro,Recreio dos Bandeirantes,1200,560,0,-43.476991,-23.0252919993201
RES_5316,3304557,Rio de Janeiro,Recreio dos Bandeirantes,216,96,0,-43.482285,-23.0145269993204
RES_5317,3304557,Rio de Janeiro,Recreio dos Bandeirantes,719,337,0,-43.448274,-23.0084429993205
RES_5318,3304557,Rio de Janeiro,Grumari,20,8,0,-43.539988,-23.0506939993196
RES_5319,3304557,Rio de Janeiro,Grumari,164,73,0,-43.536222,-23.0435969993197
RES_5320,3304557,Rio de Janeiro,Coelho Neto,594,230,0,-43.356394,-22.8375619993244
RES_5321,3304557,Rio de Janeiro,Coelho Neto,1104,426,0,-43.357188,-22.8370709993245
RES_5322,3304557,Rio de Janeiro,Coelho Neto,781,317,0,-43.355562,-22.8268649993247
RES_5323,3304557,Rio de Janeiro,Coelho Neto,2698,1055,0,-43.350407,-22.8379329993244
RES_5324,3304557,Rio de Janeiro,Coelho Neto,6565,2596,0,-43.350078,-22.8321919993246
RES_5325,3304557,Rio de Janeiro,Coelho Neto,7041,2746,0,-43.352057,-22.8271449993247
RES_5326,3304557,Rio de Janeiro,Coelho Neto,631,251,0,-43.344024,-22.8373459993244
RES_5327,3304557,Rio de Janeiro,Coelho Neto,4046,1568,0,-43.344453,-22.8341129993245
RES_5328,3304557,Rio de Janeiro,Coelho Neto,214,91,0,-43.345086,-22.8304269993246
RES_5329,3304557,Rio de Janeiro,Coelho Neto,558,211,0,-43.34754,-22.8376099993244
RES_5330,3304557,Rio de Janeiro,Coelho Neto,1828,756,0,-43.346376,-22.8381859993244
RES_5331,3304557,Rio de Janeiro,Coelho Neto,372,143,0,-43.34695,-22.8367819993245
RES_5332,3304557,Rio de Janeiro,Coelho Neto,39,15,0,-43.35238014328763,-22.837009100000003
RES_5333,3304557,Rio de Janeiro,Coelho Neto,309,120,0,-43.352387,-22.8363929993245
RES_5334,3304557,Rio de Janeiro,Acari,38,15,0,-43.34925,-22.8228869993248
RES_5335,3304557,Rio de Janeiro,Acari,2302,925,0,-43.346458,-22.8238519993248
RES_5336,3304557,Rio de Janeiro,Acari,2101,824,0,-43.338429,-22.8245639993247
RES_5337,3304557,Rio de Janeiro,Acari,5122,2131,0,-43.344313,-22.8246299993247
RES_5338,3304557,Rio de Janeiro,Acari,1288,541,0,-43.345639,-22.8212109993248
RES_5339,3304557,Rio de Janeiro,Acari,1518,675,0,-43.340176,-22.8240449993248
RES_5340,3304557,Rio de Janeiro,Acari,5215,2150,0,-43.337238,-22.8238899993247
RES_5341,3304557,Rio de Janeiro,Acari,8285,3478,0,-43.342383,-22.8258959993247
RES_5342,3304557,Rio de Janeiro,Acari,420,181,0,-43.340038,-22.8223169993248
RES_5343,3304557,Rio de Janeiro,Acari,3384,1394,0,-43.337397,-22.8217369993248
RES_5344,3304557,Rio de Janeiro,Barros Filho,586,208,0,-43.362864,-22.8394089993244
RES_5345,3304557,Rio de Janeiro,Barros Filho,4645,1881,0,-43.367864,-22.8323939993246
RES_5346,3304557,Rio de Janeiro,Barros Filho,2584,1162,0,-43.36032,-22.8417309993244
RES_5347,3304557,Rio de Janeiro,Barros Filho,119,45,0,-43.36047412899516,-22.83582285
RES_5348,3304557,Rio de Janeiro,Barros Filho,1704,649,0,-43.364419,-22.8376479993244
RES_5349,3304557,Rio de Janeiro,Barros Filho,3169,1267,0,-43.364808,-22.8351659993245
RES_5350,3304557,Rio de Janeiro,Barros Filho,3119,1214,0,-43.360847,-22.8389629993244
RES_5351,3304557,Rio de Janeiro,Barros Filho,654,257,0,-43.362332,-22.8366839993245
RES_5352,3304557,Rio de Janeiro,Barros Filho,1499,632,0,-43.364014,-22.8320699993245
RES_5353,3304557,Rio de Janeiro,Barros Filho,653,251,0,-43.36759,-22.8376789993244
RES_5354,3304557,Rio de Janeiro,Barros Filho,217,92,0,-43.367967,-22.8367859993245
RES_5355,3304557,Rio de Janeiro,Barros Filho,1495,592,0,-43.362223,-22.8340219993245
RES_5356,3304557,Rio de Janeiro,Barros Filho,123,49,0,-43.37352,-22.8308739993246
RES_5357,3304557,Rio de Janeiro,Costa Barros,2858,1116,0,-43.37454,-22.8255009993247
RES_5358,3304557,Rio de Janeiro,Costa Barros,1538,587,0,-43.367781,-22.8235689993248
RES_5359,3304557,Rio de Janeiro,Costa Barros,4074,1603,0,-43.367433,-22.8205859993248
RES_5360,3304557,Rio de Janeiro,Costa Barros,232,94,0,-43.363989,-22.8210099993248
RES_5361,3304557,Rio de Janeiro,Costa Barros,262,108,0,-43.361188,-22.8241359993247
RES_5362,3304557,Rio de Janeiro,Costa Barros,963,389,0,-43.365501,-22.8224999993248
RES_5363,3304557,Rio de Janeiro,Costa Barros,553,221,0,-43.363565,-22.8218629993248
RES_5364,3304557,Rio de Janeiro,Costa Barros,688,290,0,-43.376834,-22.8237519993247
RES_5365,3304557,Rio de Janeiro,Costa Barros,3026,1180,0,-43.374773,-22.8215729993248
RES_5366,3304557,Rio de Janeiro,Costa Barros,6036,2457,0,-43.36526,-22.8253739993247
RES_5367,3304557,Rio de Janeiro,Costa Barros,1035,407,0,-43.362129,-22.8246469993247
RES_5368,3304557,Rio de Janeiro,Costa Barros,95,35,0,-43.378355,-22.8259809993247
RES_5369,3304557,Rio de Janeiro,Costa Barros,3349,1379,0,-43.373242,-22.8263509993247
RES_5370,3304557,Rio de Janeiro,Costa Barros,1440,605,0,-43.369057,-22.8286149993247
RES_5371,3304557,Rio de Janeiro,Pavuna,332,117,0,-43.387196,-22.816277199999995
RES_5372,3304557,Rio de Janeiro,Pavuna,411,202,0,-43.378773,-22.8226179993248
RES_5373,3304557,Rio de Janeiro,Pavuna,6127,2350,0,-43.380423,-22.8180149993249
RES_5374,3304557,Rio de Janeiro,Pavuna,5635,2277,0,-43.382364,-22.814106999325
RES_5375,3304557,Rio de Janeiro,Pavuna,5080,1959,0,-43.376425,-22.8168779993249
RES_5376,3304557,Rio de Janeiro,Pavuna,4157,1640,0,-43.374752,-22.813346999325
RES_5377,3304557,Rio de Janeiro,Pavuna,1020,417,0,-43.3731,-22.8081549993251
RES_5378,3304557,Rio de Janeiro,Pavuna,5666,2365,0,-43.36578,-22.8169919993249
RES_5379,3304557,Rio de Janeiro,Pavuna,8613,3662,0,-43.366327,-22.811653999325
RES_5380,3304557,Rio de Janeiro,Pavuna,947,364,0,-43.369196,-22.8072119993251
RES_5381,3304557,Rio de Janeiro,Pavuna,1895,788,0,-43.356133,-22.8247309993247
RES_5382,3304557,Rio de Janeiro,Pavuna,6093,2417,0,-43.359497,-22.8182099993249
RES_5383,3304557,Rio de Janeiro,Pavuna,8498,3304,0,-43.358869,-22.811893999325
RES_5384,3304557,Rio de Janeiro,Pavuna,3318,1295,0,-43.359018,-22.8056489993252
RES_5385,3304557,Rio de Janeiro,Pavuna,391,173,0,-43.354219,-22.8240059993247
RES_5386,3304557,Rio de Janeiro,Pavuna,4360,1765,0,-43.351827,-22.8173549993249
RES_5387,3304557,Rio de Janeiro,Pavuna,3535,1384,0,-43.353599,-22.811469999325
RES_5388,3304557,Rio de Janeiro,Pavuna,2026,788,0,-43.353922,-22.8060089993252
RES_5389,3304557,Rio de Janeiro,Pavuna,5,2,0,-43.3358173120247,-22.8081836
RES_5390,3304557,Rio de Janeiro,Pavuna,129,55,0,-43.33199,-22.8054059993252
RES_5391,3304557,Rio de Janeiro,Pavuna,1252,507,0,-43.360564,-22.8227299993248
RES_5392,3304557,Rio de Janeiro,Pavuna,5751,2367,0,-43.358066,-22.8213049993248
RES_5393,3304557,Rio de Janeiro,Pavuna,995,430,0,-43.35369,-22.8223729993248
RES_5394,3304557,Rio de Janeiro,Pavuna,530,230,0,-43.354773,-22.8216979993248
RES_5395,3304557,Rio de Janeiro,Pavuna,212,95,0,-43.360682,-22.8041659993252
RES_5396,3304557,Rio de Janeiro,Pavuna,258,95,0,-43.371803,-22.812098999325
RES_5397,3304557,Rio de Janeiro,Pavuna,2320,909,0,-43.380423,-22.8189119993249
RES_5398,3304557,Rio de Janeiro,Pavuna,2745,1075,0,-43.37422,-22.8196949993248
RES_5399,3304557,Rio de Janeiro,Pavuna,699,254,0,-43.369892,-22.813406999325
RES_5400,3304557,Rio de Janeiro,Pavuna,523,210,0,-43.355862,-22.8192939993248
RES_5401,3304557,Rio de Janeiro,Pavuna,1023,404,0,-43.354401,-22.8191609993249
RES_5402,3304557,Rio de Janeiro,Pavuna,168,64,0,-43.379772,-22.8245499993247
RES_5403,3304557,Rio de Janeiro,Pavuna,141,56,0,-43.3711,-22.8170849993249
RES_5404,3304557,Rio de Janeiro,Pavuna,438,150,0,-43.37917,-22.814236999325
RES_5405,3304557,Rio de Janeiro,Pavuna,429,176,0,-43.366034,-22.8087169993251
RES_5406,3304557,Rio de Janeiro,Pavuna,1077,425,0,-43.356946,-22.8241629993247
RES_5407,3304557,Rio de Janeiro,Pavuna,109,47,0,-43.354607,-22.8236629993248
RES_5408,3304557,Rio de Janeiro,Pavuna,1008,404,0,-43.35891,-22.8235989993248
RES_5409,3304557,Rio de Janeiro,Pavuna,1759,717,0,-43.365659,-22.8185599993249
RES_5410,3304557,Rio de Janeiro,Pavuna,83,31,0,-43.34825,-22.8176429993249
RES_5411,3304557,Rio de Janeiro,Pavuna,244,99,0,-43.347372,-22.8167219993249
RES_5412,3304557,Rio de Janeiro,Pavuna,800,327,0,-43.333065,-22.8039689993252
RES_5413,3304557,Rio de Janeiro,Pavuna,326,138,0,-43.331772,-22.8038349993252
RES_5414,3304557,Rio de Janeiro,Pavuna,457,183,0,-43.37078,-22.812491999325
RES_5415,3304557,Rio de Janeiro,Pavuna,384,163,0,-43.330969,-22.8111549993251
RES_5416,3304557,Rio de Janeiro,Pavuna,2558,1041,0,-43.329984,-22.8050649993252
RES_5417,3304557,Rio de Janeiro,Pavuna,810,333,0,-43.37642,-22.8105869993251
RES_5418,3304557,Rio de Janeiro,Guaratiba,276,109,0,-43.674417,-22.9743279993213
RES_5419,3304557,Rio de Janeiro,Guaratiba,1068,423,0,-43.668594,-22.9792009993212
RES_5420,3304557,Rio de Janeiro,Guaratiba,2365,924,0,-43.669735,-22.9744959993213
RES_5421,3304557,Rio de Janeiro,Guaratiba,444,168,0,-43.661276,-22.986592999321
RES_5422,3304557,Rio de Janeiro,Guaratiba,1456,539,0,-43.662767,-22.9814529993211
RES_5423,3304557,Rio de Janeiro,Guaratiba,785,291,0,-43.66186,-22.9764169993213
RES_5424,3304557,Rio de Janeiro,Guaratiba,1292,510,0,-43.660753,-22.9673349993215
RES_5425,3304557,Rio de Janeiro,Guaratiba,1048,414,0,-43.653605,-22.985990999321
RES_5426,3304557,Rio de Janeiro,Guaratiba,5781,2466,0,-43.652448,-22.9804069993212
RES_5427,3304557,Rio de Janeiro,Guaratiba,6214,2693,0,-43.652439,-22.9733489993213
RES_5428,3304557,Rio de Janeiro,Guaratiba,723,312,0,-43.653966,-22.9687079993214
RES_5429,3304557,Rio de Janeiro,Guaratiba,363,145,0,-43.650561,-22.9625729993216
RES_5430,3304557,Rio de Janeiro,Guaratiba,1073,457,0,-43.647148,-22.985697999321
RES_5431,3304557,Rio de Janeiro,Guaratiba,3199,1362,0,-43.645578,-22.9801189993211
RES_5432,3304557,Rio de Janeiro,Guaratiba,6559,2830,0,-43.646439,-22.9732069993213
RES_5433,3304557,Rio de Janeiro,Guaratiba,93,40,0,-43.647322,-22.9667759993215
RES_5434,3304557,Rio de Janeiro,Guaratiba,312,128,0,-43.6460194,-22.961282349999998
RES_5435,3304557,Rio de Janeiro,Guaratiba,432,173,0,-43.637304,-22.988699999321
RES_5436,3304557,Rio de Janeiro,Guaratiba,1208,520,0,-43.640415,-22.9783529993212
RES_5437,3304557,Rio de Janeiro,Guaratiba,2988,1241,0,-43.639687,-22.9736339993213
RES_5438,3304557,Rio de Janeiro,Guaratiba,758,311,0,-43.635728,-22.9679119993215
RES_5439,3304557,Rio de Janeiro,Guaratiba,617,254,0,-43.62659,-23.0037889993206
RES_5440,3304557,Rio de Janeiro,Guaratiba,438,185,0,-43.627251,-22.9928489993209
RES_5441,3304557,Rio de Janeiro,Guaratiba,1652,669,0,-43.63076,-22.986484999321
RES_5442,3304557,Rio de Janeiro,Guaratiba,913,388,0,-43.624435207481795,-22.998523399999996
RES_5443,3304557,Rio de Janeiro,Guaratiba,3317,1419,0,-43.622992,-22.9936569993209
RES_5444,3304557,Rio de Janeiro,Guaratiba,1170,507,0,-43.626103,-22.9903949993209
RES_5445,3304557,Rio de Janeiro,Guaratiba,1049,435,0,-43.621235,-22.9832009993211
RES_5446,3304557,Rio de Janeiro,Guaratiba,426,175,0,-43.620569399999994,-22.97015485
RES_5447,3304557,Rio de Janeiro,Guaratiba,500,219,0,-43.620305,-22.9667089993215
RES_5448,3304557,Rio de Janeiro,Guaratiba,780,327,0,-43.623095,-22.9595059993216
RES_5449,3304557,Rio de Janeiro,Guaratiba,1642,750,0,-43.614946,-22.9993809993207
RES_5450,3304557,Rio de Janeiro,Guaratiba,1874,815,0,-43.614403,-22.9955209993208
RES_5451,3304557,Rio de Janeiro,Guaratiba,565,232,0,-43.612423,-22.9704289993214
RES_5452,3304557,Rio de Janeiro,Guaratiba,4292,1824,0,-43.614193,-22.9652979993215
RES_5453,3304557,Rio de Janeiro,Guaratiba,2462,1031,0,-43.615289,-22.9592739993217
RES_5454,3304557,Rio de Janeiro,Guaratiba,4,2,0,-43.612646,-22.942729999322
RES_5455,3304557,Rio de Janeiro,Guaratiba,1283,525,0,-43.606061,-22.9706349993214
RES_5456,3304557,Rio de Janeiro,Guaratiba,4733,1954,0,-43.60719,-22.9648349993215
RES_5457,3304557,Rio de Janeiro,Guaratiba,5921,2437,0,-43.605733,-22.9585599993217
RES_5458,3304557,Rio de Janeiro,Guaratiba,4555,1854,0,-43.607225,-22.9513349993218
RES_5459,3304557,Rio de Janeiro,Guaratiba,295,122,0,-43.604065303522155,-22.945835900000006
RES_5460,3304557,Rio de Janeiro,Guaratiba,640,275,0,-43.596277,-22.9910429993209
RES_5461,3304557,Rio de Janeiro,Guaratiba,321,132,0,-43.596993,-22.9744639993213
RES_5462,3304557,Rio de Janeiro,Guaratiba,1718,713,0,-43.601062,-22.9639559993215
RES_5463,3304557,Rio de Janeiro,Guaratiba,2128,890,0,-43.602185,-22.9587119993216
RES_5464,3304557,Rio de Janeiro,Guaratiba,2786,1157,0,-43.598939,-22.9505429993219
RES_5465,3304557,Rio de Janeiro,Guaratiba,3431,1400,0,-43.598749,-22.943562999322
RES_5466,3304557,Rio de Janeiro,Guaratiba,8,3,0,-43.603309,-22.9959429993208
RES_5467,3304557,Rio de Janeiro,Guaratiba,7,2,0,-43.593812,-22.9936399993208
RES_5468,3304557,Rio de Janeiro,Guaratiba,1152,510,0,-43.593827,-22.988953999321
RES_5469,3304557,Rio de Janeiro,Guaratiba,435,181,0,-43.591413,-22.9781769993212
RES_5470,3304557,Rio de Janeiro,Guaratiba,2262,962,0,-43.592094,-22.9719239993213
RES_5471,3304557,Rio de Janeiro,Guaratiba,493,218,0,-43.592865,-22.9675599993215
RES_5472,3304557,Rio de Janeiro,Guaratiba,97,38,0,-43.587789,-22.9586189993217
RES_5473,3304557,Rio de Janeiro,Guaratiba,1556,636,0,-43.592963,-22.9492939993219
RES_5474,3304557,Rio de Janeiro,Guaratiba,2884,1216,0,-43.59254,-22.942943999322
RES_5475,3304557,Rio de Janeiro,Guaratiba,801,352,0,-43.59075,-22.9399319993221
RES_5476,3304557,Rio de Janeiro,Guaratiba,1968,820,0,-43.583023,-22.9812199993211
RES_5477,3304557,Rio de Janeiro,Guaratiba,1165,474,0,-43.585396,-22.9712139993214
RES_5478,3304557,Rio de Janeiro,Guaratiba,448,192,0,-43.58572875568436,-22.9642819
RES_5479,3304557,Rio de Janeiro,Guaratiba,836,356,0,-43.584305,-22.9595449993216
RES_5480,3304557,Rio de Janeiro,Guaratiba,1293,571,0,-43.582878,-22.9484269993219
RES_5481,3304557,Rio de Janeiro,Guaratiba,4153,1802,0,-43.585001,-22.942551999322
RES_5482,3304557,Rio de Janeiro,Guaratiba,919,399,0,-43.58241,-22.9372619993221
RES_5483,3304557,Rio de Janeiro,Guaratiba,92,46,0,-43.574456,-23.0567559993194
RES_5484,3304557,Rio de Janeiro,Guaratiba,751,320,0,-43.578464,-22.9907739993209
RES_5485,3304557,Rio de Janeiro,Guaratiba,480,246,0,-43.574743,-22.986477999321
RES_5486,3304557,Rio de Janeiro,Guaratiba,740,311,0,-43.577998,-22.9731779993213
RES_5487,3304557,Rio de Janeiro,Guaratiba,253,100,0,-43.580807,-22.9586589993217
RES_5488,3304557,Rio de Janeiro,Guaratiba,136,52,0,-43.57663,-22.9597479993216
RES_5489,3304557,Rio de Janeiro,Guaratiba,79,31,0,-43.577715,-22.9515529993218
RES_5490,3304557,Rio de Janeiro,Guaratiba,1464,617,0,-43.579164,-22.943101999322
RES_5491,3304557,Rio de Janeiro,Guaratiba,1021,431,0,-43.579738,-22.9374689993222
RES_5492,3304557,Rio de Janeiro,Guaratiba,544,287,0,-43.563531,-22.9908479993209
RES_5493,3304557,Rio de Janeiro,Guaratiba,234,91,0,-43.570518,-22.9695969993214
RES_5494,3304557,Rio de Janeiro,Guaratiba,147,58,0,-43.568681,-22.9541019993218
RES_5495,3304557,Rio de Janeiro,Guaratiba,1131,477,0,-43.565051,-22.9493089993219
RES_5496,3304557,Rio de Janeiro,Guaratiba,1827,873,0,-43.560941,-22.9910279993209
RES_5497,3304557,Rio de Janeiro,Guaratiba,100,39,0,-43.559092,-22.985869999321
RES_5498,3304557,Rio de Janeiro,Guaratiba,326,135,0,-43.56234878307646,-22.9831402
RES_5499,3304557,Rio de Janeiro,Guaratiba,409,178,0,-43.564019,-22.9549919993217
RES_5500,3304557,Rio de Janeiro,Guaratiba,804,336,0,-43.560567,-22.9532489993218
RES_5501,3304557,Rio de Janeiro,Guaratiba,285,111,0,-43.5549024,-23.046738150000003
RES_5502,3304557,Rio de Janeiro,Guaratiba,1401,582,0,-43.551443,-22.9931809993209
RES_5503,3304557,Rio de Janeiro,Guaratiba,502,215,0,-43.550772,-22.9823779993211
RES_5504,3304557,Rio de Janeiro,Guaratiba,160,66,0,-43.5509239,-22.9738228
RES_5505,3304557,Rio de Janeiro,Guaratiba,226,94,0,-43.542468,-23.0066079993206
RES_5506,3304557,Rio de Janeiro,Guaratiba,1050,425,0,-43.544604,-23.0002199993207
RES_5507,3304557,Rio de Janeiro,Guaratiba,509,218,0,-43.543287,-22.9960769993208
RES_5508,3304557,Rio de Janeiro,Guaratiba,493,207,0,-43.546071,-22.9851149993211
RES_5509,3304557,Rio de Janeiro,Guaratiba,302,120,0,-43.544751,-22.9776429993212
RES_5510,3304557,Rio de Janeiro,Guaratiba,340,143,0,-43.54255,-22.9730599993213
RES_5511,3304557,Rio de Janeiro,Guaratiba,485,178,0,-43.537663,-23.0088439993205
RES_5512,3304557,Rio de Janeiro,Guaratiba,1027,413,0,-43.537737,-23.0025799993207
RES_5513,3304557,Rio de Janeiro,Guaratiba,463,193,0,-43.534579,-22.9961989993208
RES_5514,3304557,Rio de Janeiro,Guaratiba,60,25,0,-43.534064,-22.9815869993211
RES_5515,3304557,Rio de Janeiro,Guaratiba,61,24,0,-43.537978,-22.9594159993216
RES_5516,3304557,Rio de Janeiro,Guaratiba,515,222,0,-43.582871,-22.9376419993221
RES_5517,3304557,Rio de Janeiro,Guaratiba,263,112,0,-43.564272,-22.9578729993217
RES_5518,3304557,Rio de Janeiro,Guaratiba,1539,658,0,-43.573268,-22.9575839993217
RES_5519,3304557,Rio de Janeiro,Guaratiba,172,75,0,-43.542691,-23.0089069993205
RES_5520,3304557,Rio de Janeiro,Guaratiba,2443,990,0,-43.582927,-22.9564499993217
RES_5521,3304557,Rio de Janeiro,Guaratiba,883,352,0,-43.577362,-22.987238999321
RES_5522,3304557,Rio de Janeiro,Guaratiba,306,127,0,-43.601804,-22.9461669993219
RES_5523,3304557,Rio de Janeiro,Guaratiba,220,96,0,-43.602215,-22.944812999322
RES_5524,3304557,Rio de Janeiro,Guaratiba,68,27,0,-43.618026,-22.9693559993214
RES_5525,3304557,Rio de Janeiro,Guaratiba,882,365,0,-43.617556,-22.9678759993214
RES_5526,3304557,Rio de Janeiro,Guaratiba,1407,592,0,-43.592603,-22.944837999322
RES_5527,3304557,Rio de Janeiro,Guaratiba,590,244,0,-43.582474,-22.9736009993213
RES_5528,3304557,Rio de Janeiro,Guaratiba,448,181,0,-43.652749,-22.985933999321
RES_5529,3304557,Rio de Janeiro,Guaratiba,511,201,0,-43.544516,-23.0100699993205
RES_5530,3304557,Rio de Janeiro,Guaratiba,680,274,0,-43.572593,-22.9552829993217
RES_5531,3304557,Rio de Janeiro,Guaratiba,194,83,0,-43.570857,-22.9552059993217
RES_5532,3304557,Rio de Janeiro,Guaratiba,369,158,0,-43.657127,-22.9732029993213
RES_5533,3304557,Rio de Janeiro,Guaratiba,117,48,0,-43.655416,-22.9742259993213
RES_5534,3304557,Rio de Janeiro,Guaratiba,170,71,0,-43.655505,-22.9716139993214
RES_5535,3304557,Rio de Janeiro,Guaratiba,136,59,0,-43.653907,-22.9722569993213
RES_5536,3304557,Rio de Janeiro,Guaratiba,253,116,0,-43.64864,-22.9821379993211
RES_5537,3304557,Rio de Janeiro,Guaratiba,2297,946,0,-43.600321,-22.9487599993219
RES_5538,3304557,Rio de Janeiro,Guaratiba,180,71,0,-43.550793,-22.987993999321
RES_5539,3304557,Rio de Janeiro,Guaratiba,227,96,0,-43.584224,-22.9941339993208
RES_5540,3304557,Rio de Janeiro,Guaratiba,299,128,0,-43.651992,-22.9757839993213
RES_5541,3304557,Rio de Janeiro,Guaratiba,234,96,0,-43.645977,-22.9745129993213
RES_5542,3304557,Rio de Janeiro,Guaratiba,988,413,0,-43.6304,-22.9711739993214
RES_5543,3304557,Rio de Janeiro,Guaratiba,365,149,0,-43.579722,-22.9589959993217
RES_5544,3304557,Rio de Janeiro,Guaratiba,513,215,0,-43.57806,-22.9613129993216
RES_5545,3304557,Rio de Janeiro,Guaratiba,1499,607,0,-43.576023,-22.9575759993217
RES_5546,3304557,Rio de Janeiro,Guaratiba,379,158,0,-43.59035865,-22.943380649999995
RES_5547,3304557,Rio de Janeiro,Guaratiba,2605,1096,0,-43.609729,-22.9595739993216
RES_5548,3304557,Rio de Janeiro,Guaratiba,540,240,0,-43.645973,-22.9698229993214
RES_5549,3304557,Rio de Janeiro,Guaratiba,343,140,0,-43.643711,-22.9831549993211
RES_5550,3304557,Rio de Janeiro,Guaratiba,1671,755,0,-43.613291,-22.9994549993207
RES_5551,3304557,Rio de Janeiro,Guaratiba,5145,2285,0,-43.612766,-22.9963959993208
RES_5552,3304557,Rio de Janeiro,Guaratiba,1574,689,0,-43.609472,-22.9955509993208
RES_5553,3304557,Rio de Janeiro,Guaratiba,812,339,0,-43.606611,-22.9901979993209
RES_5554,3304557,Rio de Janeiro,Guaratiba,334,145,0,-43.65367934873919,-22.976874199999997
RES_5555,3304557,Rio de Janeiro,Guaratiba,158,74,0,-43.59591,-22.944596999322
RES_5556,3304557,Rio de Janeiro,Guaratiba,692,272,0,-43.604779,-22.945355999322
RES_5557,3304557,Rio de Janeiro,Guaratiba,176,71,0,-43.593697,-22.943389999322
RES_5558,3304557,Rio de Janeiro,Guaratiba,151,58,0,-43.578597,-22.9371649993222
RES_5559,3304557,Rio de Janeiro,Guaratiba,212,79,0,-43.598893,-22.9403459993221
RES_5560,3304557,Rio de Janeiro,Barra de Guaratiba,267,109,0,-43.566592,-23.0712349993191
RES_5561,3304557,Rio de Janeiro,Barra de Guaratiba,1014,406,0,-43.565761,-23.0652869993192
RES_5562,3304557,Rio de Janeiro,Barra de Guaratiba,217,82,0,-43.563589,-23.0619879993193
RES_5563,3304557,Rio de Janeiro,Barra de Guaratiba,538,217,0,-43.560092,-23.0586319993194
RES_5564,3304557,Rio de Janeiro,Barra de Guaratiba,475,196,0,-43.557584,-23.0360709993199
RES_5565,3304557,Rio de Janeiro,Barra de Guaratiba,396,161,0,-43.561946,-23.02934099932
RES_5566,3304557,Rio de Janeiro,Barra de Guaratiba,458,185,0,-43.561215,-23.0256989993201
RES_5567,3304557,Rio de Janeiro,Guaratiba,336,136,0,-43.553733,-23.0458429993197
RES_5568,3304557,Rio de Janeiro,Barra de Guaratiba,353,156,0,-43.549774,-23.0248019993201
RES_5569,3304557,Rio de Janeiro,Barra de Guaratiba,1037,417,0,-43.542237,-23.0162589993203
RES_5570,3304557,Rio de Janeiro,Pedra de Guaratiba,428,152,0,-43.65097,-23.0002019993207
RES_5571,3304557,Rio de Janeiro,Pedra de Guaratiba,665,246,0,-43.645914,-23.0007369993207
RES_5572,3304557,Rio de Janeiro,Pedra de Guaratiba,1903,764,0,-43.647026,-22.9945739993208
RES_5573,3304557,Rio de Janeiro,Pedra de Guaratiba,3407,1327,0,-43.638278,-23.0014219993207
RES_5574,3304557,Rio de Janeiro,Pedra de Guaratiba,1387,569,0,-43.639534,-22.9949599993208
RES_5575,3304557,Rio de Janeiro,Pedra de Guaratiba,2688,1054,0,-43.630961,-23.0017789993207
RES_5576,3304557,Rio de Janeiro,Pedra de Guaratiba,1472,599,0,-43.630794,-22.9954699993208
RES_5577,3304557,Rio de Janeiro,Inhaúma,1206,567,0,-43.269989,-22.8691389993237
RES_5578,3304557,Rio de Janeiro,Higienópolis,3887,1490,0,-43.263134,-22.8746329993236
RES_5579,3304557,Rio de Janeiro,Higienópolis,2093,841,0,-43.264646,-22.8702349993237
RES_5580,3304557,Rio de Janeiro,Higienópolis,237,84,0,-43.257414,-22.8793119993235
RES_5581,3304557,Rio de Janeiro,Higienópolis,3844,1466,0,-43.25857,-22.8761899993235
RES_5582,3304557,Rio de Janeiro,Higienópolis,1653,664,0,-43.260024,-22.8698629993237
RES_5583,3304557,Rio de Janeiro,Higienópolis,646,254,0,-43.260024,-22.8778809993235
RES_5584,3304557,Rio de Janeiro,Higienópolis,661,270,0,-43.256822,-22.8799449993235
RES_5585,3304557,Rio de Janeiro,Jacaré,1918,758,0,-43.264031,-22.8954229993231
RES_5586,3304557,Rio de Janeiro,Jacaré,361,145,0,-43.254874,-22.8948159993231
RES_5587,3304557,Rio de Janeiro,Jacaré,3872,1536,0,-43.256872,-22.8922999993232
RES_5588,3304557,Rio de Janeiro,Jacaré,533,201,0,-43.25241,-22.8946259993231
RES_5589,3304557,Rio de Janeiro,Jacaré,508,210,0,-43.262534,-22.8970259993231
RES_5590,3304557,Rio de Janeiro,Jacaré,166,73,0,-43.25579939172849,-22.89010355
RES_5591,3304557,Rio de Janeiro,Jacaré,586,240,0,-43.25695,-22.8931679993232
RES_5592,3304557,Rio de Janeiro,Jacaré,144,56,0,-43.251353,-22.8904099993232
RES_5593,3304557,Rio de Janeiro,Maria da Graça,1693,677,0,-43.270092,-22.8853519993234
RES_5594,3304557,Rio de Janeiro,Maria da Graça,4378,1701,0,-43.264688,-22.8827259993234
RES_5595,3304557,Rio de Janeiro,Maria da Graça,286,105,0,-43.263173,-22.8785399993235
RES_5596,3304557,Rio de Janeiro,Maria da Graça,852,355,0,-43.260265,-22.8822379993234
RES_5597,3304557,Rio de Janeiro,Del Castilho,1109,459,0,-43.277095,-22.8823759993234
RES_5598,3304557,Rio de Janeiro,Del Castilho,210,91,0,-43.277889,-22.8797569993235
RES_5599,3304557,Rio de Janeiro,Del Castilho,3669,1437,0,-43.272955,-22.8826259993234
RES_5600,3304557,Rio de Janeiro,Del Castilho,1770,653,0,-43.269834,-22.8763309993236
RES_5601,3304557,Rio de Janeiro,Del Castilho,1862,856,0,-43.265956,-22.8797239993235
RES_5602,3304557,Rio de Janeiro,Del Castilho,6431,2777,0,-43.267539,-22.8763279993235
RES_5603,3304557,Rio de Janeiro,Del Castilho,2847,1264,0,-43.268309,-22.8817469993234
RES_5604,3304557,Rio de Janeiro,Del Castilho,1288,588,0,-43.27434,-22.8790969993235
RES_5605,3304557,Rio de Janeiro,Del Castilho,401,197,0,-43.280061,-22.8811929993234
RES_5606,3304557,Rio de Janeiro,Del Castilho,871,377,0,-43.275968,-22.8803559993234
RES_5607,3304557,Rio de Janeiro,Del Castilho,139,63,0,-43.279895,-22.8820509993234
RES_5608,3304557,Rio de Janeiro,Inhaúma,1325,498,0,-43.284541,-22.8807039993235
RES_5609,3304557,Rio de Janeiro,Inhaúma,8267,3203,0,-43.288376,-22.8767429993235
RES_5610,3304557,Rio de Janeiro,Inhaúma,4546,1795,0,-43.286629,-22.8678709993238
RES_5611,3304557,Rio de Janeiro,Inhaúma,2044,803,0,-43.286898,-22.8630209993239
RES_5612,3304557,Rio de Janeiro,Inhaúma,1920,726,0,-43.281943,-22.8744799993236
RES_5613,3304557,Rio de Janeiro,Inhaúma,5711,2254,0,-43.281026,-22.8687329993237
RES_5614,3304557,Rio de Janeiro,Inhaúma,4547,1736,0,-43.272758,-22.8735779993236
RES_5615,3304557,Rio de Janeiro,Inhaúma,3694,1506,0,-43.273813,-22.8666979993238
RES_5616,3304557,Rio de Janeiro,Inhaúma,875,378,0,-43.275738,-22.8637869993238
RES_5617,3304557,Rio de Janeiro,Inhaúma,547,217,0,-43.27386,-22.8710019993237
RES_5618,3304557,Rio de Janeiro,Inhaúma,133,50,0,-43.290913,-22.8673489993238
RES_5619,3304557,Rio de Janeiro,Inhaúma,2037,824,0,-43.281097,-22.8800049993235
RES_5620,3304557,Rio de Janeiro,Inhaúma,470,209,0,-43.281788,-22.8816939993234
RES_5621,3304557,Rio de Janeiro,Inhaúma,333,132,0,-43.286569,-22.8597279993239
RES_5622,3304557,Rio de Janeiro,Inhaúma,784,335,0,-43.2707969,-22.8742084
RES_5623,3304557,Rio de Janeiro,Engenho da Rainha,629,251,0,-43.300727,-22.8660549993238
RES_5624,3304557,Rio de Janeiro,Engenho da Rainha,2856,1074,0,-43.301736,-22.8649309993238
RES_5625,3304557,Rio de Janeiro,Engenho da Rainha,518,195,0,-43.294495,-22.8723929993236
RES_5626,3304557,Rio de Janeiro,Engenho da Rainha,9337,3608,0,-43.296095,-22.8684869993237
RES_5627,3304557,Rio de Janeiro,Engenho da Rainha,4757,2019,0,-43.295543,-22.8638449993238
RES_5628,3304557,Rio de Janeiro,Engenho da Rainha,1343,556,0,-43.290631,-22.8704029993237
RES_5629,3304557,Rio de Janeiro,Engenho da Rainha,2123,787,0,-43.289709,-22.8632939993238
RES_5630,3304557,Rio de Janeiro,Engenho da Rainha,458,201,0,-43.291947,-22.8718329993237
RES_5631,3304557,Rio de Janeiro,Engenho da Rainha,1339,564,0,-43.293931,-22.8672159993238
RES_5632,3304557,Rio de Janeiro,Engenho da Rainha,231,96,0,-43.298111,-22.8710189993237
RES_5633,3304557,Rio de Janeiro,Engenho da Rainha,597,247,0,-43.30018861305403,-22.8637506
RES_5634,3304557,Rio de Janeiro,Cavalcanti,306,117,0,-43.308591,-22.8737509993236
RES_5635,3304557,Rio de Janeiro,Tomás Coelho,1513,556,0,-43.307925,-22.8674559993238
RES_5636,3304557,Rio de Janeiro,Tomás Coelho,614,254,0,-43.308437,-22.8635149993238
RES_5637,3304557,Rio de Janeiro,Tomás Coelho,1030,413,0,-43.307101,-22.8736399993236
RES_5638,3304557,Rio de Janeiro,Tomás Coelho,7647,3100,0,-43.303657,-22.8697679993237
RES_5639,3304557,Rio de Janeiro,Tomás Coelho,2877,1159,0,-43.305263,-22.8629389993239
RES_5640,3304557,Rio de Janeiro,Tomás Coelho,781,305,0,-43.299267,-22.8700829993237
RES_5641,3304557,Rio de Janeiro,Tomás Coelho,313,127,0,-43.30038975,-22.86979155
RES_5642,3304557,Rio de Janeiro,Tomás Coelho,581,222,0,-43.30961273451087,-22.862977349999994
RES_5643,3304557,Rio de Janeiro,Tomás Coelho,228,99,0,-43.303562,-22.8729849993236
RES_5644,3304557,Rio de Janeiro,Tomás Coelho,236,96,0,-43.30528,-22.8757919993235
RES_5645,3304557,Rio de Janeiro,Vila Kosmos,1512,641,0,-43.304953,-22.8601569993239
RES_5646,3304557,Rio de Janeiro,Tomás Coelho,1905,814,0,-43.310151,-22.8675399993237
RES_5647,3304557,Rio de Janeiro,Tomás Coelho,145,65,0,-43.310619200000005,-22.863386749999997
RES_5648,3304557,Rio de Janeiro,Tomás Coelho,655,258,0,-43.306182,-22.8749179993236
RES_5649,3304557,Rio de Janeiro,Saúde,1471,608,0,-43.184378,-22.8976009993231
RES_5650,3304557,Rio de Janeiro,Saúde,405,165,0,-43.182095,-22.8981199993231
RES_5651,3304557,Rio de Janeiro,Paquetá,983,315,0,-43.108958,-22.7653909993261
RES_5652,3304557,Rio de Janeiro,Paquetá,684,219,0,-43.109148,-22.7592759993263
RES_5653,3304557,Rio de Janeiro,Paquetá,482,153,0,-43.109122,-22.7531109993264
RES_5654,3304557,Rio de Janeiro,Paquetá,243,75,0,-43.105544,-22.7651559993261
RES_5655,3304557,Rio de Janeiro,Paquetá,366,115,0,-43.10653,-22.7519619993264
RES_5656,3304557,Rio de Janeiro,Paquetá,227,92,0,-43.108636,-22.768802999326
RES_5657,3304557,Rio de Janeiro,Paquetá,216,92,0,-43.106734,-22.7541709993264
RES_5658,3304557,Rio de Janeiro,Paquetá,285,109,0,-43.109033,-22.7658959993261
RES_5659,3304557,Rio de Janeiro,Parque Colúmbia,613,245,0,-43.347957,-22.8186299993249
RES_5660,3304557,Rio de Janeiro,Parque Colúmbia,1696,670,0,-43.342834,-22.8167129993249
RES_5661,3304557,Rio de Janeiro,Parque Colúmbia,1046,410,0,-43.342069,-22.812564999325
RES_5662,3304557,Rio de Janeiro,Parque Colúmbia,509,202,0,-43.337329,-22.815446999325
RES_5663,3304557,Rio de Janeiro,Parque Colúmbia,893,339,0,-43.337759,-22.814136999325
RES_5664,3304557,Rio de Janeiro,Parque Colúmbia,508,206,0,-43.346435,-22.8157249993249
RES_5665,3304557,Rio de Janeiro,Parque Colúmbia,215,92,0,-43.336462,-22.8159689993249
RES_5666,3304557,Rio de Janeiro,Parque Colúmbia,1151,456,0,-43.348366,-22.8206809993248
RES_5667,3304557,Rio de Janeiro,Parque Colúmbia,1035,421,0,-43.346962,-22.8196819993249
RES_5668,3304557,Rio de Janeiro,Parque Colúmbia,98,39,0,-43.346929,-22.8169989993249
RES_5669,3304557,Rio de Janeiro,Parque Colúmbia,193,75,0,-43.344039,-22.813165999325
RES_5670,3304557,Rio de Janeiro,Parque Colúmbia,179,70,0,-43.343651,-22.811756999325
RES_5671,3304557,Rio de Janeiro,Parque Colúmbia,86,30,0,-43.344937,-22.812057999325
RES_5672,3304557,Rio de Janeiro,Jacarezinho,956,381,0,-43.262877,-22.8909869993232
RES_5673,3304557,Rio de Janeiro,Jacarezinho,355,142,0,-43.254121,-22.8878739993233
RES_5674,3304557,Rio de Janeiro,Jacarezinho,1454,577,0,-43.253491,-22.8864149993233
RES_5675,3304557,Rio de Janeiro,Jacarezinho,1060,427,0,-43.252547,-22.8875249993233
RES_5676,3304557,Rio de Janeiro,Jacarezinho,7132,2892,0,-43.262015,-22.8890579993232
RES_5677,3304557,Rio de Janeiro,Jacarezinho,17329,7403,0,-43.258217,-22.8876519993233
RES_5678,3304557,Rio de Janeiro,Jacarezinho,5305,2116,0,-43.256933,-22.8857529993233
RES_5679,3304557,Rio de Janeiro,Jacarezinho,484,210,0,-43.25208,-22.8870549993233
RES_5680,3304557,Rio de Janeiro,Jacarezinho,549,218,0,-43.253597,-22.8889639993233
RES_5681,3304557,Rio de Janeiro,Jacarezinho,342,146,0,-43.253707,-22.8899389993232
RES_5682,3304557,Rio de Janeiro,Jacarezinho,492,193,0,-43.262556,-22.8920119993232
RES_5683,3304557,Rio de Janeiro,Rocinha,133,63,0,-43.251511,-22.9940089993208
RES_5684,3304557,Rio de Janeiro,Rocinha,11161,5157,0,-43.252938,-22.989414999321
RES_5685,3304557,Rio de Janeiro,Rocinha,3441,1587,0,-43.25292,-22.987082999321
RES_5686,3304557,Rio de Janeiro,Rocinha,39762,17670,0,-43.248931,-22.9896709993209
RES_5687,3304557,Rio de Janeiro,Rocinha,10442,4700,0,-43.24781,-22.986310999321
RES_5688,3304557,Rio de Janeiro,Rocinha,3459,1531,0,-43.243054,-22.988413999321
RES_5689,3304557,Rio de Janeiro,Rocinha,3756,1677,0,-43.242897,-22.986652999321
RES_5690,3304557,Rio de Janeiro,Outside bairro polygons,569,218,0,-43.285062,-22.8640669993238
RES_5691,3304557,Rio de Janeiro,Outside bairro polygons,1505,583,0,-43.269626,-22.8659369993238
RES_5692,3304557,Rio de Janeiro,Outside bairro polygons,1056,440,0,-43.268825,-22.8633849993239
RES_5693,3304557,Rio de Janeiro,Outside bairro polygons,3656,1509,0,-43.266951,-22.8667459993238
RES_5694,3304557,Rio de Janeiro,Outside bairro polygons,4222,1740,0,-43.265527,-22.8629919993239
RES_5695,3304557,Rio de Janeiro,Outside bairro polygons,134,56,0,-43.267627,-22.857808999324
RES_5696,3304557,Rio de Janeiro,Outside bairro polygons,375,157,0,-43.25942,-22.8635739993238
RES_5697,3304557,Rio de Janeiro,Outside bairro polygons,1536,620,0,-43.270361,-22.8612749993239
RES_5698,3304557,Rio de Janeiro,Outside bairro polygons,1234,517,0,-43.27817,-22.8606539993239
RES_5699,3304557,Rio de Janeiro,Outside bairro polygons,4616,1852,0,-43.273507,-22.8603009993239
RES_5700,3304557,Rio de Janeiro,Outside bairro polygons,1472,603,0,-43.266138,-22.858267999324
RES_5701,3304557,Rio de Janeiro,Outside bairro polygons,1381,558,0,-43.283563,-22.8638639993238
RES_5702,3304557,Rio de Janeiro,Outside bairro polygons,595,252,0,-43.263383,-22.8644599993238
RES_5703,3304557,Rio de Janeiro,Outside bairro polygons,1176,500,0,-43.279301,-22.8591479993239
RES_5704,3304557,Rio de Janeiro,Outside bairro polygons,880,348,0,-43.280017,-22.857851999324
RES_5705,3304557,Rio de Janeiro,Outside bairro polygons,4734,1952,0,-43.271769,-22.858669999324
RES_5706,3304557,Rio de Janeiro,Outside bairro polygons,2325,953,0,-43.272499,-22.855918999324
RES_5707,3304557,Rio de Janeiro,Outside bairro polygons,1340,562,0,-43.268328,-22.858763999324
RES_5708,3304557,Rio de Janeiro,Outside bairro polygons,85,39,0,-43.25904,-22.8654659993238
RES_5709,3304557,Rio de Janeiro,Outside bairro polygons,482,193,0,-43.25982,-22.8646549993238
RES_5710,3304557,Rio de Janeiro,Outside bairro polygons,783,323,0,-43.27063,-22.8652749993238
RES_5711,3304557,Rio de Janeiro,Outside bairro polygons,691,288,0,-43.270043,-22.8645789993238
RES_5712,3304557,Rio de Janeiro,Outside bairro polygons,1591,672,0,-43.277738,-22.8623269993239
RES_5713,3304557,Rio de Janeiro,Outside bairro polygons,1143,448,0,-43.272075,-22.8661489993238
RES_5714,3304557,Rio de Janeiro,Outside bairro polygons,7723,3230,0,-43.273442,-22.8631619993239
RES_5715,3304557,Rio de Janeiro,Outside bairro polygons,2554,1022,0,-43.278668,-22.8662779993238
RES_5716,3304557,Rio de Janeiro,Outside bairro polygons,4739,1936,0,-43.28131,-22.8632229993238
RES_5717,3304557,Rio de Janeiro,Outside bairro polygons,576,225,0,-43.276442,-22.8666679993238
RES_5718,3304557,Rio de Janeiro,Outside bairro polygons,236,106,0,-43.27169820903497,-22.85595295
RES_5719,3304557,Rio de Janeiro,Outside bairro polygons,793,310,0,-43.283195,-22.8595639993239
RES_5720,3304557,Rio de Janeiro,Maré,1034,437,0,-43.246041,-22.8593509993239
RES_5721,3304557,Rio de Janeiro,Maré,264,114,0,-43.246844,-22.8539189993241
RES_5722,3304557,Rio de Janeiro,Maré,894,413,0,-43.246655,-22.8436649993243
RES_5723,3304557,Rio de Janeiro,Maré,71,31,0,-43.250814,-22.8404679993244
RES_5724,3304557,Rio de Janeiro,Maré,10188,4411,0,-43.239375,-22.8739869993236
RES_5725,3304557,Rio de Janeiro,Maré,16531,7141,0,-43.240245,-22.8690379993237
RES_5726,3304557,Rio de Janeiro,Maré,4599,1840,0,-43.241344,-22.8605529993239
RES_5727,3304557,Rio de Janeiro,Maré,612,246,0,-43.239963,-22.855533999324
RES_5728,3304557,Rio de Janeiro,Maré,4097,1730,0,-43.236227,-22.8729149993236
RES_5729,3304557,Rio de Janeiro,Maré,16203,6913,0,-43.235931,-22.8680339993237
RES_5730,3304557,Rio de Janeiro,Maré,2018,847,0,-43.236454,-22.8638409993238
RES_5731,3304557,Rio de Janeiro,Maré,667,283,0,-43.237612,-22.8727669993236
RES_5732,3304557,Rio de Janeiro,Maré,212,91,0,-43.240445,-22.8704629993237
RES_5733,3304557,Rio de Janeiro,Maré,6850,2826,0,-43.24236,-22.8604099993239
RES_5734,3304557,Rio de Janeiro,Maré,921,394,0,-43.233697,-22.8667639993238
RES_5735,3304557,Rio de Janeiro,Maré,12224,5047,0,-43.242392,-22.854737999324
RES_5736,3304557,Rio de Janeiro,Maré,201,81,0,-43.245754,-22.855954999324
RES_5737,3304557,Rio de Janeiro,Maré,3200,1306,0,-43.243107,-22.857919999324
RES_5738,3304557,Rio de Janeiro,Maré,6299,2555,0,-43.243986,-22.856186999324
RES_5739,3304557,Rio de Janeiro,Maré,2217,945,0,-43.247578,-22.8432309993243
RES_5740,3304557,Rio de Janeiro,Maré,5369,2250,0,-43.248043,-22.8422979993243
RES_5741,3304557,Rio de Janeiro,Maré,259,113,0,-43.245559,-22.8528899993241
RES_5742,3304557,Rio de Janeiro,Maré,4314,1819,0,-43.243379,-22.8525489993241
RES_5743,3304557,Rio de Janeiro,Maré,2182,954,0,-43.24637,-22.8509179993241
RES_5744,3304557,Rio de Janeiro,Maré,349,152,0,-43.245709,-22.8499009993242
RES_5745,3304557,Rio de Janeiro,Maré,7129,3171,0,-43.243468,-22.8509459993241
RES_5746,3304557,Rio de Janeiro,Maré,6776,3119,0,-43.243929,-22.8492169993242
RES_5747,3304557,Rio de Janeiro,Maré,637,289,0,-43.237653,-22.8768959993235
RES_5748,3304557,Rio de Janeiro,Maré,1086,491,0,-43.23579,-22.8739759993236
RES_5749,3304557,Rio de Janeiro,Maré,3004,1270,0,-43.25131,-22.8412579993244
RES_5750,3304557,Rio de Janeiro,Maré,802,319,0,-43.241812,-22.8645499993238
RES_5751,3304557,Rio de Janeiro,Maré,3623,1451,0,-43.240592,-22.8630639993239
RES_5752,3304557,Rio de Janeiro,Vasco da Gama,1278,546,0,-43.232804,-22.8902349993232
RES_5753,3304557,Rio de Janeiro,Vasco da Gama,2208,847,0,-43.225474,-22.8948289993231
RES_5754,3304557,Rio de Janeiro,Vasco da Gama,3081,1313,0,-43.226165,-22.8909729993232
RES_5755,3304557,Rio de Janeiro,Vasco da Gama,3263,1394,0,-43.230149,-22.8889889993233
RES_5756,3304557,Rio de Janeiro,Vasco da Gama,4641,1962,0,-43.228133,-22.8880439993233
RES_5757,3304557,Rio de Janeiro,Outside bairro polygons,2625,1049,0,-43.486041,-22.8458179993243
RES_5758,3304557,Rio de Janeiro,Outside bairro polygons,10777,4305,0,-43.48240724454183,-22.8422906
RES_5759,3304557,Rio de Janeiro,Outside bairro polygons,1691,676,0,-43.48106903888255,-22.837925149999993
RES_5760,3304557,Rio de Janeiro,Bangu,2122,896,0,-43.475456,-22.8487699993242
RES_5761,3304557,Rio de Janeiro,Outside bairro polygons,2691,1075,0,-43.474761,-22.8382439993244
RES_5762,3304557,Rio de Janeiro,Outside bairro polygons,3024,1209,0,-43.477251695873136,-22.837168949999995
RES_5763,3304557,Rio de Janeiro,Outside bairro polygons,200,82,0,-43.475238,-22.8528259993241
RES_5764,3304557,Rio de Janeiro,Outside bairro polygons,726,303,0,-43.183266,-22.9143699993227
RES_5765,3304557,Rio de Janeiro,Outside bairro polygons,5502,2313,0,-43.18413,-22.9125549993227
RES_5766,3304557,Rio de Janeiro,Outside bairro polygons,1862,792,0,-43.17794,-22.9165299993226
RES_5767,3304557,Rio de Janeiro,Outside bairro polygons,894,378,0,-43.180716,-22.9135969993227
RES_5768,3304557,Rio de Janeiro,Outside bairro polygons,2685,1083,0,-43.490533,-22.8604209993239
RES_5769,3304557,Rio de Janeiro,Outside bairro polygons,10524,4272,0,-43.491244,-22.856372999324
RES_5770,3304557,Rio de Janeiro,Outside bairro polygons,1816,738,0,-43.492763,-22.8512469993241
RES_5771,3304557,Rio de Janeiro,Outside bairro polygons,2749,1092,0,-43.483644,-22.8605429993239
RES_5772,3304557,Rio de Janeiro,Outside bairro polygons,3975,1638,0,-43.484718,-22.856600999324
RES_5773,3304904,São Gonçalo,Municipal total,58,23,0,-43.012511,-22.8206029993248
RES_5774,3304904,São Gonçalo,Municipal total,347,127,0,-43.013273541027914,-22.817419150000006
RES_5775,3304904,São Gonçalo,Municipal total,8403,3192,0,-43.007173,-22.8198069993249
RES_5776,3304904,São Gonçalo,Municipal total,919,322,0,-43.006529,-22.8181649993249
RES_5777,3304904,São Gonçalo,Municipal total,1555,538,0,-43.002886,-22.8220889993248
RES_5778,3304904,São Gonçalo,Municipal total,1830,668,0,-43.003314,-22.8168569993249
RES_5779,3304904,São Gonçalo,Municipal total,266,97,0,-43.003675,-22.8175999993249
RES_5780,3304904,São Gonçalo,Municipal total,3283,1191,0,-43.030179,-22.813876999325
RES_5781,3304904,São Gonçalo,Municipal total,357,138,0,-43.031883,-22.8105299993251
RES_5782,3304904,São Gonçalo,Municipal total,1989,711,0,-43.026727,-22.815278999325
RES_5783,3304904,São Gonçalo,Municipal total,553,200,0,-43.026271,-22.8109079993251
RES_5784,3304904,São Gonçalo,Municipal total,182,67,0,-43.050897,-22.8203649993248
RES_5785,3304904,São Gonçalo,Municipal total,3523,1320,0,-43.053544,-22.8155909993249
RES_5786,3304904,São Gonçalo,Municipal total,4514,1705,0,-43.053548,-22.8081599993251
RES_5787,3304904,São Gonçalo,Municipal total,2853,1079,0,-43.053945,-22.8012749993253
RES_5788,3304904,São Gonçalo,Municipal total,122,44,0,-43.050235,-22.8203659993248
RES_5789,3304904,São Gonçalo,Municipal total,6280,2294,0,-43.048517,-22.8153429993249
RES_5790,3304904,São Gonçalo,Municipal total,2267,848,0,-43.048082,-22.8064569993252
RES_5791,3304904,São Gonçalo,Municipal total,1803,693,0,-43.04993,-22.8026509993252
RES_5792,3304904,São Gonçalo,Municipal total,334,131,0,-43.056828,-22.8051529993252
RES_5793,3304904,São Gonçalo,Municipal total,612,230,0,-43.057112,-22.8096729993251
RES_5794,3304904,São Gonçalo,Municipal total,130,46,0,-43.055575,-22.812363999325
RES_5795,3304904,São Gonçalo,Municipal total,1385,493,0,-43.054006,-22.8250269993247
RES_5796,3304904,São Gonçalo,Municipal total,384,139,0,-43.051918,-22.8274889993247
RES_5797,3304904,São Gonçalo,Municipal total,304,119,0,-43.047626,-22.8268619993247
RES_5798,3304904,São Gonçalo,Municipal total,1758,613,0,-43.047113,-22.8240129993248
RES_5799,3304904,São Gonçalo,Municipal total,2259,885,0,-43.041394,-22.8236089993248
RES_5800,3304904,São Gonçalo,Municipal total,411,145,0,-43.029503,-22.8410039993244
RES_5801,3304904,São Gonçalo,Municipal total,786,302,0,-43.02439,-22.8415549993243
RES_5802,3304904,São Gonçalo,Municipal total,1585,610,0,-43.023853,-22.8386539993244
RES_5803,3304904,São Gonçalo,Municipal total,3385,1272,0,-43.022777,-22.8306969993246
RES_5804,3304904,São Gonçalo,Municipal total,3132,1243,0,-43.014173,-22.8506659993241
RES_5805,3304904,São Gonçalo,Municipal total,2187,824,0,-43.015295,-22.8456009993242
RES_5806,3304904,São Gonçalo,Municipal total,4028,1535,0,-43.015177,-22.8359059993245
RES_5807,3304904,São Gonçalo,Municipal total,4607,1714,0,-43.015149,-22.8290939993246
RES_5808,3304904,São Gonçalo,Municipal total,614,236,0,-43.010856,-22.8492549993242
RES_5809,3304904,São Gonçalo,Municipal total,2177,847,0,-43.009596,-22.8446639993243
RES_5810,3304904,São Gonçalo,Municipal total,2555,957,0,-43.010042,-22.8350939993245
RES_5811,3304904,São Gonçalo,Municipal total,2016,724,0,-43.011116,-22.8301099993246
RES_5812,3304904,São Gonçalo,Municipal total,514,199,0,-43.010789,-22.8352909993245
RES_5813,3304904,São Gonçalo,Municipal total,2574,966,0,-43.029871,-22.8088009993251
RES_5814,3304904,São Gonçalo,Municipal total,1359,518,0,-43.027243,-22.8087789993251
RES_5815,3304904,São Gonçalo,Municipal total,693,241,0,-43.046973,-22.8448579993243
RES_5816,3304904,São Gonçalo,Municipal total,1213,478,0,-43.039722,-22.8428859993243
RES_5817,3304904,São Gonçalo,Municipal total,2590,932,0,-43.037444,-22.8212589993248
RES_5818,3304904,São Gonçalo,Municipal total,640,228,0,-43.037959,-22.8180409993249
RES_5819,3304904,São Gonçalo,Municipal total,1021,381,0,-43.034638,-22.8206349993248
RES_5820,3304904,São Gonçalo,Municipal total,181,87,0,-43.034039,-22.8184919993249
RES_5821,3304904,São Gonçalo,Municipal total,69,26,0,-43.044295,-22.7810189993258
RES_5822,3304904,São Gonçalo,Municipal total,1066,423,0,-43.038563,-22.7856439993256
RES_5823,3304904,São Gonçalo,Municipal total,2420,926,0,-43.032849,-22.7835529993257
RES_5824,3304904,São Gonçalo,Municipal total,1394,516,0,-43.031935,-22.7812769993257
RES_5825,3304904,São Gonçalo,Municipal total,404,164,0,-43.027608,-22.7802789993258
RES_5826,3304904,São Gonçalo,Municipal total,528,195,0,-43.029788,-22.7826269993257
RES_5827,3304904,São Gonçalo,Municipal total,1857,698,0,-43.037168,-22.8281919993247
RES_5828,3304904,São Gonçalo,Municipal total,1086,411,0,-43.0368,-22.8251219993247
RES_5829,3304904,São Gonçalo,Municipal total,4329,1591,0,-43.031508,-22.8293329993246
RES_5830,3304904,São Gonçalo,Municipal total,2855,1065,0,-43.03073,-22.8247769993247
RES_5831,3304904,São Gonçalo,Municipal total,712,320,0,-43.025687,-22.8331509993245
RES_5832,3304904,São Gonçalo,Municipal total,1845,784,0,-43.02612,-22.8306049993246
RES_5833,3304904,São Gonçalo,Municipal total,86,38,0,-43.027642,-22.8242399993247
RES_5834,3304904,São Gonçalo,Municipal total,433,143,0,-43.067425,-22.7853779993256
RES_5835,3304904,São Gonçalo,Municipal total,246,91,0,-43.066964,-22.7841199993257
RES_5836,3304904,São Gonçalo,Municipal total,391,145,0,-43.061971,-22.7796239993258
RES_5837,3304904,São Gonçalo,Municipal total,478,204,0,-43.061153,-22.769510999326
RES_5838,3304904,São Gonçalo,Municipal total,768,296,0,-43.054704,-22.7792379993258
RES_5839,3304904,São Gonçalo,Municipal total,1215,480,0,-43.056791,-22.771732999326
RES_5840,3304904,São Gonçalo,Municipal total,716,285,0,-43.037364,-22.7992659993253
RES_5841,3304904,São Gonçalo,Municipal total,1570,596,0,-43.036536,-22.7938219993254
RES_5842,3304904,São Gonçalo,Municipal total,1146,437,0,-43.031803,-22.7975799993254
RES_5843,3304904,São Gonçalo,Municipal total,3426,1289,0,-43.032143,-22.7932979993255
RES_5844,3304904,São Gonçalo,Municipal total,3646,1436,0,-43.032751,-22.7877709993256
RES_5845,3304904,São Gonçalo,Municipal total,1060,406,0,-43.025676,-22.7978089993254
RES_5846,3304904,São Gonçalo,Municipal total,2242,835,0,-43.027205,-22.7932949993255
RES_5847,3304904,São Gonçalo,Municipal total,1931,767,0,-43.02697,-22.7875219993256
RES_5848,3304904,São Gonçalo,Municipal total,982,382,0,-43.055958,-22.8343919993245
RES_5849,3304904,São Gonçalo,Municipal total,532,194,0,-43.053642,-22.8327809993245
RES_5850,3304904,São Gonçalo,Municipal total,2033,778,0,-43.021745,-22.7950749993254
RES_5851,3304904,São Gonçalo,Municipal total,356,141,0,-43.019177,-22.7973279993254
RES_5852,3304904,São Gonçalo,Municipal total,2148,797,0,-43.017547,-22.7942669993255
RES_5853,3304904,São Gonçalo,Municipal total,1301,508,0,-43.021992,-22.8266129993247
RES_5854,3304904,São Gonçalo,Municipal total,4953,1858,0,-43.023756,-22.8215059993248
RES_5855,3304904,São Gonçalo,Municipal total,1204,450,0,-43.020477,-22.8178649993249
RES_5856,3304904,São Gonçalo,Municipal total,1286,481,0,-43.017037,-22.8263489993247
RES_5857,3304904,São Gonçalo,Municipal total,7074,2556,0,-43.015896,-22.8226919993248
RES_5858,3304904,São Gonçalo,Municipal total,2439,890,0,-43.017235,-22.8171019993249
RES_5859,3304904,São Gonçalo,Municipal total,592,250,0,-43.011971,-22.8241649993247
RES_5860,3304904,São Gonçalo,Municipal total,1228,490,0,-43.026212,-22.8201739993249
RES_5861,3304904,São Gonçalo,Municipal total,897,308,0,-43.04482,-22.8199519993248
RES_5862,3304904,São Gonçalo,Municipal total,835,292,0,-43.044346,-22.8171269993249
RES_5863,3304904,São Gonçalo,Municipal total,936,368,0,-43.044981,-22.8094469993251
RES_5864,3304904,São Gonçalo,Municipal total,427,145,0,-43.042842,-22.8199849993248
RES_5865,3304904,São Gonçalo,Municipal total,3235,1157,0,-43.040877,-22.814075999325
RES_5866,3304904,São Gonçalo,Municipal total,1582,567,0,-43.039408,-22.8102699993251
RES_5867,3304904,São Gonçalo,Municipal total,968,364,0,-43.034703,-22.812483999325
RES_5868,3304904,São Gonçalo,Municipal total,740,256,0,-43.034179,-22.810535999325
RES_5869,3304904,São Gonçalo,Municipal total,4616,1706,0,-43.04063,-22.8063429993251
RES_5870,3304904,São Gonçalo,Municipal total,1021,396,0,-43.037214,-22.8020379993253
RES_5871,3304904,São Gonçalo,Municipal total,2530,954,0,-43.033216,-22.8063269993252
RES_5872,3304904,São Gonçalo,Municipal total,4015,1509,0,-43.030736,-22.8017879993253
RES_5873,3304904,São Gonçalo,Municipal total,177,63,0,-43.028245,-22.8041049993252
RES_5874,3304904,São Gonçalo,Municipal total,309,127,0,-43.03357,-22.8059039993252
RES_5875,3304904,São Gonçalo,Municipal total,331,130,0,-43.032115,-22.8037589993252
RES_5876,3304904,São Gonçalo,Municipal total,315,127,0,-43.034804,-22.8000989993253
RES_5877,3304904,São Gonçalo,Municipal total,2964,1076,0,-43.023253,-22.814387999325
RES_5878,3304904,São Gonçalo,Municipal total,4156,1573,0,-43.025055,-22.8069539993251
RES_5879,3304904,São Gonçalo,Municipal total,3536,1368,0,-43.025196,-22.8011549993253
RES_5880,3304904,São Gonçalo,Municipal total,106,39,0,-43.036687,-22.7759369993259
RES_5881,3304904,São Gonçalo,Municipal total,605,231,0,-43.032985,-22.7780119993258
RES_5882,3304904,São Gonçalo,Municipal total,99,36,0,-43.02973414913927,-22.773375149999996
RES_5883,3304904,São Gonçalo,Municipal total,752,276,0,-43.027015,-22.7768009993258
RES_5884,3304904,São Gonçalo,Municipal total,379,151,0,-43.024029,-22.7751539993259
RES_5885,3304904,São Gonçalo,Municipal total,1480,542,0,-43.017655,-22.770726999326
RES_5886,3304904,São Gonçalo,Municipal total,447,176,0,-43.012607,-22.768549999326
RES_5887,3304904,São Gonçalo,Municipal total,1128,417,0,-43.002978,-22.7636639993261
RES_5888,3304904,São Gonçalo,Municipal total,208,72,0,-43.028153,-22.7788769993258
RES_5889,3304904,São Gonçalo,Municipal total,1438,556,0,-43.052951,-22.7929599993255
RES_5890,3304904,São Gonçalo,Municipal total,3959,1484,0,-43.04712,-22.8002359993253
RES_5891,3304904,São Gonçalo,Municipal total,4587,1778,0,-43.047663,-22.7933399993255
RES_5892,3304904,São Gonçalo,Municipal total,1366,514,0,-43.045822,-22.7867999993256
RES_5893,3304904,São Gonçalo,Municipal total,22,8,0,-43.045098,-22.7817469993257
RES_5894,3304904,São Gonçalo,Municipal total,3854,1424,0,-43.041143,-22.8004069993253
RES_5895,3304904,São Gonçalo,Municipal total,2425,917,0,-43.04092,-22.7936279993254
RES_5896,3304904,São Gonçalo,Municipal total,2739,1042,0,-43.041491,-22.7883019993256
RES_5897,3304904,São Gonçalo,Municipal total,206,84,0,-43.046078,-22.7837179993257
RES_5898,3304904,São Gonçalo,Municipal total,160,67,0,-43.053798,-22.7928109993255
RES_5899,3304904,São Gonçalo,Municipal total,90,38,0,-43.022719,-22.7916939993255
RES_5900,3304904,São Gonçalo,Municipal total,701,282,0,-43.023735,-22.7888659993256
RES_5901,3304904,São Gonçalo,Municipal total,697,268,0,-43.01915,-22.7911109993255
RES_5902,3304904,São Gonçalo,Municipal total,901,358,0,-43.019242,-22.7897269993256
RES_5903,3304904,São Gonçalo,Municipal total,254,91,0,-43.023855,-22.7897699993255
RES_5904,3304904,São Gonçalo,Municipal total,96,38,0,-43.053066,-22.8319859993246
RES_5905,3304904,São Gonçalo,Municipal total,1724,625,0,-43.044813,-22.8351419993245
RES_5906,3304904,São Gonçalo,Municipal total,4017,1460,0,-43.047459,-22.8310319993246
RES_5907,3304904,São Gonçalo,Municipal total,4661,1698,0,-43.039107,-22.8354869993245
RES_5908,3304904,São Gonçalo,Municipal total,4769,1681,0,-43.039601,-22.8310569993246
RES_5909,3304904,São Gonçalo,Municipal total,2091,784,0,-43.032802,-22.8347569993245
RES_5910,3304904,São Gonçalo,Municipal total,528,187,0,-43.031043,-22.8325029993246
RES_5911,3304904,São Gonçalo,Municipal total,1339,516,0,-43.044676,-22.8273809993247
RES_5912,3304904,São Gonçalo,Municipal total,304,116,0,-43.042668,-22.8272739993247
RES_5913,3304904,São Gonçalo,Municipal total,68,26,0,-43.028256,-22.7828479993257
RES_5914,3304904,São Gonçalo,Municipal total,3943,1542,0,-43.023507,-22.7850999993256
RES_5915,3304904,São Gonçalo,Municipal total,3435,1311,0,-43.023532,-22.7805579993258
RES_5916,3304904,São Gonçalo,Municipal total,1172,450,0,-43.019801,-22.7848139993257
RES_5917,3304904,São Gonçalo,Municipal total,363,134,0,-43.020508,-22.7805639993258
RES_5918,3304904,São Gonçalo,Municipal total,154,63,0,-43.025219,-22.7787199993258
RES_5919,3304904,São Gonçalo,Municipal total,1520,586,0,-43.037545,-22.814987999325
RES_5920,3304904,São Gonçalo,Municipal total,2038,759,0,-43.033858,-22.8164229993249
RES_5921,3304904,São Gonçalo,Municipal total,1328,510,0,-43.028709,-22.8521479993241
RES_5922,3304904,São Gonçalo,Municipal total,202,75,0,-43.02518,-22.854889999324
RES_5923,3304904,São Gonçalo,Municipal total,333,116,0,-43.017967,-22.8480989993242
RES_5924,3304904,São Gonçalo,Municipal total,350,119,0,-43.0209,-22.813554999325
RES_5925,3304904,São Gonçalo,Municipal total,1708,630,0,-43.020851,-22.8079199993251
RES_5926,3304904,São Gonçalo,Municipal total,1948,749,0,-43.021277,-22.8013419993253
RES_5927,3304904,São Gonçalo,Municipal total,4022,1451,0,-43.016731,-22.813337999325
RES_5928,3304904,São Gonçalo,Municipal total,5553,2069,0,-43.01605,-22.8082369993251
RES_5929,3304904,São Gonçalo,Municipal total,6396,2496,0,-43.016424,-22.8007859993253
RES_5930,3304904,São Gonçalo,Municipal total,2895,1052,0,-43.010056,-22.813080999325
RES_5931,3304904,São Gonçalo,Municipal total,4162,1586,0,-43.010119,-22.8075449993251
RES_5932,3304904,São Gonçalo,Municipal total,1994,754,0,-43.011326,-22.8024259993253
RES_5933,3304904,São Gonçalo,Municipal total,392,143,0,-43.007225,-22.8080809993251
RES_5934,3304904,São Gonçalo,Municipal total,1074,401,0,-43.05224,-22.8221369993248
RES_5935,3304904,São Gonçalo,Municipal total,2663,1048,0,-43.050436,-22.8243209993247
RES_5936,3304904,São Gonçalo,Municipal total,684,256,0,-43.056452,-22.8315389993246
RES_5937,3304904,São Gonçalo,Municipal total,1640,623,0,-43.007326,-22.8415849993243
RES_5938,3304904,São Gonçalo,Municipal total,2207,851,0,-43.006061,-22.8377509993244
RES_5939,3304904,São Gonçalo,Municipal total,3159,1219,0,-43.001477,-22.8414549993244
RES_5940,3304904,São Gonçalo,Municipal total,3449,1328,0,-43.000985,-22.8367769993245
RES_5941,3304904,São Gonçalo,Municipal total,171,69,0,-43.003042,-22.8328089993246
RES_5942,3304904,São Gonçalo,Municipal total,610,238,0,-42.98931,-22.8340719993245
RES_5943,3304904,São Gonçalo,Municipal total,1041,388,0,-42.990462,-22.8303849993246
RES_5944,3304904,São Gonçalo,Municipal total,3252,1283,0,-42.985086,-22.8347479993245
RES_5945,3304904,São Gonçalo,Municipal total,5099,1935,0,-42.984663,-22.8297089993246
RES_5946,3304904,São Gonçalo,Municipal total,1483,568,0,-42.978309,-22.8319349993246
RES_5947,3304904,São Gonçalo,Municipal total,793,282,0,-42.968427,-22.8521299993241
RES_5948,3304904,São Gonçalo,Municipal total,535,207,0,-42.965297,-22.8482549993242
RES_5949,3304904,São Gonçalo,Municipal total,1089,434,0,-42.998615,-22.8622629993239
RES_5950,3304904,São Gonçalo,Municipal total,1142,438,0,-43.001053,-22.8596669993239
RES_5951,3304904,São Gonçalo,Municipal total,373,145,0,-42.994329,-22.8695359993237
RES_5952,3304904,São Gonçalo,Municipal total,1083,416,0,-42.99344,-22.8633829993238
RES_5953,3304904,São Gonçalo,Municipal total,587,223,0,-42.994578,-22.8609349993239
RES_5954,3304904,São Gonçalo,Municipal total,594,244,0,-42.981658,-22.8715019993237
RES_5955,3304904,São Gonçalo,Municipal total,486,188,0,-42.979422,-22.8717399993237
RES_5956,3304904,São Gonçalo,Municipal total,419,164,0,-42.979685,-22.8670899993238
RES_5957,3304904,São Gonçalo,Municipal total,204,75,0,-43.012919,-22.8868709993233
RES_5958,3304904,São Gonçalo,Municipal total,82,32,0,-43.005572,-22.8916019993232
RES_5959,3304904,São Gonçalo,Municipal total,845,393,0,-43.00383,-22.8910019993232
RES_5960,3304904,São Gonçalo,Municipal total,491,205,0,-43.005261,-22.8790529993235
RES_5961,3304904,São Gonçalo,Municipal total,470,182,0,-43.00642,-22.8729599993236
RES_5962,3304904,São Gonçalo,Municipal total,57,21,0,-43.00201,-22.8858439993233
RES_5963,3304904,São Gonçalo,Municipal total,693,273,0,-43.001211,-22.8789559993235
RES_5964,3304904,São Gonçalo,Municipal total,421,159,0,-43.002176,-22.8740309993236
RES_5965,3304904,São Gonçalo,Municipal total,565,199,0,-42.99588,-22.8748389993236
RES_5966,3304904,São Gonçalo,Municipal total,413,162,0,-43.00893,-22.8885319993233
RES_5967,3304904,São Gonçalo,Municipal total,398,165,0,-43.003638,-22.8836969993234
RES_5968,3304904,São Gonçalo,Municipal total,479,176,0,-42.999651,-22.8727709993236
RES_5969,3304904,São Gonçalo,Municipal total,1632,662,0,-43.01399,-22.8650729993238
RES_5970,3304904,São Gonçalo,Municipal total,856,330,0,-43.013288,-22.857140999324
RES_5971,3304904,São Gonçalo,Municipal total,3523,1418,0,-43.008985,-22.8658329993238
RES_5972,3304904,São Gonçalo,Municipal total,3590,1380,0,-43.008537,-22.858387999324
RES_5973,3304904,São Gonçalo,Municipal total,264,103,0,-43.010392,-22.8534129993241
RES_5974,3304904,São Gonçalo,Municipal total,180,63,0,-43.00370777549762,-22.869188450000003
RES_5975,3304904,São Gonçalo,Municipal total,2111,833,0,-43.003534,-22.8646819993238
RES_5976,3304904,São Gonçalo,Municipal total,743,284,0,-42.997717,-22.8350869993245
RES_5977,3304904,São Gonçalo,Municipal total,2584,962,0,-42.999323,-22.8308019993246
RES_5978,3304904,São Gonçalo,Municipal total,173,68,0,-42.988927375534715,-22.8487437
RES_5979,3304904,São Gonçalo,Municipal total,4042,1537,0,-42.991414,-22.8440389993243
RES_5980,3304904,São Gonçalo,Municipal total,3894,1472,0,-42.992999,-22.8360079993245
RES_5981,3304904,São Gonçalo,Municipal total,1856,709,0,-42.994095,-22.8312819993246
RES_5982,3304904,São Gonçalo,Municipal total,1731,697,0,-42.986654,-22.8417549993243
RES_5983,3304904,São Gonçalo,Municipal total,428,172,0,-42.98833,-22.8373569993244
RES_5984,3304904,São Gonçalo,Municipal total,1362,511,0,-42.959424,-22.8486709993242
RES_5985,3304904,São Gonçalo,Municipal total,675,254,0,-42.957399,-22.8460479993242
RES_5986,3304904,São Gonçalo,Municipal total,1764,676,0,-42.954923,-22.8498769993241
RES_5987,3304904,São Gonçalo,Municipal total,99,39,0,-42.957772,-22.8439219993243
RES_5988,3304904,São Gonçalo,Municipal total,40,15,0,-42.95621,-22.8442449993243
RES_5989,3304904,São Gonçalo,Municipal total,190,81,0,-42.95256,-22.8482829993242
RES_5990,3304904,São Gonçalo,Municipal total,1567,598,0,-42.981923,-22.8860409993233
RES_5991,3304904,São Gonçalo,Municipal total,1643,671,0,-42.981418,-22.8819709993234
RES_5992,3304904,São Gonçalo,Municipal total,1338,504,0,-42.977107,-22.8848509993233
RES_5993,3304904,São Gonçalo,Municipal total,2146,860,0,-42.977086,-22.8798289993235
RES_5994,3304904,São Gonçalo,Municipal total,474,190,0,-42.951607,-22.8471669993242
RES_5995,3304904,São Gonçalo,Municipal total,1187,460,0,-42.950207,-22.8438729993243
RES_5996,3304904,São Gonçalo,Municipal total,904,345,0,-42.947817,-22.8496499993242
RES_5997,3304904,São Gonçalo,Municipal total,1174,484,0,-42.946349,-22.8461149993242
RES_5998,3304904,São Gonçalo,Municipal total,109,38,0,-42.952056,-22.8483149993242
RES_5999,3304904,São Gonçalo,Municipal total,165,64,0,-42.948803,-22.8502779993241
RES_6000,3304904,São Gonçalo,Municipal total,287,111,0,-42.954965,-22.8450069993243
RES_6001,3304904,São Gonçalo,Municipal total,703,285,0,-42.981143,-22.8775029993235
RES_6002,3304904,São Gonçalo,Municipal total,653,256,0,-42.977848,-22.8757999993236
RES_6003,3304904,São Gonçalo,Municipal total,325,121,0,-42.974492749999996,-22.86725059999999
RES_6004,3304904,São Gonçalo,Municipal total,142,53,0,-42.976695,-22.8743309993236
RES_6005,3304904,São Gonçalo,Municipal total,1109,410,0,-42.97824,-22.8347029993245
RES_6006,3304904,São Gonçalo,Municipal total,926,368,0,-43.005945,-22.855022999324
RES_6007,3304904,São Gonçalo,Municipal total,3419,1302,0,-43.006067,-22.8505739993241
RES_6008,3304904,São Gonçalo,Municipal total,481,192,0,-43.006159,-22.8455779993243
RES_6009,3304904,São Gonçalo,Municipal total,910,340,0,-43.002376,-22.8529799993241
RES_6010,3304904,São Gonçalo,Municipal total,827,331,0,-43.003249,-22.8461759993243
RES_6011,3304904,São Gonçalo,Municipal total,1632,639,0,-42.998044,-22.856987999324
RES_6012,3304904,São Gonçalo,Municipal total,4279,1647,0,-42.997885,-22.8494339993242
RES_6013,3304904,São Gonçalo,Municipal total,1127,438,0,-42.99777,-22.8461519993243
RES_6014,3304904,São Gonçalo,Municipal total,4055,1581,0,-42.994316,-22.8495679993242
RES_6015,3304904,São Gonçalo,Municipal total,3089,1185,0,-42.995641,-22.8441229993243
RES_6016,3304904,São Gonçalo,Municipal total,340,128,0,-42.995509170184135,-22.839176450000004
RES_6017,3304904,São Gonçalo,Municipal total,261,103,0,-43.002485424545455,-22.855356
RES_6018,3304904,São Gonçalo,Municipal total,147,59,0,-43.000042,-22.8472939993242
RES_6019,3304904,São Gonçalo,Municipal total,2132,786,0,-42.978314,-22.8274119993247
RES_6020,3304904,São Gonçalo,Municipal total,1291,531,0,-42.978898,-22.8246169993247
RES_6021,3304904,São Gonçalo,Municipal total,739,260,0,-42.915591,-22.8247949993247
RES_6022,3304904,São Gonçalo,Municipal total,638,251,0,-42.910387,-22.8239309993248
RES_6023,3304904,São Gonçalo,Municipal total,411,154,0,-43.026769,-22.8755789993236
RES_6024,3304904,São Gonçalo,Municipal total,1293,505,0,-43.021077,-22.8797609993235
RES_6025,3304904,São Gonçalo,Municipal total,3752,1445,0,-43.023083,-22.8734319993236
RES_6026,3304904,São Gonçalo,Municipal total,394,171,0,-43.019382,-22.8839279993234
RES_6027,3304904,São Gonçalo,Municipal total,1117,475,0,-43.018098,-22.8791169993235
RES_6028,3304904,São Gonçalo,Municipal total,3137,1262,0,-43.018093,-22.8724919993236
RES_6029,3304904,São Gonçalo,Municipal total,550,214,0,-43.014107,-22.8680879993237
RES_6030,3304904,São Gonçalo,Municipal total,509,208,0,-43.010898,-22.8698969993237
RES_6031,3304904,São Gonçalo,Municipal total,1115,434,0,-43.015222,-22.8812029993234
RES_6032,3304904,São Gonçalo,Municipal total,632,244,0,-43.019187,-22.8698209993237
RES_6033,3304904,São Gonçalo,Municipal total,836,315,0,-42.975147,-22.8244699993247
RES_6034,3304904,São Gonçalo,Municipal total,2665,1009,0,-42.970636,-22.8345649993245
RES_6035,3304904,São Gonçalo,Municipal total,2817,1058,0,-42.969834,-22.8284779993247
RES_6036,3304904,São Gonçalo,Municipal total,387,147,0,-42.973543,-22.8244029993248
RES_6037,3304904,São Gonçalo,Municipal total,412,158,0,-42.962758,-22.8272329993247
RES_6038,3304904,São Gonçalo,Municipal total,1245,473,0,-42.998336,-22.8270919993247
RES_6039,3304904,São Gonçalo,Municipal total,1258,441,0,-42.998414,-22.8241439993247
RES_6040,3304904,São Gonçalo,Municipal total,2887,1074,0,-42.99322,-22.8271989993247
RES_6041,3304904,São Gonçalo,Municipal total,249,96,0,-42.988348,-22.8274879993247
RES_6042,3304904,São Gonçalo,Municipal total,1083,410,0,-42.999152,-22.8874349993233
RES_6043,3304904,São Gonçalo,Municipal total,2913,1066,0,-42.990918,-22.8858729993233
RES_6044,3304904,São Gonçalo,Municipal total,918,371,0,-42.987942,-22.8802109993235
RES_6045,3304904,São Gonçalo,Municipal total,428,168,0,-42.988458699999995,-22.875544299999994
RES_6046,3304904,São Gonçalo,Municipal total,339,139,0,-42.984805,-22.8919469993232
RES_6047,3304904,São Gonçalo,Municipal total,1601,617,0,-42.985759,-22.8878029993233
RES_6048,3304904,São Gonçalo,Municipal total,1646,623,0,-42.9842,-22.8785699993235
RES_6049,3304904,São Gonçalo,Municipal total,394,147,0,-42.986633,-22.8913959993232
RES_6050,3304904,São Gonçalo,Municipal total,550,213,0,-42.96557440000001,-22.83360954999999
RES_6051,3304904,São Gonçalo,Municipal total,2460,950,0,-42.961282,-22.8433259993243
RES_6052,3304904,São Gonçalo,Municipal total,3259,1285,0,-42.96231,-22.8356809993245
RES_6053,3304904,São Gonçalo,Municipal total,1600,591,0,-42.963127,-22.8300609993246
RES_6054,3304904,São Gonçalo,Municipal total,867,337,0,-42.956573,-22.8416049993244
RES_6055,3304904,São Gonçalo,Municipal total,1923,766,0,-42.955192,-22.8356199993245
RES_6056,3304904,São Gonçalo,Municipal total,532,228,0,-42.945205495285755,-22.835927299999998
RES_6057,3304904,São Gonçalo,Municipal total,575,230,0,-42.949777,-22.8617519993239
RES_6058,3304904,São Gonçalo,Municipal total,309,119,0,-42.952727,-22.8595949993239
RES_6059,3304904,São Gonçalo,Municipal total,625,254,0,-42.953108,-22.8527199993241
RES_6060,3304904,São Gonçalo,Municipal total,1095,425,0,-42.946336,-22.8621189993239
RES_6061,3304904,São Gonçalo,Municipal total,2598,1048,0,-42.945872,-22.857217999324
RES_6062,3304904,São Gonçalo,Municipal total,1484,577,0,-42.946969,-22.8515619993241
RES_6063,3304904,São Gonçalo,Municipal total,752,288,0,-42.943217,-22.8439879993243
RES_6064,3304904,São Gonçalo,Municipal total,117,47,0,-42.933928,-22.8654029993238
RES_6065,3304904,São Gonçalo,Municipal total,2357,927,0,-42.938414,-22.858312999324
RES_6066,3304904,São Gonçalo,Municipal total,1511,617,0,-42.940636,-22.8497519993242
RES_6067,3304904,São Gonçalo,Municipal total,821,328,0,-42.940981,-22.8426379993243
RES_6068,3304904,São Gonçalo,Municipal total,2492,970,0,-42.93097,-22.856286999324
RES_6069,3304904,São Gonçalo,Municipal total,422,167,0,-42.931408,-22.8523059993241
RES_6070,3304904,São Gonçalo,Municipal total,467,195,0,-42.919059,-22.8503159993241
RES_6071,3304904,São Gonçalo,Municipal total,106,46,0,-42.948327,-22.8508849993241
RES_6072,3304904,São Gonçalo,Municipal total,1650,622,0,-42.974505,-22.8287819993246
RES_6073,3304904,São Gonçalo,Municipal total,331,123,0,-42.973157,-22.8288179993246
RES_6074,3304904,São Gonçalo,Municipal total,538,200,0,-43.019667,-22.858920999324
RES_6075,3304904,São Gonçalo,Municipal total,121,45,0,-43.019399,-22.8534719993241
RES_6076,3304904,São Gonçalo,Municipal total,2619,989,0,-43.017008,-22.858198999324
RES_6077,3304904,São Gonçalo,Municipal total,212,79,0,-43.018432,-22.8543069993241
RES_6078,3304904,São Gonçalo,Municipal total,255,104,0,-43.016355,-22.8608889993239
RES_6079,3304904,São Gonçalo,Municipal total,858,330,0,-42.983808,-22.9072039993228
RES_6080,3304904,São Gonçalo,Municipal total,529,198,0,-42.983265,-22.9031349993229
RES_6081,3304904,São Gonçalo,Municipal total,242,91,0,-42.984939,-22.8969099993231
RES_6082,3304904,São Gonçalo,Municipal total,514,206,0,-42.976455,-22.9035059993229
RES_6083,3304904,São Gonçalo,Municipal total,634,265,0,-42.96505,-22.901271999323
RES_6084,3304904,São Gonçalo,Municipal total,140,55,0,-42.985079,-22.898134999323
RES_6085,3304904,São Gonçalo,Municipal total,514,200,0,-42.980142,-22.9037799993229
RES_6086,3304904,São Gonçalo,Municipal total,354,154,0,-42.984484,-22.8470939993242
RES_6087,3304904,São Gonçalo,Municipal total,456,166,0,-42.9814121,-22.84556835
RES_6088,3304904,São Gonçalo,Municipal total,304,115,0,-42.980371,-22.8467469993242
RES_6089,3304904,São Gonçalo,Municipal total,2075,824,0,-42.958793,-22.8280149993247
RES_6090,3304904,São Gonçalo,Municipal total,1892,726,0,-42.962288,-22.8236469993248
RES_6091,3304904,São Gonçalo,Municipal total,216,83,0,-42.972226,-22.7848199993257
RES_6092,3304904,São Gonçalo,Municipal total,871,336,0,-42.970331,-22.8043799993252
RES_6093,3304904,São Gonçalo,Municipal total,2626,1012,0,-42.969264,-22.7990299993253
RES_6094,3304904,São Gonçalo,Municipal total,2835,1068,0,-42.969585,-22.7932899993255
RES_6095,3304904,São Gonçalo,Municipal total,1869,767,0,-42.977116,-22.7886409993256
RES_6096,3304904,São Gonçalo,Municipal total,2452,962,0,-42.963597,-22.8005519993253
RES_6097,3304904,São Gonçalo,Municipal total,1863,714,0,-42.961832,-22.7942049993254
RES_6098,3304904,São Gonçalo,Municipal total,2067,790,0,-42.959937,-22.7873149993256
RES_6099,3304904,São Gonçalo,Municipal total,471,194,0,-42.957586,-22.7962969993254
RES_6100,3304904,São Gonçalo,Municipal total,3614,1379,0,-42.953975,-22.7918349993255
RES_6101,3304904,São Gonçalo,Municipal total,2354,917,0,-42.954995,-22.7852359993257
RES_6102,3304904,São Gonçalo,Municipal total,364,158,0,-42.956305842187504,-22.780189699999994
RES_6103,3304904,São Gonçalo,Municipal total,450,167,0,-42.949611,-22.7906829993255
RES_6104,3304904,São Gonçalo,Municipal total,748,282,0,-42.950536,-22.7868349993256
RES_6105,3304904,São Gonçalo,Municipal total,257,105,0,-42.973521,-22.8055809993252
RES_6106,3304904,São Gonçalo,Municipal total,378,179,0,-42.971796,-22.7856079993256
RES_6107,3304904,São Gonçalo,Municipal total,146,57,0,-42.975267,-22.7847979993257
RES_6108,3304904,São Gonçalo,Municipal total,51,23,0,-42.959747,-22.7670719993261
RES_6109,3304904,São Gonçalo,Municipal total,438,177,0,-42.955221,-22.771060999326
RES_6110,3304904,São Gonçalo,Municipal total,376,148,0,-42.963254,-22.8195539993249
RES_6111,3304904,São Gonçalo,Municipal total,330,124,0,-42.960392,-22.8177849993249
RES_6112,3304904,São Gonçalo,Municipal total,334,130,0,-42.955672,-22.8182039993249
RES_6113,3304904,São Gonçalo,Municipal total,2122,845,0,-42.956247,-22.8161899993249
RES_6114,3304904,São Gonçalo,Municipal total,165,67,0,-42.979974144627434,-22.772979999999993
RES_6115,3304904,São Gonçalo,Municipal total,2395,1001,0,-42.969652,-22.7783449993258
RES_6116,3304904,São Gonçalo,Municipal total,1240,490,0,-42.968334,-22.771432999326
RES_6117,3304904,São Gonçalo,Municipal total,769,302,0,-42.961951,-22.7756889993259
RES_6118,3304904,São Gonçalo,Municipal total,13,5,0,-42.974278,-22.7813999993257
RES_6119,3304904,São Gonçalo,Municipal total,331,123,0,-43.012568,-22.7852519993256
RES_6120,3304904,São Gonçalo,Municipal total,1105,447,0,-43.005831,-22.813546999325
RES_6121,3304904,São Gonçalo,Municipal total,630,247,0,-43.004809,-22.8048119993252
RES_6122,3304904,São Gonçalo,Municipal total,1156,484,0,-43.005813,-22.8007629993253
RES_6123,3304904,São Gonçalo,Municipal total,3871,1513,0,-43.00772,-22.7930609993255
RES_6124,3304904,São Gonçalo,Municipal total,3565,1438,0,-43.008982,-22.7861839993256
RES_6125,3304904,São Gonçalo,Municipal total,1880,776,0,-43.009361,-22.7813429993257
RES_6126,3304904,São Gonçalo,Municipal total,3208,1263,0,-43.00258,-22.813451999325
RES_6127,3304904,São Gonçalo,Municipal total,7226,2875,0,-43.000685,-22.8072339993251
RES_6128,3304904,São Gonçalo,Municipal total,6447,2538,0,-43.001213,-22.8002609993253
RES_6129,3304904,São Gonçalo,Municipal total,6937,2795,0,-43.001137,-22.7928329993255
RES_6130,3304904,São Gonçalo,Municipal total,2469,1002,0,-43.001768,-22.7858379993256
RES_6131,3304904,São Gonçalo,Municipal total,4254,1636,0,-42.993832,-22.8065329993251
RES_6132,3304904,São Gonçalo,Municipal total,6889,2699,0,-42.992926,-22.8005839993253
RES_6133,3304904,São Gonçalo,Municipal total,5411,2185,0,-42.993229,-22.7936129993254
RES_6134,3304904,São Gonçalo,Municipal total,2746,1105,0,-42.993951,-22.7881249993256
RES_6135,3304904,São Gonçalo,Municipal total,1586,623,0,-42.987391,-22.8047889993252
RES_6136,3304904,São Gonçalo,Municipal total,3821,1471,0,-42.986615,-22.8004719993253
RES_6137,3304904,São Gonçalo,Municipal total,1144,445,0,-42.987963,-22.7954049993254
RES_6138,3304904,São Gonçalo,Municipal total,223,88,0,-43.007679,-22.814480999325
RES_6139,3304904,São Gonçalo,Municipal total,181,65,0,-43.006402,-22.811227999325
RES_6140,3304904,São Gonçalo,Municipal total,178,76,0,-43.006735,-22.8162079993249
RES_6141,3304904,São Gonçalo,Municipal total,462,188,0,-42.989702,-22.7922839993255
RES_6142,3304904,São Gonçalo,Municipal total,558,214,0,-42.993298,-22.8089159993251
RES_6143,3304904,São Gonçalo,Municipal total,182,74,0,-42.98368,-22.8258639993247
RES_6144,3304904,São Gonçalo,Municipal total,1823,711,0,-42.982656,-22.8225969993248
RES_6145,3304904,São Gonçalo,Municipal total,2250,922,0,-42.979072,-22.8214649993248
RES_6146,3304904,São Gonçalo,Municipal total,107,42,0,-42.977347,-22.8177979993249
RES_6147,3304904,São Gonçalo,Municipal total,62,23,0,-42.977933,-22.8174349993249
RES_6148,3304904,São Gonçalo,Municipal total,456,177,0,-42.997467,-22.8155379993249
RES_6149,3304904,São Gonçalo,Municipal total,735,292,0,-42.990369,-22.8177879993249
RES_6150,3304904,São Gonçalo,Municipal total,4182,1598,0,-42.992809,-22.813901999325
RES_6151,3304904,São Gonçalo,Municipal total,722,274,0,-42.993909,-22.810795999325
RES_6152,3304904,São Gonçalo,Municipal total,1689,669,0,-42.984079,-22.8189089993249
RES_6153,3304904,São Gonçalo,Municipal total,4201,1666,0,-42.985653,-22.815026999325
RES_6154,3304904,São Gonçalo,Municipal total,3506,1385,0,-42.984952,-22.8091079993251
RES_6155,3304904,São Gonçalo,Municipal total,335,139,0,-42.980463,-22.8191669993249
RES_6156,3304904,São Gonçalo,Municipal total,2324,911,0,-42.979504,-22.814332999325
RES_6157,3304904,São Gonçalo,Municipal total,1434,554,0,-42.978928,-22.8096209993251
RES_6158,3304904,São Gonçalo,Municipal total,224,93,0,-42.977735,-22.813867999325
RES_6159,3304904,São Gonçalo,Municipal total,61,30,0,-42.996489,-22.811121999325
RES_6160,3304904,São Gonçalo,Municipal total,126,46,0,-42.92087,-22.8246179993247
RES_6161,3304904,São Gonçalo,Municipal total,486,183,0,-42.91525413952631,-22.8222248
RES_6162,3304904,São Gonçalo,Municipal total,1042,413,0,-42.953009,-22.7994229993253
RES_6163,3304904,São Gonçalo,Municipal total,918,353,0,-42.943319,-22.8058899993252
RES_6164,3304904,São Gonçalo,Municipal total,2051,813,0,-42.94724,-22.7995779993253
RES_6165,3304904,São Gonçalo,Municipal total,839,327,0,-42.944858,-22.7952019993254
RES_6166,3304904,São Gonçalo,Municipal total,1036,372,0,-42.940985,-22.8039889993252
RES_6167,3304904,São Gonçalo,Municipal total,922,349,0,-42.94157645,-22.798599549999995
RES_6168,3304904,São Gonçalo,Municipal total,2237,893,0,-42.990743,-22.8208169993248
RES_6169,3304904,São Gonçalo,Municipal total,446,188,0,-42.987586,-22.8260309993247
RES_6170,3304904,São Gonçalo,Municipal total,3876,1583,0,-42.986578,-22.8230599993248
RES_6171,3304904,São Gonçalo,Municipal total,356,136,0,-42.950622,-22.8170799993249
RES_6172,3304904,São Gonçalo,Municipal total,1860,717,0,-42.951305,-22.8056079993252
RES_6173,3304904,São Gonçalo,Municipal total,556,231,0,-42.94255232226463,-22.820365699999996
RES_6174,3304904,São Gonçalo,Municipal total,2802,1087,0,-42.945571,-22.814444999325
RES_6175,3304904,São Gonçalo,Municipal total,943,377,0,-42.946986,-22.8084159993251
RES_6176,3304904,São Gonçalo,Municipal total,393,155,0,-42.948887,-22.8030109993252
RES_6177,3304904,São Gonçalo,Municipal total,72,28,0,-42.937261050000004,-22.825534999999995
RES_6178,3304904,São Gonçalo,Municipal total,702,263,0,-42.940918,-22.8187149993249
RES_6179,3304904,São Gonçalo,Municipal total,1187,477,0,-42.940628,-22.814534999325
RES_6180,3304904,São Gonçalo,Municipal total,159,58,0,-42.934689,-22.8180829993249
RES_6181,3304904,São Gonçalo,Municipal total,919,328,0,-42.93246,-22.8163509993249
RES_6182,3304904,São Gonçalo,Municipal total,1147,456,0,-42.97416,-22.8213219993248
RES_6183,3304904,São Gonçalo,Municipal total,4484,1775,0,-42.968232,-22.8211139993248
RES_6184,3304904,São Gonçalo,Municipal total,282,107,0,-42.997038,-22.8217829993248
RES_6185,3304904,São Gonçalo,Municipal total,2474,994,0,-42.992893,-22.8239589993248
RES_6186,3304904,São Gonçalo,Municipal total,504,190,0,-42.958942,-22.8328159993245
RES_6187,3304904,São Gonçalo,Municipal total,313,121,0,-42.956987,-22.8328509993246
RES_6188,3304904,São Gonçalo,Municipal total,868,320,0,-42.955434,-22.8298989993246
RES_6189,3304904,São Gonçalo,Municipal total,150,48,0,-42.948646,-22.8304029993246
RES_6190,3304904,São Gonçalo,Municipal total,278,114,0,-42.940485,-22.8333379993245
RES_6191,3304904,São Gonçalo,Municipal total,379,143,0,-42.981923,-22.8043439993252
RES_6192,3304904,São Gonçalo,Municipal total,1243,478,0,-42.982402,-22.7991909993253
RES_6193,3304904,São Gonçalo,Municipal total,3829,1714,0,-42.983598,-22.7937409993254
RES_6194,3304904,São Gonçalo,Municipal total,665,275,0,-42.982618,-22.7867169993256
RES_6195,3304904,São Gonçalo,Municipal total,1397,539,0,-42.976442,-22.8047359993252
RES_6196,3304904,São Gonçalo,Municipal total,5622,2254,0,-42.977235,-22.8002179993253
RES_6197,3304904,São Gonçalo,Municipal total,1444,574,0,-42.979954,-22.7939649993254
RES_6198,3304904,São Gonçalo,Municipal total,34,13,0,-42.974262,-22.8061789993252
RES_6199,3304904,São Gonçalo,Municipal total,350,131,0,-42.979651,-22.7981769993254
RES_6200,3304904,São Gonçalo,Municipal total,208,75,0,-42.978525,-22.7933569993255
RES_6201,3304904,São Gonçalo,Municipal total,671,256,0,-42.999263,-22.8199969993248
RES_6202,3304904,São Gonçalo,Municipal total,1555,613,0,-42.997484,-22.8182279993249
RES_6203,3304904,São Gonçalo,Municipal total,1329,490,0,-42.994297,-22.8196169993249
RES_6204,3304904,São Gonçalo,Municipal total,666,248,0,-42.99604297022466,-22.816800549999996
RES_6205,3304904,São Gonçalo,Municipal total,803,328,0,-42.974904,-22.8192189993249
RES_6206,3304904,São Gonçalo,Municipal total,1509,597,0,-42.975731,-22.8157179993249
RES_6207,3304904,São Gonçalo,Municipal total,5661,2273,0,-42.969089,-22.814719999325
RES_6208,3304904,São Gonçalo,Municipal total,1743,699,0,-42.967984,-22.8087429993251
RES_6209,3304904,São Gonçalo,Municipal total,3335,1304,0,-42.962743,-22.813566999325
RES_6210,3304904,São Gonçalo,Municipal total,2385,896,0,-42.962123,-22.8067439993252
RES_6211,3304904,São Gonçalo,Municipal total,2040,836,0,-42.960495,-22.8030969993252
RES_6212,3304904,São Gonçalo,Municipal total,2758,1093,0,-42.954866,-22.811735999325
RES_6213,3304904,São Gonçalo,Municipal total,1340,538,0,-42.954555,-22.8063119993252
RES_6214,3304904,São Gonçalo,Municipal total,1165,467,0,-42.956309,-22.8009149993253
RES_6215,3304904,São Gonçalo,Municipal total,38,15,0,-42.948792,-22.811937999325
RES_6216,3304904,São Gonçalo,Municipal total,167,69,0,-42.975729,-22.810546999325
RES_6217,3304904,São Gonçalo,Municipal total,69,24,0,-43.083919,-22.8409789993244
RES_6218,3304904,São Gonçalo,Municipal total,3357,1242,0,-43.077026,-22.8429799993243
RES_6219,3304904,São Gonçalo,Municipal total,3007,1146,0,-43.077677,-22.8399149993244
RES_6220,3304904,São Gonçalo,Municipal total,483,173,0,-43.073258,-22.8411429993244
RES_6221,3304904,São Gonçalo,Municipal total,144,57,0,-43.074033,-22.8392719993244
RES_6222,3304904,São Gonçalo,Municipal total,860,338,0,-43.077551420606824,-22.838387999999995
RES_6223,3304904,São Gonçalo,Municipal total,1222,486,0,-43.082232,-22.8396509993244
RES_6224,3304904,São Gonçalo,Municipal total,97,41,0,-43.075526,-22.8156169993249
RES_6225,3304904,São Gonçalo,Municipal total,2111,793,0,-43.070064,-22.814074999325
RES_6226,3304904,São Gonçalo,Municipal total,494,189,0,-43.069194,-22.8090149993251
RES_6227,3304904,São Gonçalo,Municipal total,430,154,0,-43.061927,-22.8199529993248
RES_6228,3304904,São Gonçalo,Municipal total,4105,1552,0,-43.062482,-22.8152679993249
RES_6229,3304904,São Gonçalo,Municipal total,3598,1362,0,-43.062384,-22.8091519993251
RES_6230,3304904,São Gonçalo,Municipal total,1604,604,0,-43.057307,-22.8156709993249
RES_6231,3304904,São Gonçalo,Municipal total,904,362,0,-43.058911,-22.8068939993251
RES_6232,3304904,São Gonçalo,Municipal total,578,212,0,-43.058103,-22.8093729993251
RES_6233,3304904,São Gonçalo,Municipal total,3938,1441,0,-43.057263,-22.8218729993248
RES_6234,3304904,São Gonçalo,Municipal total,1430,503,0,-43.063362,-22.8277629993247
RES_6235,3304904,São Gonçalo,Municipal total,1467,530,0,-43.064219,-22.8257459993247
RES_6236,3304904,São Gonçalo,Municipal total,2801,1002,0,-43.091352,-22.8503699993241
RES_6237,3304904,São Gonçalo,Municipal total,3457,1271,0,-43.086963,-22.8525069993241
RES_6238,3304904,São Gonçalo,Municipal total,199,67,0,-43.089627,-22.8482519993242
RES_6239,3304904,São Gonçalo,Municipal total,403,147,0,-43.087157,-22.8513969993241
RES_6240,3304904,São Gonçalo,Municipal total,2353,885,0,-43.093587,-22.8288719993247
RES_6241,3304904,São Gonçalo,Municipal total,3585,1354,0,-43.08606,-22.8287709993246
RES_6242,3304904,São Gonçalo,Municipal total,3175,1186,0,-43.084612,-22.8244129993247
RES_6243,3304904,São Gonçalo,Municipal total,572,200,0,-43.081918,-22.8277619993247
RES_6244,3304904,São Gonçalo,Municipal total,1452,545,0,-43.081321,-22.8244159993247
RES_6245,3304904,São Gonçalo,Municipal total,299,114,0,-43.080586,-22.8226289993248
RES_6246,3304904,São Gonçalo,Municipal total,434,170,0,-43.095048,-22.8335299993245
RES_6247,3304904,São Gonçalo,Municipal total,2772,1009,0,-43.070472,-22.8295849993246
RES_6248,3304904,São Gonçalo,Municipal total,398,163,0,-43.097795,-22.855522999324
RES_6249,3304904,São Gonçalo,Municipal total,1247,514,0,-43.098424,-22.8530559993241
RES_6250,3304904,São Gonçalo,Municipal total,369,143,0,-43.098635,-22.8489039993242
RES_6251,3304904,São Gonçalo,Municipal total,2341,1018,0,-43.095056,-22.8492109993242
RES_6252,3304904,São Gonçalo,Municipal total,4252,1642,0,-43.093602,-22.8449149993243
RES_6253,3304904,São Gonçalo,Municipal total,1046,445,0,-43.067937,-22.8287109993246
RES_6254,3304904,São Gonçalo,Municipal total,1658,594,0,-43.065948,-22.8301049993246
RES_6255,3304904,São Gonçalo,Municipal total,80,30,0,-43.082197,-22.8349879993245
RES_6256,3304904,São Gonçalo,Municipal total,1142,397,0,-43.079958,-22.8345489993245
RES_6257,3304904,São Gonçalo,Municipal total,2978,1083,0,-43.080268,-22.8304389993246
RES_6258,3304904,São Gonçalo,Municipal total,381,139,0,-43.076753,-22.8342859993245
RES_6259,3304904,São Gonçalo,Municipal total,732,308,0,-43.078754,-22.8361289993245
RES_6260,3304904,São Gonçalo,Municipal total,2116,784,0,-43.076644,-22.8297219993246
RES_6261,3304904,São Gonçalo,Municipal total,770,297,0,-43.073903,-22.8296569993246
RES_6262,3304904,São Gonçalo,Municipal total,990,379,0,-43.073961,-22.8337669993245
RES_6263,3304904,São Gonçalo,Municipal total,139,53,0,-43.0837,-22.8515989993241
RES_6264,3304904,São Gonçalo,Municipal total,4169,1476,0,-43.07976,-22.8506569993241
RES_6265,3304904,São Gonçalo,Municipal total,1640,630,0,-43.077117,-22.8468689993242
RES_6266,3304904,São Gonçalo,Municipal total,116,40,0,-43.07412,-22.8461929993242
RES_6267,3304904,São Gonçalo,Municipal total,2487,913,0,-43.084933,-22.8348619993245
RES_6268,3304904,São Gonçalo,Municipal total,3385,1222,0,-43.086283,-22.8319949993246
RES_6269,3304904,São Gonçalo,Municipal total,83,34,0,-43.081175,-22.8361389993245
RES_6270,3304904,São Gonçalo,Municipal total,391,154,0,-43.080823,-22.8372369993245
RES_6271,3304904,São Gonçalo,Municipal total,1253,469,0,-43.075595,-22.8269269993247
RES_6272,3304904,São Gonçalo,Municipal total,5846,2166,0,-43.078087,-22.8224649993248
RES_6273,3304904,São Gonçalo,Municipal total,886,301,0,-43.070002,-22.8265819993247
RES_6274,3304904,São Gonçalo,Municipal total,4888,1797,0,-43.071116,-22.8230619993248
RES_6275,3304904,São Gonçalo,Municipal total,141,52,0,-43.076261,-22.8211029993248
RES_6276,3304904,São Gonçalo,Municipal total,683,258,0,-43.076787,-22.8200269993248
RES_6277,3304904,São Gonçalo,Municipal total,929,333,0,-43.069092,-22.8200099993249
RES_6278,3304904,São Gonçalo,Municipal total,1969,728,0,-43.070725,-22.8178959993249
RES_6279,3304904,São Gonçalo,Municipal total,5778,2090,0,-43.062936,-22.8218219993248
RES_6280,3304904,São Gonçalo,Municipal total,655,242,0,-43.066573,-22.8183199993249
RES_6281,3304904,São Gonçalo,Municipal total,241,79,0,-43.056185,-22.8263429993247
RES_6282,3304904,São Gonçalo,Municipal total,1070,377,0,-43.058525,-22.8239249993247
RES_6283,3304904,São Gonçalo,Municipal total,2070,732,0,-43.090626,-22.8365989993245
RES_6284,3304904,São Gonçalo,Municipal total,2041,750,0,-43.091821,-22.8319859993246
RES_6285,3304904,São Gonçalo,Municipal total,1120,442,0,-43.08923,-22.8419439993243
RES_6286,3304904,São Gonçalo,Municipal total,2936,1042,0,-43.088293,-22.8376219993244
RES_6287,3304904,São Gonçalo,Municipal total,587,224,0,-43.08665,-22.8391199993244
RES_6288,3304904,São Gonçalo,Municipal total,1227,425,0,-43.093169,-22.8363539993245
RES_6289,3304904,São Gonçalo,Municipal total,1083,359,0,-43.055282,-22.8202389993248
RES_6290,3304904,São Gonçalo,Municipal total,128,45,0,-43.055121,-22.8181629993249
RES_6291,3304904,São Gonçalo,Municipal total,3347,1207,0,-43.070425,-22.8381099993244
RES_6292,3304904,São Gonçalo,Municipal total,3138,1190,0,-43.064275,-22.8353679993245
RES_6293,3304904,São Gonçalo,Municipal total,310,111,0,-43.060746,-22.8336929993245
RES_6294,3304904,São Gonçalo,Municipal total,736,320,0,-43.090011,-22.8457739993243
RES_6295,3304904,São Gonçalo,Municipal total,819,327,0,-43.086768,-22.8488719993242
RES_6296,3304904,São Gonçalo,Municipal total,10611,4209,0,-43.086065,-22.8442979993243
RES_6297,3304904,São Gonçalo,Municipal total,1815,576,0,-43.085961850000004,-22.8484902
RES_6298,3304904,São Gonçalo,Municipal total,952,342,0,-43.086846,-22.8478599993242
RES_6299,3304904,São Gonçalo,Municipal total,1667,594,0,-43.061534,-22.8305819993246
RES_6300,3304904,São Gonçalo,Municipal total,969,336,0,-43.058521,-22.8294659993246
RES_6301,3304904,São Gonçalo,Municipal total,3172,1137,0,-43.070775,-22.8432679993243
RES_6302,3304904,São Gonçalo,Municipal total,101,40,0,-43.066336,-22.8406679993244
RES_6303,3304904,São Gonçalo,Municipal total,2663,973,0,-43.092819,-22.8537929993241
RES_6304,3304904,São Gonçalo,Municipal total,146,59,0,-43.082643,-22.855624999324
RES_6305,3304904,São Gonçalo,Municipal total,541,183,0,-43.087095,-22.854963999324
RES_6306,3304904,São Gonçalo,Municipal total,605,244,0,-43.078238,-22.856953999324
RES_6307,3304904,São Gonçalo,Municipal total,804,344,0,-43.080678,-22.8546829993241
RES_6308,3304904,São Gonçalo,Municipal total,696,241,0,-43.067481,-22.8465629993242
RES_6309,3304904,São Gonçalo,Municipal total,1393,518,0,-43.062646,-22.8452349993243
RES_6310,3304904,São Gonçalo,Municipal total,460,179,0,-43.053089,-22.8497519993242
RES_6311,3304904,São Gonçalo,Municipal total,2654,981,0,-43.054626,-22.8457859993243
RES_6312,3304904,São Gonçalo,Municipal total,1655,625,0,-43.048774,-22.8501649993242
RES_6313,3304904,São Gonçalo,Municipal total,879,338,0,-43.048776,-22.8459239993242
RES_6314,3304904,São Gonçalo,Municipal total,3512,1327,0,-43.054824,-22.8367889993245
RES_6315,3304904,São Gonçalo,Municipal total,1979,710,0,-43.048457,-22.8362949993245
RES_6316,3304904,São Gonçalo,Municipal total,1098,421,0,-43.036959,-22.8736979993236
RES_6317,3304904,São Gonçalo,Municipal total,1914,759,0,-43.030185,-22.8720569993237
RES_6318,3304904,São Gonçalo,Municipal total,655,310,0,-43.025828,-22.8717019993237
RES_6319,3304904,São Gonçalo,Municipal total,1152,484,0,-43.023283,-22.8675929993237
RES_6320,3304904,São Gonçalo,Municipal total,1226,454,0,-43.068964,-22.8652139993238
RES_6321,3304904,São Gonçalo,Municipal total,2163,834,0,-43.07053,-22.8620709993239
RES_6322,3304904,São Gonçalo,Municipal total,561,216,0,-43.065872,-22.8656439993238
RES_6323,3304904,São Gonçalo,Municipal total,1006,376,0,-43.066026,-22.8605189993239
RES_6324,3304904,São Gonçalo,Municipal total,10,4,0,-42.97368654759818,-22.895257799999996
RES_6325,3304904,São Gonçalo,Municipal total,302,113,0,-42.9741971753045,-22.875611099999997
RES_6326,3304904,São Gonçalo,Municipal total,5,2,0,-42.967721350000005,-22.858481049999995
RES_6327,3304904,São Gonçalo,Municipal total,78,30,0,-42.94585,-22.8667999993238
RES_6328,3304904,São Gonçalo,Municipal total,45,17,0,-42.937337,-22.8691099993237
RES_6329,3304904,São Gonçalo,Municipal total,74,30,0,-42.92993505,-22.8429042
RES_6330,3304904,São Gonçalo,Municipal total,123,42,0,-42.924397,-22.8310529993246
RES_6331,3304904,São Gonçalo,Municipal total,22,8,0,-42.905602,-22.8451469993243
RES_6332,3304904,São Gonçalo,Municipal total,8,2,0,-42.905888,-22.856497999324
RES_6333,3304904,São Gonçalo,Municipal total,63,24,0,-42.908225,-22.8320099993246
RES_6334,3304904,São Gonçalo,Municipal total,40,15,0,-42.904406,-22.8385069993244
RES_6335,3304904,São Gonçalo,Municipal total,648,230,0,-43.09813,-22.857760999324
RES_6336,3304904,São Gonçalo,Municipal total,2394,875,0,-43.096313,-22.857943999324
RES_6337,3304904,São Gonçalo,Municipal total,106,46,0,-43.09623890958595,-22.8531544
RES_6338,3304904,São Gonçalo,Municipal total,218,81,0,-43.094692,-22.857126999324
RES_6339,3304904,São Gonçalo,Municipal total,355,127,0,-43.096158,-22.855122999324
RES_6340,3304904,São Gonçalo,Municipal total,62,25,0,-43.054268,-22.8710749993237
RES_6341,3304904,São Gonçalo,Municipal total,498,195,0,-43.043576,-22.8692199993237
RES_6342,3304904,São Gonçalo,Municipal total,538,192,0,-43.049853,-22.8693849993237
RES_6343,3304904,São Gonçalo,Municipal total,608,229,0,-43.045556,-22.8698369993237
RES_6344,3304904,São Gonçalo,Municipal total,919,368,0,-43.046688,-22.8680929993237
RES_6345,3304904,São Gonçalo,Municipal total,270,104,0,-43.04258015,-22.87042135
RES_6346,3304904,São Gonçalo,Municipal total,1932,679,0,-43.077084,-22.8503349993242
RES_6347,3304904,São Gonçalo,Municipal total,2538,965,0,-43.072247,-22.8495769993242
RES_6348,3304904,São Gonçalo,Municipal total,1106,413,0,-43.072897,-22.8463169993242
RES_6349,3304904,São Gonçalo,Municipal total,121,45,0,-43.068969,-22.8408379993244
RES_6350,3304904,São Gonçalo,Municipal total,934,337,0,-43.06767,-22.8398429993244
RES_6351,3304904,São Gonçalo,Municipal total,1708,630,0,-43.062893,-22.8424739993243
RES_6352,3304904,São Gonçalo,Municipal total,3238,1211,0,-43.062558,-22.8388149993244
RES_6353,3304904,São Gonçalo,Municipal total,127,45,0,-43.058725,-22.8370559993245
RES_6354,3304904,São Gonçalo,Municipal total,566,208,0,-43.084608,-22.8625219993239
RES_6355,3304904,São Gonçalo,Municipal total,743,279,0,-43.076751,-22.8647729993238
RES_6356,3304904,São Gonçalo,Municipal total,631,236,0,-43.078171,-22.8642099993238
RES_6357,3304904,São Gonçalo,Municipal total,411,159,0,-43.082537,-22.8630519993239
RES_6358,3304904,São Gonçalo,Municipal total,530,196,0,-43.094081,-22.857606999324
RES_6359,3304904,São Gonçalo,Municipal total,511,207,0,-43.03576,-22.8632199993238
RES_6360,3304904,São Gonçalo,Municipal total,999,380,0,-43.03575,-22.8602249993239
RES_6361,3304904,São Gonçalo,Municipal total,775,300,0,-43.026791,-22.8631299993239
RES_6362,3304904,São Gonçalo,Municipal total,2316,894,0,-43.032213,-22.857964999324
RES_6363,3304904,São Gonçalo,Municipal total,211,81,0,-43.03273,-22.8540959993241
RES_6364,3304904,São Gonçalo,Municipal total,1664,706,0,-43.021058,-22.8628219993239
RES_6365,3304904,São Gonçalo,Municipal total,1583,624,0,-43.022582,-22.857232999324
RES_6366,3304904,São Gonçalo,Municipal total,520,198,0,-43.026445,-22.8600969993239
RES_6367,3304904,São Gonçalo,Municipal total,86,32,0,-43.024473,-22.8628819993239
RES_6368,3304904,São Gonçalo,Municipal total,232,83,0,-43.094851,-22.8587809993239
RES_6369,3304904,São Gonçalo,Municipal total,1065,413,0,-43.023929,-22.8599169993239
RES_6370,3304904,São Gonçalo,Municipal total,776,309,0,-43.028215,-22.855926999324
RES_6371,3304904,São Gonçalo,Municipal total,2583,913,0,-43.091562,-22.8598219993239
RES_6372,3304904,São Gonçalo,Municipal total,5638,2124,0,-43.086993,-22.8587879993239
RES_6373,3304904,São Gonçalo,Municipal total,831,316,0,-43.069859,-22.8533689993241
RES_6374,3304904,São Gonçalo,Municipal total,867,324,0,-43.060999,-22.8516009993241
RES_6375,3304904,São Gonçalo,Municipal total,1216,431,0,-43.05722,-22.8504579993242
RES_6376,3304904,São Gonçalo,Municipal total,520,206,0,-43.010227,-22.8377269993244
RES_6377,3304904,São Gonçalo,Municipal total,2682,1071,0,-43.005861,-22.8292919993246
RES_6378,3304904,São Gonçalo,Municipal total,436,153,0,-43.004836,-22.8258689993247
RES_6379,3304904,São Gonçalo,Municipal total,1097,389,0,-43.003182,-22.8277949993247
RES_6380,3304904,São Gonçalo,Municipal total,793,322,0,-42.951133,-22.7790229993258
RES_6381,3304904,São Gonçalo,Municipal total,926,349,0,-42.945199,-22.7896169993256
RES_6382,3304904,São Gonçalo,Municipal total,5053,1911,0,-42.946043,-22.7845649993257
RES_6383,3304904,São Gonçalo,Municipal total,2952,1088,0,-42.946054,-22.7791299993258
RES_6384,3304904,São Gonçalo,Municipal total,284,107,0,-42.942498,-22.7892129993255
RES_6385,3304904,São Gonçalo,Municipal total,489,181,0,-42.942844,-22.7785449993258
RES_6386,3304904,São Gonçalo,Municipal total,141,52,0,-42.942346,-22.7814079993257
RES_6387,3305109,São João de Meriti,Municipal total,1591,590,0,-43.388266,-22.7954039993254
RES_6388,3305109,São João de Meriti,Municipal total,1650,623,0,-43.387822,-22.7919719993255
RES_6389,3305109,São João de Meriti,Municipal total,2121,814,0,-43.381483,-22.8012369993253
RES_6390,3305109,São João de Meriti,Municipal total,8581,3195,0,-43.383808,-22.7974359993254
RES_6391,3305109,São João de Meriti,Municipal total,1815,676,0,-43.385605,-22.7921759993255
RES_6392,3305109,São João de Meriti,Municipal total,706,259,0,-43.380387,-22.770006999326
RES_6393,3305109,São João de Meriti,Municipal total,2289,889,0,-43.372599,-22.7739359993259
RES_6394,3305109,São João de Meriti,Municipal total,5318,2032,0,-43.375574,-22.769064999326
RES_6395,3305109,São João de Meriti,Municipal total,4736,1808,0,-43.366372,-22.7826339993257
RES_6396,3305109,São João de Meriti,Municipal total,5713,2168,0,-43.366858,-22.7760539993259
RES_6397,3305109,São João de Meriti,Municipal total,5428,2125,0,-43.367653,-22.769314999326
RES_6398,3305109,São João de Meriti,Municipal total,4457,1703,0,-43.360604,-22.7809029993258
RES_6399,3305109,São João de Meriti,Municipal total,6774,2566,0,-43.358901,-22.7752829993259
RES_6400,3305109,São João de Meriti,Municipal total,6909,2698,0,-43.3589,-22.7680829993261
RES_6401,3305109,São João de Meriti,Municipal total,1505,565,0,-43.359362,-22.7639479993261
RES_6402,3305109,São João de Meriti,Municipal total,1859,711,0,-43.3529,-22.7798749993258
RES_6403,3305109,São João de Meriti,Municipal total,6709,2596,0,-43.352259,-22.7752339993259
RES_6404,3305109,São João de Meriti,Municipal total,9259,3559,0,-43.351787,-22.7674199993261
RES_6405,3305109,São João de Meriti,Municipal total,2553,973,0,-43.35225,-22.7634359993261
RES_6406,3305109,São João de Meriti,Municipal total,1601,618,0,-43.347593,-22.7766889993259
RES_6407,3305109,São João de Meriti,Municipal total,1002,374,0,-43.347235,-22.768406999326
RES_6408,3305109,São João de Meriti,Municipal total,891,337,0,-43.347055,-22.7637979993261
RES_6409,3305109,São João de Meriti,Municipal total,2660,1024,0,-43.369827,-22.7655179993261
RES_6410,3305109,São João de Meriti,Municipal total,385,141,0,-43.367928,-22.7647019993261
RES_6411,3305109,São João de Meriti,Municipal total,871,344,0,-43.358275,-22.7622419993262
RES_6412,3305109,São João de Meriti,Municipal total,688,265,0,-43.348632,-22.7765069993258
RES_6413,3305109,São João de Meriti,Municipal total,678,274,0,-43.36459,-22.7667339993261
RES_6414,3305109,São João de Meriti,Municipal total,420,162,0,-43.36246,-22.769038999326
RES_6415,3305109,São João de Meriti,Municipal total,749,307,0,-43.356784,-22.770467999326
RES_6416,3305109,São João de Meriti,Municipal total,36,13,0,-43.355185,-22.771763999326
RES_6417,3305109,São João de Meriti,Municipal total,806,310,0,-43.380498,-22.7668099993261
RES_6418,3305109,São João de Meriti,Municipal total,2253,853,0,-43.375186,-22.7660469993261
RES_6419,3305109,São João de Meriti,Municipal total,984,388,0,-43.365334,-22.7669509993261
RES_6420,3305109,São João de Meriti,Municipal total,385,140,0,-43.349856,-22.7765369993259
RES_6421,3305109,São João de Meriti,Municipal total,358,148,0,-43.352809,-22.7815789993257
RES_6422,3305109,São João de Meriti,Municipal total,980,381,0,-43.357392,-22.7838929993257
RES_6423,3305109,São João de Meriti,Municipal total,477,181,0,-43.354051,-22.7835599993257
RES_6424,3305109,São João de Meriti,Municipal total,519,217,0,-43.369358,-22.770043999326
RES_6425,3305109,São João de Meriti,Municipal total,514,200,0,-43.350987,-22.7776299993258
RES_6426,3305109,São João de Meriti,Municipal total,954,375,0,-43.349002,-22.770577999326
RES_6427,3305109,São João de Meriti,Municipal total,428,159,0,-43.349417,-22.7733269993259
RES_6428,3305109,São João de Meriti,Municipal total,390,148,0,-43.365942,-22.7635539993261
RES_6429,3305109,São João de Meriti,Municipal total,553,209,0,-43.36416860051722,-22.763812299999998
RES_6430,3305109,São João de Meriti,Municipal total,113,46,0,-43.36332,-22.7666619993261
RES_6431,3305109,São João de Meriti,Municipal total,746,302,0,-43.362741,-22.7664359993261
RES_6432,3305109,São João de Meriti,Municipal total,416,163,0,-43.34863,-22.7738729993259
RES_6433,3305109,São João de Meriti,Municipal total,1114,448,0,-43.346888,-22.770546999326
RES_6434,3305109,São João de Meriti,Municipal total,334,124,0,-43.389274,-22.7839729993257
RES_6435,3305109,São João de Meriti,Municipal total,1308,495,0,-43.372541,-22.7868559993256
RES_6436,3305109,São João de Meriti,Municipal total,3957,1508,0,-43.373997,-22.7814859993257
RES_6437,3305109,São João de Meriti,Municipal total,3609,1348,0,-43.374709,-22.7770049993258
RES_6438,3305109,São João de Meriti,Municipal total,215,84,0,-43.367819,-22.7946549993254
RES_6439,3305109,São João de Meriti,Municipal total,5325,2029,0,-43.367586,-22.7895539993255
RES_6440,3305109,São João de Meriti,Municipal total,3294,1254,0,-43.36997,-22.7828179993257
RES_6441,3305109,São João de Meriti,Municipal total,447,160,0,-43.37057,-22.7780699993258
RES_6442,3305109,São João de Meriti,Municipal total,2505,964,0,-43.361196,-22.7980959993253
RES_6443,3305109,São João de Meriti,Municipal total,2826,1076,0,-43.361339,-22.7906499993255
RES_6444,3305109,São João de Meriti,Municipal total,1170,459,0,-43.36715,-22.7869129993256
RES_6445,3305109,São João de Meriti,Municipal total,1168,441,0,-43.367156,-22.7855799993256
RES_6446,3305109,São João de Meriti,Municipal total,2593,969,0,-43.403741,-22.7956319993254
RES_6447,3305109,São João de Meriti,Municipal total,7283,2648,0,-43.405242,-22.7904579993255
RES_6448,3305109,São João de Meriti,Municipal total,1121,393,0,-43.403552,-22.7864899993256
RES_6449,3305109,São João de Meriti,Municipal total,2082,810,0,-43.398409,-22.8020809993253
RES_6450,3305109,São João de Meriti,Municipal total,10090,3686,0,-43.397784,-22.7978949993254
RES_6451,3305109,São João de Meriti,Municipal total,6943,2577,0,-43.397991,-22.7903879993255
RES_6452,3305109,São João de Meriti,Municipal total,7484,2782,0,-43.398762,-22.7837819993257
RES_6453,3305109,São João de Meriti,Municipal total,4605,1726,0,-43.391458,-22.7972629993254
RES_6454,3305109,São João de Meriti,Municipal total,9382,3488,0,-43.391722,-22.7901649993255
RES_6455,3305109,São João de Meriti,Municipal total,4051,1479,0,-43.392323,-22.7842789993257
RES_6456,3305109,São João de Meriti,Municipal total,558,182,0,-43.408665,-22.7922719993255
RES_6457,3305109,São João de Meriti,Municipal total,1239,458,0,-43.37992,-22.8092869993251
RES_6458,3305109,São João de Meriti,Municipal total,2733,1043,0,-43.380216,-22.8041139993252
RES_6459,3305109,São João de Meriti,Municipal total,587,223,0,-43.377925,-22.8097549993251
RES_6460,3305109,São João de Meriti,Municipal total,5793,2123,0,-43.376934,-22.8052459993252
RES_6461,3305109,São João de Meriti,Municipal total,1046,382,0,-43.376278,-22.8083639993251
RES_6462,3305109,São João de Meriti,Municipal total,1084,405,0,-43.387497,-22.7858299993256
RES_6463,3305109,São João de Meriti,Municipal total,7235,2744,0,-43.382276,-22.7894789993255
RES_6464,3305109,São João de Meriti,Municipal total,2944,1016,0,-43.383762,-22.7851939993257
RES_6465,3305109,São João de Meriti,Municipal total,695,269,0,-43.378172,-22.7906049993255
RES_6466,3305109,São João de Meriti,Municipal total,1984,758,0,-43.37964,-22.7959439993254
RES_6467,3305109,São João de Meriti,Municipal total,600,223,0,-43.380582,-22.7932209993255
RES_6468,3305109,São João de Meriti,Municipal total,6378,2419,0,-43.376315,-22.7967479993254
RES_6469,3305109,São João de Meriti,Municipal total,9687,3627,0,-43.374801,-22.7906799993255
RES_6470,3305109,São João de Meriti,Municipal total,2080,793,0,-43.3765,-22.7849769993257
RES_6471,3305109,São João de Meriti,Municipal total,994,396,0,-43.37058,-22.7941979993254
RES_6472,3305109,São João de Meriti,Municipal total,268,94,0,-43.363469,-22.7878859993256
RES_6473,3305109,São João de Meriti,Municipal total,61,26,0,-43.3594311,-22.79606105
RES_6474,3305109,São João de Meriti,Municipal total,2981,1165,0,-43.35903,-22.7879839993256
RES_6475,3305109,São João de Meriti,Municipal total,2286,903,0,-43.360705,-22.7856359993256
RES_6476,3305109,São João de Meriti,Municipal total,246,98,0,-43.352531,-22.7937919993255
RES_6477,3305109,São João de Meriti,Municipal total,7726,3029,0,-43.352294,-22.7893959993255
RES_6478,3305109,São João de Meriti,Municipal total,3893,1499,0,-43.350191,-22.7834519993257
RES_6479,3305109,São João de Meriti,Municipal total,178,70,0,-43.343949,-22.7986449993253
RES_6480,3305109,São João de Meriti,Municipal total,4856,1842,0,-43.343282,-22.7892319993256
RES_6481,3305109,São João de Meriti,Municipal total,1366,537,0,-43.345849,-22.7845959993257
RES_6482,3305109,São João de Meriti,Municipal total,439,176,0,-43.339778,-22.7878769993256
RES_6483,3305109,São João de Meriti,Municipal total,754,296,0,-43.348012,-22.7811359993257
RES_6484,3305109,São João de Meriti,Municipal total,188,78,0,-43.355608,-22.7851719993257
RES_6485,3305109,São João de Meriti,Municipal total,520,199,0,-43.346113,-22.7831529993257
RES_6486,3305109,São João de Meriti,Municipal total,535,206,0,-43.349278,-22.7895179993255
RES_6487,3305109,São João de Meriti,Municipal total,1351,509,0,-43.345082,-22.7804429993258
RES_6488,3305109,São João de Meriti,Municipal total,2866,1130,0,-43.341177,-22.7970299993254
RES_6489,3305109,São João de Meriti,Municipal total,1804,687,0,-43.341831,-22.7921499993255
RES_6490,3305109,São João de Meriti,Municipal total,5141,1939,0,-43.336861,-22.7967759993254
RES_6491,3305109,São João de Meriti,Municipal total,3274,1238,0,-43.337098,-22.7910369993255
RES_6492,3305109,São João de Meriti,Municipal total,3715,1432,0,-43.334217,-22.7844269993257
RES_6493,3305109,São João de Meriti,Municipal total,2198,817,0,-43.331426,-22.7958789993254
RES_6494,3305109,São João de Meriti,Municipal total,3061,1156,0,-43.331113,-22.7886959993256
RES_6495,3305109,São João de Meriti,Municipal total,1133,428,0,-43.331461,-22.7837999993257
RES_6496,3305109,São João de Meriti,Municipal total,2129,809,0,-43.335896,-22.8011929993253
RES_6497,3305109,São João de Meriti,Municipal total,184,70,0,-43.331463,-22.8011819993253
RES_6498,3305109,São João de Meriti,Municipal total,2581,996,0,-43.345973,-22.8018999993253
RES_6499,3305109,São João de Meriti,Municipal total,894,337,0,-43.333345,-22.7895639993255
RES_6500,3305109,São João de Meriti,Municipal total,431,160,0,-43.33822399235469,-22.78898855
RES_6501,3305109,São João de Meriti,Municipal total,258,96,0,-43.33899,-22.7897649993255
RES_6502,3305109,São João de Meriti,Municipal total,906,367,0,-43.341013,-22.7906559993255
RES_6503,3305109,São João de Meriti,Municipal total,2690,1009,0,-43.342329,-22.7821749993257
RES_6504,3305109,São João de Meriti,Municipal total,3551,1331,0,-43.343719,-22.7769069993258
RES_6505,3305109,São João de Meriti,Municipal total,1727,673,0,-43.342816,-22.769116999326
RES_6506,3305109,São João de Meriti,Municipal total,558,217,0,-43.333527,-22.8007969993253
RES_6507,3305109,São João de Meriti,Municipal total,3695,1386,0,-43.33427,-22.7965179993254
RES_6508,3305109,São João de Meriti,Municipal total,3443,1301,0,-43.335333,-22.7902879993255
RES_6509,3305109,São João de Meriti,Municipal total,5445,2052,0,-43.337045,-22.7808219993257
RES_6510,3305109,São João de Meriti,Municipal total,5044,1936,0,-43.33673,-22.7756039993259
RES_6511,3305109,São João de Meriti,Municipal total,1172,453,0,-43.333156,-22.768856999326
RES_6512,3305109,São João de Meriti,Municipal total,521,216,0,-43.332152,-22.7932579993255
RES_6513,3305109,São João de Meriti,Municipal total,949,365,0,-43.331018,-22.7813319993257
RES_6514,3305109,São João de Meriti,Municipal total,1164,434,0,-43.330442,-22.7754769993259
RES_6515,3305109,São João de Meriti,Municipal total,2682,1025,0,-43.330909,-22.768841999326
RES_6516,3305109,São João de Meriti,Municipal total,282,104,0,-43.339396,-22.7813689993257
RES_6517,3305109,São João de Meriti,Municipal total,859,327,0,-43.344645,-22.769358999326
RES_6518,3305109,São João de Meriti,Municipal total,973,355,0,-43.343226,-22.7744199993259
RES_6519,3305109,São João de Meriti,Municipal total,2094,846,0,-43.340939,-22.7613319993262
RES_6520,3305109,São João de Meriti,Municipal total,409,152,0,-43.334762,-22.7736309993259
RES_6521,3305109,São João de Meriti,Municipal total,6256,2347,0,-43.336554,-22.767860999326
RES_6522,3305109,São João de Meriti,Municipal total,7399,2861,0,-43.335492,-22.7617069993262
RES_6523,3305109,São João de Meriti,Municipal total,845,310,0,-43.332063,-22.7658149993261
RES_6524,3305109,São João de Meriti,Municipal total,2224,825,0,-43.331503,-22.7619789993262
RES_6525,3305109,São João de Meriti,Municipal total,1209,443,0,-43.336538,-22.7581359993263
RES_6526,3305109,São João de Meriti,Municipal total,721,264,0,-43.33613,-22.7730599993259
RES_6527,3305109,São João de Meriti,Municipal total,1746,657,0,-43.350358,-22.7620709993262
RES_6528,3305109,São João de Meriti,Municipal total,2193,837,0,-43.343362,-22.7654259993261
RES_6529,3305109,São João de Meriti,Municipal total,3217,1229,0,-43.344944,-22.7622069993262
RES_6530,3305109,São João de Meriti,Municipal total,819,301,0,-43.348382,-22.7603709993262
RES_6531,3305109,São João de Meriti,Municipal total,3222,1224,0,-43.388608,-22.7816819993257
RES_6532,3305109,São João de Meriti,Municipal total,6173,2342,0,-43.390133,-22.7768829993258
RES_6533,3305109,São João de Meriti,Municipal total,1972,738,0,-43.388109,-22.770511999326
RES_6534,3305109,São João de Meriti,Municipal total,5522,2093,0,-43.382436,-22.7813449993257
RES_6535,3305109,São João de Meriti,Municipal total,12229,4526,0,-43.383023,-22.7758219993259
RES_6536,3305109,São João de Meriti,Municipal total,4480,1719,0,-43.383729,-22.769936999326
RES_6537,3305109,São João de Meriti,Municipal total,1077,405,0,-43.378016,-22.7812199993257
RES_6538,3305109,São João de Meriti,Municipal total,1826,707,0,-43.377095,-22.7735139993259
RES_6539,3305109,São João de Meriti,Municipal total,454,166,0,-43.378596,-22.771597999326
RES_6540,3305109,São João de Meriti,Municipal total,2526,881,0,-43.39549,-22.8054419993252
RES_6541,3305109,São João de Meriti,Municipal total,6717,2558,0,-43.390696,-22.8032579993252
RES_6542,3305109,São João de Meriti,Municipal total,1287,475,0,-43.389038,-22.7998099993253
RES_6543,3305109,São João de Meriti,Municipal total,810,313,0,-43.385819,-22.8023639993252
RES_6544,3305109,São João de Meriti,Municipal total,397,161,0,-43.386317,-22.8003739993253
RES_6545,3305109,São João de Meriti,Municipal total,6362,2394,0,-43.389282,-22.810727999325
RES_6546,3305109,São João de Meriti,Municipal total,1931,688,0,-43.387832,-22.8068569993252
RES_6547,3305109,São João de Meriti,Municipal total,3755,1416,0,-43.384143,-22.8107679993251
RES_6548,3305109,São João de Meriti,Municipal total,4270,1577,0,-43.383475,-22.8056859993252
RES_6549,3305109,São João de Meriti,Municipal total,2250,790,0,-43.372862,-22.8040699993252
RES_6550,3305109,São João de Meriti,Municipal total,4570,1704,0,-43.373564,-22.7989469993253
RES_6551,3305109,São João de Meriti,Municipal total,3699,1386,0,-43.366575,-22.8023319993252
RES_6552,3305109,São João de Meriti,Municipal total,7915,2951,0,-43.3675,-22.7982539993253
RES_6553,3305109,São João de Meriti,Municipal total,3685,1394,0,-43.360709,-22.8022479993253
RES_6554,3305109,São João de Meriti,Municipal total,1815,687,0,-43.360084,-22.7997859993253
RES_6555,3305109,São João de Meriti,Municipal total,535,217,0,-43.354992,-22.8017829993253
RES_6556,3305554,Seropédica,Municipal total,317,111,0,-43.776578,-22.8046459993252
RES_6557,3305554,Seropédica,Municipal total,521,180,0,-43.776956,-22.8033079993252
RES_6558,3305554,Seropédica,Municipal total,1671,611,0,-43.774668,-22.8075859993251
RES_6559,3305554,Seropédica,Municipal total,554,188,0,-43.761634,-22.8097279993251
RES_6560,3305554,Seropédica,Municipal total,1452,498,0,-43.757513,-22.8081279993251
RES_6561,3305554,Seropédica,Municipal total,51,19,0,-43.74619,-22.8031479993252
RES_6562,3305554,Seropédica,Municipal total,41,16,0,-43.749426,-22.768845999326
RES_6563,3305554,Seropédica,Municipal total,821,302,0,-43.752896,-22.8048799993252
RES_6564,3305554,Seropédica,Municipal total,91,34,0,-43.749535449999996,-22.73572085
RES_6565,3305554,Seropédica,Municipal total,112,39,0,-43.750208900000004,-22.6999984
RES_6566,3305554,Seropédica,Municipal total,130,45,0,-43.740806,-22.7450179993266
RES_6567,3305554,Seropédica,Municipal total,84,33,0,-43.735539,-22.8204169993248
RES_6568,3305554,Seropédica,Municipal total,51,19,0,-43.737757,-22.7866319993256
RES_6569,3305554,Seropédica,Municipal total,163,65,0,-43.733734,-22.7338969993268
RES_6570,3305554,Seropédica,Municipal total,130,47,0,-43.736087600000005,-22.72529745
RES_6571,3305554,Seropédica,Municipal total,2363,892,0,-43.734703,-22.7219259993271
RES_6572,3305554,Seropédica,Municipal total,71,23,0,-43.733197000000004,-22.710369500000002
RES_6573,3305554,Seropédica,Municipal total,150,54,0,-43.729292,-22.7371919993268
RES_6574,3305554,Seropédica,Municipal total,408,153,0,-43.727748,-22.7211999993271
RES_6575,3305554,Seropédica,Municipal total,777,287,0,-43.723736,-22.7089749993274
RES_6576,3305554,Seropédica,Municipal total,858,319,0,-43.714749,-22.8367499993245
RES_6577,3305554,Seropédica,Municipal total,88,33,0,-43.725282,-22.812746999325
RES_6578,3305554,Seropédica,Municipal total,23,8,0,-43.715159,-22.771373999326
RES_6579,3305554,Seropédica,Municipal total,1008,388,0,-43.718611,-22.7545809993264
RES_6580,3305554,Seropédica,Municipal total,1284,490,0,-43.717938,-22.7508759993264
RES_6581,3305554,Seropédica,Municipal total,149,57,0,-43.717784,-22.7295049993269
RES_6582,3305554,Seropédica,Municipal total,1696,624,0,-43.721208,-22.7211479993271
RES_6583,3305554,Seropédica,Municipal total,732,257,0,-43.719374,-22.7138269993273
RES_6584,3305554,Seropédica,Municipal total,1256,472,0,-43.718097,-22.7081659993274
RES_6585,3305554,Seropédica,Municipal total,241,99,0,-43.711652,-22.8416019993244
RES_6586,3305554,Seropédica,Municipal total,904,351,0,-43.711693,-22.8358979993245
RES_6587,3305554,Seropédica,Municipal total,442,157,0,-43.710247,-22.7560809993263
RES_6588,3305554,Seropédica,Municipal total,2561,933,0,-43.710338,-22.7495599993265
RES_6589,3305554,Seropédica,Municipal total,979,367,0,-43.708404,-22.7449909993266
RES_6590,3305554,Seropédica,Municipal total,12,5,0,-43.71075625,-22.7235704
RES_6591,3305554,Seropédica,Municipal total,653,228,0,-43.714149,-22.7077689993274
RES_6592,3305554,Seropédica,Municipal total,99,33,0,-43.694575,-22.8473269993242
RES_6593,3305554,Seropédica,Municipal total,37,13,0,-43.696828,-22.8246269993247
RES_6594,3305554,Seropédica,Municipal total,1475,569,0,-43.704019,-22.7488649993265
RES_6595,3305554,Seropédica,Municipal total,3265,1198,0,-43.702345,-22.7430109993266
RES_6596,3305554,Seropédica,Municipal total,2683,982,0,-43.702343,-22.7364929993268
RES_6597,3305554,Seropédica,Municipal total,226,79,0,-43.70087435,-22.679823650000003
RES_6598,3305554,Seropédica,Municipal total,409,144,0,-43.693462,-22.8182019993249
RES_6599,3305554,Seropédica,Municipal total,1155,458,0,-43.695065,-22.7481119993265
RES_6600,3305554,Seropédica,Municipal total,3218,1211,0,-43.695326,-22.7433569993266
RES_6601,3305554,Seropédica,Municipal total,2739,992,0,-43.695421,-22.7357309993268
RES_6602,3305554,Seropédica,Municipal total,388,140,0,-43.693046,-22.7320419993269
RES_6603,3305554,Seropédica,Municipal total,58,21,0,-43.685925807885624,-22.819899999999997
RES_6604,3305554,Seropédica,Municipal total,64,22,0,-43.707435,-22.8007179993253
RES_6605,3305554,Seropédica,Municipal total,589,212,0,-43.689324549999995,-22.767092249999997
RES_6606,3305554,Seropédica,Municipal total,1767,678,0,-43.689399,-22.7491809993265
RES_6607,3305554,Seropédica,Municipal total,1555,569,0,-43.689657,-22.7425479993266
RES_6608,3305554,Seropédica,Municipal total,1187,439,0,-43.689286,-22.7380729993267
RES_6609,3305554,Seropédica,Municipal total,47,17,0,-43.68373224344528,-22.716186899999997
RES_6610,3305554,Seropédica,Municipal total,67,24,0,-43.678656,-22.7008359993276
RES_6611,3305554,Seropédica,Municipal total,45,16,0,-43.684889,-22.684247999328
RES_6612,3305554,Seropédica,Municipal total,933,337,0,-43.675367,-22.8598699993239
RES_6613,3305554,Seropédica,Municipal total,52,19,0,-43.682349,-22.8396449993244
RES_6614,3305554,Seropédica,Municipal total,75,28,0,-43.67331,-22.7787089993258
RES_6615,3305554,Seropédica,Municipal total,615,212,0,-43.675354,-22.7625819993262
RES_6616,3305554,Seropédica,Municipal total,45,16,0,-43.673352,-22.7557419993263
RES_6617,3305554,Seropédica,Municipal total,60,22,0,-43.679033604568815,-22.74164745
RES_6618,3305554,Seropédica,Municipal total,1161,431,0,-43.673331,-22.857043999324
RES_6619,3305554,Seropédica,Municipal total,1,0,0,-43.6767,-22.7334169993268
RES_6620,3305554,Seropédica,Municipal total,260,82,0,-43.664464,-22.769994999326
RES_6621,3305554,Seropédica,Municipal total,708,285,0,-43.660722,-22.727158999327
RES_6622,3305554,Seropédica,Municipal total,378,133,0,-43.653473,-22.8220189993248
RES_6623,3305554,Seropédica,Municipal total,863,299,0,-43.652461,-22.7986979993253
RES_6624,3305554,Seropédica,Municipal total,566,188,0,-43.652656,-22.7946429993254
RES_6625,3305554,Seropédica,Municipal total,50,18,0,-43.650222,-22.7874629993256
RES_6626,3305554,Seropédica,Municipal total,768,270,0,-43.657168,-22.770950999326
RES_6627,3305554,Seropédica,Municipal total,1850,678,0,-43.656163,-22.7299469993269
RES_6628,3305554,Seropédica,Municipal total,96,33,0,-43.653451455842415,-22.710537199999997
RES_6629,3305554,Seropédica,Municipal total,98,36,0,-43.65472,-22.6693549993283
RES_6630,3305554,Seropédica,Municipal total,433,167,0,-43.64828087423972,-22.828914399999995
RES_6631,3305554,Seropédica,Municipal total,758,277,0,-43.647872,-22.8209869993248
RES_6632,3305554,Seropédica,Municipal total,2035,756,0,-43.648991,-22.814580999325
RES_6633,3305554,Seropédica,Municipal total,2975,1086,0,-43.647301,-22.8070959993251
RES_6634,3305554,Seropédica,Municipal total,2800,1038,0,-43.648596,-22.8000159993253
RES_6635,3305554,Seropédica,Municipal total,619,222,0,-43.651738,-22.7928349993255
RES_6636,3305554,Seropédica,Municipal total,8,2,0,-43.644948,-22.7511949993264
RES_6637,3305554,Seropédica,Municipal total,137,47,0,-43.650919,-22.7411159993267
RES_6638,3305554,Seropédica,Municipal total,177,60,0,-43.6502776,-22.733955700000003
RES_6639,3305554,Seropédica,Municipal total,309,122,0,-43.6518739,-22.728282200000002
RES_6640,3305554,Seropédica,Municipal total,50,14,0,-43.652162260395684,-22.699510349999997
RES_6641,3305554,Seropédica,Municipal total,953,318,0,-43.638788,-22.8257879993247
RES_6642,3305554,Seropédica,Municipal total,608,221,0,-43.636541,-22.8216899993248
RES_6643,3305554,Seropédica,Municipal total,1928,715,0,-43.639479,-22.813117999325
RES_6644,3305554,Seropédica,Municipal total,2182,788,0,-43.640191,-22.8068509993251
RES_6645,3305554,Seropédica,Municipal total,3124,1172,0,-43.639977,-22.7987539993253
RES_6646,3305554,Seropédica,Municipal total,1742,636,0,-43.641255,-22.7924429993255
RES_6647,3305554,Seropédica,Municipal total,270,98,0,-43.642763,-22.7665769993261
RES_6648,3305554,Seropédica,Municipal total,190,65,0,-43.642966,-22.6631049993285
RES_6649,3305554,Seropédica,Municipal total,929,338,0,-43.632553,-22.8269359993247
RES_6650,3305554,Seropédica,Municipal total,1483,522,0,-43.632078,-22.8200399993248
RES_6651,3305554,Seropédica,Municipal total,1174,428,0,-43.632701,-22.813773999325
RES_6652,3305554,Seropédica,Municipal total,677,239,0,-43.635512,-22.8096849993251
RES_6653,3305554,Seropédica,Municipal total,645,226,0,-43.634263,-22.8010989993253
RES_6654,3305554,Seropédica,Municipal total,1224,454,0,-43.633936,-22.8050589993252
RES_6655,3305554,Seropédica,Municipal total,481,170,0,-43.636213,-22.812981999325
RES_6656,3305554,Seropédica,Municipal total,189,65,0,-43.639732,-22.8163749993249
WRK_0000,3300456,Belford Roxo,Municipal total,0,0,98,-43.427905,-22.7366139993268
WRK_0001,3300456,Belford Roxo,Municipal total,0,0,499,-43.43033,-22.726987999327
WRK_0002,3300456,Belford Roxo,Municipal total,0,0,273,-43.428389,-22.7122459993273
WRK_0003,3300456,Belford Roxo,Municipal total,0,0,1125,-43.429448,-22.7056679993275
WRK_0004,3300456,Belford Roxo,Municipal total,0,0,412,-43.412963,-22.7631909993262
WRK_0005,3300456,Belford Roxo,Municipal total,0,0,1352,-43.4154,-22.7529129993264
WRK_0006,3300456,Belford Roxo,Municipal total,0,0,5901,-43.418182,-22.7414169993267
WRK_0007,3300456,Belford Roxo,Municipal total,0,0,1630,-43.421745,-22.728816999327
WRK_0008,3300456,Belford Roxo,Municipal total,0,0,1564,-43.420765,-22.7135529993273
WRK_0009,3300456,Belford Roxo,Municipal total,0,0,1023,-43.420903,-22.7049419993275
WRK_0010,3300456,Belford Roxo,Municipal total,0,0,9,-43.399332,-22.7751129993259
WRK_0011,3300456,Belford Roxo,Municipal total,0,0,17226,-43.400808,-22.7666629993261
WRK_0012,3300456,Belford Roxo,Municipal total,0,0,8074,-43.405784,-22.7557519993263
WRK_0013,3300456,Belford Roxo,Municipal total,0,0,5344,-43.405488,-22.7420249993266
WRK_0014,3300456,Belford Roxo,Municipal total,0,0,3548,-43.403818,-22.725582999327
WRK_0015,3300456,Belford Roxo,Municipal total,0,0,935,-43.404904,-22.7165499993272
WRK_0016,3300456,Belford Roxo,Municipal total,0,0,97,-43.407808,-22.7021259993276
WRK_0017,3300456,Belford Roxo,Municipal total,0,0,2760,-43.395485,-22.769590999326
WRK_0018,3300456,Belford Roxo,Municipal total,0,0,2307,-43.392967,-22.7541819993264
WRK_0019,3300456,Belford Roxo,Municipal total,0,0,7597,-43.39008,-22.7394979993267
WRK_0020,3300456,Belford Roxo,Municipal total,0,0,3426,-43.390599,-22.7301729993269
WRK_0021,3300456,Belford Roxo,Municipal total,0,0,939,-43.38881,-22.7150939993273
WRK_0022,3300456,Belford Roxo,Municipal total,0,0,45,-43.370862,-22.7617369993262
WRK_0023,3300456,Belford Roxo,Municipal total,0,0,2316,-43.374249,-22.7558619993263
WRK_0024,3300456,Belford Roxo,Municipal total,0,0,1627,-43.377694,-22.7402379993267
WRK_0025,3300456,Belford Roxo,Municipal total,0,0,5036,-43.378225,-22.728471999327
WRK_0026,3300456,Belford Roxo,Municipal total,0,0,1000,-43.377991,-22.7168719993272
WRK_0027,3300456,Belford Roxo,Municipal total,0,0,5,-43.375358,-22.7006679993276
WRK_0028,3300456,Belford Roxo,Municipal total,0,0,2,-43.377851,-22.6910489993278
WRK_0029,3300456,Belford Roxo,Municipal total,0,0,81,-43.364758,-22.7613629993262
WRK_0030,3300456,Belford Roxo,Municipal total,0,0,3009,-43.361405,-22.7555849993263
WRK_0031,3300456,Belford Roxo,Municipal total,0,0,1373,-43.360729,-22.7385589993267
WRK_0032,3300456,Belford Roxo,Municipal total,0,0,2394,-43.361354,-22.727920999327
WRK_0033,3300456,Belford Roxo,Municipal total,0,0,532,-43.361506,-22.7175369993272
WRK_0034,3300456,Belford Roxo,Municipal total,0,0,6,-43.369063,-22.7018419993276
WRK_0035,3300456,Belford Roxo,Municipal total,0,0,6,-43.36738,-22.6868689993279
WRK_0036,3300456,Belford Roxo,Municipal total,0,0,1303,-43.348286,-22.7520969993264
WRK_0037,3300456,Belford Roxo,Municipal total,0,0,3669,-43.344266,-22.7377189993267
WRK_0038,3300456,Belford Roxo,Municipal total,0,0,2201,-43.34753,-22.726646999327
WRK_0039,3300456,Belford Roxo,Municipal total,0,0,1659,-43.347116,-22.7129719993273
WRK_0040,3300456,Belford Roxo,Municipal total,0,0,511,-43.342025,-22.7032739993275
WRK_0041,3300456,Belford Roxo,Municipal total,0,0,193,-43.334529,-22.7534239993264
WRK_0042,3300456,Belford Roxo,Municipal total,0,0,1558,-43.334617,-22.7397869993267
WRK_0043,3300456,Belford Roxo,Municipal total,0,0,2071,-43.334921,-22.726017999327
WRK_0044,3300456,Belford Roxo,Municipal total,0,0,4358,-43.331165,-22.7123719993273
WRK_0045,3300456,Belford Roxo,Municipal total,0,0,1057,-43.336084,-22.7043859993275
WRK_0046,3300456,Belford Roxo,Municipal total,0,0,948,-43.323969,-22.7147949993273
WRK_0047,3300803,Cachoeiras de Macacu,Municipal total,0,0,71,-42.909266,-22.6130399993296
WRK_0048,3300803,Cachoeiras de Macacu,Municipal total,0,0,20,-42.905934,-22.6008109993299
WRK_0049,3300803,Cachoeiras de Macacu,Municipal total,0,0,216,-42.892708,-22.6117859993296
WRK_0050,3300803,Cachoeiras de Macacu,Municipal total,0,0,68,-42.897251,-22.5989919993299
WRK_0051,3300803,Cachoeiras de Macacu,Municipal total,0,0,4,-42.887457,-22.6215139993294
WRK_0052,3300803,Cachoeiras de Macacu,Municipal total,0,0,64,-42.881883,-22.6125849993296
WRK_0053,3300803,Cachoeiras de Macacu,Municipal total,0,0,49,-42.882168,-22.59775499933
WRK_0054,3300803,Cachoeiras de Macacu,Municipal total,0,0,119,-42.87881,-22.5860619993302
WRK_0055,3300803,Cachoeiras de Macacu,Municipal total,0,0,5,-42.877916,-22.5789779993304
WRK_0056,3300803,Cachoeiras de Macacu,Municipal total,0,0,7,-42.864094,-22.6135749993296
WRK_0057,3300803,Cachoeiras de Macacu,Municipal total,0,0,18,-42.866175,-22.6054239993298
WRK_0058,3300803,Cachoeiras de Macacu,Municipal total,0,0,97,-42.869664,-22.5817979993303
WRK_0059,3300803,Cachoeiras de Macacu,Municipal total,0,0,61,-42.863415,-22.5746319993305
WRK_0060,3300803,Cachoeiras de Macacu,Municipal total,0,0,18,-42.856713,-22.6039899993298
WRK_0061,3300803,Cachoeiras de Macacu,Municipal total,0,0,21,-42.852615,-22.5850399993303
WRK_0062,3300803,Cachoeiras de Macacu,Municipal total,0,0,61,-42.855262,-22.5718949993306
WRK_0063,3300803,Cachoeiras de Macacu,Municipal total,0,0,11,-42.830856,-22.6335749993291
WRK_0064,3300803,Cachoeiras de Macacu,Municipal total,0,0,52,-42.836929,-22.6276989993293
WRK_0065,3300803,Cachoeiras de Macacu,Municipal total,0,0,35,-42.837755,-22.6147539993296
WRK_0066,3300803,Cachoeiras de Macacu,Municipal total,0,0,49,-42.841537,-22.6033469993299
WRK_0067,3300803,Cachoeiras de Macacu,Municipal total,0,0,43,-42.840168,-22.5873209993302
WRK_0068,3300803,Cachoeiras de Macacu,Municipal total,0,0,15,-42.838602,-22.5787539993304
WRK_0069,3300803,Cachoeiras de Macacu,Municipal total,0,0,11,-42.827912,-22.638149999329
WRK_0070,3300803,Cachoeiras de Macacu,Municipal total,0,0,17,-42.826229,-22.6251459993293
WRK_0071,3300803,Cachoeiras de Macacu,Municipal total,0,0,9,-42.820984,-22.6188459993295
WRK_0072,3300803,Cachoeiras de Macacu,Municipal total,0,0,31,-42.824935,-22.6010099993299
WRK_0073,3300803,Cachoeiras de Macacu,Municipal total,0,0,138,-42.822246,-22.5825959993303
WRK_0074,3300803,Cachoeiras de Macacu,Municipal total,0,0,3,-42.820403,-22.5765749993305
WRK_0075,3301702,Duque de Caxias,Municipal total,0,0,21,-43.414633,-22.5998969993299
WRK_0076,3301702,Duque de Caxias,Municipal total,0,0,50,-43.41573,-22.5946319993301
WRK_0077,3301702,Duque de Caxias,Municipal total,0,0,261,-43.4094,-22.6063239993298
WRK_0078,3301702,Duque de Caxias,Municipal total,0,0,15,-43.406718,-22.5887659993302
WRK_0079,3301702,Duque de Caxias,Municipal total,0,0,61,-43.393429,-22.6565619993286
WRK_0080,3301702,Duque de Caxias,Municipal total,0,0,91,-43.391208,-22.6492879993288
WRK_0081,3301702,Duque de Caxias,Municipal total,0,0,2,-43.387247,-22.6157619993296
WRK_0082,3301702,Duque de Caxias,Municipal total,0,0,5,-43.397269,-22.6014769993299
WRK_0083,3301702,Duque de Caxias,Municipal total,0,0,14,-43.388971,-22.5935709993301
WRK_0084,3301702,Duque de Caxias,Municipal total,0,0,19,-43.382737,-22.6544519993287
WRK_0085,3301702,Duque de Caxias,Municipal total,0,0,8,-43.38349,-22.6421959993289
WRK_0086,3301702,Duque de Caxias,Municipal total,0,0,11,-43.376206,-22.6341689993291
WRK_0087,3301702,Duque de Caxias,Municipal total,0,0,23,-43.377524,-22.6143429993296
WRK_0088,3301702,Duque de Caxias,Municipal total,0,0,32,-43.379645,-22.6076019993297
WRK_0089,3301702,Duque de Caxias,Municipal total,0,0,25,-43.37908,-22.5856159993303
WRK_0090,3301702,Duque de Caxias,Municipal total,0,0,9,-43.376274,-22.5842119993303
WRK_0091,3301702,Duque de Caxias,Municipal total,0,0,99,-43.35573,-22.682142999328
WRK_0092,3301702,Duque de Caxias,Municipal total,0,0,751,-43.35834,-22.6751189993282
WRK_0093,3301702,Duque de Caxias,Municipal total,0,0,21,-43.357137,-22.6439419993289
WRK_0094,3301702,Duque de Caxias,Municipal total,0,0,17,-43.36351,-22.6268409993293
WRK_0095,3301702,Duque de Caxias,Municipal total,0,0,45,-43.361316,-22.6158819993296
WRK_0096,3301702,Duque de Caxias,Municipal total,0,0,97,-43.363997,-22.6031169993298
WRK_0097,3301702,Duque de Caxias,Municipal total,0,0,17,-43.363712,-22.5915789993301
WRK_0098,3301702,Duque de Caxias,Municipal total,0,0,47,-43.361953,-22.5751569993305
WRK_0099,3301702,Duque de Caxias,Municipal total,0,0,2,-43.343813,-22.6964809993277
WRK_0100,3301702,Duque de Caxias,Municipal total,0,0,536,-43.351924,-22.6866149993279
WRK_0101,3301702,Duque de Caxias,Municipal total,0,0,18,-43.354058,-22.6746579993282
WRK_0102,3301702,Duque de Caxias,Municipal total,0,0,19,-43.344483,-22.6542099993287
WRK_0103,3301702,Duque de Caxias,Municipal total,0,0,12,-43.34757,-22.6518879993287
WRK_0104,3301702,Duque de Caxias,Municipal total,0,0,58,-43.348057,-22.6318859993292
WRK_0105,3301702,Duque de Caxias,Municipal total,0,0,14,-43.353855,-22.6225529993294
WRK_0106,3301702,Duque de Caxias,Municipal total,0,0,50,-43.349147,-22.6043949993298
WRK_0107,3301702,Duque de Caxias,Municipal total,0,0,14,-43.347058,-22.59684599933
WRK_0108,3301702,Duque de Caxias,Municipal total,0,0,51,-43.350424,-22.5823289993303
WRK_0109,3301702,Duque de Caxias,Municipal total,0,0,5,-43.352735,-22.5710279993306
WRK_0110,3301702,Duque de Caxias,Municipal total,0,0,26,-43.329879,-22.8019559993252
WRK_0111,3301702,Duque de Caxias,Municipal total,0,0,3268,-43.3271,-22.7945729993254
WRK_0112,3301702,Duque de Caxias,Municipal total,0,0,1809,-43.32667,-22.7810399993258
WRK_0113,3301702,Duque de Caxias,Municipal total,0,0,982,-43.326775,-22.7655849993261
WRK_0114,3301702,Duque de Caxias,Municipal total,0,0,539,-43.326105,-22.7499799993265
WRK_0115,3301702,Duque de Caxias,Municipal total,0,0,410,-43.3261,-22.7403679993267
WRK_0116,3301702,Duque de Caxias,Municipal total,0,0,328,-43.326442,-22.7287229993269
WRK_0117,3301702,Duque de Caxias,Municipal total,0,0,19,-43.327608,-22.6724609993282
WRK_0118,3301702,Duque de Caxias,Municipal total,0,0,8,-43.335342,-22.6577819993286
WRK_0119,3301702,Duque de Caxias,Municipal total,0,0,309,-43.33255,-22.6450159993289
WRK_0120,3301702,Duque de Caxias,Municipal total,0,0,1,-43.333443,-22.6278919993293
WRK_0121,3301702,Duque de Caxias,Municipal total,0,0,37,-43.335639,-22.6183989993295
WRK_0122,3301702,Duque de Caxias,Municipal total,0,0,217,-43.330464,-22.6039949993298
WRK_0123,3301702,Duque de Caxias,Municipal total,0,0,21,-43.330707,-22.5729879993306
WRK_0124,3301702,Duque de Caxias,Municipal total,0,0,9959,-43.314165,-22.7918889993255
WRK_0125,3301702,Duque de Caxias,Municipal total,0,0,10831,-43.315309,-22.7832549993257
WRK_0126,3301702,Duque de Caxias,Municipal total,0,0,3323,-43.317661,-22.7660889993261
WRK_0127,3301702,Duque de Caxias,Municipal total,0,0,2565,-43.316037,-22.7537469993264
WRK_0128,3301702,Duque de Caxias,Municipal total,0,0,3797,-43.317374,-22.7409209993267
WRK_0129,3301702,Duque de Caxias,Municipal total,0,0,4610,-43.317407,-22.726156999327
WRK_0130,3301702,Duque de Caxias,Municipal total,0,0,2359,-43.31576,-22.7156719993272
WRK_0131,3301702,Duque de Caxias,Municipal total,0,0,72,-43.312076,-22.7060529993275
WRK_0132,3301702,Duque de Caxias,Municipal total,0,0,4,-43.319645,-22.6924219993278
WRK_0133,3301702,Duque de Caxias,Municipal total,0,0,57,-43.324893,-22.6765859993282
WRK_0134,3301702,Duque de Caxias,Municipal total,0,0,295,-43.314521,-22.6568489993286
WRK_0135,3301702,Duque de Caxias,Municipal total,0,0,24,-43.31804,-22.6499889993288
WRK_0136,3301702,Duque de Caxias,Municipal total,0,0,30,-43.316843,-22.6370329993291
WRK_0137,3301702,Duque de Caxias,Municipal total,0,0,35,-43.314313,-22.6143439993296
WRK_0138,3301702,Duque de Caxias,Municipal total,0,0,670,-43.321276,-22.6010809993299
WRK_0139,3301702,Duque de Caxias,Municipal total,0,0,503,-43.316102,-22.5943649993301
WRK_0140,3301702,Duque de Caxias,Municipal total,0,0,273,-43.31688,-22.5732889993306
WRK_0141,3301702,Duque de Caxias,Municipal total,0,0,36,-43.314356,-22.5705479993306
WRK_0142,3301702,Duque de Caxias,Municipal total,0,0,18514,-43.302475,-22.7921109993255
WRK_0143,3301702,Duque de Caxias,Municipal total,0,0,13862,-43.30409,-22.7823129993257
WRK_0144,3301702,Duque de Caxias,Municipal total,0,0,4067,-43.30124,-22.7678269993261
WRK_0145,3301702,Duque de Caxias,Municipal total,0,0,5594,-43.303277,-22.7542989993264
WRK_0146,3301702,Duque de Caxias,Municipal total,0,0,1078,-43.308554,-22.7415909993267
WRK_0147,3301702,Duque de Caxias,Municipal total,0,0,1446,-43.305126,-22.727394999327
WRK_0148,3301702,Duque de Caxias,Municipal total,0,0,2876,-43.30442,-22.7093829993274
WRK_0149,3301702,Duque de Caxias,Municipal total,0,0,1991,-43.302377,-22.7034489993275
WRK_0150,3301702,Duque de Caxias,Municipal total,0,0,2658,-43.299435,-22.683371999328
WRK_0151,3301702,Duque de Caxias,Municipal total,0,0,4510,-43.301843,-22.6703199993283
WRK_0152,3301702,Duque de Caxias,Municipal total,0,0,1466,-43.302212,-22.6606679993285
WRK_0153,3301702,Duque de Caxias,Municipal total,0,0,516,-43.301318,-22.6458759993289
WRK_0154,3301702,Duque de Caxias,Municipal total,0,0,276,-43.307015,-22.6328259993292
WRK_0155,3301702,Duque de Caxias,Municipal total,0,0,101,-43.308713,-22.6189019993295
WRK_0156,3301702,Duque de Caxias,Municipal total,0,0,1008,-43.303414,-22.6020279993299
WRK_0157,3301702,Duque de Caxias,Municipal total,0,0,3608,-43.305732,-22.5876009993302
WRK_0158,3301702,Duque de Caxias,Municipal total,0,0,2091,-43.305096,-22.5799079993304
WRK_0159,3301702,Duque de Caxias,Municipal total,0,0,8,-43.312356,-22.5707999993306
WRK_0160,3301702,Duque de Caxias,Municipal total,0,0,1297,-43.284,-22.8048749993252
WRK_0161,3301702,Duque de Caxias,Municipal total,0,0,13926,-43.287497,-22.7944569993254
WRK_0162,3301702,Duque de Caxias,Municipal total,0,0,7913,-43.288675,-22.7813449993257
WRK_0163,3301702,Duque de Caxias,Municipal total,0,0,7349,-43.287935,-22.7665019993261
WRK_0164,3301702,Duque de Caxias,Municipal total,0,0,8730,-43.287531,-22.7552659993263
WRK_0165,3301702,Duque de Caxias,Municipal total,0,0,2,-43.289066,-22.7218639993271
WRK_0166,3301702,Duque de Caxias,Municipal total,0,0,1748,-43.286796,-22.7088939993274
WRK_0167,3301702,Duque de Caxias,Municipal total,0,0,1991,-43.290459,-22.7004879993276
WRK_0168,3301702,Duque de Caxias,Municipal total,0,0,13427,-43.28845,-22.683082999328
WRK_0169,3301702,Duque de Caxias,Municipal total,0,0,9815,-43.288918,-22.6705379993283
WRK_0170,3301702,Duque de Caxias,Municipal total,0,0,3638,-43.286518,-22.6610759993285
WRK_0171,3301702,Duque de Caxias,Municipal total,0,0,5428,-43.286619,-22.6444509993289
WRK_0172,3301702,Duque de Caxias,Municipal total,0,0,492,-43.284105,-22.6321889993292
WRK_0173,3301702,Duque de Caxias,Municipal total,0,0,1191,-43.285739,-22.6190039993295
WRK_0174,3301702,Duque de Caxias,Municipal total,0,0,1774,-43.291874,-22.6031259993298
WRK_0175,3301702,Duque de Caxias,Municipal total,0,0,1620,-43.291711,-22.5929549993301
WRK_0176,3301702,Duque de Caxias,Municipal total,0,0,538,-43.288293,-22.5809569993304
WRK_0177,3301702,Duque de Caxias,Municipal total,0,0,12,-43.287111,-22.5700749993306
WRK_0178,3301702,Duque de Caxias,Municipal total,0,0,243,-43.279164,-22.8050119993252
WRK_0179,3301702,Duque de Caxias,Municipal total,0,0,30,-43.27914,-22.7954739993254
WRK_0180,3301702,Duque de Caxias,Municipal total,0,0,671,-43.276911,-22.7620979993262
WRK_0181,3301702,Duque de Caxias,Municipal total,0,0,3015,-43.275933,-22.7554569993263
WRK_0182,3301702,Duque de Caxias,Municipal total,0,0,2026,-43.274162,-22.7084509993274
WRK_0183,3301702,Duque de Caxias,Municipal total,0,0,4216,-43.275765,-22.7020829993276
WRK_0184,3301702,Duque de Caxias,Municipal total,0,0,4248,-43.276817,-22.682384999328
WRK_0185,3301702,Duque de Caxias,Municipal total,0,0,5606,-43.274579,-22.6714499993283
WRK_0186,3301702,Duque de Caxias,Municipal total,0,0,1962,-43.277134,-22.6601129993285
WRK_0187,3301702,Duque de Caxias,Municipal total,0,0,5432,-43.275694,-22.6431019993289
WRK_0188,3301702,Duque de Caxias,Municipal total,0,0,1229,-43.279567,-22.6331689993292
WRK_0189,3301702,Duque de Caxias,Municipal total,0,0,60,-43.282169,-22.6185029993295
WRK_0190,3301702,Duque de Caxias,Municipal total,0,0,2421,-43.280435,-22.6076359993298
WRK_0191,3301702,Duque de Caxias,Municipal total,0,0,65,-43.277324,-22.5886139993302
WRK_0192,3301702,Duque de Caxias,Municipal total,0,0,132,-43.275365,-22.5750979993305
WRK_0193,3301702,Duque de Caxias,Municipal total,0,0,157,-43.263042,-22.7097169993274
WRK_0194,3301702,Duque de Caxias,Municipal total,0,0,1737,-43.258902,-22.6958749993277
WRK_0195,3301702,Duque de Caxias,Municipal total,0,0,15774,-43.261538,-22.6872499993279
WRK_0196,3301702,Duque de Caxias,Municipal total,0,0,3739,-43.261596,-22.6711139993283
WRK_0197,3301702,Duque de Caxias,Municipal total,0,0,811,-43.260206,-22.6626739993285
WRK_0198,3301702,Duque de Caxias,Municipal total,0,0,2418,-43.260003,-22.6441409993289
WRK_0199,3301702,Duque de Caxias,Municipal total,0,0,1415,-43.261252,-22.6348869993291
WRK_0200,3301702,Duque de Caxias,Municipal total,0,0,7,-43.259312,-22.59927099933
WRK_0201,3301702,Duque de Caxias,Municipal total,0,0,29,-43.265014,-22.5862449993302
WRK_0202,3301702,Duque de Caxias,Municipal total,0,0,46,-43.261506,-22.5775999993305
WRK_0203,3301702,Duque de Caxias,Municipal total,0,0,3,-43.268337,-22.5703909993306
WRK_0204,3301702,Duque de Caxias,Municipal total,0,0,0,-43.244689,-22.7143689993273
WRK_0205,3301702,Duque de Caxias,Municipal total,0,0,781,-43.244608,-22.6950949993277
WRK_0206,3301702,Duque de Caxias,Municipal total,0,0,2255,-43.244759,-22.684555999328
WRK_0207,3301702,Duque de Caxias,Municipal total,0,0,1913,-43.248328,-22.6751529993282
WRK_0208,3301702,Duque de Caxias,Municipal total,0,0,281,-43.25072,-22.6530639993287
WRK_0209,3301702,Duque de Caxias,Municipal total,0,0,3066,-43.24711,-22.6445179993289
WRK_0210,3301702,Duque de Caxias,Municipal total,0,0,1265,-43.24656,-22.6315099993292
WRK_0211,3301702,Duque de Caxias,Municipal total,0,0,128,-43.240688,-22.6205579993294
WRK_0212,3301702,Duque de Caxias,Municipal total,0,0,14,-43.251343,-22.6080389993298
WRK_0213,3301702,Duque de Caxias,Municipal total,0,0,34,-43.250058,-22.5723499993306
WRK_0214,3301702,Duque de Caxias,Municipal total,0,0,19,-43.22454,-22.7064619993275
WRK_0215,3301702,Duque de Caxias,Municipal total,0,0,413,-43.233242,-22.6993969993276
WRK_0216,3301702,Duque de Caxias,Municipal total,0,0,65,-43.237744,-22.6872099993279
WRK_0217,3301702,Duque de Caxias,Municipal total,0,0,4,-43.237986,-22.6779759993281
WRK_0218,3301702,Duque de Caxias,Municipal total,0,0,927,-43.230776,-22.6557209993286
WRK_0219,3301702,Duque de Caxias,Municipal total,0,0,2530,-43.231763,-22.6446229993289
WRK_0220,3301702,Duque de Caxias,Municipal total,0,0,1096,-43.233435,-22.6322269993292
WRK_0221,3301702,Duque de Caxias,Municipal total,0,0,2520,-43.235588,-22.6177759993295
WRK_0222,3301702,Duque de Caxias,Municipal total,0,0,148,-43.235946,-22.6078029993298
WRK_0223,3301702,Duque de Caxias,Municipal total,0,0,5,-43.238457,-22.5936249993301
WRK_0224,3301702,Duque de Caxias,Municipal total,0,0,9,-43.223604,-22.6540739993287
WRK_0225,3301702,Duque de Caxias,Municipal total,0,0,2715,-43.219769,-22.6420859993289
WRK_0226,3301702,Duque de Caxias,Municipal total,0,0,2489,-43.217495,-22.6295549993292
WRK_0227,3301702,Duque de Caxias,Municipal total,0,0,1639,-43.21753,-22.6207519993294
WRK_0228,3301702,Duque de Caxias,Municipal total,0,0,3,-43.212404,-22.6103899993297
WRK_0229,3301702,Duque de Caxias,Municipal total,0,0,44,-43.207975,-22.638972999329
WRK_0230,3301702,Duque de Caxias,Municipal total,0,0,1644,-43.204312,-22.6286269993293
WRK_0231,3301702,Duque de Caxias,Municipal total,0,0,3094,-43.204497,-22.6194469993295
WRK_0232,3301702,Duque de Caxias,Municipal total,0,0,3,-43.203763,-22.6074039993298
WRK_0233,3301702,Duque de Caxias,Municipal total,0,0,2,-43.194911,-22.6249319993294
WRK_0234,3301702,Duque de Caxias,Municipal total,0,0,2,-43.194613,-22.6233019993294
WRK_0235,3301801,Engenheiro Paulo de Frontin,Municipal total,0,0,37,-43.678284,-22.5762539993305
WRK_0236,3301801,Engenheiro Paulo de Frontin,Municipal total,0,0,24,-43.674472,-22.5754679993305
WRK_0237,3301801,Engenheiro Paulo de Frontin,Municipal total,0,0,18,-43.67119,-22.5737339993305
WRK_0238,3301850,Guapimirim,Municipal total,0,0,561,-43.023531,-22.6678299993284
WRK_0239,3301850,Guapimirim,Municipal total,0,0,68,-43.02143,-22.6523349993287
WRK_0240,3301850,Guapimirim,Municipal total,0,0,1,-43.019777,-22.6484669993288
WRK_0241,3301850,Guapimirim,Municipal total,0,0,407,-43.01782,-22.6675869993284
WRK_0242,3301850,Guapimirim,Municipal total,0,0,59,-43.012212,-22.6577199993286
WRK_0243,3301850,Guapimirim,Municipal total,0,0,83,-43.016087,-22.6425049993289
WRK_0244,3301850,Guapimirim,Municipal total,0,0,5,-43.006572,-22.6286609993293
WRK_0245,3301850,Guapimirim,Municipal total,0,0,6,-43.008026,-22.6118539993297
WRK_0246,3301850,Guapimirim,Municipal total,0,0,13,-43.006603,-22.59583299933
WRK_0247,3301850,Guapimirim,Municipal total,0,0,45,-43.011231,-22.5858349993303
WRK_0248,3301850,Guapimirim,Municipal total,0,0,66,-43.006887,-22.5793349993304
WRK_0249,3301850,Guapimirim,Municipal total,0,0,112,-42.999044,-22.6626389993285
WRK_0250,3301850,Guapimirim,Municipal total,0,0,4793,-42.992052,-22.6536829993287
WRK_0251,3301850,Guapimirim,Municipal total,0,0,47,-42.995633,-22.6447089993289
WRK_0252,3301850,Guapimirim,Municipal total,0,0,10,-43.004313,-22.6243649993294
WRK_0253,3301850,Guapimirim,Municipal total,0,0,0,-43.002176,-22.6097679993297
WRK_0254,3301850,Guapimirim,Municipal total,0,0,42,-43.000219,-22.6003529993299
WRK_0255,3301850,Guapimirim,Municipal total,0,0,96,-43.004205,-22.5864809993302
WRK_0256,3301850,Guapimirim,Municipal total,0,0,134,-43.002784,-22.5764289993305
WRK_0257,3301850,Guapimirim,Municipal total,0,0,5,-42.9757,-22.6753869993282
WRK_0258,3301850,Guapimirim,Municipal total,0,0,57,-42.987772,-22.6494909993288
WRK_0259,3301850,Guapimirim,Municipal total,0,0,51,-42.987052,-22.6437259993289
WRK_0260,3301850,Guapimirim,Municipal total,0,0,16,-42.97799,-22.6296259993292
WRK_0261,3301850,Guapimirim,Municipal total,0,0,14,-42.988136,-22.59626799933
WRK_0262,3301850,Guapimirim,Municipal total,0,0,15,-42.984923,-22.5905809993301
WRK_0263,3301850,Guapimirim,Municipal total,0,0,32,-42.973203,-22.6768219993282
WRK_0264,3301850,Guapimirim,Municipal total,0,0,10,-42.97459,-22.6751669993282
WRK_0265,3301850,Guapimirim,Municipal total,0,0,36,-42.970948,-22.6430899993289
WRK_0266,3301850,Guapimirim,Municipal total,0,0,13,-42.974631,-22.6342809993291
WRK_0267,3301850,Guapimirim,Municipal total,0,0,5,-42.954235,-22.6923799993278
WRK_0268,3301850,Guapimirim,Municipal total,0,0,10,-42.95071,-22.685724999328
WRK_0269,3301850,Guapimirim,Municipal total,0,0,0,-42.960165,-22.6375979993291
WRK_0270,3301850,Guapimirim,Municipal total,0,0,7,-42.954831,-22.6282359993293
WRK_0271,3301850,Guapimirim,Municipal total,0,0,5,-42.959078,-22.5882249993302
WRK_0272,3301850,Guapimirim,Municipal total,0,0,54,-42.949752,-22.5750059993305
WRK_0273,3301850,Guapimirim,Municipal total,0,0,15,-42.937898,-22.59746099933
WRK_0274,3301850,Guapimirim,Municipal total,0,0,39,-42.939192,-22.5861099993302
WRK_0275,3301850,Guapimirim,Municipal total,0,0,5,-42.94567,-22.5779779993304
WRK_0276,3301850,Guapimirim,Municipal total,0,0,7,-42.923422,-22.5794849993304
WRK_0277,3301850,Guapimirim,Municipal total,0,0,12,-42.882784,-22.5796289993304
WRK_0278,3301850,Guapimirim,Municipal total,0,0,17,-42.885158,-22.5733829993305
WRK_0279,3301900,Itaboraí,Municipal total,0,0,7,-42.966644,-22.7467129993265
WRK_0280,3301900,Itaboraí,Municipal total,0,0,10,-42.96053,-22.725750999327
WRK_0281,3301900,Itaboraí,Municipal total,0,0,41,-42.947013,-22.7591469993263
WRK_0282,3301900,Itaboraí,Municipal total,0,0,196,-42.949145,-22.7480449993265
WRK_0283,3301900,Itaboraí,Municipal total,0,0,388,-42.949159,-22.7321659993269
WRK_0284,3301900,Itaboraí,Municipal total,0,0,824,-42.948262,-22.727271999327
WRK_0285,3301900,Itaboraí,Municipal total,0,0,265,-42.935646,-22.7978629993253
WRK_0286,3301900,Itaboraí,Municipal total,0,0,1664,-42.937281,-22.7903559993255
WRK_0287,3301900,Itaboraí,Municipal total,0,0,2184,-42.936726,-22.7770259993258
WRK_0288,3301900,Itaboraí,Municipal total,0,0,907,-42.936849,-22.7639559993261
WRK_0289,3301900,Itaboraí,Municipal total,0,0,378,-42.941452,-22.7538439993264
WRK_0290,3301900,Itaboraí,Municipal total,0,0,115,-42.940459,-22.7334469993268
WRK_0291,3301900,Itaboraí,Municipal total,0,0,3248,-42.938682,-22.7227839993271
WRK_0292,3301900,Itaboraí,Municipal total,0,0,22,-42.931708,-22.7146859993273
WRK_0293,3301900,Itaboraí,Municipal total,0,0,2,-42.929134,-22.7985389993253
WRK_0294,3301900,Itaboraí,Municipal total,0,0,429,-42.918546,-22.7861929993256
WRK_0295,3301900,Itaboraí,Municipal total,0,0,8131,-42.922428,-22.772306999326
WRK_0296,3301900,Itaboraí,Municipal total,0,0,3920,-42.921582,-22.7657379993261
WRK_0297,3301900,Itaboraí,Municipal total,0,0,316,-42.921221,-22.7532189993264
WRK_0298,3301900,Itaboraí,Municipal total,0,0,90,-42.923969,-22.7375659993267
WRK_0299,3301900,Itaboraí,Municipal total,0,0,415,-42.92901,-22.7227949993271
WRK_0300,3301900,Itaboraí,Municipal total,0,0,22,-42.92243,-22.7134009993273
WRK_0301,3301900,Itaboraí,Municipal total,0,0,44,-42.902925,-22.8202699993248
WRK_0302,3301900,Itaboraí,Municipal total,0,0,78,-42.908317,-22.8008769993253
WRK_0303,3301900,Itaboraí,Municipal total,0,0,362,-42.913297,-22.7878129993256
WRK_0304,3301900,Itaboraí,Municipal total,0,0,191,-42.903357,-22.769246999326
WRK_0305,3301900,Itaboraí,Municipal total,0,0,1961,-42.905975,-22.7638869993261
WRK_0306,3301900,Itaboraí,Municipal total,0,0,72,-42.910967,-22.7543319993263
WRK_0307,3301900,Itaboraí,Municipal total,0,0,0,-42.913896,-22.7288959993269
WRK_0308,3301900,Itaboraí,Municipal total,0,0,14,-42.903151,-22.7167699993272
WRK_0309,3301900,Itaboraí,Municipal total,0,0,85,-42.907453,-22.7042719993275
WRK_0310,3301900,Itaboraí,Municipal total,0,0,19,-42.903837,-22.7005369993276
WRK_0311,3301900,Itaboraí,Municipal total,0,0,58,-42.888558,-22.8397429993244
WRK_0312,3301900,Itaboraí,Municipal total,0,0,5,-42.887063,-22.8235249993248
WRK_0313,3301900,Itaboraí,Municipal total,0,0,475,-42.890704,-22.8186399993249
WRK_0314,3301900,Itaboraí,Municipal total,0,0,41,-42.887787,-22.8065229993252
WRK_0315,3301900,Itaboraí,Municipal total,0,0,57,-42.896574,-22.7886179993256
WRK_0316,3301900,Itaboraí,Municipal total,0,0,14,-42.889385,-22.7774889993258
WRK_0317,3301900,Itaboraí,Municipal total,0,0,2494,-42.896585,-22.7599419993262
WRK_0318,3301900,Itaboraí,Municipal total,0,0,1047,-42.893102,-22.7494479993265
WRK_0319,3301900,Itaboraí,Municipal total,0,0,17,-42.890409,-22.7386239993267
WRK_0320,3301900,Itaboraí,Municipal total,0,0,228,-42.89685,-22.7179819993272
WRK_0321,3301900,Itaboraí,Municipal total,0,0,836,-42.897652,-22.7087099993274
WRK_0322,3301900,Itaboraí,Municipal total,0,0,5,-42.900359,-22.7007049993276
WRK_0323,3301900,Itaboraí,Municipal total,0,0,10,-42.873345,-22.8503739993242
WRK_0324,3301900,Itaboraí,Municipal total,0,0,100,-42.881101,-22.8427029993243
WRK_0325,3301900,Itaboraí,Municipal total,0,0,42,-42.882703,-22.8351399993245
WRK_0326,3301900,Itaboraí,Municipal total,0,0,133,-42.884189,-22.814619999325
WRK_0327,3301900,Itaboraí,Municipal total,0,0,29,-42.883379,-22.8055329993252
WRK_0328,3301900,Itaboraí,Municipal total,0,0,43,-42.875507,-22.7875729993256
WRK_0329,3301900,Itaboraí,Municipal total,0,0,18,-42.884689,-22.7743499993259
WRK_0330,3301900,Itaboraí,Municipal total,0,0,210,-42.882986,-22.7585199993262
WRK_0331,3301900,Itaboraí,Municipal total,0,0,2552,-42.879434,-22.7497049993265
WRK_0332,3301900,Itaboraí,Municipal total,0,0,200,-42.880007,-22.7402849993267
WRK_0333,3301900,Itaboraí,Municipal total,0,0,36,-42.872957,-22.7199679993272
WRK_0334,3301900,Itaboraí,Municipal total,0,0,386,-42.877353,-22.7036249993275
WRK_0335,3301900,Itaboraí,Municipal total,0,0,343,-42.878405,-22.6995479993276
WRK_0336,3301900,Itaboraí,Municipal total,0,0,0,-42.867964,-22.8665259993238
WRK_0337,3301900,Itaboraí,Municipal total,0,0,49,-42.862709,-22.8406779993244
WRK_0338,3301900,Itaboraí,Municipal total,0,0,73,-42.86518,-22.8174869993249
WRK_0339,3301900,Itaboraí,Municipal total,0,0,10,-42.866339,-22.8083389993251
WRK_0340,3301900,Itaboraí,Municipal total,0,0,50,-42.865729,-22.7857209993256
WRK_0341,3301900,Itaboraí,Municipal total,0,0,408,-42.859615,-22.7766349993258
WRK_0342,3301900,Itaboraí,Municipal total,0,0,1225,-42.863,-22.7588179993263
WRK_0343,3301900,Itaboraí,Municipal total,0,0,8599,-42.861163,-22.7484439993265
WRK_0344,3301900,Itaboraí,Municipal total,0,0,739,-42.863403,-22.7358599993268
WRK_0345,3301900,Itaboraí,Municipal total,0,0,301,-42.863239,-22.7202079993272
WRK_0346,3301900,Itaboraí,Municipal total,0,0,56,-42.868587,-22.7123259993273
WRK_0347,3301900,Itaboraí,Municipal total,0,0,2,-42.872709,-22.6985019993277
WRK_0348,3301900,Itaboraí,Municipal total,0,0,10,-42.84489,-22.855265999324
WRK_0349,3301900,Itaboraí,Municipal total,0,0,5,-42.842415,-22.8170379993249
WRK_0350,3301900,Itaboraí,Municipal total,0,0,9,-42.845472,-22.8089919993251
WRK_0351,3301900,Itaboraí,Municipal total,0,0,85,-42.8516,-22.771991999326
WRK_0352,3301900,Itaboraí,Municipal total,0,0,1010,-42.852859,-22.7591119993263
WRK_0353,3301900,Itaboraí,Municipal total,0,0,6714,-42.851827,-22.7457269993265
WRK_0354,3301900,Itaboraí,Municipal total,0,0,1901,-42.849215,-22.7369269993268
WRK_0355,3301900,Itaboraí,Municipal total,0,0,303,-42.854235,-22.725411999327
WRK_0356,3301900,Itaboraí,Municipal total,0,0,32,-42.846358,-22.7040669993275
WRK_0357,3301900,Itaboraí,Municipal total,0,0,5,-42.834199,-22.857821999324
WRK_0358,3301900,Itaboraí,Municipal total,0,0,6,-42.828405,-22.8464549993242
WRK_0359,3301900,Itaboraí,Municipal total,0,0,10,-42.841381,-22.8101989993251
WRK_0360,3301900,Itaboraí,Municipal total,0,0,521,-42.839148,-22.7967119993254
WRK_0361,3301900,Itaboraí,Municipal total,0,0,26,-42.830561,-22.7884239993256
WRK_0362,3301900,Itaboraí,Municipal total,0,0,16,-42.83439,-22.7764519993259
WRK_0363,3301900,Itaboraí,Municipal total,0,0,465,-42.840811,-22.7627789993262
WRK_0364,3301900,Itaboraí,Municipal total,0,0,753,-42.836534,-22.7489239993265
WRK_0365,3301900,Itaboraí,Municipal total,0,0,1905,-42.837064,-22.7375759993267
WRK_0366,3301900,Itaboraí,Municipal total,0,0,385,-42.833412,-22.7239089993271
WRK_0367,3301900,Itaboraí,Municipal total,0,0,34,-42.836109,-22.7113349993273
WRK_0368,3301900,Itaboraí,Municipal total,0,0,0,-42.842347,-22.683211999328
WRK_0369,3301900,Itaboraí,Municipal total,0,0,5,-42.826743,-22.8369879993245
WRK_0370,3301900,Itaboraí,Municipal total,0,0,0,-42.8261385960637,-22.8140918
WRK_0371,3301900,Itaboraí,Municipal total,0,0,35,-42.822637,-22.7870559993256
WRK_0372,3301900,Itaboraí,Municipal total,0,0,17,-42.823037,-22.7777769993258
WRK_0373,3301900,Itaboraí,Municipal total,0,0,146,-42.821527,-22.7620009993262
WRK_0374,3301900,Itaboraí,Municipal total,0,0,74,-42.823745,-22.7478279993265
WRK_0375,3301900,Itaboraí,Municipal total,0,0,858,-42.825561,-22.7309149993269
WRK_0376,3301900,Itaboraí,Municipal total,0,0,864,-42.824452,-22.7223779993271
WRK_0377,3301900,Itaboraí,Municipal total,0,0,2,-42.822744,-22.7137179993273
WRK_0378,3301900,Itaboraí,Municipal total,0,0,8,-42.821118,-22.6911329993278
WRK_0379,3302007,Itaguaí,Municipal total,0,0,4,-43.878977,-22.9258499993224
WRK_0380,3302007,Itaguaí,Municipal total,0,0,118,-43.879892,-22.9044259993229
WRK_0381,3302007,Itaguaí,Municipal total,0,0,310,-43.889413,-22.8634399993239
WRK_0382,3302007,Itaguaí,Municipal total,0,0,12,-43.878206,-22.9411849993221
WRK_0383,3302007,Itaguaí,Municipal total,0,0,544,-43.867403,-22.9028099993229
WRK_0384,3302007,Itaguaí,Municipal total,0,0,2,-43.865045,-22.900344999323
WRK_0385,3302007,Itaguaí,Municipal total,0,0,21,-43.872678,-22.8615629993239
WRK_0386,3302007,Itaguaí,Municipal total,0,0,22,-43.867725,-22.857368999324
WRK_0387,3302007,Itaguaí,Municipal total,0,0,12,-43.860647,-22.9507269993219
WRK_0388,3302007,Itaguaí,Municipal total,0,0,1549,-43.851155,-22.9187039993226
WRK_0389,3302007,Itaguaí,Municipal total,0,0,316,-43.852061,-22.901983999323
WRK_0390,3302007,Itaguaí,Municipal total,0,0,256,-43.853986,-22.898091999323
WRK_0391,3302007,Itaguaí,Municipal total,0,0,134,-43.856273,-22.857164999324
WRK_0392,3302007,Itaguaí,Municipal total,0,0,24,-43.855119,-22.8432629993243
WRK_0393,3302007,Itaguaí,Municipal total,0,0,568,-43.845194,-22.9171139993226
WRK_0394,3302007,Itaguaí,Municipal total,0,0,30,-43.845439,-22.901498999323
WRK_0395,3302007,Itaguaí,Municipal total,0,0,919,-43.84304,-22.8925939993232
WRK_0396,3302007,Itaguaí,Municipal total,0,0,16,-43.837078,-22.8867039993233
WRK_0397,3302007,Itaguaí,Municipal total,0,0,85,-43.843848,-22.856409999324
WRK_0398,3302007,Itaguaí,Municipal total,0,0,22,-43.839713,-22.8452559993243
WRK_0399,3302007,Itaguaí,Municipal total,0,0,5,-43.840876,-22.8272769993247
WRK_0400,3302007,Itaguaí,Municipal total,0,0,672,-43.831565,-22.9147549993227
WRK_0401,3302007,Itaguaí,Municipal total,0,0,54,-43.824241,-22.8874239993233
WRK_0402,3302007,Itaguaí,Municipal total,0,0,1018,-43.823839,-22.8834689993234
WRK_0403,3302007,Itaguaí,Municipal total,0,0,97,-43.828205,-22.8529169993241
WRK_0404,3302007,Itaguaí,Municipal total,0,0,44,-43.825752,-22.8448999993243
WRK_0405,3302007,Itaguaí,Municipal total,0,0,12,-43.831183,-22.8321649993246
WRK_0406,3302007,Itaguaí,Municipal total,0,0,5,-43.825193,-22.7235079993271
WRK_0407,3302007,Itaguaí,Municipal total,0,0,0,-43.820262,-22.8880379993233
WRK_0408,3302007,Itaguaí,Municipal total,0,0,3392,-43.814339,-22.8772289993235
WRK_0409,3302007,Itaguaí,Municipal total,0,0,848,-43.809397,-22.8678459993237
WRK_0410,3302007,Itaguaí,Municipal total,0,0,93,-43.815577,-22.8538759993241
WRK_0411,3302007,Itaguaí,Municipal total,0,0,135,-43.816799,-22.8425029993243
WRK_0412,3302007,Itaguaí,Municipal total,0,0,9,-43.813782,-22.8225569993248
WRK_0413,3302007,Itaguaí,Municipal total,0,0,119,-43.812883,-22.8112389993251
WRK_0414,3302007,Itaguaí,Municipal total,0,0,50,-43.812329,-22.8017489993253
WRK_0415,3302007,Itaguaí,Municipal total,0,0,14,-43.81247,-22.7913919993255
WRK_0416,3302007,Itaguaí,Municipal total,0,0,19,-43.815357,-22.7742049993259
WRK_0417,3302007,Itaguaí,Municipal total,0,0,42,-43.815272,-22.7402629993267
WRK_0418,3302007,Itaguaí,Municipal total,0,0,20,-43.814673,-22.7310129993269
WRK_0419,3302007,Itaguaí,Municipal total,0,0,18,-43.81599,-22.7145899993273
WRK_0420,3302007,Itaguaí,Municipal total,0,0,0,-43.81098,-22.7107899993274
WRK_0421,3302007,Itaguaí,Municipal total,0,0,505,-43.79621,-22.8749019993236
WRK_0422,3302007,Itaguaí,Municipal total,0,0,3086,-43.797887,-22.8696139993237
WRK_0423,3302007,Itaguaí,Municipal total,0,0,122,-43.796614,-22.855655999324
WRK_0424,3302007,Itaguaí,Municipal total,0,0,318,-43.798393,-22.8397789993244
WRK_0425,3302007,Itaguaí,Municipal total,0,0,19,-43.798463,-22.8299009993246
WRK_0426,3302007,Itaguaí,Municipal total,0,0,67,-43.797732,-22.812017999325
WRK_0427,3302007,Itaguaí,Municipal total,0,0,35,-43.802385,-22.8027609993252
WRK_0428,3302007,Itaguaí,Municipal total,0,0,10,-43.806023,-22.7825799993257
WRK_0429,3302007,Itaguaí,Municipal total,0,0,101,-43.797377,-22.7731569993259
WRK_0430,3302007,Itaguaí,Municipal total,0,0,5,-43.792505,-22.7648249993261
WRK_0431,3302007,Itaguaí,Municipal total,0,0,20,-43.798755,-22.7417469993266
WRK_0432,3302007,Itaguaí,Municipal total,0,0,53,-43.798036,-22.7320409993269
WRK_0433,3302007,Itaguaí,Municipal total,0,0,33,-43.800843,-22.7194819993271
WRK_0434,3302007,Itaguaí,Municipal total,0,0,822,-43.783279,-22.8735799993236
WRK_0435,3302007,Itaguaí,Municipal total,0,0,14572,-43.780314,-22.8686309993237
WRK_0436,3302007,Itaguaí,Municipal total,0,0,1013,-43.783158,-22.8548719993241
WRK_0437,3302007,Itaguaí,Municipal total,0,0,68,-43.784575,-22.8432869993243
WRK_0438,3302007,Itaguaí,Municipal total,0,0,32,-43.779105,-22.8061979993252
WRK_0439,3302007,Itaguaí,Municipal total,0,0,61,-43.783766,-22.8017869993253
WRK_0440,3302007,Itaguaí,Municipal total,0,0,5,-43.791725,-22.7672309993261
WRK_0441,3302007,Itaguaí,Municipal total,0,0,28,-43.788795,-22.7592519993262
WRK_0442,3302007,Itaguaí,Municipal total,0,0,15,-43.786302,-22.7505869993265
WRK_0443,3302007,Itaguaí,Municipal total,0,0,17,-43.790877,-22.7159969993272
WRK_0444,3302007,Itaguaí,Municipal total,0,0,39,-43.788852,-22.6977219993277
WRK_0445,3302007,Itaguaí,Municipal total,0,0,13,-43.788733,-22.6968619993277
WRK_0446,3302007,Itaguaí,Municipal total,0,0,2695,-43.76798,-22.8760309993236
WRK_0447,3302007,Itaguaí,Municipal total,0,0,7324,-43.769696,-22.8689489993237
WRK_0448,3302007,Itaguaí,Municipal total,0,0,1019,-43.769928,-22.854877999324
WRK_0449,3302007,Itaguaí,Municipal total,0,0,305,-43.76503,-22.8365729993245
WRK_0450,3302007,Itaguaí,Municipal total,0,0,297,-43.767633,-22.8277079993247
WRK_0451,3302007,Itaguaí,Municipal total,0,0,238,-43.764867,-22.814053999325
WRK_0452,3302007,Itaguaí,Municipal total,0,0,5,-43.777455,-22.7456239993266
WRK_0453,3302007,Itaguaí,Municipal total,0,0,26,-43.767577,-22.7288719993269
WRK_0454,3302007,Itaguaí,Municipal total,0,0,12,-43.765993,-22.7086749993274
WRK_0455,3302007,Itaguaí,Municipal total,0,0,5,-43.77752,-22.6945749993277
WRK_0456,3302007,Itaguaí,Municipal total,0,0,243,-43.760589,-22.8799649993234
WRK_0457,3302007,Itaguaí,Municipal total,0,0,1824,-43.757791,-22.8658229993238
WRK_0458,3302007,Itaguaí,Municipal total,0,0,781,-43.758602,-22.857001999324
WRK_0459,3302007,Itaguaí,Municipal total,0,0,182,-43.754796,-22.8445269993243
WRK_0460,3302007,Itaguaí,Municipal total,0,0,292,-43.760183,-22.8234619993247
WRK_0461,3302007,Itaguaí,Municipal total,0,0,170,-43.759204,-22.8161799993249
WRK_0462,3302007,Itaguaí,Municipal total,0,0,24,-43.756138,-22.725392999327
WRK_0463,3302007,Itaguaí,Municipal total,0,0,21,-43.749108,-22.7161399993272
WRK_0464,3302007,Itaguaí,Municipal total,0,0,1974,-43.760347,-22.7029629993275
WRK_0465,3302007,Itaguaí,Municipal total,0,0,110,-43.745171,-22.8686069993237
WRK_0466,3302007,Itaguaí,Municipal total,0,0,17,-43.73606,-22.857543999324
WRK_0467,3302007,Itaguaí,Municipal total,0,0,69,-43.738721,-22.8411109993243
WRK_0468,3302007,Itaguaí,Municipal total,0,0,36,-43.74449,-22.8277149993247
WRK_0469,3302007,Itaguaí,Municipal total,0,0,10,-43.746491,-22.7204639993271
WRK_0470,3302007,Itaguaí,Municipal total,0,0,9,-43.743611,-22.7061589993275
WRK_0471,3302007,Itaguaí,Municipal total,0,0,0,-43.722238,-22.8635999993238
WRK_0472,3302007,Itaguaí,Municipal total,0,0,114,-43.728383,-22.8491459993242
WRK_0473,3302007,Itaguaí,Municipal total,0,0,61,-43.725509,-22.8379309993244
WRK_0474,3302007,Itaguaí,Municipal total,0,0,9,-43.705953,-22.8652879993238
WRK_0475,3302007,Itaguaí,Municipal total,0,0,13,-43.707518,-22.8494319993242
WRK_0476,3302007,Itaguaí,Municipal total,0,0,67,-43.714577,-22.8416489993243
WRK_0477,3302007,Itaguaí,Municipal total,0,0,10,-43.700535,-22.8609419993239
WRK_0478,3302007,Itaguaí,Municipal total,0,0,23,-43.695943,-22.857087999324
WRK_0479,3302007,Itaguaí,Municipal total,0,0,43,-43.674793,-22.8641269993238
WRK_0480,3302007,Itaguaí,Municipal total,0,0,14,-43.687173,-22.858744999324
WRK_0481,3302270,Japeri,Municipal total,0,0,22,-43.662248,-22.6560539993286
WRK_0482,3302270,Japeri,Municipal total,0,0,280,-43.66377,-22.6486199993288
WRK_0483,3302270,Japeri,Municipal total,0,0,145,-43.667064,-22.6380879993291
WRK_0484,3302270,Japeri,Municipal total,0,0,11,-43.647538,-22.683708999328
WRK_0485,3302270,Japeri,Municipal total,0,0,13,-43.64955,-22.6800529993281
WRK_0486,3302270,Japeri,Municipal total,0,0,161,-43.657902,-22.6563419993286
WRK_0487,3302270,Japeri,Municipal total,0,0,3326,-43.655937,-22.6479819993288
WRK_0488,3302270,Japeri,Municipal total,0,0,172,-43.649485,-22.640240999329
WRK_0489,3302270,Japeri,Municipal total,0,0,2,-43.658071,-22.6216429993294
WRK_0490,3302270,Japeri,Municipal total,0,0,341,-43.632669,-22.7151489993273
WRK_0491,3302270,Japeri,Municipal total,0,0,290,-43.632535,-22.6984019993276
WRK_0492,3302270,Japeri,Municipal total,0,0,197,-43.638098,-22.6873129993279
WRK_0493,3302270,Japeri,Municipal total,0,0,55,-43.645757,-22.6802579993281
WRK_0494,3302270,Japeri,Municipal total,0,0,567,-43.643346,-22.6448949993289
WRK_0495,3302270,Japeri,Municipal total,0,0,97,-43.644402,-22.640855999329
WRK_0496,3302270,Japeri,Municipal total,0,0,452,-43.629435,-22.7117009993273
WRK_0497,3302270,Japeri,Municipal total,0,0,2226,-43.6267,-22.7031029993275
WRK_0498,3302270,Japeri,Municipal total,0,0,671,-43.623555,-22.6890189993279
WRK_0499,3302270,Japeri,Municipal total,0,0,201,-43.621161,-22.6790139993281
WRK_0500,3302270,Japeri,Municipal total,0,0,4,-43.62283,-22.6577589993286
WRK_0501,3302270,Japeri,Municipal total,0,0,6,-43.623976,-22.641826999329
WRK_0502,3302270,Japeri,Municipal total,0,0,10,-43.616812,-22.6962479993277
WRK_0503,3302270,Japeri,Municipal total,0,0,1582,-43.610534,-22.684743999328
WRK_0504,3302270,Japeri,Municipal total,0,0,6303,-43.609877,-22.6748789993282
WRK_0505,3302270,Japeri,Municipal total,0,0,313,-43.60801,-22.6669049993284
WRK_0506,3302270,Japeri,Municipal total,0,0,161,-43.607985,-22.6470789993288
WRK_0507,3302270,Japeri,Municipal total,0,0,30,-43.606961,-22.641004999329
WRK_0508,3302270,Japeri,Municipal total,0,0,780,-43.59837,-22.6859039993279
WRK_0509,3302270,Japeri,Municipal total,0,0,3111,-43.593451,-22.6759789993282
WRK_0510,3302270,Japeri,Municipal total,0,0,51,-43.598294,-22.6560129993286
WRK_0511,3302270,Japeri,Municipal total,0,0,98,-43.598479,-22.6526109993287
WRK_0512,3302270,Japeri,Municipal total,0,0,110,-43.597948,-22.6337329993291
WRK_0513,3302270,Japeri,Municipal total,0,0,409,-43.582222,-22.6888669993279
WRK_0514,3302270,Japeri,Municipal total,0,0,777,-43.586362,-22.6737949993282
WRK_0515,3302270,Japeri,Municipal total,0,0,181,-43.581438,-22.6651849993284
WRK_0516,3302270,Japeri,Municipal total,0,0,0,-43.582578,-22.6421389993289
WRK_0517,3302270,Japeri,Municipal total,0,0,6,-43.583058,-22.6206089993295
WRK_0518,3302270,Japeri,Municipal total,0,0,63,-43.56787,-22.685244999328
WRK_0519,3302270,Japeri,Municipal total,0,0,128,-43.568253,-22.6787789993281
WRK_0520,3302270,Japeri,Municipal total,0,0,2,-43.571202,-22.6680889993284
WRK_0521,3302270,Japeri,Municipal total,0,0,4,-43.560274,-22.6515929993287
WRK_0522,3302270,Japeri,Municipal total,0,0,7,-43.5689,-22.6342209993291
WRK_0523,3302270,Japeri,Municipal total,0,0,11,-43.57242,-22.6260929993293
WRK_0524,3302270,Japeri,Municipal total,0,0,36,-43.569136,-22.6133609993296
WRK_0525,3302270,Japeri,Municipal total,0,0,5,-43.558059,-22.683002999328
WRK_0526,3302270,Japeri,Municipal total,0,0,23,-43.54503,-22.6605989993285
WRK_0527,3302270,Japeri,Municipal total,0,0,24,-43.553276,-22.6512379993287
WRK_0528,3302270,Japeri,Municipal total,0,0,116,-43.537746,-22.6569739993286
WRK_0529,3302270,Japeri,Municipal total,0,0,2,-43.538425,-22.6537369993287
WRK_0530,3302502,Magé,Municipal total,0,0,0,-43.21195565,-22.724518450000005
WRK_0531,3302502,Magé,Municipal total,0,0,5,-43.209245,-22.7148549993273
WRK_0532,3302502,Magé,Municipal total,0,0,0,-43.213027,-22.6760709993282
WRK_0533,3302502,Magé,Municipal total,0,0,8,-43.211083,-22.6512519993287
WRK_0534,3302502,Magé,Municipal total,0,0,46,-43.210295,-22.6455879993289
WRK_0535,3302502,Magé,Municipal total,0,0,2,-43.193968,-22.7186219993272
WRK_0536,3302502,Magé,Municipal total,0,0,99,-43.19595,-22.7147419993273
WRK_0537,3302502,Magé,Municipal total,0,0,4,-43.198341,-22.7029809993275
WRK_0538,3302502,Magé,Municipal total,0,0,161,-43.204235,-22.6536239993287
WRK_0539,3302502,Magé,Municipal total,0,0,643,-43.204707,-22.6453469993289
WRK_0540,3302502,Magé,Municipal total,0,0,98,-43.199832,-22.6347699993291
WRK_0541,3302502,Magé,Municipal total,0,0,701,-43.197264,-22.6140069993296
WRK_0542,3302502,Magé,Municipal total,0,0,436,-43.19787,-22.6049739993298
WRK_0543,3302502,Magé,Municipal total,0,0,30,-43.196544,-22.5885559993302
WRK_0544,3302502,Magé,Municipal total,0,0,30,-43.183226,-22.7202039993271
WRK_0545,3302502,Magé,Municipal total,0,0,481,-43.187193,-22.7159969993272
WRK_0546,3302502,Magé,Municipal total,0,0,12,-43.181661,-22.6996769993276
WRK_0547,3302502,Magé,Municipal total,0,0,12,-43.182715,-22.685807999328
WRK_0548,3302502,Magé,Municipal total,0,0,7,-43.193989,-22.6630179993285
WRK_0549,3302502,Magé,Municipal total,0,0,276,-43.186798,-22.6426049993289
WRK_0550,3302502,Magé,Municipal total,0,0,759,-43.183672,-22.6290729993292
WRK_0551,3302502,Magé,Municipal total,0,0,1641,-43.186691,-22.6165869993295
WRK_0552,3302502,Magé,Municipal total,0,0,2232,-43.188932,-22.6029289993299
WRK_0553,3302502,Magé,Municipal total,0,0,3187,-43.187918,-22.5911039993301
WRK_0554,3302502,Magé,Municipal total,0,0,591,-43.184937,-22.5739679993305
WRK_0555,3302502,Magé,Municipal total,0,0,922,-43.170891,-22.7114119993273
WRK_0556,3302502,Magé,Municipal total,0,0,150,-43.176155,-22.6958799993277
WRK_0557,3302502,Magé,Municipal total,0,0,75,-43.172271,-22.684665999328
WRK_0558,3302502,Magé,Municipal total,0,0,144,-43.168229,-22.6729219993282
WRK_0559,3302502,Magé,Municipal total,0,0,114,-43.17025,-22.6571179993286
WRK_0560,3302502,Magé,Municipal total,0,0,169,-43.177995,-22.639400999329
WRK_0561,3302502,Magé,Municipal total,0,0,1042,-43.173668,-22.6297809993292
WRK_0562,3302502,Magé,Municipal total,0,0,5196,-43.175004,-22.6146369993296
WRK_0563,3302502,Magé,Municipal total,0,0,2910,-43.176897,-22.6074089993298
WRK_0564,3302502,Magé,Municipal total,0,0,421,-43.170126,-22.5877729993302
WRK_0565,3302502,Magé,Municipal total,0,0,127,-43.168736,-22.5821679993303
WRK_0566,3302502,Magé,Municipal total,0,0,725,-43.15852,-22.7070039993274
WRK_0567,3302502,Magé,Municipal total,0,0,446,-43.157761,-22.7020719993276
WRK_0568,3302502,Magé,Municipal total,0,0,39,-43.164017,-22.682259999328
WRK_0569,3302502,Magé,Municipal total,0,0,48,-43.162802,-22.6729269993282
WRK_0570,3302502,Magé,Municipal total,0,0,221,-43.155849,-22.6541789993287
WRK_0571,3302502,Magé,Municipal total,0,0,51,-43.152424,-22.6488459993288
WRK_0572,3302502,Magé,Municipal total,0,0,523,-43.159666,-22.6256449993293
WRK_0573,3302502,Magé,Municipal total,0,0,1736,-43.160551,-22.6189589993295
WRK_0574,3302502,Magé,Municipal total,0,0,284,-43.156855,-22.6054789993298
WRK_0575,3302502,Magé,Municipal total,0,0,114,-43.16537,-22.5846529993303
WRK_0576,3302502,Magé,Municipal total,0,0,28,-43.164229,-22.5821739993304
WRK_0577,3302502,Magé,Municipal total,0,0,750,-43.141284,-22.7085169993274
WRK_0578,3302502,Magé,Municipal total,0,0,104,-43.14546,-22.7021319993275
WRK_0579,3302502,Magé,Municipal total,0,0,7,-43.150314,-22.681787999328
WRK_0580,3302502,Magé,Municipal total,0,0,55,-43.1486,-22.6740169993282
WRK_0581,3302502,Magé,Municipal total,0,0,154,-43.148925,-22.6549669993286
WRK_0582,3302502,Magé,Municipal total,0,0,2,-43.149183,-22.6472779993288
WRK_0583,3302502,Magé,Municipal total,0,0,16,-43.151189,-22.6265699993293
WRK_0584,3302502,Magé,Municipal total,0,0,239,-43.149447,-22.6135999993296
WRK_0585,3302502,Magé,Municipal total,0,0,254,-43.145136,-22.6015699993299
WRK_0586,3302502,Magé,Municipal total,0,0,15,-43.138239,-22.5934349993301
WRK_0587,3302502,Magé,Municipal total,0,0,257,-43.129986,-22.7089029993274
WRK_0588,3302502,Magé,Municipal total,0,0,334,-43.124076,-22.6971639993277
WRK_0589,3302502,Magé,Municipal total,0,0,44,-43.129175,-22.6879759993279
WRK_0590,3302502,Magé,Municipal total,0,0,542,-43.130838,-22.6671159993284
WRK_0591,3302502,Magé,Municipal total,0,0,1505,-43.128764,-22.6613049993285
WRK_0592,3302502,Magé,Municipal total,0,0,15,-43.122726,-22.6463609993288
WRK_0593,3302502,Magé,Municipal total,0,0,8,-43.130707,-22.6129949993296
WRK_0594,3302502,Magé,Municipal total,0,0,94,-43.130606,-22.5998149993299
WRK_0595,3302502,Magé,Municipal total,0,0,136,-43.131694,-22.5931889993301
WRK_0596,3302502,Magé,Municipal total,0,0,8,-43.128897,-22.5786299993304
WRK_0597,3302502,Magé,Municipal total,0,0,60,-43.119752,-22.7047729993275
WRK_0598,3302502,Magé,Municipal total,0,0,112,-43.118468,-22.6994149993276
WRK_0599,3302502,Magé,Municipal total,0,0,0,-43.119584,-22.6894089993279
WRK_0600,3302502,Magé,Municipal total,0,0,268,-43.119442,-22.6643499993284
WRK_0601,3302502,Magé,Municipal total,0,0,120,-43.119358,-22.6591209993285
WRK_0602,3302502,Magé,Municipal total,0,0,246,-43.117718,-22.6444329993289
WRK_0603,3302502,Magé,Municipal total,0,0,173,-43.113137,-22.6326749993292
WRK_0604,3302502,Magé,Municipal total,0,0,96,-43.109299,-22.6185859993295
WRK_0605,3302502,Magé,Municipal total,0,0,168,-43.113296,-22.6046119993298
WRK_0606,3302502,Magé,Municipal total,0,0,340,-43.114738,-22.5945559993301
WRK_0607,3302502,Magé,Municipal total,0,0,21,-43.096967,-22.683740999328
WRK_0608,3302502,Magé,Municipal total,0,0,33,-43.093539,-22.6691479993283
WRK_0609,3302502,Magé,Municipal total,0,0,17,-43.093409,-22.6516519993287
WRK_0610,3302502,Magé,Municipal total,0,0,19,-43.106096,-22.640246999329
WRK_0611,3302502,Magé,Municipal total,0,0,14,-43.107416,-22.6228749993294
WRK_0612,3302502,Magé,Municipal total,0,0,156,-43.105744,-22.6153349993296
WRK_0613,3302502,Magé,Municipal total,0,0,156,-43.103804,-22.6038979993298
WRK_0614,3302502,Magé,Municipal total,0,0,26,-43.099324,-22.5916709993301
WRK_0615,3302502,Magé,Municipal total,0,0,36,-43.087665,-22.6780949993281
WRK_0616,3302502,Magé,Municipal total,0,0,9,-43.091686,-22.6741519993282
WRK_0617,3302502,Magé,Municipal total,0,0,605,-43.090507,-22.6546799993287
WRK_0618,3302502,Magé,Municipal total,0,0,46,-43.083799,-22.6474179993288
WRK_0619,3302502,Magé,Municipal total,0,0,5,-43.08128,-22.6289729993292
WRK_0620,3302502,Magé,Municipal total,0,0,36,-43.088495,-22.59741799933
WRK_0621,3302502,Magé,Municipal total,0,0,206,-43.087213,-22.5919829993301
WRK_0622,3302502,Magé,Municipal total,0,0,73,-43.064521,-22.681967999328
WRK_0623,3302502,Magé,Municipal total,0,0,47,-43.065907,-22.6758499993282
WRK_0624,3302502,Magé,Municipal total,0,0,155,-43.066826,-22.6533009993287
WRK_0625,3302502,Magé,Municipal total,0,0,69,-43.071025,-22.640805999329
WRK_0626,3302502,Magé,Municipal total,0,0,19,-43.075608,-22.6320659993292
WRK_0627,3302502,Magé,Municipal total,0,0,0,-43.067069,-22.59726199933
WRK_0628,3302502,Magé,Municipal total,0,0,72,-43.069906,-22.5863109993303
WRK_0629,3302502,Magé,Municipal total,0,0,146,-43.065231,-22.5786919993304
WRK_0630,3302502,Magé,Municipal total,0,0,33,-43.062598,-22.682438999328
WRK_0631,3302502,Magé,Municipal total,0,0,183,-43.059026,-22.6701529993283
WRK_0632,3302502,Magé,Municipal total,0,0,231,-43.05538,-22.6585749993286
WRK_0633,3302502,Magé,Municipal total,0,0,21,-43.050971,-22.6468709993288
WRK_0634,3302502,Magé,Municipal total,0,0,0,-43.055639,-22.6350529993291
WRK_0635,3302502,Magé,Municipal total,0,0,38,-43.051573,-22.6055749993298
WRK_0636,3302502,Magé,Municipal total,0,0,237,-43.05634,-22.5843419993303
WRK_0637,3302502,Magé,Municipal total,0,0,376,-43.060833,-22.5758849993305
WRK_0638,3302502,Magé,Municipal total,0,0,921,-43.037146,-22.6650429993284
WRK_0639,3302502,Magé,Municipal total,0,0,15341,-43.041697,-22.6571509993286
WRK_0640,3302502,Magé,Municipal total,0,0,313,-43.043116,-22.6470229993288
WRK_0641,3302502,Magé,Municipal total,0,0,16,-43.037332,-22.6328039993292
WRK_0642,3302502,Magé,Municipal total,0,0,13,-43.03877,-22.6139799993296
WRK_0643,3302502,Magé,Municipal total,0,0,443,-43.038675,-22.6019889993299
WRK_0644,3302502,Magé,Municipal total,0,0,165,-43.044964,-22.5916009993301
WRK_0645,3302502,Magé,Municipal total,0,0,1781,-43.030655,-22.6665839993284
WRK_0646,3302502,Magé,Municipal total,0,0,486,-43.026632,-22.6518419993287
WRK_0647,3302502,Magé,Municipal total,0,0,472,-43.030862,-22.6429719993289
WRK_0648,3302502,Magé,Municipal total,0,0,501,-43.027362,-22.6333609993292
WRK_0649,3302502,Magé,Municipal total,0,0,111,-43.029955,-22.6125359993296
WRK_0650,3302502,Magé,Municipal total,0,0,360,-43.032646,-22.6046409993298
WRK_0651,3302502,Magé,Municipal total,0,0,63,-43.02476,-22.5847879993303
WRK_0652,3302502,Magé,Municipal total,0,0,28,-43.028864,-22.5761099993305
WRK_0653,3302502,Magé,Municipal total,0,0,8,-43.018549,-22.6449069993289
WRK_0654,3302502,Magé,Municipal total,0,0,39,-43.015773,-22.6304839993292
WRK_0655,3302502,Magé,Municipal total,0,0,3,-43.018123,-22.6199819993295
WRK_0656,3302502,Magé,Municipal total,0,0,138,-43.016016,-22.59728199933
WRK_0657,3302502,Magé,Municipal total,0,0,884,-43.016275,-22.5918819993301
WRK_0658,3302601,Mangaratiba,Municipal total,0,0,101,-43.897179,-22.9352729993222
WRK_0659,3302601,Mangaratiba,Municipal total,0,0,32,-43.898318,-22.9156619993227
WRK_0660,3302601,Mangaratiba,Municipal total,0,0,5,-43.899113,-22.9095249993228
WRK_0661,3302601,Mangaratiba,Municipal total,0,0,11,-43.886431,-22.9482759993219
WRK_0662,3302601,Mangaratiba,Municipal total,0,0,6,-43.891359,-22.9399529993221
WRK_0663,3302601,Mangaratiba,Municipal total,0,0,3,-43.88789705000001,-22.927769850000004
WRK_0664,3302601,Mangaratiba,Municipal total,0,0,17,-43.88914,-22.9060179993229
WRK_0665,3302601,Mangaratiba,Municipal total,0,0,1,-43.8749118,-23.064196799999998
WRK_0666,3302700,Maricá,Municipal total,0,0,42,-43.018797,-22.9654789993215
WRK_0667,3302700,Maricá,Municipal total,0,0,544,-43.008425,-22.9662969993215
WRK_0668,3302700,Maricá,Municipal total,0,0,35,-43.00216,-22.9580919993217
WRK_0669,3302700,Maricá,Municipal total,0,0,862,-42.992314,-22.9624669993216
WRK_0670,3302700,Maricá,Municipal total,0,0,371,-42.992398,-22.9560219993217
WRK_0671,3302700,Maricá,Municipal total,0,0,1042,-42.978987,-22.9640849993215
WRK_0672,3302700,Maricá,Municipal total,0,0,1108,-42.980777,-22.9572109993217
WRK_0673,3302700,Maricá,Municipal total,0,0,37,-42.97463,-22.9408199993221
WRK_0674,3302700,Maricá,Municipal total,0,0,0,-42.974016,-22.9318619993223
WRK_0675,3302700,Maricá,Municipal total,0,0,1328,-42.964388,-22.9645969993215
WRK_0676,3302700,Maricá,Municipal total,0,0,892,-42.964306,-22.9540249993218
WRK_0677,3302700,Maricá,Municipal total,0,0,166,-42.960522,-22.943605999322
WRK_0678,3302700,Maricá,Municipal total,0,0,96,-42.96499,-22.9249229993224
WRK_0679,3302700,Maricá,Municipal total,0,0,3,-42.958778,-22.9186649993226
WRK_0680,3302700,Maricá,Municipal total,0,0,422,-42.948168,-22.9645409993215
WRK_0681,3302700,Maricá,Municipal total,0,0,567,-42.94971,-22.9529909993218
WRK_0682,3302700,Maricá,Municipal total,0,0,298,-42.953878,-22.9385039993221
WRK_0683,3302700,Maricá,Municipal total,0,0,413,-42.950601,-22.9265449993224
WRK_0684,3302700,Maricá,Municipal total,0,0,1544,-42.944764,-22.9080949993228
WRK_0685,3302700,Maricá,Municipal total,0,0,189,-42.943889,-22.9041929993229
WRK_0686,3302700,Maricá,Municipal total,0,0,0,-42.930555,-22.9734369993213
WRK_0687,3302700,Maricá,Municipal total,0,0,369,-42.934981,-22.9670069993215
WRK_0688,3302700,Maricá,Municipal total,0,0,274,-42.933482,-22.9560879993217
WRK_0689,3302700,Maricá,Municipal total,0,0,109,-42.934553,-22.9417099993221
WRK_0690,3302700,Maricá,Municipal total,0,0,324,-42.932588,-22.9240839993225
WRK_0691,3302700,Maricá,Municipal total,0,0,2846,-42.934021,-22.9130639993227
WRK_0692,3302700,Maricá,Municipal total,0,0,1860,-42.938668,-22.901332999323
WRK_0693,3302700,Maricá,Municipal total,0,0,36,-42.931605,-22.8897449993233
WRK_0694,3302700,Maricá,Municipal total,0,0,24,-42.92159,-22.9728369993213
WRK_0695,3302700,Maricá,Municipal total,0,0,484,-42.92084,-22.9679289993215
WRK_0696,3302700,Maricá,Municipal total,0,0,2,-42.926442,-22.9571809993217
WRK_0697,3302700,Maricá,Municipal total,0,0,34,-42.91775,-22.9350789993222
WRK_0698,3302700,Maricá,Municipal total,0,0,517,-42.925553,-22.9257199993224
WRK_0699,3302700,Maricá,Municipal total,0,0,364,-42.925605,-22.9089149993228
WRK_0700,3302700,Maricá,Municipal total,0,0,256,-42.926023,-22.8953749993231
WRK_0701,3302700,Maricá,Municipal total,0,0,104,-42.924643,-22.8899189993232
WRK_0702,3302700,Maricá,Municipal total,0,0,5,-42.910579,-22.9731849993213
WRK_0703,3302700,Maricá,Municipal total,0,0,148,-42.908171,-22.9691519993214
WRK_0704,3302700,Maricá,Municipal total,0,0,421,-42.902352,-22.9357909993222
WRK_0705,3302700,Maricá,Municipal total,0,0,0,-42.900622,-22.9291879993223
WRK_0706,3302700,Maricá,Municipal total,0,0,10,-42.900956,-22.8844589993234
WRK_0707,3302700,Maricá,Municipal total,0,0,42,-42.891018,-22.9547309993218
WRK_0708,3302700,Maricá,Municipal total,0,0,1904,-42.890287,-22.9347489993222
WRK_0709,3302700,Maricá,Municipal total,0,0,245,-42.890436,-22.9292779993223
WRK_0710,3302700,Maricá,Municipal total,0,0,8,-42.888298,-22.8800669993235
WRK_0711,3302700,Maricá,Municipal total,0,0,755,-42.877961,-22.9329349993222
WRK_0712,3302700,Maricá,Municipal total,0,0,685,-42.874902,-22.9291189993223
WRK_0713,3302700,Maricá,Municipal total,0,0,31,-42.874998,-22.9111729993228
WRK_0714,3302700,Maricá,Municipal total,0,0,21,-42.883565,-22.8797999993235
WRK_0715,3302700,Maricá,Municipal total,0,0,15,-42.875974,-22.8746099993236
WRK_0716,3302700,Maricá,Municipal total,0,0,976,-42.862435,-22.9247519993224
WRK_0717,3302700,Maricá,Municipal total,0,0,253,-42.865627,-22.9128969993227
WRK_0718,3302700,Maricá,Municipal total,0,0,41,-42.856862,-22.899141999323
WRK_0719,3302700,Maricá,Municipal total,0,0,11,-42.862388,-22.8865149993233
WRK_0720,3302700,Maricá,Municipal total,0,0,1,-42.864143,-22.8741319993236
WRK_0721,3302700,Maricá,Municipal total,0,0,0,-42.841938,-22.9603579993216
WRK_0722,3302700,Maricá,Municipal total,0,0,246,-42.849363,-22.9204379993225
WRK_0723,3302700,Maricá,Municipal total,0,0,313,-42.845197,-22.9137029993227
WRK_0724,3302700,Maricá,Municipal total,0,0,66,-42.85136,-22.8927619993232
WRK_0725,3302700,Maricá,Municipal total,0,0,50,-42.827559,-22.9581139993217
WRK_0726,3302700,Maricá,Municipal total,0,0,27,-42.827553,-22.9575959993217
WRK_0727,3302700,Maricá,Municipal total,0,0,202,-42.826087,-22.9364809993222
WRK_0728,3302700,Maricá,Municipal total,0,0,861,-42.826467,-22.9227569993225
WRK_0729,3302700,Maricá,Municipal total,0,0,1331,-42.831958,-22.9093259993228
WRK_0730,3302700,Maricá,Municipal total,0,0,404,-42.831404,-22.8967639993231
WRK_0731,3302700,Maricá,Municipal total,0,0,91,-42.831778,-22.8825919993234
WRK_0732,3302700,Maricá,Municipal total,0,0,0,-42.830057323000005,-22.874753749999996
WRK_0733,3302700,Maricá,Municipal total,0,0,51,-42.821844,-22.9603209993216
WRK_0734,3302700,Maricá,Municipal total,0,0,90,-42.822601,-22.9488369993219
WRK_0735,3302700,Maricá,Municipal total,0,0,147,-42.82372,-22.9342319993222
WRK_0736,3302700,Maricá,Municipal total,0,0,887,-42.822432,-22.9222359993225
WRK_0737,3302700,Maricá,Municipal total,0,0,2369,-42.821415,-22.9094309993228
WRK_0738,3302700,Maricá,Municipal total,0,0,77,-42.823515,-22.901472999323
WRK_0739,3302700,Maricá,Municipal total,0,0,3,-42.82439,-22.8882829993233
WRK_0740,3302700,Maricá,Municipal total,0,0,6,-42.823352,-22.8760689993236
WRK_0741,3302809,Mendes,Municipal total,0,0,0,-43.764441,-22.573851349999998
WRK_0742,3302858,Mesquita,Municipal total,0,0,251,-43.442497,-22.8057839993252
WRK_0743,3302858,Mesquita,Municipal total,0,0,134,-43.442177,-22.7974179993254
WRK_0744,3302858,Mesquita,Municipal total,0,0,46,-43.441451,-22.7774259993258
WRK_0745,3302858,Mesquita,Municipal total,0,0,19,-43.442561,-22.7748499993259
WRK_0746,3302858,Mesquita,Municipal total,0,0,1437,-43.436195,-22.8049269993252
WRK_0747,3302858,Mesquita,Municipal total,0,0,4875,-43.433261,-22.7956269993254
WRK_0748,3302858,Mesquita,Municipal total,0,0,9538,-43.430792,-22.7827239993257
WRK_0749,3302858,Mesquita,Municipal total,0,0,3280,-43.432889,-22.770914999326
WRK_0750,3302858,Mesquita,Municipal total,0,0,4245,-43.422901,-22.7946059993254
WRK_0751,3302858,Mesquita,Municipal total,0,0,5278,-43.420533,-22.7825219993257
WRK_0752,3302858,Mesquita,Municipal total,0,0,2848,-43.419991,-22.770949999326
WRK_0753,3302858,Mesquita,Municipal total,0,0,253,-43.410373,-22.7893619993255
WRK_0754,3302858,Mesquita,Municipal total,0,0,4328,-43.405929,-22.7795619993258
WRK_0755,3302858,Mesquita,Municipal total,0,0,3,-43.402793,-22.7749609993259
WRK_0756,3302908,Miguel Pereira,Municipal total,0,0,3,-43.653848,-22.6156899993296
WRK_0757,3302908,Miguel Pereira,Municipal total,0,0,2,-43.649343,-22.6122449993297
WRK_0758,3302908,Miguel Pereira,Municipal total,0,0,30,-43.641715,-22.6097299993297
WRK_0759,3302908,Miguel Pereira,Municipal total,0,0,0,-43.62011,-22.5906529993302
WRK_0760,3302908,Miguel Pereira,Municipal total,0,0,5,-43.600335,-22.5740419993305
WRK_0761,3302908,Miguel Pereira,Municipal total,0,0,2,-43.599484,-22.5731419993306
WRK_0762,3303203,Nilópolis,Municipal total,0,0,1212,-43.428376,-22.8176629993249
WRK_0763,3303203,Nilópolis,Municipal total,0,0,3880,-43.430538,-22.811521999325
WRK_0764,3303203,Nilópolis,Municipal total,0,0,43,-43.427541,-22.8018809993253
WRK_0765,3303203,Nilópolis,Municipal total,0,0,2775,-43.418554,-22.8199249993248
WRK_0766,3303203,Nilópolis,Municipal total,0,0,16960,-43.418233,-22.8084329993251
WRK_0767,3303203,Nilópolis,Municipal total,0,0,2359,-43.416432,-22.7990959993253
WRK_0768,3303203,Nilópolis,Municipal total,0,0,2309,-43.408845,-22.8180449993249
WRK_0769,3303203,Nilópolis,Municipal total,0,0,5057,-43.406183,-22.8092969993251
WRK_0770,3303203,Nilópolis,Municipal total,0,0,1116,-43.408898,-22.7980409993253
WRK_0771,3303203,Nilópolis,Municipal total,0,0,2,-43.395798,-22.815629999325
WRK_0772,3303203,Nilópolis,Municipal total,0,0,409,-43.394773,-22.812580999325
WRK_0773,3303302,Niterói,Municipal total,0,0,81,-43.134494,-22.901992999323
WRK_0774,3303302,Niterói,Municipal total,0,0,122,-43.120186,-22.9270419993224
WRK_0775,3303302,Niterói,Municipal total,0,0,32393,-43.122441,-22.8966089993231
WRK_0776,3303302,Niterói,Municipal total,0,0,26975,-43.121826,-22.8898049993232
WRK_0777,3303302,Niterói,Municipal total,0,0,3262,-43.124516,-22.8775579993235
WRK_0778,3303302,Niterói,Municipal total,0,0,158,-43.110818,-22.9358179993222
WRK_0779,3303302,Niterói,Municipal total,0,0,271,-43.115417,-22.9316319993223
WRK_0780,3303302,Niterói,Municipal total,0,0,4468,-43.107619,-22.9097579993228
WRK_0781,3303302,Niterói,Municipal total,0,0,28614,-43.112052,-22.900712999323
WRK_0782,3303302,Niterói,Municipal total,0,0,16123,-43.113541,-22.8884069993233
WRK_0783,3303302,Niterói,Municipal total,0,0,10639,-43.113582,-22.8715959993237
WRK_0784,3303302,Niterói,Municipal total,0,0,757,-43.107084,-22.8658549993238
WRK_0785,3303302,Niterói,Municipal total,0,0,347,-43.093707,-22.9511609993218
WRK_0786,3303302,Niterói,Municipal total,0,0,679,-43.09937,-22.9364919993222
WRK_0787,3303302,Niterói,Municipal total,0,0,3260,-43.094991,-22.9256539993224
WRK_0788,3303302,Niterói,Municipal total,0,0,4383,-43.095501,-22.9144319993227
WRK_0789,3303302,Niterói,Municipal total,0,0,12823,-43.099101,-22.9021649993229
WRK_0790,3303302,Niterói,Municipal total,0,0,6135,-43.095671,-22.8831809993234
WRK_0791,3303302,Niterói,Municipal total,0,0,4903,-43.097813,-22.8738819993236
WRK_0792,3303302,Niterói,Municipal total,0,0,3606,-43.099841,-22.8627279993239
WRK_0793,3303302,Niterói,Municipal total,0,0,527,-43.079188,-22.9544509993218
WRK_0794,3303302,Niterói,Municipal total,0,0,63,-43.076524,-22.9370809993222
WRK_0795,3303302,Niterói,Municipal total,0,0,60,-43.083627,-22.9267379993224
WRK_0796,3303302,Niterói,Municipal total,0,0,3332,-43.084327,-22.9160929993226
WRK_0797,3303302,Niterói,Municipal total,0,0,2781,-43.083596,-22.9025439993229
WRK_0798,3303302,Niterói,Municipal total,0,0,5498,-43.083606,-22.8827739993234
WRK_0799,3303302,Niterói,Municipal total,0,0,1866,-43.084577,-22.8753789993236
WRK_0800,3303302,Niterói,Municipal total,0,0,687,-43.086775,-22.8645089993238
WRK_0801,3303302,Niterói,Municipal total,0,0,460,-43.065235,-22.9526749993218
WRK_0802,3303302,Niterói,Municipal total,0,0,2980,-43.064114,-22.9387399993221
WRK_0803,3303302,Niterói,Municipal total,0,0,1379,-43.066346,-22.9309369993223
WRK_0804,3303302,Niterói,Municipal total,0,0,2826,-43.066272,-22.9100569993228
WRK_0805,3303302,Niterói,Municipal total,0,0,2365,-43.068095,-22.9030939993229
WRK_0806,3303302,Niterói,Municipal total,0,0,2269,-43.066921,-22.8842789993234
WRK_0807,3303302,Niterói,Municipal total,0,0,760,-43.068211,-22.8740889993236
WRK_0808,3303302,Niterói,Municipal total,0,0,21,-43.073492,-22.8659759993238
WRK_0809,3303302,Niterói,Municipal total,0,0,410,-43.046841,-22.9682399993214
WRK_0810,3303302,Niterói,Municipal total,0,0,770,-43.057245,-22.9528069993218
WRK_0811,3303302,Niterói,Municipal total,0,0,4892,-43.052119,-22.9411309993221
WRK_0812,3303302,Niterói,Municipal total,0,0,144,-43.049997,-22.9312529993223
WRK_0813,3303302,Niterói,Municipal total,0,0,1210,-43.052157,-22.9104969993228
WRK_0814,3303302,Niterói,Municipal total,0,0,2220,-43.054644,-22.9029599993229
WRK_0815,3303302,Niterói,Municipal total,0,0,1555,-43.051797,-22.8857609993233
WRK_0816,3303302,Niterói,Municipal total,0,0,2155,-43.050336,-22.8742039993236
WRK_0817,3303302,Niterói,Municipal total,0,0,3,-43.031578,-22.9745749993213
WRK_0818,3303302,Niterói,Municipal total,0,0,1232,-43.033397,-22.9647109993215
WRK_0819,3303302,Niterói,Municipal total,0,0,354,-43.031914,-22.9530389993218
WRK_0820,3303302,Niterói,Municipal total,0,0,2581,-43.036403,-22.943781999322
WRK_0821,3303302,Niterói,Municipal total,0,0,37,-43.044421,-22.9287009993223
WRK_0822,3303302,Niterói,Municipal total,0,0,83,-43.044114,-22.9115289993227
WRK_0823,3303302,Niterói,Municipal total,0,0,920,-43.039983,-22.898396999323
WRK_0824,3303302,Niterói,Municipal total,0,0,816,-43.032955,-22.8842869993234
WRK_0825,3303302,Niterói,Municipal total,0,0,282,-43.036278,-22.8765449993235
WRK_0826,3303302,Niterói,Municipal total,0,0,26,-43.029232,-22.9616329993216
WRK_0827,3303302,Niterói,Municipal total,0,0,1415,-43.027881,-22.9526259993218
WRK_0828,3303302,Niterói,Municipal total,0,0,2897,-43.024596,-22.9395339993221
WRK_0829,3303302,Niterói,Municipal total,0,0,492,-43.02003,-22.9304759993223
WRK_0830,3303302,Niterói,Municipal total,0,0,1,-43.018165,-22.9070959993229
WRK_0831,3303302,Niterói,Municipal total,0,0,0,-43.017077,-22.8970779993231
WRK_0832,3303302,Niterói,Municipal total,0,0,765,-43.026384,-22.8829939993234
WRK_0833,3303302,Niterói,Municipal total,0,0,65,-43.026548,-22.8787179993235
WRK_0834,3303302,Niterói,Municipal total,0,0,884,-43.008083,-22.9363229993222
WRK_0835,3303302,Niterói,Municipal total,0,0,1316,-43.011324,-22.9285649993224
WRK_0836,3303302,Niterói,Municipal total,0,0,41,-43.001512,-22.9071149993229
WRK_0837,3303302,Niterói,Municipal total,0,0,67,-43.009708,-22.8963349993231
WRK_0838,3303302,Niterói,Municipal total,0,0,84,-43.008151,-22.8916989993232
WRK_0839,3303302,Niterói,Municipal total,0,0,38,-42.998405,-22.9348399993222
WRK_0840,3303302,Niterói,Municipal total,0,0,47,-42.995866,-22.9317249993223
WRK_0841,3303302,Niterói,Municipal total,0,0,157,-42.988917,-22.9114969993227
WRK_0842,3303302,Niterói,Municipal total,0,0,102,-42.99303,-22.8959779993231
WRK_0843,3303302,Niterói,Municipal total,0,0,413,-42.989807,-22.8901279993232
WRK_0844,3303302,Niterói,Municipal total,0,0,21,-42.980625,-22.9195409993226
WRK_0845,3303302,Niterói,Municipal total,0,0,498,-42.979285,-22.9133569993227
WRK_0846,3303302,Niterói,Municipal total,0,0,21,-42.985659,-22.902341999323
WRK_0847,3303302,Niterói,Municipal total,0,0,88,-42.970613,-22.9060949993229
WRK_0848,3303302,Niterói,Municipal total,0,0,272,-42.964535,-22.9029129993229
WRK_0849,3303500,Nova Iguaçu,Municipal total,0,0,5,-43.667813,-22.8595199993239
WRK_0850,3303500,Nova Iguaçu,Municipal total,0,0,5,-43.66293,-22.858602999324
WRK_0851,3303500,Nova Iguaçu,Municipal total,0,0,21,-43.651528,-22.854374999324
WRK_0852,3303500,Nova Iguaçu,Municipal total,0,0,14,-43.644107,-22.8436079993243
WRK_0853,3303500,Nova Iguaçu,Municipal total,0,0,69,-43.620046,-22.859348999324
WRK_0854,3303500,Nova Iguaçu,Municipal total,0,0,339,-43.620647,-22.854775999324
WRK_0855,3303500,Nova Iguaçu,Municipal total,0,0,536,-43.620736,-22.8371569993244
WRK_0856,3303500,Nova Iguaçu,Municipal total,0,0,581,-43.618632,-22.8237539993248
WRK_0857,3303500,Nova Iguaçu,Municipal total,0,0,167,-43.622001,-22.8106659993251
WRK_0858,3303500,Nova Iguaçu,Municipal total,0,0,18,-43.618081,-22.7786029993258
WRK_0859,3303500,Nova Iguaçu,Municipal total,0,0,10,-43.620582,-22.7767219993258
WRK_0860,3303500,Nova Iguaçu,Municipal total,0,0,42,-43.618464,-22.6359939993291
WRK_0861,3303500,Nova Iguaçu,Municipal total,0,0,36,-43.613491,-22.8602999993239
WRK_0862,3303500,Nova Iguaçu,Municipal total,0,0,2250,-43.605881,-22.8520349993241
WRK_0863,3303500,Nova Iguaçu,Municipal total,0,0,1603,-43.609936,-22.8364609993245
WRK_0864,3303500,Nova Iguaçu,Municipal total,0,0,1597,-43.606528,-22.8265209993247
WRK_0865,3303500,Nova Iguaçu,Municipal total,0,0,714,-43.608983,-22.812843999325
WRK_0866,3303500,Nova Iguaçu,Municipal total,0,0,45,-43.604261,-22.7984939993253
WRK_0867,3303500,Nova Iguaçu,Municipal total,0,0,52,-43.602277,-22.7785229993258
WRK_0868,3303500,Nova Iguaçu,Municipal total,0,0,47,-43.609673,-22.770793999326
WRK_0869,3303500,Nova Iguaçu,Municipal total,0,0,49,-43.609872,-22.7570629993263
WRK_0870,3303500,Nova Iguaçu,Municipal total,0,0,0,-43.603409,-22.7479849993265
WRK_0871,3303500,Nova Iguaçu,Municipal total,0,0,2,-43.600862,-22.858237999324
WRK_0872,3303500,Nova Iguaçu,Municipal total,0,0,445,-43.599004,-22.854719999324
WRK_0873,3303500,Nova Iguaçu,Municipal total,0,0,1308,-43.596718,-22.8228749993248
WRK_0874,3303500,Nova Iguaçu,Municipal total,0,0,3781,-43.590538,-22.8090749993251
WRK_0875,3303500,Nova Iguaçu,Municipal total,0,0,951,-43.592361,-22.8008099993253
WRK_0876,3303500,Nova Iguaçu,Municipal total,0,0,26,-43.594122,-22.7844069993257
WRK_0877,3303500,Nova Iguaçu,Municipal total,0,0,49,-43.598532,-22.768695999326
WRK_0878,3303500,Nova Iguaçu,Municipal total,0,0,50,-43.594194,-22.7618209993262
WRK_0879,3303500,Nova Iguaçu,Municipal total,0,0,9,-43.591545,-22.6163859993295
WRK_0880,3303500,Nova Iguaçu,Municipal total,0,0,5,-43.591568,-22.6122989993296
WRK_0881,3303500,Nova Iguaçu,Municipal total,0,0,7,-43.5867,-22.8176389993249
WRK_0882,3303500,Nova Iguaçu,Municipal total,0,0,357,-43.58601,-22.8056469993252
WRK_0883,3303500,Nova Iguaçu,Municipal total,0,0,1346,-43.580757,-22.7968969993254
WRK_0884,3303500,Nova Iguaçu,Municipal total,0,0,159,-43.576558,-22.7830799993257
WRK_0885,3303500,Nova Iguaçu,Municipal total,0,0,5,-43.578258,-22.7752869993259
WRK_0886,3303500,Nova Iguaçu,Municipal total,0,0,114,-43.574751,-22.7562229993263
WRK_0887,3303500,Nova Iguaçu,Municipal total,0,0,36,-43.584699,-22.6094509993297
WRK_0888,3303500,Nova Iguaçu,Municipal total,0,0,4,-43.560935,-22.8239079993247
WRK_0889,3303500,Nova Iguaçu,Municipal total,0,0,56,-43.563193,-22.8077879993251
WRK_0890,3303500,Nova Iguaçu,Municipal total,0,0,502,-43.56615,-22.7978019993253
WRK_0891,3303500,Nova Iguaçu,Municipal total,0,0,366,-43.569564,-22.7837689993257
WRK_0892,3303500,Nova Iguaçu,Municipal total,0,0,275,-43.561209,-22.7649179993261
WRK_0893,3303500,Nova Iguaçu,Municipal total,0,0,93,-43.565205,-22.7610099993262
WRK_0894,3303500,Nova Iguaçu,Municipal total,0,0,1,-43.561324,-22.6347769993291
WRK_0895,3303500,Nova Iguaçu,Municipal total,0,0,19,-43.569081,-22.6149829993296
WRK_0896,3303500,Nova Iguaçu,Municipal total,0,0,70,-43.567287,-22.6034689993298
WRK_0897,3303500,Nova Iguaçu,Municipal total,0,0,134,-43.560502,-22.5945449993301
WRK_0898,3303500,Nova Iguaçu,Municipal total,0,0,411,-43.551985,-22.7931539993255
WRK_0899,3303500,Nova Iguaçu,Municipal total,0,0,2512,-43.548105,-22.7836179993257
WRK_0900,3303500,Nova Iguaçu,Municipal total,0,0,986,-43.551924,-22.770043999326
WRK_0901,3303500,Nova Iguaçu,Municipal total,0,0,76,-43.554006,-22.7608939993262
WRK_0902,3303500,Nova Iguaçu,Municipal total,0,0,11,-43.551566,-22.6720049993283
WRK_0903,3303500,Nova Iguaçu,Municipal total,0,0,5,-43.548282,-22.6328969993292
WRK_0904,3303500,Nova Iguaçu,Municipal total,0,0,12,-43.539927,-22.7906369993255
WRK_0905,3303500,Nova Iguaçu,Municipal total,0,0,1407,-43.540379,-22.7821549993257
WRK_0906,3303500,Nova Iguaçu,Municipal total,0,0,1872,-43.533924,-22.770532999326
WRK_0907,3303500,Nova Iguaçu,Municipal total,0,0,276,-43.531093,-22.7526029993264
WRK_0908,3303500,Nova Iguaçu,Municipal total,0,0,79,-43.532525,-22.7381269993267
WRK_0909,3303500,Nova Iguaçu,Municipal total,0,0,520,-43.536387,-22.7296749993269
WRK_0910,3303500,Nova Iguaçu,Municipal total,0,0,1400,-43.533189,-22.7140299993273
WRK_0911,3303500,Nova Iguaçu,Municipal total,0,0,361,-43.5328,-22.7054319993275
WRK_0912,3303500,Nova Iguaçu,Municipal total,0,0,19,-43.537105,-22.6857879993279
WRK_0913,3303500,Nova Iguaçu,Municipal total,0,0,4,-43.534665,-22.6792589993281
WRK_0914,3303500,Nova Iguaçu,Municipal total,0,0,17,-43.532459,-22.6543459993287
WRK_0915,3303500,Nova Iguaçu,Municipal total,0,0,0,-43.532323,-22.6507169993288
WRK_0916,3303500,Nova Iguaçu,Municipal total,0,0,41,-43.527193,-22.7775949993258
WRK_0917,3303500,Nova Iguaçu,Municipal total,0,0,3192,-43.522064,-22.768908999326
WRK_0918,3303500,Nova Iguaçu,Municipal total,0,0,1703,-43.51923,-22.7557719993263
WRK_0919,3303500,Nova Iguaçu,Municipal total,0,0,1180,-43.520011,-22.7436849993266
WRK_0920,3303500,Nova Iguaçu,Municipal total,0,0,2621,-43.522261,-22.728264999327
WRK_0921,3303500,Nova Iguaçu,Municipal total,0,0,3073,-43.523697,-22.7149719993273
WRK_0922,3303500,Nova Iguaçu,Municipal total,0,0,1419,-43.521513,-22.7028579993276
WRK_0923,3303500,Nova Iguaçu,Municipal total,0,0,16,-43.520776,-22.6941769993278
WRK_0924,3303500,Nova Iguaçu,Municipal total,0,0,45,-43.524381,-22.6696569993283
WRK_0925,3303500,Nova Iguaçu,Municipal total,0,0,58,-43.526739,-22.6599719993285
WRK_0926,3303500,Nova Iguaçu,Municipal total,0,0,16,-43.528575,-22.6513649993287
WRK_0927,3303500,Nova Iguaçu,Municipal total,0,0,1,-43.523089,-22.6367519993291
WRK_0928,3303500,Nova Iguaçu,Municipal total,0,0,2616,-43.50749,-22.7669279993261
WRK_0929,3303500,Nova Iguaçu,Municipal total,0,0,1921,-43.506282,-22.7558539993263
WRK_0930,3303500,Nova Iguaçu,Municipal total,0,0,3774,-43.508596,-22.7433839993266
WRK_0931,3303500,Nova Iguaçu,Municipal total,0,0,1769,-43.505158,-22.7298219993269
WRK_0932,3303500,Nova Iguaçu,Municipal total,0,0,118,-43.511271,-22.7203589993271
WRK_0933,3303500,Nova Iguaçu,Municipal total,0,0,166,-43.512284,-22.6999469993276
WRK_0934,3303500,Nova Iguaçu,Municipal total,0,0,262,-43.510652,-22.6914569993278
WRK_0935,3303500,Nova Iguaçu,Municipal total,0,0,7,-43.503743,-22.6786949993281
WRK_0936,3303500,Nova Iguaçu,Municipal total,0,0,0,-43.503476,-22.6552499993286
WRK_0937,3303500,Nova Iguaçu,Municipal total,0,0,7,-43.507081,-22.6489359993288
WRK_0938,3303500,Nova Iguaçu,Municipal total,0,0,412,-43.490568,-22.7647819993261
WRK_0939,3303500,Nova Iguaçu,Municipal total,0,0,2936,-43.491942,-22.7550509993263
WRK_0940,3303500,Nova Iguaçu,Municipal total,0,0,4234,-43.491386,-22.7433329993266
WRK_0941,3303500,Nova Iguaçu,Municipal total,0,0,247,-43.495101,-22.7314149993269
WRK_0942,3303500,Nova Iguaçu,Municipal total,0,0,66,-43.489977,-22.7156999993272
WRK_0943,3303500,Nova Iguaçu,Municipal total,0,0,36,-43.494835,-22.6991199993276
WRK_0944,3303500,Nova Iguaçu,Municipal total,0,0,39,-43.493622,-22.6872419993279
WRK_0945,3303500,Nova Iguaçu,Municipal total,0,0,5,-43.493168,-22.6759649993282
WRK_0946,3303500,Nova Iguaçu,Municipal total,0,0,230,-43.488747,-22.6588719993286
WRK_0947,3303500,Nova Iguaçu,Municipal total,0,0,8,-43.495822,-22.6538319993287
WRK_0948,3303500,Nova Iguaçu,Municipal total,0,0,149,-43.481089,-22.7627319993262
WRK_0949,3303500,Nova Iguaçu,Municipal total,0,0,5960,-43.478561,-22.7573499993263
WRK_0950,3303500,Nova Iguaçu,Municipal total,0,0,4830,-43.479168,-22.7420959993266
WRK_0951,3303500,Nova Iguaçu,Municipal total,0,0,2880,-43.476656,-22.7304599993269
WRK_0952,3303500,Nova Iguaçu,Municipal total,0,0,226,-43.481931,-22.7140989993273
WRK_0953,3303500,Nova Iguaçu,Municipal total,0,0,1344,-43.475015,-22.7018359993276
WRK_0954,3303500,Nova Iguaçu,Municipal total,0,0,774,-43.476491,-22.6906929993278
WRK_0955,3303500,Nova Iguaçu,Municipal total,0,0,2,-43.47246,-22.6699379993283
WRK_0956,3303500,Nova Iguaçu,Municipal total,0,0,459,-43.485931,-22.6579659993286
WRK_0957,3303500,Nova Iguaçu,Municipal total,0,0,5,-43.472473,-22.6529239993287
WRK_0958,3303500,Nova Iguaçu,Municipal total,0,0,88,-43.458468,-22.7630799993262
WRK_0959,3303500,Nova Iguaçu,Municipal total,0,0,12826,-43.462225,-22.7582979993263
WRK_0960,3303500,Nova Iguaçu,Municipal total,0,0,8879,-43.46194,-22.7395979993267
WRK_0961,3303500,Nova Iguaçu,Municipal total,0,0,4695,-43.463807,-22.7297469993269
WRK_0962,3303500,Nova Iguaçu,Municipal total,0,0,2246,-43.46211,-22.7143329993273
WRK_0963,3303500,Nova Iguaçu,Municipal total,0,0,2297,-43.466739,-22.6987599993276
WRK_0964,3303500,Nova Iguaçu,Municipal total,0,0,3262,-43.464755,-22.6890169993279
WRK_0965,3303500,Nova Iguaçu,Municipal total,0,0,128,-43.463191,-22.6777859993281
WRK_0966,3303500,Nova Iguaçu,Municipal total,0,0,139,-43.465306,-22.6578069993286
WRK_0967,3303500,Nova Iguaçu,Municipal total,0,0,10,-43.470186,-22.6532599993287
WRK_0968,3303500,Nova Iguaçu,Municipal total,0,0,0,-43.448166,-22.7765399993259
WRK_0969,3303500,Nova Iguaçu,Municipal total,0,0,7098,-43.446753,-22.7628179993262
WRK_0970,3303500,Nova Iguaçu,Municipal total,0,0,30764,-43.450612,-22.7574219993263
WRK_0971,3303500,Nova Iguaçu,Municipal total,0,0,4867,-43.450468,-22.7417649993266
WRK_0972,3303500,Nova Iguaçu,Municipal total,0,0,4146,-43.449837,-22.7292749993269
WRK_0973,3303500,Nova Iguaçu,Municipal total,0,0,1886,-43.449879,-22.7152779993273
WRK_0974,3303500,Nova Iguaçu,Municipal total,0,0,722,-43.449103,-22.7034889993275
WRK_0975,3303500,Nova Iguaçu,Municipal total,0,0,1287,-43.447749,-22.683222999328
WRK_0976,3303500,Nova Iguaçu,Municipal total,0,0,1725,-43.449113,-22.6754139993282
WRK_0977,3303500,Nova Iguaçu,Municipal total,0,0,17,-43.451296,-22.6665679993284
WRK_0978,3303500,Nova Iguaçu,Municipal total,0,0,23,-43.45156,-22.6428579993289
WRK_0979,3303500,Nova Iguaçu,Municipal total,0,0,0,-43.453322,-22.6371719993291
WRK_0980,3303500,Nova Iguaçu,Municipal total,0,0,3057,-43.434813,-22.7656439993261
WRK_0981,3303500,Nova Iguaçu,Municipal total,0,0,10770,-43.435251,-22.7542559993264
WRK_0982,3303500,Nova Iguaçu,Municipal total,0,0,5599,-43.435625,-22.7421219993266
WRK_0983,3303500,Nova Iguaçu,Municipal total,0,0,1367,-43.435288,-22.727994999327
WRK_0984,3303500,Nova Iguaçu,Municipal total,0,0,2318,-43.433502,-22.7141529993273
WRK_0985,3303500,Nova Iguaçu,Municipal total,0,0,2228,-43.434485,-22.7023929993276
WRK_0986,3303500,Nova Iguaçu,Municipal total,0,0,794,-43.439704,-22.6860649993279
WRK_0987,3303500,Nova Iguaçu,Municipal total,0,0,266,-43.437909,-22.6777169993281
WRK_0988,3303500,Nova Iguaçu,Municipal total,0,0,3,-43.43533,-22.6667739993284
WRK_0989,3303500,Nova Iguaçu,Municipal total,0,0,0,-43.429572,-22.641271999329
WRK_0990,3303500,Nova Iguaçu,Municipal total,0,0,1,-43.432348,-22.6362129993291
WRK_0991,3303500,Nova Iguaçu,Municipal total,0,0,8,-43.428846,-22.6077149993298
WRK_0992,3303500,Nova Iguaçu,Municipal total,0,0,11,-43.431651,-22.5914229993301
WRK_0993,3303500,Nova Iguaçu,Municipal total,0,0,1177,-43.420907,-22.7647589993261
WRK_0994,3303500,Nova Iguaçu,Municipal total,0,0,4426,-43.422153,-22.7567899993263
WRK_0995,3303500,Nova Iguaçu,Municipal total,0,0,149,-43.425568,-22.7458489993266
WRK_0996,3303500,Nova Iguaçu,Municipal total,0,0,8,-43.427219,-22.7156919993273
WRK_0997,3303500,Nova Iguaçu,Municipal total,0,0,1153,-43.42311,-22.6979759993277
WRK_0998,3303500,Nova Iguaçu,Municipal total,0,0,811,-43.419704,-22.6902209993278
WRK_0999,3303500,Nova Iguaçu,Municipal total,0,0,98,-43.419548,-22.6742769993282
WRK_1000,3303500,Nova Iguaçu,Municipal total,0,0,160,-43.418508,-22.6588379993286
WRK_1001,3303500,Nova Iguaçu,Municipal total,0,0,29,-43.414899,-22.6449649993289
WRK_1002,3303500,Nova Iguaçu,Municipal total,0,0,78,-43.416342,-22.637758999329
WRK_1003,3303500,Nova Iguaçu,Municipal total,0,0,11,-43.414775,-22.6227729993294
WRK_1004,3303500,Nova Iguaçu,Municipal total,0,0,27,-43.419327,-22.6057239993298
WRK_1005,3303500,Nova Iguaçu,Municipal total,0,0,524,-43.417949,-22.5922229993301
WRK_1006,3303500,Nova Iguaçu,Municipal total,0,0,33,-43.41181,-22.6974449993277
WRK_1007,3303500,Nova Iguaçu,Municipal total,0,0,192,-43.411418,-22.6854479993279
WRK_1008,3303500,Nova Iguaçu,Municipal total,0,0,17,-43.409572,-22.6736149993282
WRK_1009,3303500,Nova Iguaçu,Municipal total,0,0,31,-43.412271,-22.6569439993286
WRK_1010,3303500,Nova Iguaçu,Municipal total,0,0,525,-43.405702,-22.6452609993289
WRK_1011,3303500,Nova Iguaçu,Municipal total,0,0,80,-43.403395,-22.6368449993291
WRK_1012,3303500,Nova Iguaçu,Municipal total,0,0,132,-43.409237,-22.6223629993294
WRK_1013,3303500,Nova Iguaçu,Municipal total,0,0,57,-43.413114,-22.6079149993297
WRK_1014,3303500,Nova Iguaçu,Municipal total,0,0,68,-43.409592,-22.5892579993302
WRK_1015,3303500,Nova Iguaçu,Municipal total,0,0,55,-43.401002,-22.5816519993304
WRK_1016,3303500,Nova Iguaçu,Municipal total,0,0,7,-43.398085,-22.6748999993282
WRK_1017,3303500,Nova Iguaçu,Municipal total,0,0,84,-43.39832,-22.6429529993289
WRK_1018,3303500,Nova Iguaçu,Municipal total,0,0,73,-43.394015,-22.6307869993292
WRK_1019,3303500,Nova Iguaçu,Municipal total,0,0,113,-43.39471,-22.6214769993294
WRK_1020,3303500,Nova Iguaçu,Municipal total,0,0,0,-43.39787,-22.5777929993305
WRK_1021,3303500,Nova Iguaçu,Municipal total,0,0,14,-43.383862,-22.6268179993293
WRK_1022,3303500,Nova Iguaçu,Municipal total,0,0,9,-43.383722,-22.6225439993294
WRK_1023,3303609,Paracambi,Municipal total,0,0,28,-43.830566,-22.6521129993287
WRK_1024,3303609,Paracambi,Municipal total,0,0,275,-43.80869,-22.6873159993279
WRK_1025,3303609,Paracambi,Municipal total,0,0,76,-43.811052,-22.6774479993281
WRK_1026,3303609,Paracambi,Municipal total,0,0,87,-43.815957,-22.6660209993284
WRK_1027,3303609,Paracambi,Municipal total,0,0,14,-43.818737,-22.6519869993287
WRK_1028,3303609,Paracambi,Municipal total,0,0,5,-43.810172,-22.641227999329
WRK_1029,3303609,Paracambi,Municipal total,0,0,59,-43.800452,-22.6895109993279
WRK_1030,3303609,Paracambi,Municipal total,0,0,41,-43.797712,-22.6782249993281
WRK_1031,3303609,Paracambi,Municipal total,0,0,16,-43.802481,-22.6577869993286
WRK_1032,3303609,Paracambi,Municipal total,0,0,80,-43.795833,-22.6508059993287
WRK_1033,3303609,Paracambi,Municipal total,0,0,80,-43.789695,-22.6898859993278
WRK_1034,3303609,Paracambi,Municipal total,0,0,44,-43.789333,-22.6731259993282
WRK_1035,3303609,Paracambi,Municipal total,0,0,20,-43.783065,-22.6569079993286
WRK_1036,3303609,Paracambi,Municipal total,0,0,25,-43.787494,-22.6484769993288
WRK_1037,3303609,Paracambi,Municipal total,0,0,5,-43.784929,-22.6316869993292
WRK_1038,3303609,Paracambi,Municipal total,0,0,9,-43.789954,-22.6283979993293
WRK_1039,3303609,Paracambi,Municipal total,0,0,35,-43.769258,-22.6759779993282
WRK_1040,3303609,Paracambi,Municipal total,0,0,117,-43.770434,-22.6658689993284
WRK_1041,3303609,Paracambi,Municipal total,0,0,27,-43.770741,-22.6512309993287
WRK_1042,3303609,Paracambi,Municipal total,0,0,61,-43.767889,-22.6302939993292
WRK_1043,3303609,Paracambi,Municipal total,0,0,50,-43.76753,-22.6282709993293
WRK_1044,3303609,Paracambi,Municipal total,0,0,36,-43.753157,-22.6979419993277
WRK_1045,3303609,Paracambi,Municipal total,0,0,272,-43.749751,-22.685326999328
WRK_1046,3303609,Paracambi,Municipal total,0,0,0,-43.752565,-22.6711849993283
WRK_1047,3303609,Paracambi,Municipal total,0,0,36,-43.759282,-22.6619029993285
WRK_1048,3303609,Paracambi,Municipal total,0,0,178,-43.750333,-22.6537819993287
WRK_1049,3303609,Paracambi,Municipal total,0,0,48,-43.75644,-22.6316389993292
WRK_1050,3303609,Paracambi,Municipal total,0,0,36,-43.759693,-22.6166349993295
WRK_1051,3303609,Paracambi,Municipal total,0,0,38,-43.756213,-22.6096059993297
WRK_1052,3303609,Paracambi,Municipal total,0,0,9,-43.751966,-22.6005119993299
WRK_1053,3303609,Paracambi,Municipal total,0,0,14,-43.751497,-22.5871099993302
WRK_1054,3303609,Paracambi,Municipal total,0,0,38,-43.746731,-22.683509999328
WRK_1055,3303609,Paracambi,Municipal total,0,0,337,-43.739787,-22.6767999993281
WRK_1056,3303609,Paracambi,Municipal total,0,0,22,-43.73841,-22.6638119993284
WRK_1057,3303609,Paracambi,Municipal total,0,0,14,-43.744698,-22.6497039993288
WRK_1058,3303609,Paracambi,Municipal total,0,0,10,-43.740745,-22.6362829993291
WRK_1059,3303609,Paracambi,Municipal total,0,0,25,-43.740562,-22.6262909993293
WRK_1060,3303609,Paracambi,Municipal total,0,0,14,-43.743608,-22.6084669993297
WRK_1061,3303609,Paracambi,Municipal total,0,0,82,-43.740662,-22.5937609993301
WRK_1062,3303609,Paracambi,Municipal total,0,0,30,-43.732983,-22.6695669993283
WRK_1063,3303609,Paracambi,Municipal total,0,0,1,-43.73052775000001,-22.6522129
WRK_1064,3303609,Paracambi,Municipal total,0,0,55,-43.72347,-22.638563999329
WRK_1065,3303609,Paracambi,Municipal total,0,0,342,-43.726531,-22.6195269993295
WRK_1066,3303609,Paracambi,Municipal total,0,0,9,-43.733726,-22.6115239993297
WRK_1067,3303609,Paracambi,Municipal total,0,0,31,-43.733419,-22.5888699993302
WRK_1068,3303609,Paracambi,Municipal total,0,0,46,-43.728388,-22.5851339993303
WRK_1069,3303609,Paracambi,Municipal total,0,0,11,-43.72,-22.6439369993289
WRK_1070,3303609,Paracambi,Municipal total,0,0,1616,-43.711773,-22.6339549993291
WRK_1071,3303609,Paracambi,Municipal total,0,0,1270,-43.710158,-22.6224039993294
WRK_1072,3303609,Paracambi,Municipal total,0,0,5643,-43.710628,-22.6099519993297
WRK_1073,3303609,Paracambi,Municipal total,0,0,176,-43.713684,-22.59751799933
WRK_1074,3303609,Paracambi,Municipal total,0,0,28,-43.720127,-22.5765549993305
WRK_1075,3303609,Paracambi,Municipal total,0,0,13,-43.69319,-22.6428829993289
WRK_1076,3303609,Paracambi,Municipal total,0,0,1196,-43.699511,-22.6314589993292
WRK_1077,3303609,Paracambi,Municipal total,0,0,1784,-43.702484,-22.6252169993293
WRK_1078,3303609,Paracambi,Municipal total,0,0,255,-43.702339,-22.6041599993298
WRK_1079,3303609,Paracambi,Municipal total,0,0,1392,-43.705167,-22.6002739993299
WRK_1080,3303609,Paracambi,Municipal total,0,0,39,-43.691737,-22.5759979993305
WRK_1081,3303609,Paracambi,Municipal total,0,0,30,-43.689704,-22.6426549993289
WRK_1082,3303609,Paracambi,Municipal total,0,0,236,-43.687912,-22.6374119993291
WRK_1083,3303609,Paracambi,Municipal total,0,0,137,-43.685327,-22.6169389993295
WRK_1084,3303609,Paracambi,Municipal total,0,0,82,-43.680918,-22.6116079993296
WRK_1085,3303609,Paracambi,Municipal total,0,0,231,-43.687224,-22.59631099933
WRK_1086,3303609,Paracambi,Municipal total,0,0,105,-43.690786,-22.5843419993303
WRK_1087,3303609,Paracambi,Municipal total,0,0,5,-43.676245,-22.6367889993291
WRK_1088,3303609,Paracambi,Municipal total,0,0,10,-43.67661,-22.6178769993295
WRK_1089,3303609,Paracambi,Municipal total,0,0,176,-43.671102,-22.6073649993298
WRK_1090,3303609,Paracambi,Municipal total,0,0,14,-43.663163,-22.6004829993299
WRK_1091,3303609,Paracambi,Municipal total,0,0,5,-43.664805,-22.5864149993302
WRK_1092,3303609,Paracambi,Municipal total,0,0,5,-43.658654,-22.6177259993295
WRK_1093,3303609,Paracambi,Municipal total,0,0,33,-43.653173,-22.59562399933
WRK_1094,3303609,Paracambi,Municipal total,0,0,5,-43.658261,-22.5810559993304
WRK_1095,3303609,Paracambi,Municipal total,0,0,5,-43.646557,-22.59601999933
WRK_1096,3303609,Paracambi,Municipal total,0,0,5,-43.61198,-22.5816599993303
WRK_1097,3303609,Paracambi,Municipal total,0,0,5,-43.602955,-22.5732519993306
WRK_1098,3303906,Petrópolis,Municipal total,0,0,29,-43.251856,-22.5705249993306
WRK_1099,3303906,Petrópolis,Municipal total,0,0,11,-43.251526,-22.5700029993306
WRK_1100,3304003,Piraí,Municipal total,0,0,5,-43.898677,-22.6888769993279
WRK_1101,3304003,Piraí,Municipal total,0,0,0,-43.895912,-22.683576999328
WRK_1102,3304003,Piraí,Municipal total,0,0,10,-43.89775,-22.6689019993283
WRK_1103,3304003,Piraí,Municipal total,0,0,5,-43.896043,-22.6457309993289
WRK_1104,3304003,Piraí,Municipal total,0,0,23,-43.899772,-22.6310549993292
WRK_1105,3304003,Piraí,Municipal total,0,0,2625,-43.897775,-22.6284429993293
WRK_1106,3304003,Piraí,Municipal total,0,0,2,-43.897628,-22.6073819993298
WRK_1107,3304003,Piraí,Municipal total,0,0,5,-43.897428,-22.5990559993299
WRK_1108,3304003,Piraí,Municipal total,0,0,5,-43.887007,-22.7927869993255
WRK_1109,3304003,Piraí,Municipal total,0,0,19,-43.889187,-22.7901199993255
WRK_1110,3304003,Piraí,Municipal total,0,0,10,-43.88674,-22.7785099993258
WRK_1111,3304003,Piraí,Municipal total,0,0,28,-43.881526,-22.684419999328
WRK_1112,3304003,Piraí,Municipal total,0,0,5,-43.893238,-22.6751679993282
WRK_1113,3304003,Piraí,Municipal total,0,0,5,-43.893772,-22.6502559993288
WRK_1114,3304003,Piraí,Municipal total,0,0,35,-43.891143,-22.6320949993292
WRK_1115,3304003,Piraí,Municipal total,0,0,891,-43.890074,-22.6245029993294
WRK_1116,3304003,Piraí,Municipal total,0,0,31,-43.883501,-22.5998959993299
WRK_1117,3304003,Piraí,Municipal total,0,0,18,-43.88964,-22.5856889993302
WRK_1118,3304003,Piraí,Municipal total,0,0,27,-43.870152,-22.7852619993257
WRK_1119,3304003,Piraí,Municipal total,0,0,15,-43.87675,-22.7760349993259
WRK_1120,3304003,Piraí,Municipal total,0,0,5,-43.870592,-22.7360699993268
WRK_1121,3304003,Piraí,Municipal total,0,0,163,-43.872384,-22.6900739993278
WRK_1122,3304003,Piraí,Municipal total,0,0,272,-43.877082,-22.6793439993281
WRK_1123,3304003,Piraí,Municipal total,0,0,13,-43.870747,-22.6642019993284
WRK_1124,3304003,Piraí,Municipal total,0,0,9,-43.869509,-22.6359349993291
WRK_1125,3304003,Piraí,Municipal total,0,0,2,-43.880918,-22.6185069993295
WRK_1126,3304003,Piraí,Municipal total,0,0,148,-43.871859,-22.6059659993298
WRK_1127,3304003,Piraí,Municipal total,0,0,12,-43.877287,-22.5994099993299
WRK_1128,3304003,Piraí,Municipal total,0,0,40,-43.856138,-22.7900399993255
WRK_1129,3304003,Piraí,Municipal total,0,0,19,-43.859147,-22.7770719993258
WRK_1130,3304003,Piraí,Municipal total,0,0,33,-43.857112,-22.7463999993265
WRK_1131,3304003,Piraí,Municipal total,0,0,30,-43.856652,-22.727024999327
WRK_1132,3304003,Piraí,Municipal total,0,0,26,-43.853495,-22.7232709993271
WRK_1133,3304003,Piraí,Municipal total,0,0,10,-43.857345,-22.7108749993274
WRK_1134,3304003,Piraí,Municipal total,0,0,515,-43.86412,-22.6914429993278
WRK_1135,3304003,Piraí,Municipal total,0,0,22,-43.855954,-22.6735459993282
WRK_1136,3304003,Piraí,Municipal total,0,0,14,-43.85302,-22.6677339993284
WRK_1137,3304003,Piraí,Municipal total,0,0,10,-43.860877,-22.6455619993289
WRK_1138,3304003,Piraí,Municipal total,0,0,3,-43.859624,-22.6028389993299
WRK_1139,3304003,Piraí,Municipal total,0,0,192,-43.857714,-22.5999339993299
WRK_1140,3304003,Piraí,Municipal total,0,0,6,-43.852749,-22.5835089993303
WRK_1141,3304003,Piraí,Municipal total,0,0,136,-43.844123,-22.7846549993256
WRK_1142,3304003,Piraí,Municipal total,0,0,39,-43.84494,-22.7725379993259
WRK_1143,3304003,Piraí,Municipal total,0,0,29,-43.8477,-22.7599079993262
WRK_1144,3304003,Piraí,Municipal total,0,0,5,-43.84916,-22.726982999327
WRK_1145,3304003,Piraí,Municipal total,0,0,423,-43.848563,-22.7180419993272
WRK_1146,3304003,Piraí,Municipal total,0,0,8,-43.838403,-22.7095099993274
WRK_1147,3304003,Piraí,Municipal total,0,0,0,-43.83828,-22.6793569993281
WRK_1148,3304003,Piraí,Municipal total,0,0,660,-43.843202,-22.6666309993284
WRK_1149,3304003,Piraí,Municipal total,0,0,5,-43.842173,-22.6531119993287
WRK_1150,3304003,Piraí,Municipal total,0,0,15,-43.843593,-22.6228169993294
WRK_1151,3304003,Piraí,Municipal total,0,0,5,-43.850368,-22.6046399993298
WRK_1152,3304003,Piraí,Municipal total,0,0,19,-43.849685,-22.59858799933
WRK_1153,3304003,Piraí,Municipal total,0,0,61,-43.842958,-22.5790809993304
WRK_1154,3304003,Piraí,Municipal total,0,0,23,-43.830318,-22.7799309993258
WRK_1155,3304003,Piraí,Municipal total,0,0,11,-43.831304,-22.7775389993258
WRK_1156,3304003,Piraí,Municipal total,0,0,14,-43.828141,-22.7039479993275
WRK_1157,3304003,Piraí,Municipal total,0,0,108,-43.824133,-22.685942999328
WRK_1158,3304003,Piraí,Municipal total,0,0,20,-43.83038,-22.6737279993282
WRK_1159,3304003,Piraí,Municipal total,0,0,0,-43.824943,-22.6615779993285
WRK_1160,3304003,Piraí,Municipal total,0,0,2,-43.836261,-22.6563959993286
WRK_1161,3304003,Piraí,Municipal total,0,0,5,-43.82973,-22.640396999329
WRK_1162,3304003,Piraí,Municipal total,0,0,10,-43.832868,-22.6150749993296
WRK_1163,3304003,Piraí,Municipal total,0,0,9,-43.82983,-22.59792699933
WRK_1164,3304003,Piraí,Municipal total,0,0,76,-43.836776,-22.5781759993304
WRK_1165,3304003,Piraí,Municipal total,0,0,16,-43.830071,-22.5721169993306
WRK_1166,3304003,Piraí,Municipal total,0,0,13,-43.80892,-22.7070259993274
WRK_1167,3304003,Piraí,Municipal total,0,0,15,-43.817537,-22.6766629993282
WRK_1168,3304003,Piraí,Municipal total,0,0,2,-43.817903,-22.6666199993284
WRK_1169,3304003,Piraí,Municipal total,0,0,5,-43.814937,-22.6299249993292
WRK_1170,3304003,Piraí,Municipal total,0,0,7,-43.821228,-22.6049929993298
WRK_1171,3304003,Piraí,Municipal total,0,0,1,-43.807033,-22.59504999933
WRK_1172,3304003,Piraí,Municipal total,0,0,132,-43.791173,-22.5924219993301
WRK_1173,3304003,Piraí,Municipal total,0,0,39,-43.7905,-22.5838069993303
WRK_1174,3304003,Piraí,Municipal total,0,0,5,-43.777938,-22.5871149993302
WRK_1175,3304144,Queimados,Municipal total,0,0,37,-43.633988,-22.724668999327
WRK_1176,3304144,Queimados,Municipal total,0,0,109,-43.633665,-22.7220959993271
WRK_1177,3304144,Queimados,Municipal total,0,0,70,-43.622245,-22.7510109993264
WRK_1178,3304144,Queimados,Municipal total,0,0,1197,-43.622331,-22.7424939993266
WRK_1179,3304144,Queimados,Municipal total,0,0,76,-43.619581,-22.7362929993268
WRK_1180,3304144,Queimados,Municipal total,0,0,2,-43.631831,-22.7228009993271
WRK_1181,3304144,Queimados,Municipal total,0,0,48,-43.615397,-22.7549119993263
WRK_1182,3304144,Queimados,Municipal total,0,0,1022,-43.612984,-22.7464219993265
WRK_1183,3304144,Queimados,Municipal total,0,0,1301,-43.616629,-22.7362489993268
WRK_1184,3304144,Queimados,Municipal total,0,0,5,-43.607007,-22.7216449993271
WRK_1185,3304144,Queimados,Municipal total,0,0,5,-43.607597,-22.7041529993275
WRK_1186,3304144,Queimados,Municipal total,0,0,0,-43.603946,-22.6930329993278
WRK_1187,3304144,Queimados,Municipal total,0,0,4,-43.593305,-22.7534839993264
WRK_1188,3304144,Queimados,Municipal total,0,0,12,-43.592691,-22.7450859993266
WRK_1189,3304144,Queimados,Municipal total,0,0,229,-43.594073,-22.727723999327
WRK_1190,3304144,Queimados,Municipal total,0,0,133,-43.591383,-22.7143149993273
WRK_1191,3304144,Queimados,Municipal total,0,0,112,-43.592522,-22.7027149993276
WRK_1192,3304144,Queimados,Municipal total,0,0,293,-43.595045,-22.6916329993278
WRK_1193,3304144,Queimados,Municipal total,0,0,168,-43.574834,-22.7521329993264
WRK_1194,3304144,Queimados,Municipal total,0,0,179,-43.580908,-22.7403269993267
WRK_1195,3304144,Queimados,Municipal total,0,0,957,-43.580182,-22.725804999327
WRK_1196,3304144,Queimados,Municipal total,0,0,2938,-43.58147,-22.7169989993272
WRK_1197,3304144,Queimados,Municipal total,0,0,626,-43.578981,-22.7048739993275
WRK_1198,3304144,Queimados,Municipal total,0,0,61,-43.578836,-22.6922419993278
WRK_1199,3304144,Queimados,Municipal total,0,0,107,-43.572595,-22.7515039993264
WRK_1200,3304144,Queimados,Municipal total,0,0,249,-43.565309,-22.7402359993267
WRK_1201,3304144,Queimados,Municipal total,0,0,2102,-43.565994,-22.727821999327
WRK_1202,3304144,Queimados,Municipal total,0,0,4472,-43.566185,-22.7155979993272
WRK_1203,3304144,Queimados,Municipal total,0,0,4730,-43.564814,-22.7059809993275
WRK_1204,3304144,Queimados,Municipal total,0,0,588,-43.563781,-22.6919839993278
WRK_1205,3304144,Queimados,Municipal total,0,0,909,-43.556214,-22.7388089993267
WRK_1206,3304144,Queimados,Municipal total,0,0,1454,-43.557033,-22.728198999327
WRK_1207,3304144,Queimados,Municipal total,0,0,8024,-43.554892,-22.7162599993272
WRK_1208,3304144,Queimados,Municipal total,0,0,2241,-43.554299,-22.7021899993276
WRK_1209,3304144,Queimados,Municipal total,0,0,425,-43.554613,-22.6931789993278
WRK_1210,3304144,Queimados,Municipal total,0,0,3,-43.53292,-22.7492239993265
WRK_1211,3304144,Queimados,Municipal total,0,0,531,-43.533309,-22.7401699993267
WRK_1212,3304144,Queimados,Municipal total,0,0,186,-43.541164,-22.7299419993269
WRK_1213,3304144,Queimados,Municipal total,0,0,557,-43.541228,-22.7174449993272
WRK_1214,3304144,Queimados,Municipal total,0,0,274,-43.537173,-22.7034409993275
WRK_1215,3304144,Queimados,Municipal total,0,0,56,-43.542459,-22.6924769993278
WRK_1216,3304144,Queimados,Municipal total,0,0,187,-43.525689,-22.6970009993277
WRK_1217,3304144,Queimados,Municipal total,0,0,95,-43.522533,-22.6941379993277
WRK_1218,3304144,Queimados,Municipal total,0,0,2,-43.515213,-22.6935069993277
WRK_1219,3304409,Rio Claro,Municipal total,0,0,9,-43.897376,-22.8057579993252
WRK_1220,3304409,Rio Claro,Municipal total,0,0,116,-43.890373,-22.7990419993253
WRK_1221,3304557,Rio de Janeiro,Santa Cruz,0,0,23,-43.747725,-22.8799879993235
WRK_1222,3304557,Rio de Janeiro,Santa Cruz,0,0,2653,-43.740074,-22.8888699993233
WRK_1223,3304557,Rio de Janeiro,Santa Cruz,0,0,498,-43.739245,-22.8829209993234
WRK_1224,3304557,Rio de Janeiro,Santa Cruz,0,0,3792,-43.720069,-22.902236999323
WRK_1225,3304557,Rio de Janeiro,Santa Cruz,0,0,2032,-43.723978,-22.8954929993231
WRK_1226,3304557,Rio de Janeiro,Santa Cruz,0,0,21,-43.720846,-22.8840859993234
WRK_1227,3304557,Rio de Janeiro,Sepetiba,0,0,3,-43.702535,-22.9809939993212
WRK_1228,3304557,Rio de Janeiro,Sepetiba,0,0,1586,-43.706117,-22.9712739993214
WRK_1229,3304557,Rio de Janeiro,Sepetiba,0,0,1245,-43.705466,-22.9628569993216
WRK_1230,3304557,Rio de Janeiro,Santa Cruz,0,0,33,-43.704777,-22.9316379993223
WRK_1231,3304557,Rio de Janeiro,Santa Cruz,0,0,108,-43.705015,-22.9241529993224
WRK_1232,3304557,Rio de Janeiro,Santa Cruz,0,0,2005,-43.709119,-22.9038709993229
WRK_1233,3304557,Rio de Janeiro,Santa Cruz,0,0,330,-43.715521,-22.8938709993232
WRK_1234,3304557,Rio de Janeiro,Santa Cruz,0,0,1,-43.71641,-22.8809379993234
WRK_1235,3304557,Rio de Janeiro,Sepetiba,0,0,1301,-43.693251,-22.9831949993211
WRK_1236,3304557,Rio de Janeiro,Sepetiba,0,0,3403,-43.694873,-22.9739469993213
WRK_1237,3304557,Rio de Janeiro,Sepetiba,0,0,2478,-43.692067,-22.9608019993216
WRK_1238,3304557,Rio de Janeiro,Santa Cruz,0,0,433,-43.690869,-22.944214999322
WRK_1239,3304557,Rio de Janeiro,Santa Cruz,0,0,3091,-43.69481,-22.9327939993223
WRK_1240,3304557,Rio de Janeiro,Santa Cruz,0,0,2598,-43.695445,-22.9202269993225
WRK_1241,3304557,Rio de Janeiro,Santa Cruz,0,0,2995,-43.696194,-22.9066199993228
WRK_1242,3304557,Rio de Janeiro,Santa Cruz,0,0,10,-43.695497,-22.8970549993231
WRK_1243,3304557,Rio de Janeiro,Santa Cruz,0,0,31,-43.690205,-22.8853569993233
WRK_1244,3304557,Rio de Janeiro,Sepetiba,0,0,158,-43.685665,-22.9826049993211
WRK_1245,3304557,Rio de Janeiro,Sepetiba,0,0,1247,-43.682377,-22.9753119993213
WRK_1246,3304557,Rio de Janeiro,Santa Cruz,0,0,2024,-43.68344,-22.9576079993217
WRK_1247,3304557,Rio de Janeiro,Santa Cruz,0,0,2389,-43.681331,-22.9469969993219
WRK_1248,3304557,Rio de Janeiro,Santa Cruz,0,0,4567,-43.680822,-22.9327569993222
WRK_1249,3304557,Rio de Janeiro,Santa Cruz,0,0,10996,-43.682811,-22.9183539993226
WRK_1250,3304557,Rio de Janeiro,Santa Cruz,0,0,6032,-43.683637,-22.9120469993227
WRK_1251,3304557,Rio de Janeiro,Santa Cruz,0,0,855,-43.677208,-22.8923579993232
WRK_1252,3304557,Rio de Janeiro,Santa Cruz,0,0,247,-43.676202,-22.8782439993235
WRK_1253,3304557,Rio de Janeiro,Santa Cruz,0,0,17,-43.677463,-22.8710189993237
WRK_1254,3304557,Rio de Janeiro,Guaratiba,0,0,406,-43.662498,-22.9829859993211
WRK_1255,3304557,Rio de Janeiro,Guaratiba,0,0,741,-43.667287,-22.9757709993213
WRK_1256,3304557,Rio de Janeiro,Santa Cruz,0,0,186,-43.666618,-22.9614999993216
WRK_1257,3304557,Rio de Janeiro,Santa Cruz,0,0,1013,-43.667257,-22.943163999322
WRK_1258,3304557,Rio de Janeiro,Santa Cruz,0,0,6029,-43.667582,-22.9327049993223
WRK_1259,3304557,Rio de Janeiro,Santa Cruz,0,0,2016,-43.667173,-22.9192879993225
WRK_1260,3304557,Rio de Janeiro,Santa Cruz,0,0,1602,-43.666617,-22.9078519993228
WRK_1261,3304557,Rio de Janeiro,Santa Cruz,0,0,1017,-43.66945,-22.8880329993233
WRK_1262,3304557,Rio de Janeiro,Paciência,0,0,1466,-43.664609,-22.8815079993234
WRK_1263,3304557,Rio de Janeiro,Santa Cruz,0,0,128,-43.670192,-22.8711129993237
WRK_1264,3304557,Rio de Janeiro,Pedra de Guaratiba,0,0,350,-43.649697,-22.9981969993208
WRK_1265,3304557,Rio de Janeiro,Guaratiba,0,0,1140,-43.650022,-22.985444999321
WRK_1266,3304557,Rio de Janeiro,Guaratiba,0,0,4239,-43.649839,-22.9748589993213
WRK_1267,3304557,Rio de Janeiro,Guaratiba,0,0,1040,-43.650252,-22.9625839993216
WRK_1268,3304557,Rio de Janeiro,Santa Cruz,0,0,1083,-43.648568,-22.9484509993219
WRK_1269,3304557,Rio de Janeiro,Santa Cruz,0,0,2639,-43.653189,-22.9328239993222
WRK_1270,3304557,Rio de Janeiro,Santa Cruz,0,0,3112,-43.652699,-22.9195289993226
WRK_1271,3304557,Rio de Janeiro,Paciência,0,0,1705,-43.655519,-22.9081209993228
WRK_1272,3304557,Rio de Janeiro,Santa Cruz,0,0,92,-43.657598,-22.8877049993233
WRK_1273,3304557,Rio de Janeiro,Paciência,0,0,458,-43.651299,-22.8764749993236
WRK_1274,3304557,Rio de Janeiro,Paciência,0,0,162,-43.649288,-22.8704009993237
WRK_1275,3304557,Rio de Janeiro,Pedra de Guaratiba,0,0,2547,-43.635405,-23.0005709993207
WRK_1276,3304557,Rio de Janeiro,Guaratiba,0,0,599,-43.635431,-22.987914999321
WRK_1277,3304557,Rio de Janeiro,Guaratiba,0,0,1707,-43.638045,-22.9735769993213
WRK_1278,3304557,Rio de Janeiro,Guaratiba,0,0,118,-43.638541,-22.9649129993215
WRK_1279,3304557,Rio de Janeiro,Santa Cruz,0,0,536,-43.64081,-22.9468309993219
WRK_1280,3304557,Rio de Janeiro,Paciência,0,0,3155,-43.635639,-22.9307639993223
WRK_1281,3304557,Rio de Janeiro,Paciência,0,0,5054,-43.636202,-22.9202209993225
WRK_1282,3304557,Rio de Janeiro,Paciência,0,0,38,-43.630522,-22.9114629993227
WRK_1283,3304557,Rio de Janeiro,Paciência,0,0,2465,-43.637435,-22.8894409993232
WRK_1284,3304557,Rio de Janeiro,Paciência,0,0,2188,-43.637521,-22.8786359993235
WRK_1285,3304557,Rio de Janeiro,Paciência,0,0,186,-43.634566,-22.8718109993237
WRK_1286,3304557,Rio de Janeiro,Guaratiba,0,0,1728,-43.621296,-22.9970909993208
WRK_1287,3304557,Rio de Janeiro,Guaratiba,0,0,881,-43.62415,-22.9899659993209
WRK_1288,3304557,Rio de Janeiro,Guaratiba,0,0,6629,-43.626762,-22.9700999993214
WRK_1289,3304557,Rio de Janeiro,Guaratiba,0,0,871,-43.617825,-22.9628489993216
WRK_1290,3304557,Rio de Janeiro,Paciência,0,0,928,-43.62694,-22.9286919993224
WRK_1291,3304557,Rio de Janeiro,Cosmos,0,0,4812,-43.622241,-22.9192049993226
WRK_1292,3304557,Rio de Janeiro,Cosmos,0,0,1693,-43.621312,-22.9085579993228
WRK_1293,3304557,Rio de Janeiro,Paciência,0,0,2383,-43.619594,-22.8866369993233
WRK_1294,3304557,Rio de Janeiro,Campo Grande,0,0,3236,-43.622637,-22.8797349993235
WRK_1295,3304557,Rio de Janeiro,Paciência,0,0,196,-43.627801,-22.8707759993237
WRK_1296,3304557,Rio de Janeiro,Guaratiba,0,0,1307,-43.611985,-22.9959109993208
WRK_1297,3304557,Rio de Janeiro,Guaratiba,0,0,497,-43.608122,-22.9927589993209
WRK_1298,3304557,Rio de Janeiro,Guaratiba,0,0,688,-43.608967,-22.9707949993214
WRK_1299,3304557,Rio de Janeiro,Guaratiba,0,0,4127,-43.607624,-22.9602109993216
WRK_1300,3304557,Rio de Janeiro,Guaratiba,0,0,1508,-43.604484,-22.9493659993219
WRK_1301,3304557,Rio de Janeiro,Inhoaíba,0,0,231,-43.603162,-22.9274669993224
WRK_1302,3304557,Rio de Janeiro,Inhoaíba,0,0,4099,-43.606664,-22.9176209993226
WRK_1303,3304557,Rio de Janeiro,Cosmos,0,0,4557,-43.608681,-22.9069669993229
WRK_1304,3304557,Rio de Janeiro,Cosmos,0,0,3763,-43.607986,-22.8909139993232
WRK_1305,3304557,Rio de Janeiro,Campo Grande,0,0,847,-43.611963,-22.8803189993235
WRK_1306,3304557,Rio de Janeiro,Campo Grande,0,0,212,-43.60229,-22.8626429993238
WRK_1307,3304557,Rio de Janeiro,Guaratiba,0,0,39,-43.592374,-22.9948269993208
WRK_1308,3304557,Rio de Janeiro,Guaratiba,0,0,996,-43.592546,-22.988312999321
WRK_1309,3304557,Rio de Janeiro,Guaratiba,0,0,798,-43.589818,-22.9719799993214
WRK_1310,3304557,Rio de Janeiro,Guaratiba,0,0,273,-43.590091,-22.9628019993216
WRK_1311,3304557,Rio de Janeiro,Guaratiba,0,0,2186,-43.595074,-22.944753999322
WRK_1312,3304557,Rio de Janeiro,Campo Grande,0,0,93,-43.591149,-22.9326989993222
WRK_1313,3304557,Rio de Janeiro,Inhoaíba,0,0,841,-43.598963,-22.9162299993226
WRK_1314,3304557,Rio de Janeiro,Inhoaíba,0,0,4300,-43.593818,-22.9049799993229
WRK_1315,3304557,Rio de Janeiro,Inhoaíba,0,0,4579,-43.593324,-22.8919609993232
WRK_1316,3304557,Rio de Janeiro,Campo Grande,0,0,917,-43.590781,-22.8803739993235
WRK_1317,3304557,Rio de Janeiro,Campo Grande,0,0,47,-43.600672,-22.8654519993238
WRK_1318,3304557,Rio de Janeiro,Guaratiba,0,0,39,-43.577527,-23.0539399993195
WRK_1319,3304557,Rio de Janeiro,Guaratiba,0,0,52,-43.583227,-22.9952829993208
WRK_1320,3304557,Rio de Janeiro,Guaratiba,0,0,427,-43.576978,-22.986166999321
WRK_1321,3304557,Rio de Janeiro,Guaratiba,0,0,356,-43.579166,-22.9720339993213
WRK_1322,3304557,Rio de Janeiro,Guaratiba,0,0,1666,-43.577743,-22.9565569993217
WRK_1323,3304557,Rio de Janeiro,Guaratiba,0,0,1258,-43.578105,-22.943986999322
WRK_1324,3304557,Rio de Janeiro,Campo Grande,0,0,1388,-43.575621,-22.9332159993223
WRK_1325,3304557,Rio de Janeiro,Inhoaíba,0,0,1166,-43.581765,-22.9144209993227
WRK_1326,3304557,Rio de Janeiro,Campo Grande,0,0,3927,-43.577373,-22.9058649993229
WRK_1327,3304557,Rio de Janeiro,Campo Grande,0,0,3509,-43.579893,-22.8912909993232
WRK_1328,3304557,Rio de Janeiro,Campo Grande,0,0,5531,-43.578615,-22.8769759993235
WRK_1329,3304557,Rio de Janeiro,Campo Grande,0,0,667,-43.577329,-22.8638409993238
WRK_1330,3304557,Rio de Janeiro,Campo Grande,0,0,257,-43.572925,-22.854297999324
WRK_1331,3304557,Rio de Janeiro,Barra de Guaratiba,0,0,625,-43.566897,-23.0660929993192
WRK_1332,3304557,Rio de Janeiro,Barra de Guaratiba,0,0,62,-43.559168,-23.0562619993194
WRK_1333,3304557,Rio de Janeiro,Barra de Guaratiba,0,0,160,-43.558477,-23.0395109993198
WRK_1334,3304557,Rio de Janeiro,Barra de Guaratiba,0,0,375,-43.561693,-23.0276069993201
WRK_1335,3304557,Rio de Janeiro,Guaratiba,0,0,24,-43.559139,-22.9936639993209
WRK_1336,3304557,Rio de Janeiro,Guaratiba,0,0,534,-43.562994,-22.987679999321
WRK_1337,3304557,Rio de Janeiro,Guaratiba,0,0,32,-43.569489,-22.9696649993214
WRK_1338,3304557,Rio de Janeiro,Guaratiba,0,0,232,-43.563213,-22.9543599993218
WRK_1339,3304557,Rio de Janeiro,Guaratiba,0,0,1241,-43.563245,-22.9464549993219
WRK_1340,3304557,Rio de Janeiro,Campo Grande,0,0,2521,-43.562798,-22.9322249993223
WRK_1341,3304557,Rio de Janeiro,Campo Grande,0,0,6548,-43.56249,-22.9176059993226
WRK_1342,3304557,Rio de Janeiro,Campo Grande,0,0,21354,-43.561551,-22.9044129993229
WRK_1343,3304557,Rio de Janeiro,Campo Grande,0,0,7557,-43.56206,-22.8910609993232
WRK_1344,3304557,Rio de Janeiro,Campo Grande,0,0,4881,-43.562485,-22.8805409993234
WRK_1345,3304557,Rio de Janeiro,Campo Grande,0,0,1059,-43.561434,-22.8674819993237
WRK_1346,3304557,Rio de Janeiro,Campo Grande,0,0,1132,-43.570262,-22.8514629993241
WRK_1347,3304557,Rio de Janeiro,Campo Grande,0,0,127,-43.567564,-22.8414639993244
WRK_1348,3304557,Rio de Janeiro,Barra de Guaratiba,0,0,84,-43.552841,-23.0504399993196
WRK_1349,3304557,Rio de Janeiro,Guaratiba,0,0,60,-43.555004,-23.0451639993197
WRK_1350,3304557,Rio de Janeiro,Barra de Guaratiba,0,0,249,-43.548677,-23.0242259993202
WRK_1351,3304557,Rio de Janeiro,Guaratiba,0,0,2814,-43.545231,-23.0093439993205
WRK_1352,3304557,Rio de Janeiro,Guaratiba,0,0,664,-43.542846,-22.9998679993207
WRK_1353,3304557,Rio de Janeiro,Guaratiba,0,0,890,-43.5494,-22.9902359993209
WRK_1354,3304557,Rio de Janeiro,Guaratiba,0,0,84,-43.546607,-22.9752359993213
WRK_1355,3304557,Rio de Janeiro,Campo Grande,0,0,30,-43.554692,-22.943306999322
WRK_1356,3304557,Rio de Janeiro,Campo Grande,0,0,4279,-43.555024,-22.9309499993223
WRK_1357,3304557,Rio de Janeiro,Campo Grande,0,0,3818,-43.550772,-22.9184519993226
WRK_1358,3304557,Rio de Janeiro,Campo Grande,0,0,7477,-43.552332,-22.9045949993229
WRK_1359,3304557,Rio de Janeiro,Campo Grande,0,0,2994,-43.549591,-22.8933929993231
WRK_1360,3304557,Rio de Janeiro,Campo Grande,0,0,3338,-43.553215,-22.8801719993235
WRK_1361,3304557,Rio de Janeiro,Campo Grande,0,0,1366,-43.550867,-22.8658019993238
WRK_1362,3304557,Rio de Janeiro,Campo Grande,0,0,1040,-43.545949,-22.8512439993241
WRK_1363,3304557,Rio de Janeiro,Campo Grande,0,0,16,-43.55273,-22.8362159993245
WRK_1364,3304557,Rio de Janeiro,Campo Grande,0,0,1,-43.552384,-22.8295139993246
WRK_1365,3304557,Rio de Janeiro,Grumari,0,0,30,-43.53524,-23.0501839993196
WRK_1366,3304557,Rio de Janeiro,Grumari,0,0,10,-43.5357,-23.0433299993197
WRK_1367,3304557,Rio de Janeiro,Guaratiba,0,0,697,-43.539831,-23.0116059993205
WRK_1368,3304557,Rio de Janeiro,Guaratiba,0,0,376,-43.538946,-23.0027379993206
WRK_1369,3304557,Rio de Janeiro,Guaratiba,0,0,26,-43.536193,-22.989097999321
WRK_1370,3304557,Rio de Janeiro,Guaratiba,0,0,3,-43.540462,-22.9729399993214
WRK_1371,3304557,Rio de Janeiro,Guaratiba,0,0,43,-43.539835,-22.9620799993216
WRK_1372,3304557,Rio de Janeiro,Guaratiba,0,0,1,-43.529478,-22.9483979993219
WRK_1373,3304557,Rio de Janeiro,Campo Grande,0,0,165,-43.535823,-22.9267739993224
WRK_1374,3304557,Rio de Janeiro,Campo Grande,0,0,2560,-43.534136,-22.9173709993226
WRK_1375,3304557,Rio de Janeiro,Senador Vasconcelos,0,0,2992,-43.536144,-22.9043489993229
WRK_1376,3304557,Rio de Janeiro,Senador Vasconcelos,0,0,3283,-43.53261,-22.8927329993232
WRK_1377,3304557,Rio de Janeiro,Campo Grande,0,0,2430,-43.534533,-22.8775539993235
WRK_1378,3304557,Rio de Janeiro,Campo Grande,0,0,4380,-43.536711,-22.8606889993239
WRK_1379,3304557,Rio de Janeiro,Campo Grande,0,0,2508,-43.536466,-22.8533019993241
WRK_1380,3304557,Rio de Janeiro,Campo Grande,0,0,50,-43.531674,-22.8427609993243
WRK_1381,3304557,Rio de Janeiro,Recreio dos Bandeirantes,0,0,302,-43.520584,-23.0259489993201
WRK_1382,3304557,Rio de Janeiro,Recreio dos Bandeirantes,0,0,3125,-43.516915,-23.0166729993203
WRK_1383,3304557,Rio de Janeiro,Vargem Grande,0,0,4,-43.512483,-23.0022679993207
WRK_1384,3304557,Rio de Janeiro,Vargem Grande,0,0,0,-43.512989,-22.9790689993212
WRK_1385,3304557,Rio de Janeiro,Campo Grande,0,0,25,-43.520656,-22.9397469993221
WRK_1386,3304557,Rio de Janeiro,Campo Grande,0,0,310,-43.518593,-22.9279519993224
WRK_1387,3304557,Rio de Janeiro,Campo Grande,0,0,1089,-43.520949,-22.9178669993226
WRK_1388,3304557,Rio de Janeiro,Campo Grande,0,0,278,-43.515466,-22.9108099993228
WRK_1389,3304557,Rio de Janeiro,Senador Vasconcelos,0,0,1094,-43.524388,-22.8895799993232
WRK_1390,3304557,Rio de Janeiro,Santíssimo,0,0,3412,-43.520662,-22.8749299993236
WRK_1391,3304557,Rio de Janeiro,Santíssimo,0,0,1128,-43.519532,-22.8641529993238
WRK_1392,3304557,Rio de Janeiro,Campo Grande,0,0,601,-43.524546,-22.8490729993242
WRK_1393,3304557,Rio de Janeiro,Campo Grande,0,0,234,-43.521978,-22.8419589993243
WRK_1394,3304557,Rio de Janeiro,Recreio dos Bandeirantes,0,0,1226,-43.504171,-23.0198969993203
WRK_1395,3304557,Rio de Janeiro,Vargem Grande,0,0,1661,-43.504035,-23.0178889993203
WRK_1396,3304557,Rio de Janeiro,Vargem Grande,0,0,1170,-43.505148,-22.9975619993208
WRK_1397,3304557,Rio de Janeiro,Vargem Grande,0,0,473,-43.503953,-22.986962999321
WRK_1398,3304557,Rio de Janeiro,Vargem Grande,0,0,31,-43.502154,-22.9742989993213
WRK_1399,3304557,Rio de Janeiro,Vargem Grande,0,0,1,-43.50164,-22.9588329993216
WRK_1400,3304557,Rio de Janeiro,Campo Grande,0,0,28,-43.512612,-22.9276829993224
WRK_1401,3304557,Rio de Janeiro,Campo Grande,0,0,60,-43.509425,-22.9177519993226
WRK_1402,3304557,Rio de Janeiro,Campo Grande,0,0,16,-43.511494,-22.9088729993228
WRK_1403,3304557,Rio de Janeiro,Senador Camará,0,0,219,-43.503331,-22.8863099993233
WRK_1404,3304557,Rio de Janeiro,Senador Camará,0,0,4643,-43.505424,-22.8783739993235
WRK_1405,3304557,Rio de Janeiro,Bangu,0,0,2346,-43.508459,-22.8645959993238
WRK_1406,3304557,Rio de Janeiro,Bangu,0,0,49,-43.501821,-22.855784999324
WRK_1407,3304557,Rio de Janeiro,Bangu,0,0,206,-43.503585,-22.8401769993244
WRK_1408,3304557,Rio de Janeiro,Recreio dos Bandeirantes,0,0,39,-43.490039,-23.0341609993199
WRK_1409,3304557,Rio de Janeiro,Recreio dos Bandeirantes,0,0,6367,-43.48637,-23.0222389993202
WRK_1410,3304557,Rio de Janeiro,Recreio dos Bandeirantes,0,0,1933,-43.486987,-23.0194479993203
WRK_1411,3304557,Rio de Janeiro,Vargem Pequena,0,0,1872,-43.494501,-22.9977929993208
WRK_1412,3304557,Rio de Janeiro,Vargem Grande,0,0,1594,-43.493163,-22.9845969993211
WRK_1413,3304557,Rio de Janeiro,Vargem Grande,0,0,1173,-43.492448,-22.9757549993213
WRK_1414,3304557,Rio de Janeiro,Vargem Grande,0,0,97,-43.489887,-22.9620149993216
WRK_1415,3304557,Rio de Janeiro,Senador Camará,0,0,434,-43.490884,-22.898516999323
WRK_1416,3304557,Rio de Janeiro,Senador Camará,0,0,2758,-43.489413,-22.8927099993232
WRK_1417,3304557,Rio de Janeiro,Senador Camará,0,0,6967,-43.491675,-22.8767609993235
WRK_1418,3304557,Rio de Janeiro,Bangu,0,0,2624,-43.49172,-22.8627999993239
WRK_1419,3304557,Rio de Janeiro,Outside bairro polygons,0,0,7142,-43.489775,-22.8537179993241
WRK_1420,3304557,Rio de Janeiro,Bangu,0,0,107,-43.492668,-22.8425279993243
WRK_1421,3304557,Rio de Janeiro,Recreio dos Bandeirantes,0,0,1,-43.470575,-23.0332969993199
WRK_1422,3304557,Rio de Janeiro,Recreio dos Bandeirantes,0,0,9517,-43.47826,-23.0237169993202
WRK_1423,3304557,Rio de Janeiro,Recreio dos Bandeirantes,0,0,7671,-43.474859,-23.0169199993203
WRK_1424,3304557,Rio de Janeiro,Recreio dos Bandeirantes,0,0,50,-43.479716,-23.0046679993206
WRK_1425,3304557,Rio de Janeiro,Vargem Pequena,0,0,968,-43.472958,-22.9846469993211
WRK_1426,3304557,Rio de Janeiro,Vargem Grande,0,0,53,-43.481824,-22.9780999993212
WRK_1427,3304557,Rio de Janeiro,Vargem Grande,0,0,1,-43.476409,-22.9639159993215
WRK_1428,3304557,Rio de Janeiro,Bangu,0,0,10,-43.476989,-22.897926999323
WRK_1429,3304557,Rio de Janeiro,Bangu,0,0,5230,-43.47739,-22.8899609993232
WRK_1430,3304557,Rio de Janeiro,Bangu,0,0,5556,-43.475836,-22.8772959993235
WRK_1431,3304557,Rio de Janeiro,Bangu,0,0,4170,-43.476924,-22.8646119993238
WRK_1432,3304557,Rio de Janeiro,Outside bairro polygons,0,0,3356,-43.476172,-22.8523109993241
WRK_1433,3304557,Rio de Janeiro,Bangu,0,0,748,-43.482736,-22.8403739993244
WRK_1434,3304557,Rio de Janeiro,Recreio dos Bandeirantes,0,0,2954,-43.458653,-23.0229779993202
WRK_1435,3304557,Rio de Janeiro,Recreio dos Bandeirantes,0,0,13082,-43.460823,-23.0139679993204
WRK_1436,3304557,Rio de Janeiro,Recreio dos Bandeirantes,0,0,73,-43.453607,-23.0013449993207
WRK_1437,3304557,Rio de Janeiro,Vargem Pequena,0,0,2444,-43.461137,-22.9844879993211
WRK_1438,3304557,Rio de Janeiro,Vargem Pequena,0,0,65,-43.46315,-22.9782849993212
WRK_1439,3304557,Rio de Janeiro,Bangu,0,0,2859,-43.464662,-22.8869819993233
WRK_1440,3304557,Rio de Janeiro,Bangu,0,0,13779,-43.463084,-22.8778509993235
WRK_1441,3304557,Rio de Janeiro,Bangu,0,0,8205,-43.461969,-22.8625999993239
WRK_1442,3304557,Rio de Janeiro,Bangu,0,0,4148,-43.464137,-22.8508719993241
WRK_1443,3304557,Rio de Janeiro,Bangu,0,0,100,-43.467332,-22.8426589993243
WRK_1444,3304557,Rio de Janeiro,Recreio dos Bandeirantes,0,0,375,-43.452665,-23.0208219993202
WRK_1445,3304557,Rio de Janeiro,Recreio dos Bandeirantes,0,0,10561,-43.447619,-23.0110099993204
WRK_1446,3304557,Rio de Janeiro,Recreio dos Bandeirantes,0,0,2503,-43.446973,-22.9977139993208
WRK_1447,3304557,Rio de Janeiro,Vargem Pequena,0,0,1176,-43.443476,-22.9902999993209
WRK_1448,3304557,Rio de Janeiro,Vargem Pequena,0,0,28,-43.451715,-22.9786749993212
WRK_1449,3304557,Rio de Janeiro,Jacarepaguá,0,0,29,-43.442094,-22.9314049993223
WRK_1450,3304557,Rio de Janeiro,Realengo,0,0,274,-43.442917,-22.8982719993231
WRK_1451,3304557,Rio de Janeiro,Padre Miguel,0,0,4270,-43.447122,-22.8894299993232
WRK_1452,3304557,Rio de Janeiro,Padre Miguel,0,0,8377,-43.447899,-22.8759649993235
WRK_1453,3304557,Rio de Janeiro,Padre Miguel,0,0,9193,-43.447505,-22.8644779993238
WRK_1454,3304557,Rio de Janeiro,Padre Miguel,0,0,326,-43.452085,-22.856177999324
WRK_1455,3304557,Rio de Janeiro,Barra da Tijuca,0,0,3,-43.435255,-23.0197469993203
WRK_1456,3304557,Rio de Janeiro,Barra da Tijuca,0,0,1549,-43.431441,-23.0073459993205
WRK_1457,3304557,Rio de Janeiro,Recreio dos Bandeirantes,0,0,2531,-43.431875,-23.0015699993207
WRK_1458,3304557,Rio de Janeiro,Vargem Pequena,0,0,4369,-43.433102,-22.9898899993209
WRK_1459,3304557,Rio de Janeiro,Camorim,0,0,83,-43.428287,-22.9697569993214
WRK_1460,3304557,Rio de Janeiro,Jacarepaguá,0,0,188,-43.431398,-22.9273399993224
WRK_1461,3304557,Rio de Janeiro,Jacarepaguá,0,0,123,-43.431928,-22.9171889993226
WRK_1462,3304557,Rio de Janeiro,Realengo,0,0,254,-43.437569,-22.898373999323
WRK_1463,3304557,Rio de Janeiro,Realengo,0,0,4594,-43.433001,-22.8890469993233
WRK_1464,3304557,Rio de Janeiro,Realengo,0,0,7032,-43.433226,-22.8778499993235
WRK_1465,3304557,Rio de Janeiro,Realengo,0,0,5282,-43.432683,-22.8651299993238
WRK_1466,3304557,Rio de Janeiro,Barra da Tijuca,0,0,121,-43.41313,-23.0158479993204
WRK_1467,3304557,Rio de Janeiro,Barra da Tijuca,0,0,3310,-43.416677,-23.0011579993207
WRK_1468,3304557,Rio de Janeiro,Barra Olímpica,0,0,3614,-43.418981,-22.9796179993212
WRK_1469,3304557,Rio de Janeiro,Jacarepaguá,0,0,4701,-43.41542,-22.9715279993214
WRK_1470,3304557,Rio de Janeiro,Jacarepaguá,0,0,16,-43.419077,-22.9632569993216
WRK_1471,3304557,Rio de Janeiro,Jacarepaguá,0,0,922,-43.418134,-22.9161239993226
WRK_1472,3304557,Rio de Janeiro,Realengo,0,0,410,-43.420219,-22.9058939993229
WRK_1473,3304557,Rio de Janeiro,Realengo,0,0,4456,-43.418528,-22.8882129993233
WRK_1474,3304557,Rio de Janeiro,Magalhães Bastos,0,0,7940,-43.418484,-22.8778949993235
WRK_1475,3304557,Rio de Janeiro,Realengo,0,0,1914,-43.422578,-22.8667359993238
WRK_1476,3304557,Rio de Janeiro,Parque Anchieta,0,0,1074,-43.414649,-22.8335309993245
WRK_1477,3304557,Rio de Janeiro,Anchieta,0,0,1142,-43.414628,-22.8266789993247
WRK_1478,3304557,Rio de Janeiro,Barra da Tijuca,0,0,18,-43.401137,-23.0140969993204
WRK_1479,3304557,Rio de Janeiro,Barra da Tijuca,0,0,3179,-43.403589,-22.9955379993208
WRK_1480,3304557,Rio de Janeiro,Barra Olímpica,0,0,152,-43.40964,-22.9802529993212
WRK_1481,3304557,Rio de Janeiro,Barra Olímpica,0,0,3757,-43.398341,-22.9714999993214
WRK_1482,3304557,Rio de Janeiro,Jacarepaguá,0,0,1393,-43.401789,-22.9631799993216
WRK_1483,3304557,Rio de Janeiro,Jacarepaguá,0,0,161,-43.397329,-22.9397779993221
WRK_1484,3304557,Rio de Janeiro,Jacarepaguá,0,0,776,-43.39907,-22.9282589993224
WRK_1485,3304557,Rio de Janeiro,Taquara,0,0,2532,-43.40344,-22.9172799993226
WRK_1486,3304557,Rio de Janeiro,Taquara,0,0,142,-43.408454,-22.9077229993228
WRK_1487,3304557,Rio de Janeiro,Jardim Sulacap,0,0,1842,-43.40077,-22.8877169993233
WRK_1488,3304557,Rio de Janeiro,Magalhães Bastos,0,0,2213,-43.408563,-22.8785059993235
WRK_1489,3304557,Rio de Janeiro,Vila Militar,0,0,205,-43.401772,-22.8659689993238
WRK_1490,3304557,Rio de Janeiro,Ricardo de Albuquerque,0,0,206,-43.403624,-22.8445299993243
WRK_1491,3304557,Rio de Janeiro,Parque Anchieta,0,0,5242,-43.403616,-22.8359269993245
WRK_1492,3304557,Rio de Janeiro,Anchieta,0,0,4063,-43.403051,-22.8243129993248
WRK_1493,3304557,Rio de Janeiro,Barra da Tijuca,0,0,54,-43.380457,-23.0052329993206
WRK_1494,3304557,Rio de Janeiro,Barra da Tijuca,0,0,8414,-43.390124,-23.0010839993207
WRK_1495,3304557,Rio de Janeiro,Barra da Tijuca,0,0,288,-43.382155,-22.9837179993211
WRK_1496,3304557,Rio de Janeiro,Barra Olímpica,0,0,5314,-43.389093,-22.9702969993214
WRK_1497,3304557,Rio de Janeiro,Curicica,0,0,7807,-43.389514,-22.9578829993217
WRK_1498,3304557,Rio de Janeiro,Curicica,0,0,6822,-43.387237,-22.944427999322
WRK_1499,3304557,Rio de Janeiro,Taquara,0,0,4708,-43.387956,-22.9296249993223
WRK_1500,3304557,Rio de Janeiro,Taquara,0,0,4715,-43.388312,-22.9172669993226
WRK_1501,3304557,Rio de Janeiro,Taquara,0,0,656,-43.384384,-22.9075149993228
WRK_1502,3304557,Rio de Janeiro,Jardim Sulacap,0,0,1461,-43.390447,-22.8882149993233
WRK_1503,3304557,Rio de Janeiro,Campo dos Afonsos,0,0,87,-43.382061,-22.8812409993234
WRK_1504,3304557,Rio de Janeiro,Vila Militar,0,0,933,-43.391938,-22.8621079993239
WRK_1505,3304557,Rio de Janeiro,Deodoro,0,0,2377,-43.388914,-22.8540459993241
WRK_1506,3304557,Rio de Janeiro,Ricardo de Albuquerque,0,0,2305,-43.390278,-22.8342949993245
WRK_1507,3304557,Rio de Janeiro,Anchieta,0,0,4199,-43.390082,-22.8210189993248
WRK_1508,3304557,Rio de Janeiro,Anchieta,0,0,157,-43.389828,-22.8153159993249
WRK_1509,3304557,Rio de Janeiro,Barra da Tijuca,0,0,677,-43.376338,-23.0111229993205
WRK_1510,3304557,Rio de Janeiro,Barra da Tijuca,0,0,9588,-43.370107,-22.9932969993209
WRK_1511,3304557,Rio de Janeiro,Barra da Tijuca,0,0,466,-43.369038,-22.986767999321
WRK_1512,3304557,Rio de Janeiro,Barra Olímpica,0,0,20067,-43.368669,-22.9729959993213
WRK_1513,3304557,Rio de Janeiro,Curicica,0,0,3929,-43.377286,-22.9551129993217
WRK_1514,3304557,Rio de Janeiro,Taquara,0,0,5736,-43.371979,-22.944205999322
WRK_1515,3304557,Rio de Janeiro,Taquara,0,0,11106,-43.37347,-22.9293129993223
WRK_1516,3304557,Rio de Janeiro,Taquara,0,0,11804,-43.373314,-22.9195229993225
WRK_1517,3304557,Rio de Janeiro,Tanque,0,0,1042,-43.374833,-22.9069449993228
WRK_1518,3304557,Rio de Janeiro,Vila Valqueire,0,0,2004,-43.370355,-22.8863289993233
WRK_1519,3304557,Rio de Janeiro,Vila Valqueire,0,0,3784,-43.371223,-22.8769989993235
WRK_1520,3304557,Rio de Janeiro,Marechal Hermes,0,0,4510,-43.371873,-22.8619559993239
WRK_1521,3304557,Rio de Janeiro,Guadalupe,0,0,5192,-43.375204,-22.8481239993242
WRK_1522,3304557,Rio de Janeiro,Guadalupe,0,0,5981,-43.376065,-22.8377349993244
WRK_1523,3304557,Rio de Janeiro,Costa Barros,0,0,3129,-43.375196,-22.8216179993248
WRK_1524,3304557,Rio de Janeiro,Pavuna,0,0,2190,-43.374108,-22.8101029993251
WRK_1525,3304557,Rio de Janeiro,Barra da Tijuca,0,0,714,-43.36145,-23.0107419993205
WRK_1526,3304557,Rio de Janeiro,Barra da Tijuca,0,0,13370,-43.356418,-23.0003719993207
WRK_1527,3304557,Rio de Janeiro,Barra da Tijuca,0,0,16954,-43.358414,-22.987813999321
WRK_1528,3304557,Rio de Janeiro,Barra Olímpica,0,0,1491,-43.3603,-22.9717399993214
WRK_1529,3304557,Rio de Janeiro,Gardênia Azul,0,0,6647,-43.356263,-22.9571149993217
WRK_1530,3304557,Rio de Janeiro,Cidade de Deus,0,0,5923,-43.360337,-22.9457509993219
WRK_1531,3304557,Rio de Janeiro,Pechincha,0,0,14879,-43.358556,-22.9300409993223
WRK_1532,3304557,Rio de Janeiro,Tanque,0,0,6260,-43.360008,-22.9183999993226
WRK_1533,3304557,Rio de Janeiro,Praça Seca,0,0,3398,-43.356871,-22.9021819993229
WRK_1534,3304557,Rio de Janeiro,Vila Valqueire,0,0,4767,-43.35945,-22.8887419993233
WRK_1535,3304557,Rio de Janeiro,Bento Ribeiro,0,0,9140,-43.360313,-22.8773819993235
WRK_1536,3304557,Rio de Janeiro,Bento Ribeiro,0,0,5644,-43.359639,-22.8632609993239
WRK_1537,3304557,Rio de Janeiro,Marechal Hermes,0,0,4249,-43.359864,-22.8494269993242
WRK_1538,3304557,Rio de Janeiro,Barros Filho,0,0,5457,-43.361026,-22.8368899993245
WRK_1539,3304557,Rio de Janeiro,Pavuna,0,0,7754,-43.360421,-22.8224389993248
WRK_1540,3304557,Rio de Janeiro,Pavuna,0,0,5433,-43.360798,-22.8077549993251
WRK_1541,3304557,Rio de Janeiro,Barra da Tijuca,0,0,874,-43.346329,-23.0056279993206
WRK_1542,3304557,Rio de Janeiro,Barra da Tijuca,0,0,20671,-43.345635,-22.9997719993207
WRK_1543,3304557,Rio de Janeiro,Jacarepaguá,0,0,3791,-43.341218,-22.9804499993212
WRK_1544,3304557,Rio de Janeiro,Anil,0,0,2298,-43.345926,-22.9679999993214
WRK_1545,3304557,Rio de Janeiro,Anil,0,0,10569,-43.345342,-22.9566879993217
WRK_1546,3304557,Rio de Janeiro,Freguesia (Jacarepaguá),0,0,12927,-43.34301,-22.9409139993221
WRK_1547,3304557,Rio de Janeiro,Freguesia (Jacarepaguá),0,0,4436,-43.346984,-22.9297189993223
WRK_1548,3304557,Rio de Janeiro,Tanque,0,0,1070,-43.345413,-22.9186069993226
WRK_1549,3304557,Rio de Janeiro,Praça Seca,0,0,2743,-43.348428,-22.899924999323
WRK_1550,3304557,Rio de Janeiro,Praça Seca,0,0,3967,-43.346643,-22.8893789993232
WRK_1551,3304557,Rio de Janeiro,Madureira,0,0,15506,-43.342725,-22.8753079993236
WRK_1552,3304557,Rio de Janeiro,Turiaçú,0,0,6638,-43.345197,-22.8620139993239
WRK_1553,3304557,Rio de Janeiro,Rocha Miranda,0,0,7251,-43.346894,-22.8493399993242
WRK_1554,3304557,Rio de Janeiro,Coelho Neto,0,0,5706,-43.346563,-22.8361629993245
WRK_1555,3304557,Rio de Janeiro,Acari,0,0,14406,-43.346478,-22.8228059993248
WRK_1556,3304557,Rio de Janeiro,Parque Colúmbia,0,0,4608,-43.346937,-22.8108389993251
WRK_1557,3304557,Rio de Janeiro,Barra da Tijuca,0,0,3545,-43.328118,-23.0088499993205
WRK_1558,3304557,Rio de Janeiro,Barra da Tijuca,0,0,10812,-43.328962,-23.0017599993207
WRK_1559,3304557,Rio de Janeiro,Itanhangá,0,0,2153,-43.329943,-22.9835399993211
WRK_1560,3304557,Rio de Janeiro,Jacarepaguá,0,0,11089,-43.333195,-22.9733029993213
WRK_1561,3304557,Rio de Janeiro,Anil,0,0,3160,-43.332304,-22.9569329993217
WRK_1562,3304557,Rio de Janeiro,Freguesia (Jacarepaguá),0,0,4124,-43.333667,-22.9405689993221
WRK_1563,3304557,Rio de Janeiro,Freguesia (Jacarepaguá),0,0,4215,-43.33249,-22.9336719993222
WRK_1564,3304557,Rio de Janeiro,Freguesia (Jacarepaguá),0,0,2,-43.337322,-22.9154659993227
WRK_1565,3304557,Rio de Janeiro,Quintino Bocaiúva,0,0,119,-43.325969,-22.8964759993231
WRK_1566,3304557,Rio de Janeiro,Cascadura,0,0,9172,-43.328572,-22.8884589993233
WRK_1567,3304557,Rio de Janeiro,Madureira,0,0,14207,-43.333017,-22.8770929993235
WRK_1568,3304557,Rio de Janeiro,Madureira,0,0,4755,-43.331092,-22.8625039993239
WRK_1569,3304557,Rio de Janeiro,Irajá,0,0,7483,-43.328589,-22.8472719993242
WRK_1570,3304557,Rio de Janeiro,Colégio,0,0,5594,-43.329103,-22.8361379993245
WRK_1571,3304557,Rio de Janeiro,Irajá,0,0,5919,-43.332059,-22.8232509993248
WRK_1572,3304557,Rio de Janeiro,Jardim América,0,0,8567,-43.330369,-22.8094979993251
WRK_1573,3304557,Rio de Janeiro,Barra da Tijuca,0,0,11770,-43.313532,-23.0097019993205
WRK_1574,3304557,Rio de Janeiro,Barra da Tijuca,0,0,6884,-43.318478,-23.0018429993207
WRK_1575,3304557,Rio de Janeiro,Itanhangá,0,0,2862,-43.312038,-22.987856999321
WRK_1576,3304557,Rio de Janeiro,Jacarepaguá,0,0,22,-43.321094,-22.9664589993215
WRK_1577,3304557,Rio de Janeiro,Jacarepaguá,0,0,2,-43.317377,-22.9633609993216
WRK_1578,3304557,Rio de Janeiro,Jacarepaguá,0,0,3,-43.32224,-22.9399719993221
WRK_1579,3304557,Rio de Janeiro,Jacarepaguá,0,0,246,-43.321279,-22.9294129993223
WRK_1580,3304557,Rio de Janeiro,Água Santa,0,0,52,-43.317138,-22.9099739993228
WRK_1581,3304557,Rio de Janeiro,Piedade,0,0,3739,-43.312343,-22.901866999323
WRK_1582,3304557,Rio de Janeiro,Quintino Bocaiúva,0,0,6472,-43.31561,-22.8877309993233
WRK_1583,3304557,Rio de Janeiro,Cavalcanti,0,0,4663,-43.316159,-22.8760959993235
WRK_1584,3304557,Rio de Janeiro,Vicente de Carvalho,0,0,3119,-43.313535,-22.8593149993239
WRK_1585,3304557,Rio de Janeiro,Irajá,0,0,8586,-43.315026,-22.8487869993242
WRK_1586,3304557,Rio de Janeiro,Vista Alegre,0,0,7835,-43.314973,-22.8356589993245
WRK_1587,3304557,Rio de Janeiro,Irajá,0,0,13964,-43.316645,-22.8195519993248
WRK_1588,3304557,Rio de Janeiro,Jardim América,0,0,8383,-43.318629,-22.8092049993251
WRK_1589,3304557,Rio de Janeiro,Vigário Geral,0,0,6,-43.31107,-22.8007639993253
WRK_1590,3304557,Rio de Janeiro,Barra da Tijuca,0,0,9772,-43.301719,-23.0109829993205
WRK_1591,3304557,Rio de Janeiro,Itanhangá,0,0,1033,-43.300829,-22.9955579993208
WRK_1592,3304557,Rio de Janeiro,Itanhangá,0,0,1341,-43.298449,-22.988811999321
WRK_1593,3304557,Rio de Janeiro,Alto da Boa Vista,0,0,29,-43.298113,-22.9691489993214
WRK_1594,3304557,Rio de Janeiro,Engenho de Dentro,0,0,1031,-43.297823,-22.9140569993227
WRK_1595,3304557,Rio de Janeiro,Engenho de Dentro,0,0,8276,-43.299257,-22.901003999323
WRK_1596,3304557,Rio de Janeiro,Abolição,0,0,8987,-43.300493,-22.8886199993233
WRK_1597,3304557,Rio de Janeiro,Pilares,0,0,5342,-43.298935,-22.8764009993236
WRK_1598,3304557,Rio de Janeiro,Engenho da Rainha,0,0,3873,-43.302762,-22.8658499993238
WRK_1599,3304557,Rio de Janeiro,Vila Kosmos,0,0,8536,-43.304627,-22.8479399993242
WRK_1600,3304557,Rio de Janeiro,Brás de Pina,0,0,8170,-43.302322,-22.8362299993245
WRK_1601,3304557,Rio de Janeiro,Cordovil,0,0,12072,-43.302242,-22.8214139993248
WRK_1602,3304557,Rio de Janeiro,Vigário Geral,0,0,5515,-43.304309,-22.8089579993251
WRK_1603,3304557,Rio de Janeiro,Vigário Geral,0,0,0,-43.308957,-22.8008499993253
WRK_1604,3304557,Rio de Janeiro,Joá,0,0,331,-43.290432,-23.0121359993204
WRK_1605,3304557,Rio de Janeiro,Itanhangá,0,0,35,-43.29131,-22.9815049993211
WRK_1606,3304557,Rio de Janeiro,Alto da Boa Vista,0,0,747,-43.284108,-22.9734529993213
WRK_1607,3304557,Rio de Janeiro,Alto da Boa Vista,0,0,45,-43.279952,-22.9560139993217
WRK_1608,3304557,Rio de Janeiro,Jacarepaguá,0,0,15,-43.28245,-22.9230619993225
WRK_1609,3304557,Rio de Janeiro,Lins de Vasconcelos,0,0,2783,-43.284773,-22.9122689993227
WRK_1610,3304557,Rio de Janeiro,Méier,0,0,16998,-43.284497,-22.901923999323
WRK_1611,3304557,Rio de Janeiro,Todos os Santos,0,0,13050,-43.285084,-22.8888549993233
WRK_1612,3304557,Rio de Janeiro,Inhaúma,0,0,13198,-43.285358,-22.8747039993236
WRK_1613,3304557,Rio de Janeiro,Inhaúma,0,0,5800,-43.28713,-22.8649319993238
WRK_1614,3304557,Rio de Janeiro,Penha,0,0,5976,-43.284374,-22.8461149993242
WRK_1615,3304557,Rio de Janeiro,Penha Circular,0,0,13350,-43.285544,-22.8349469993245
WRK_1616,3304557,Rio de Janeiro,Brás de Pina,0,0,12538,-43.284729,-22.8218389993248
WRK_1617,3304557,Rio de Janeiro,Cordovil,0,0,2228,-43.287188,-22.8112519993251
WRK_1618,3304557,Rio de Janeiro,São Conrado,0,0,849,-43.270309,-22.9981439993208
WRK_1619,3304557,Rio de Janeiro,São Conrado,0,0,43,-43.273042,-22.986227999321
WRK_1620,3304557,Rio de Janeiro,Alto da Boa Vista,0,0,297,-43.277207,-22.9649559993215
WRK_1621,3304557,Rio de Janeiro,Alto da Boa Vista,0,0,112,-43.273649,-22.9616649993216
WRK_1622,3304557,Rio de Janeiro,Alto da Boa Vista,0,0,5,-43.264281,-22.9455649993219
WRK_1623,3304557,Rio de Janeiro,Grajaú,0,0,454,-43.265482,-22.9278769993224
WRK_1624,3304557,Rio de Janeiro,Engenho Novo,0,0,4765,-43.270168,-22.9141509993227
WRK_1625,3304557,Rio de Janeiro,Méier,0,0,19293,-43.27474,-22.901748999323
WRK_1626,3304557,Rio de Janeiro,Cachambi,0,0,9609,-43.273391,-22.8886929993233
WRK_1627,3304557,Rio de Janeiro,Del Castilho,0,0,9731,-43.270774,-22.8762559993236
WRK_1628,3304557,Rio de Janeiro,Outside bairro polygons,0,0,9875,-43.271667,-22.8633309993238
WRK_1629,3304557,Rio de Janeiro,Olaria,0,0,9020,-43.271834,-22.8469009993242
WRK_1630,3304557,Rio de Janeiro,Penha,0,0,27876,-43.274239,-22.8337019993245
WRK_1631,3304557,Rio de Janeiro,Penha Circular,0,0,19937,-43.278398,-22.8200439993248
WRK_1632,3304557,Rio de Janeiro,Penha Circular,0,0,0,-43.275352757947516,-22.8138407
WRK_1633,3304557,Rio de Janeiro,São Conrado,0,0,6207,-43.253223,-22.9926459993209
WRK_1634,3304557,Rio de Janeiro,Rocinha,0,0,5815,-43.250259,-22.987629999321
WRK_1635,3304557,Rio de Janeiro,Alto da Boa Vista,0,0,33,-43.261054,-22.9517089993218
WRK_1636,3304557,Rio de Janeiro,Tijuca,0,0,2965,-43.254234,-22.942301999322
WRK_1637,3304557,Rio de Janeiro,Andaraí,0,0,9234,-43.255145,-22.9272219993224
WRK_1638,3304557,Rio de Janeiro,Vila Isabel,0,0,11708,-43.256414,-22.9184369993226
WRK_1639,3304557,Rio de Janeiro,Riachuelo,0,0,14380,-43.256423,-22.899886999323
WRK_1640,3304557,Rio de Janeiro,Jacarezinho,0,0,16142,-43.257683,-22.8897669993232
WRK_1641,3304557,Rio de Janeiro,Bonsucesso,0,0,12089,-43.256846,-22.8731869993236
WRK_1642,3304557,Rio de Janeiro,Bonsucesso,0,0,32078,-43.254545,-22.8621089993239
WRK_1643,3304557,Rio de Janeiro,Ramos,0,0,26522,-43.257545,-22.8475489993242
WRK_1644,3304557,Rio de Janeiro,Olaria,0,0,9745,-43.259456,-22.8395079993244
WRK_1645,3304557,Rio de Janeiro,Galeão,0,0,193,-43.251638,-22.8094339993251
WRK_1646,3304557,Rio de Janeiro,Vidigal,0,0,2785,-43.238895,-22.9950759993208
WRK_1647,3304557,Rio de Janeiro,Gávea,0,0,5089,-43.243088,-22.9848699993211
WRK_1648,3304557,Rio de Janeiro,Gávea,0,0,839,-43.23571,-22.9753379993213
WRK_1649,3304557,Rio de Janeiro,Tijuca,0,0,2962,-43.247213,-22.9386899993221
WRK_1650,3304557,Rio de Janeiro,Tijuca,0,0,17666,-43.241241,-22.9287709993223
WRK_1651,3304557,Rio de Janeiro,Vila Isabel,0,0,15382,-43.24205,-22.9155279993226
WRK_1652,3304557,Rio de Janeiro,São Francisco Xavier,0,0,15400,-43.241602,-22.899754999323
WRK_1653,3304557,Rio de Janeiro,Benfica,0,0,9824,-43.241786,-22.8901639993232
WRK_1654,3304557,Rio de Janeiro,Maré,0,0,10951,-43.242111,-22.8718889993236
WRK_1655,3304557,Rio de Janeiro,Maré,0,0,31819,-43.246016,-22.8604199993239
WRK_1656,3304557,Rio de Janeiro,Maré,0,0,14833,-43.246524,-22.8496729993242
WRK_1657,3304557,Rio de Janeiro,Galeão,0,0,2425,-43.240834,-22.8318619993246
WRK_1658,3304557,Rio de Janeiro,Galeão,0,0,915,-43.238826,-22.813995999325
WRK_1659,3304557,Rio de Janeiro,Galeão,0,0,169,-43.238363,-22.8077039993251
WRK_1660,3304557,Rio de Janeiro,Vidigal,0,0,529,-43.233363,-22.9936499993209
WRK_1661,3304557,Rio de Janeiro,Leblon,0,0,17335,-43.225662,-22.9831239993211
WRK_1662,3304557,Rio de Janeiro,Jardim Botânico,0,0,7104,-43.225383,-22.9713619993214
WRK_1663,3304557,Rio de Janeiro,Jardim Botânico,0,0,198,-43.223842,-22.9611969993216
WRK_1664,3304557,Rio de Janeiro,Tijuca,0,0,4,-43.233842,-22.9357929993222
WRK_1665,3304557,Rio de Janeiro,Tijuca,0,0,19797,-43.229668,-22.9246799993224
WRK_1666,3304557,Rio de Janeiro,Tijuca,0,0,46612,-43.230141,-22.9176599993226
WRK_1667,3304557,Rio de Janeiro,Imperial de São Cristóvão,0,0,19605,-43.225432,-22.899830999323
WRK_1668,3304557,Rio de Janeiro,Vasco da Gama,0,0,19873,-43.226217,-22.8892379993232
WRK_1669,3304557,Rio de Janeiro,Caju,0,0,4029,-43.225791,-22.8771189993235
WRK_1670,3304557,Rio de Janeiro,Cidade Universitária,0,0,1944,-43.230003,-22.8633249993238
WRK_1671,3304557,Rio de Janeiro,Cidade Universitária,0,0,88,-43.231093,-22.8411749993244
WRK_1672,3304557,Rio de Janeiro,Cidade Universitária,0,0,662,-43.235337,-22.8396999993244
WRK_1673,3304557,Rio de Janeiro,Galeão,0,0,1845,-43.229771,-22.8173589993249
WRK_1674,3304557,Rio de Janeiro,Galeão,0,0,6364,-43.228014,-22.811024999325
WRK_1675,3304557,Rio de Janeiro,Galeão,0,0,38,-43.227318,-22.7874429993256
WRK_1676,3304557,Rio de Janeiro,Galeão,0,0,247,-43.226479,-22.7853459993256
WRK_1677,3304557,Rio de Janeiro,Ipanema,0,0,21548,-43.213541,-22.9834879993211
WRK_1678,3304557,Rio de Janeiro,Lagoa,0,0,5664,-43.21533,-22.9645509993215
WRK_1679,3304557,Rio de Janeiro,Jardim Botânico,0,0,3834,-43.209291,-22.9607759993216
WRK_1680,3304557,Rio de Janeiro,Cosme Velho,0,0,840,-43.207421,-22.9400149993221
WRK_1681,3304557,Rio de Janeiro,Rio Comprido,0,0,13723,-43.212679,-22.9248579993224
WRK_1682,3304557,Rio de Janeiro,Praça da Bandeira,0,0,101484,-43.210601,-22.9145929993227
WRK_1683,3304557,Rio de Janeiro,Imperial de São Cristóvão,0,0,31328,-43.216378,-22.901726999323
WRK_1684,3304557,Rio de Janeiro,Imperial de São Cristóvão,0,0,11076,-43.216924,-22.8917059993232
WRK_1685,3304557,Rio de Janeiro,Caju,0,0,4266,-43.215085,-22.8774989993235
WRK_1686,3304557,Rio de Janeiro,Cidade Universitária,0,0,329,-43.215861,-22.8603019993239
WRK_1687,3304557,Rio de Janeiro,Jardim Guanabara,0,0,184,-43.212488,-22.814342999325
WRK_1688,3304557,Rio de Janeiro,Jardim Guanabara,0,0,3392,-43.209455,-22.8069569993251
WRK_1689,3304557,Rio de Janeiro,Portuguesa,0,0,877,-43.209643,-22.7953239993254
WRK_1690,3304557,Rio de Janeiro,Ipanema,0,0,30649,-43.19801,-22.9823639993211
WRK_1691,3304557,Rio de Janeiro,Copacabana,0,0,7889,-43.193573,-22.9670239993215
WRK_1692,3304557,Rio de Janeiro,Humaitá,0,0,27009,-43.196544,-22.9559899993217
WRK_1693,3304557,Rio de Janeiro,Cosme Velho,0,0,4896,-43.19733,-22.9407859993221
WRK_1694,3304557,Rio de Janeiro,Rio Comprido,0,0,5355,-43.199326,-22.9278079993224
WRK_1695,3304557,Rio de Janeiro,Cidade Nova,0,0,21124,-43.199357,-22.9123219993227
WRK_1696,3304557,Rio de Janeiro,Santo Cristo,0,0,24205,-43.199719,-22.899045999323
WRK_1697,3304557,Rio de Janeiro,Gamboa,0,0,391,-43.195152,-22.8933289993232
WRK_1698,3304557,Rio de Janeiro,Jardim Guanabara,0,0,1765,-43.201851,-22.8163259993249
WRK_1699,3304557,Rio de Janeiro,Jardim Carioca,0,0,9980,-43.199067,-22.8062409993252
WRK_1700,3304557,Rio de Janeiro,Moneró,0,0,1566,-43.198745,-22.7980929993254
WRK_1701,3304557,Rio de Janeiro,Copacabana,0,0,3559,-43.189867,-22.9825059993211
WRK_1702,3304557,Rio de Janeiro,Copacabana,0,0,32396,-43.18454,-22.9688449993214
WRK_1703,3304557,Rio de Janeiro,Botafogo,0,0,44694,-43.185098,-22.9534399993218
WRK_1704,3304557,Rio de Janeiro,Botafogo,0,0,36964,-43.18272,-22.9409969993221
WRK_1705,3304557,Rio de Janeiro,Catete,0,0,24772,-43.179583,-22.9296099993223
WRK_1706,3304557,Rio de Janeiro,Centro,0,0,125331,-43.180743,-22.9120739993227
WRK_1707,3304557,Rio de Janeiro,Centro,0,0,165844,-43.182135,-22.9023089993229
WRK_1708,3304557,Rio de Janeiro,Gamboa,0,0,375,-43.190133,-22.8932539993231
WRK_1709,3304557,Rio de Janeiro,Pitangueiras,0,0,3672,-43.18436,-22.8175749993249
WRK_1710,3304557,Rio de Janeiro,Jardim Carioca,0,0,8736,-43.186258,-22.8071739993251
WRK_1711,3304557,Rio de Janeiro,Tauá,0,0,5277,-43.184652,-22.7948539993254
WRK_1712,3304557,Rio de Janeiro,Bancários,0,0,27,-43.185677,-22.7850999993256
WRK_1713,3304557,Rio de Janeiro,Leme,0,0,5685,-43.172915,-22.9636169993215
WRK_1714,3304557,Rio de Janeiro,Urca,0,0,11891,-43.172552,-22.9551819993217
WRK_1715,3304557,Rio de Janeiro,Flamengo,0,0,2373,-43.171677,-22.9399329993221
WRK_1716,3304557,Rio de Janeiro,Flamengo,0,0,10102,-43.174932,-22.9296979993223
WRK_1717,3304557,Rio de Janeiro,Centro,0,0,126656,-43.171219,-22.9100849993228
WRK_1718,3304557,Rio de Janeiro,Centro,0,0,123345,-43.174744,-22.9043099993229
WRK_1719,3304557,Rio de Janeiro,Ribeira,0,0,1148,-43.172302,-22.8276519993247
WRK_1720,3304557,Rio de Janeiro,Ribeira,0,0,1896,-43.171312,-22.8230669993248
WRK_1721,3304557,Rio de Janeiro,Cocotá,0,0,124,-43.177192,-22.8013719993253
WRK_1722,3304557,Rio de Janeiro,Freguesia (Ilha),0,0,2989,-43.172705,-22.7924409993255
WRK_1723,3304557,Rio de Janeiro,Urca,0,0,21,-43.156309,-22.9495019993219
WRK_1724,3304557,Rio de Janeiro,Urca,0,0,108,-43.15835,-22.944161999322
WRK_1725,3304557,Rio de Janeiro,Freguesia (Ilha),0,0,27,-43.16225,-22.7890949993255
WRK_1726,3304557,Rio de Janeiro,Outside bairro polygons,0,0,4,-43.109117,-22.8005329993253
WRK_1727,3304557,Rio de Janeiro,Paquetá,0,0,992,-43.10904,-22.7625219993262
WRK_1728,3304557,Rio de Janeiro,Paquetá,0,0,172,-43.10843,-22.7536749993264
WRK_1729,3304557,Rio de Janeiro,Paquetá,0,0,89,-43.105536,-22.7652609993261
WRK_1730,3304557,Rio de Janeiro,Paquetá,0,0,11,-43.104553,-22.7535319993264
WRK_1731,3304904,São Gonçalo,Municipal total,0,0,1841,-43.095986,-22.857201999324
WRK_1732,3304904,São Gonçalo,Municipal total,0,0,3316,-43.09403,-22.8469759993242
WRK_1733,3304904,São Gonçalo,Municipal total,0,0,4312,-43.093312,-22.8293109993246
WRK_1734,3304904,São Gonçalo,Municipal total,0,0,53,-43.091154,-22.8256909993247
WRK_1735,3304904,São Gonçalo,Municipal total,0,0,2513,-43.08573,-22.858696999324
WRK_1736,3304904,São Gonçalo,Municipal total,0,0,3308,-43.080596,-22.8468009993242
WRK_1737,3304904,São Gonçalo,Municipal total,0,0,6026,-43.083362,-22.8332149993245
WRK_1738,3304904,São Gonçalo,Municipal total,0,0,2104,-43.082295,-22.8234009993248
WRK_1739,3304904,São Gonçalo,Municipal total,0,0,86,-43.080311,-22.7904539993255
WRK_1740,3304904,São Gonçalo,Municipal total,0,0,210,-43.069487,-22.8669849993238
WRK_1741,3304904,São Gonçalo,Municipal total,0,0,568,-43.069388,-22.8635029993239
WRK_1742,3304904,São Gonçalo,Municipal total,0,0,2032,-43.069804,-22.8437109993243
WRK_1743,3304904,São Gonçalo,Municipal total,0,0,5336,-43.066246,-22.8324489993245
WRK_1744,3304904,São Gonçalo,Municipal total,0,0,5100,-43.068089,-22.8191229993249
WRK_1745,3304904,São Gonçalo,Municipal total,0,0,2593,-43.066972,-22.8079369993251
WRK_1746,3304904,São Gonçalo,Municipal total,0,0,71,-43.071312,-22.7852369993257
WRK_1747,3304904,São Gonçalo,Municipal total,0,0,129,-43.064563,-22.7797169993258
WRK_1748,3304904,São Gonçalo,Municipal total,0,0,52,-43.06651,-22.769506999326
WRK_1749,3304904,São Gonçalo,Municipal total,0,0,147,-43.048463,-22.8700749993237
WRK_1750,3304904,São Gonçalo,Municipal total,0,0,31,-43.048843,-22.855562999324
WRK_1751,3304904,São Gonçalo,Municipal total,0,0,1098,-43.052066,-22.8471729993242
WRK_1752,3304904,São Gonçalo,Municipal total,0,0,8566,-43.053803,-22.8286099993246
WRK_1753,3304904,São Gonçalo,Municipal total,0,0,19647,-43.050394,-22.8230409993248
WRK_1754,3304904,São Gonçalo,Municipal total,0,0,3439,-43.053106,-22.8056739993252
WRK_1755,3304904,São Gonçalo,Municipal total,0,0,789,-43.050258,-22.7935089993255
WRK_1756,3304904,São Gonçalo,Municipal total,0,0,325,-43.055759,-22.7750839993259
WRK_1757,3304904,São Gonçalo,Municipal total,0,0,88,-43.058589,-22.769825999326
WRK_1758,3304904,São Gonçalo,Municipal total,0,0,909,-43.038928,-22.8724519993236
WRK_1759,3304904,São Gonçalo,Municipal total,0,0,544,-43.033543,-22.8597669993239
WRK_1760,3304904,São Gonçalo,Municipal total,0,0,218,-43.039405,-22.8427639993243
WRK_1761,3304904,São Gonçalo,Municipal total,0,0,4457,-43.038678,-22.8318209993246
WRK_1762,3304904,São Gonçalo,Municipal total,0,0,7659,-43.04025,-22.8202229993248
WRK_1763,3304904,São Gonçalo,Municipal total,0,0,3537,-43.03841,-22.8050309993252
WRK_1764,3304904,São Gonçalo,Municipal total,0,0,3300,-43.039656,-22.7913879993255
WRK_1765,3304904,São Gonçalo,Municipal total,0,0,561,-43.037642,-22.7821589993257
WRK_1766,3304904,São Gonçalo,Municipal total,0,0,460,-43.020024,-22.8825819993234
WRK_1767,3304904,São Gonçalo,Municipal total,0,0,2056,-43.024624,-22.8744899993236
WRK_1768,3304904,São Gonçalo,Municipal total,0,0,3469,-43.023596,-22.856261999324
WRK_1769,3304904,São Gonçalo,Municipal total,0,0,2544,-43.019779,-22.8418009993243
WRK_1770,3304904,São Gonçalo,Municipal total,0,0,2818,-43.022433,-22.8291309993246
WRK_1771,3304904,São Gonçalo,Municipal total,0,0,5598,-43.024812,-22.8176359993249
WRK_1772,3304904,São Gonçalo,Municipal total,0,0,4492,-43.023531,-22.8054219993252
WRK_1773,3304904,São Gonçalo,Municipal total,0,0,5800,-43.026172,-22.7921969993255
WRK_1774,3304904,São Gonçalo,Municipal total,0,0,2382,-43.025774,-22.7805959993257
WRK_1775,3304904,São Gonçalo,Municipal total,0,0,6,-43.019169,-22.769671999326
WRK_1776,3304904,São Gonçalo,Municipal total,0,0,332,-43.008217,-22.8868329993233
WRK_1777,3304904,São Gonçalo,Municipal total,0,0,1075,-43.007346,-22.8671879993238
WRK_1778,3304904,São Gonçalo,Municipal total,0,0,2720,-43.009534,-22.8597989993239
WRK_1779,3304904,São Gonçalo,Municipal total,0,0,3192,-43.010171,-22.8438699993243
WRK_1780,3304904,São Gonçalo,Municipal total,0,0,8159,-43.010794,-22.8313239993246
WRK_1781,3304904,São Gonçalo,Municipal total,0,0,9587,-43.00875,-22.8185029993249
WRK_1782,3304904,São Gonçalo,Municipal total,0,0,4057,-43.01208,-22.8048829993252
WRK_1783,3304904,São Gonçalo,Municipal total,0,0,2794,-43.009078,-22.7915279993255
WRK_1784,3304904,São Gonçalo,Municipal total,0,0,274,-43.012431,-22.7799119993258
WRK_1785,3304904,São Gonçalo,Municipal total,0,0,587,-43.009112,-22.7636329993261
WRK_1786,3304904,São Gonçalo,Municipal total,0,0,1,-42.989916,-22.8922789993232
WRK_1787,3304904,São Gonçalo,Municipal total,0,0,1433,-42.990404,-22.8863639993233
WRK_1788,3304904,São Gonçalo,Municipal total,0,0,1770,-42.988673,-22.8769359993235
WRK_1789,3304904,São Gonçalo,Municipal total,0,0,756,-42.997868,-22.858469999324
WRK_1790,3304904,São Gonçalo,Municipal total,0,0,2459,-42.994582,-22.8448259993243
WRK_1791,3304904,São Gonçalo,Municipal total,0,0,5917,-42.994776,-22.8292389993246
WRK_1792,3304904,São Gonçalo,Municipal total,0,0,9648,-42.999241,-22.8198649993248
WRK_1793,3304904,São Gonçalo,Municipal total,0,0,4638,-42.996604,-22.8044769993252
WRK_1794,3304904,São Gonçalo,Municipal total,0,0,2407,-42.996048,-22.7919029993255
WRK_1795,3304904,São Gonçalo,Municipal total,0,0,296,-42.991469,-22.7804469993258
WRK_1796,3304904,São Gonçalo,Municipal total,0,0,167,-43.002482,-22.7633529993262
WRK_1797,3304904,São Gonçalo,Municipal total,0,0,88,-42.980745,-22.9072569993228
WRK_1798,3304904,São Gonçalo,Municipal total,0,0,1975,-42.983646,-22.9034349993229
WRK_1799,3304904,São Gonçalo,Municipal total,0,0,1757,-42.982656,-22.8839699993234
WRK_1800,3304904,São Gonçalo,Municipal total,0,0,911,-42.980466,-22.8740169993236
WRK_1801,3304904,São Gonçalo,Municipal total,0,0,25,-42.973368,-22.8642829993238
WRK_1802,3304904,São Gonçalo,Municipal total,0,0,541,-42.984799,-22.8419639993243
WRK_1803,3304904,São Gonçalo,Municipal total,0,0,3352,-42.982983,-22.8282809993247
WRK_1804,3304904,São Gonçalo,Municipal total,0,0,3619,-42.979982,-22.8188769993249
WRK_1805,3304904,São Gonçalo,Municipal total,0,0,5921,-42.981868,-22.8040489993252
WRK_1806,3304904,São Gonçalo,Municipal total,0,0,1993,-42.982807,-22.7912199993255
WRK_1807,3304904,São Gonçalo,Municipal total,0,0,196,-42.985001,-22.7813699993257
WRK_1808,3304904,São Gonçalo,Municipal total,0,0,2,-42.971815,-22.9057489993229
WRK_1809,3304904,São Gonçalo,Municipal total,0,0,92,-42.964818,-22.9022319993229
WRK_1810,3304904,São Gonçalo,Municipal total,0,0,8,-42.971502,-22.8836119993234
WRK_1811,3304904,São Gonçalo,Municipal total,0,0,17,-42.971295,-22.8681869993237
WRK_1812,3304904,São Gonçalo,Municipal total,0,0,72,-42.968128,-22.8533349993241
WRK_1813,3304904,São Gonçalo,Municipal total,0,0,950,-42.960595,-22.8444339993243
WRK_1814,3304904,São Gonçalo,Municipal total,0,0,3275,-42.966105,-22.8306109993246
WRK_1815,3304904,São Gonçalo,Municipal total,0,0,3125,-42.967253,-22.8170379993249
WRK_1816,3304904,São Gonçalo,Municipal total,0,0,4625,-42.96582,-22.8030899993252
WRK_1817,3304904,São Gonçalo,Municipal total,0,0,2514,-42.966258,-22.7909269993255
WRK_1818,3304904,São Gonçalo,Municipal total,0,0,1030,-42.968556,-22.7783479993258
WRK_1819,3304904,São Gonçalo,Municipal total,0,0,22,-42.962732,-22.7667129993261
WRK_1820,3304904,São Gonçalo,Municipal total,0,0,9,-42.94558,-22.8660279993238
WRK_1821,3304904,São Gonçalo,Municipal total,0,0,811,-42.945027,-22.856393999324
WRK_1822,3304904,São Gonçalo,Municipal total,0,0,1200,-42.952039,-22.8471099993242
WRK_1823,3304904,São Gonçalo,Municipal total,0,0,403,-42.954556,-22.8325909993245
WRK_1824,3304904,São Gonçalo,Municipal total,0,0,1123,-42.951999,-22.814610999325
WRK_1825,3304904,São Gonçalo,Municipal total,0,0,2850,-42.953579,-22.8023009993253
WRK_1826,3304904,São Gonçalo,Municipal total,0,0,4977,-42.951745,-22.7921589993255
WRK_1827,3304904,São Gonçalo,Municipal total,0,0,1065,-42.948518,-22.7788009993258
WRK_1828,3304904,São Gonçalo,Municipal total,0,0,13,-42.955917,-22.768959999326
WRK_1829,3304904,São Gonçalo,Municipal total,0,0,5,-42.933962,-22.8841479993234
WRK_1830,3304904,São Gonçalo,Municipal total,0,0,16,-42.934606,-22.8667579993238
WRK_1831,3304904,São Gonçalo,Municipal total,0,0,1230,-42.93871,-22.8595149993239
WRK_1832,3304904,São Gonçalo,Municipal total,0,0,518,-42.941576,-22.8469229993242
WRK_1833,3304904,São Gonçalo,Municipal total,0,0,107,-42.940023,-22.8344829993245
WRK_1834,3304904,São Gonçalo,Municipal total,0,0,740,-42.939756,-22.8162669993249
WRK_1835,3304904,São Gonçalo,Municipal total,0,0,281,-42.941447,-22.8030859993252
WRK_1836,3304904,São Gonçalo,Municipal total,0,0,537,-42.943179,-22.7887039993256
WRK_1837,3304904,São Gonçalo,Municipal total,0,0,401,-42.94315,-22.7796889993258
WRK_1838,3304904,São Gonçalo,Municipal total,0,0,5,-42.92869,-22.8691129993237
WRK_1839,3304904,São Gonçalo,Municipal total,0,0,183,-42.927182,-22.856696999324
WRK_1840,3304904,São Gonçalo,Municipal total,0,0,69,-42.918738,-22.8462299993242
WRK_1841,3304904,São Gonçalo,Municipal total,0,0,272,-42.917248,-22.8260169993247
WRK_1842,3304904,São Gonçalo,Municipal total,0,0,76,-42.916407,-22.8223689993248
WRK_1843,3304904,São Gonçalo,Municipal total,0,0,5,-42.903915,-22.8750919993236
WRK_1844,3304904,São Gonçalo,Municipal total,0,0,11,-42.900322,-22.8592449993239
WRK_1845,3304904,São Gonçalo,Municipal total,0,0,19,-42.90439,-22.8385499993244
WRK_1846,3304904,São Gonçalo,Municipal total,0,0,41,-42.909562,-22.8252049993247
WRK_1847,3304904,São Gonçalo,Municipal total,0,0,135,-42.913484,-22.8219359993248
WRK_1848,3304904,São Gonçalo,Municipal total,0,0,5,-42.896848,-22.8437679993243
WRK_1849,3305109,São João de Meriti,Municipal total,0,0,122,-43.397718,-22.8023799993252
WRK_1850,3305109,São João de Meriti,Municipal total,0,0,3205,-43.401521,-22.7933869993255
WRK_1851,3305109,São João de Meriti,Municipal total,0,0,1525,-43.400371,-22.7852719993256
WRK_1852,3305109,São João de Meriti,Municipal total,0,0,2777,-43.388901,-22.8071039993251
WRK_1853,3305109,São João de Meriti,Municipal total,0,0,4550,-43.390422,-22.7941859993254
WRK_1854,3305109,São João de Meriti,Municipal total,0,0,5882,-43.388567,-22.7806039993258
WRK_1855,3305109,São João de Meriti,Municipal total,0,0,1058,-43.386839,-22.771398999326
WRK_1856,3305109,São João de Meriti,Municipal total,0,0,7490,-43.372713,-22.8038399993252
WRK_1857,3305109,São João de Meriti,Municipal total,0,0,11829,-43.373564,-22.7956279993254
WRK_1858,3305109,São João de Meriti,Municipal total,0,0,8135,-43.374104,-22.7810119993257
WRK_1859,3305109,São João de Meriti,Municipal total,0,0,2578,-43.375875,-22.770288999326
WRK_1860,3305109,São João de Meriti,Municipal total,0,0,2516,-43.364902,-22.8026939993252
WRK_1861,3305109,São João de Meriti,Municipal total,0,0,8880,-43.362768,-22.7967779993254
WRK_1862,3305109,São João de Meriti,Municipal total,0,0,22088,-43.362203,-22.7779139993258
WRK_1863,3305109,São João de Meriti,Municipal total,0,0,5158,-43.361749,-22.769425999326
WRK_1864,3305109,São João de Meriti,Municipal total,0,0,321,-43.346566,-22.8020429993253
WRK_1865,3305109,São João de Meriti,Municipal total,0,0,4781,-43.351379,-22.7950709993254
WRK_1866,3305109,São João de Meriti,Municipal total,0,0,3544,-43.348309,-22.7800489993258
WRK_1867,3305109,São João de Meriti,Municipal total,0,0,3189,-43.34787,-22.7667369993261
WRK_1868,3305109,São João de Meriti,Municipal total,0,0,149,-43.344725,-22.7605129993262
WRK_1869,3305109,São João de Meriti,Municipal total,0,0,41,-43.33398,-22.8017849993253
WRK_1870,3305109,São João de Meriti,Municipal total,0,0,5081,-43.335468,-22.7958239993254
WRK_1871,3305109,São João de Meriti,Municipal total,0,0,1848,-43.335243,-22.7803429993258
WRK_1872,3305109,São João de Meriti,Municipal total,0,0,2888,-43.333924,-22.7658049993261
WRK_1873,3305109,São João de Meriti,Municipal total,0,0,460,-43.336286,-22.7600659993262
WRK_1874,3305554,Seropédica,Municipal total,0,0,2,-43.777513,-22.8054819993252
WRK_1875,3305554,Seropédica,Municipal total,0,0,28,-43.778722,-22.8032779993252
WRK_1876,3305554,Seropédica,Municipal total,0,0,5,-43.780795,-22.7902969993255
WRK_1877,3305554,Seropédica,Municipal total,0,0,132,-43.772261,-22.8083819993251
WRK_1878,3305554,Seropédica,Municipal total,0,0,66,-43.77494,-22.8035399993252
WRK_1879,3305554,Seropédica,Municipal total,0,0,0,-43.766818,-22.7854549993256
WRK_1880,3305554,Seropédica,Municipal total,0,0,346,-43.758284,-22.8095099993251
WRK_1881,3305554,Seropédica,Municipal total,0,0,75,-43.752961,-22.8046959993252
WRK_1882,3305554,Seropédica,Municipal total,0,0,14,-43.754615,-22.7836199993257
WRK_1883,3305554,Seropédica,Municipal total,0,0,16,-43.752642,-22.7748759993259
WRK_1884,3305554,Seropédica,Municipal total,0,0,12,-43.752296,-22.7596489993262
WRK_1885,3305554,Seropédica,Municipal total,0,0,26,-43.753888,-22.7412999993266
WRK_1886,3305554,Seropédica,Municipal total,0,0,3,-43.749535449999996,-22.73572085
WRK_1887,3305554,Seropédica,Municipal total,0,0,25,-43.751499,-22.6989469993276
WRK_1888,3305554,Seropédica,Municipal total,0,0,5,-43.749211,-22.6872439993279
WRK_1889,3305554,Seropédica,Municipal total,0,0,39,-43.737657,-22.8223239993248
WRK_1890,3305554,Seropédica,Municipal total,0,0,59,-43.741495,-22.8080819993251
WRK_1891,3305554,Seropédica,Municipal total,0,0,35,-43.738033,-22.7976069993253
WRK_1892,3305554,Seropédica,Municipal total,0,0,25,-43.739735,-22.7797629993258
WRK_1893,3305554,Seropédica,Municipal total,0,0,9,-43.746296,-22.7764329993258
WRK_1894,3305554,Seropédica,Municipal total,0,0,28,-43.748249,-22.7598209993262
WRK_1895,3305554,Seropédica,Municipal total,0,0,9,-43.74193,-22.7451379993266
WRK_1896,3305554,Seropédica,Municipal total,0,0,28,-43.738656,-22.725716999327
WRK_1897,3305554,Seropédica,Municipal total,0,0,134,-43.735289,-22.7219739993271
WRK_1898,3305554,Seropédica,Municipal total,0,0,18,-43.740708,-22.7044499993275
WRK_1899,3305554,Seropédica,Municipal total,0,0,0,-43.748405,-22.6860909993279
WRK_1900,3305554,Seropédica,Municipal total,0,0,0,-43.74188,-22.681152999328
WRK_1901,3305554,Seropédica,Municipal total,0,0,0,-43.722558,-22.8355559993245
WRK_1902,3305554,Seropédica,Municipal total,0,0,39,-43.725402,-22.8294049993246
WRK_1903,3305554,Seropédica,Municipal total,0,0,42,-43.725047,-22.812047999325
WRK_1904,3305554,Seropédica,Municipal total,0,0,19,-43.731559,-22.7943359993254
WRK_1905,3305554,Seropédica,Municipal total,0,0,176,-43.721317,-22.7550859993263
WRK_1906,3305554,Seropédica,Municipal total,0,0,94,-43.728874,-22.7413309993267
WRK_1907,3305554,Seropédica,Municipal total,0,0,35,-43.733194,-22.7311879993269
WRK_1908,3305554,Seropédica,Municipal total,0,0,2337,-43.725297,-22.7186079993272
WRK_1909,3305554,Seropédica,Municipal total,0,0,186,-43.722645,-22.7059709993275
WRK_1910,3305554,Seropédica,Municipal total,0,0,5,-43.724268,-22.6962649993277
WRK_1911,3305554,Seropédica,Municipal total,0,0,3,-43.722679,-22.6596409993286
WRK_1912,3305554,Seropédica,Municipal total,0,0,1314,-43.71296,-22.8378319993244
WRK_1913,3305554,Seropédica,Municipal total,0,0,7,-43.71571,-22.8218469993248
WRK_1914,3305554,Seropédica,Municipal total,0,0,115,-43.705875,-22.815292999325
WRK_1915,3305554,Seropédica,Municipal total,0,0,8,-43.715942,-22.8044849993252
WRK_1916,3305554,Seropédica,Municipal total,0,0,5,-43.718142,-22.7792039993258
WRK_1917,3305554,Seropédica,Municipal total,0,0,11,-43.712094,-22.768890999326
WRK_1918,3305554,Seropédica,Municipal total,0,0,470,-43.712759,-22.7532909993264
WRK_1919,3305554,Seropédica,Municipal total,0,0,3611,-43.707173,-22.7416419993267
WRK_1920,3305554,Seropédica,Municipal total,0,0,111,-43.709416,-22.7338179993268
WRK_1921,3305554,Seropédica,Municipal total,0,0,294,-43.716342,-22.7159669993273
WRK_1922,3305554,Seropédica,Municipal total,0,0,163,-43.717125,-22.7074379993274
WRK_1923,3305554,Seropédica,Municipal total,0,0,38,-43.714308,-22.6909789993278
WRK_1924,3305554,Seropédica,Municipal total,0,0,45,-43.69435,-22.8473049993242
WRK_1925,3305554,Seropédica,Municipal total,0,0,20,-43.698479,-22.8420849993243
WRK_1926,3305554,Seropédica,Municipal total,0,0,80,-43.695076,-22.8241399993247
WRK_1927,3305554,Seropédica,Municipal total,0,0,32,-43.693681,-22.8177829993249
WRK_1928,3305554,Seropédica,Municipal total,0,0,5,-43.695531,-22.7779279993258
WRK_1929,3305554,Seropédica,Municipal total,0,0,279,-43.690146,-22.7666039993261
WRK_1930,3305554,Seropédica,Municipal total,0,0,272,-43.69636,-22.7572009993263
WRK_1931,3305554,Seropédica,Municipal total,0,0,3530,-43.700588,-22.7445859993266
WRK_1932,3305554,Seropédica,Municipal total,0,0,503,-43.697785,-22.7355839993268
WRK_1933,3305554,Seropédica,Municipal total,0,0,4,-43.690651,-22.7136289993273
WRK_1934,3305554,Seropédica,Municipal total,0,0,25,-43.698885,-22.6996589993276
WRK_1935,3305554,Seropédica,Municipal total,0,0,38,-43.694158,-22.6946609993277
WRK_1936,3305554,Seropédica,Municipal total,0,0,62,-43.696223,-22.6772059993281
WRK_1937,3305554,Seropédica,Municipal total,0,0,49,-43.67454,-22.8609309993239
WRK_1938,3305554,Seropédica,Municipal total,0,0,80,-43.679542,-22.8536979993241
WRK_1939,3305554,Seropédica,Municipal total,0,0,83,-43.679787,-22.8379339993244
WRK_1940,3305554,Seropédica,Municipal total,0,0,58,-43.676933,-22.8280079993247
WRK_1941,3305554,Seropédica,Municipal total,0,0,1,-43.67898,-22.814798999325
WRK_1942,3305554,Seropédica,Municipal total,0,0,1125,-43.680908,-22.7806819993258
WRK_1943,3305554,Seropédica,Municipal total,0,0,1686,-43.686795,-22.7730629993259
WRK_1944,3305554,Seropédica,Municipal total,0,0,161,-43.68426,-22.7584889993263
WRK_1945,3305554,Seropédica,Municipal total,0,0,360,-43.687396,-22.7444379993266
WRK_1946,3305554,Seropédica,Municipal total,0,0,512,-43.68891,-22.7327879993268
WRK_1947,3305554,Seropédica,Municipal total,0,0,209,-43.683855,-22.7225149993271
WRK_1948,3305554,Seropédica,Municipal total,0,0,411,-43.688751,-22.7017009993276
WRK_1949,3305554,Seropédica,Municipal total,0,0,131,-43.67969,-22.6856239993279
WRK_1950,3305554,Seropédica,Municipal total,0,0,351,-43.684032,-22.681615999328
WRK_1951,3305554,Seropédica,Municipal total,0,0,156,-43.681126,-22.6639489993284
WRK_1952,3305554,Seropédica,Municipal total,0,0,57,-43.673967,-22.8605139993239
WRK_1953,3305554,Seropédica,Municipal total,0,0,101,-43.67364,-22.856725999324
WRK_1954,3305554,Seropédica,Municipal total,0,0,10,-43.669925,-22.8381639993244
WRK_1955,3305554,Seropédica,Municipal total,0,0,13,-43.665978,-22.8210739993248
WRK_1956,3305554,Seropédica,Municipal total,0,0,16,-43.668388,-22.8069669993251
WRK_1957,3305554,Seropédica,Municipal total,0,0,5,-43.664262,-22.8041829993252
WRK_1958,3305554,Seropédica,Municipal total,0,0,50,-43.665474,-22.7777719993258
WRK_1959,3305554,Seropédica,Municipal total,0,0,96,-43.665932,-22.7736959993259
WRK_1960,3305554,Seropédica,Municipal total,0,0,79,-43.673936,-22.7559489993263
WRK_1961,3305554,Seropédica,Municipal total,0,0,0,-43.662315,-22.7376559993267
WRK_1962,3305554,Seropédica,Municipal total,0,0,82,-43.669026,-22.727807999327
WRK_1963,3305554,Seropédica,Municipal total,0,0,5,-43.662818,-22.7098009993274
WRK_1964,3305554,Seropédica,Municipal total,0,0,9,-43.66366,-22.7040609993275
WRK_1965,3305554,Seropédica,Municipal total,0,0,24,-43.671383,-22.6747649993282
WRK_1966,3305554,Seropédica,Municipal total,0,0,294,-43.666141,-22.6613839993285
WRK_1967,3305554,Seropédica,Municipal total,0,0,9,-43.672069,-22.6536369993287
WRK_1968,3305554,Seropédica,Municipal total,0,0,13,-43.65387,-22.8347499993245
WRK_1969,3305554,Seropédica,Municipal total,0,0,284,-43.648741,-22.8228879993248
WRK_1970,3305554,Seropédica,Municipal total,0,0,421,-43.648334,-22.8108249993251
WRK_1971,3305554,Seropédica,Municipal total,0,0,1044,-43.649507,-22.7974559993254
WRK_1972,3305554,Seropédica,Municipal total,0,0,7,-43.65366,-22.7816719993257
WRK_1973,3305554,Seropédica,Municipal total,0,0,116,-43.654643,-22.7673649993261
WRK_1974,3305554,Seropédica,Municipal total,0,0,7,-43.646392,-22.7617709993262
WRK_1975,3305554,Seropédica,Municipal total,0,0,19,-43.651709,-22.7390679993267
WRK_1976,3305554,Seropédica,Municipal total,0,0,625,-43.654787,-22.7293079993269
WRK_1977,3305554,Seropédica,Municipal total,0,0,13,-43.653645,-22.7107769993274
WRK_1978,3305554,Seropédica,Municipal total,0,0,34,-43.650804,-22.7048579993275
WRK_1979,3305554,Seropédica,Municipal total,0,0,0,-43.65262,-22.6865809993279
WRK_1980,3305554,Seropédica,Municipal total,0,0,59,-43.654076,-22.6787629993281
WRK_1981,3305554,Seropédica,Municipal total,0,0,8,-43.653815,-22.6598809993285
WRK_1982,3305554,Seropédica,Municipal total,0,0,4,-43.638843,-22.8350179993245
WRK_1983,3305554,Seropédica,Municipal total,0,0,577,-43.634964,-22.8228469993248
WRK_1984,3305554,Seropédica,Municipal total,0,0,1532,-43.637807,-22.8090559993251
WRK_1985,3305554,Seropédica,Municipal total,0,0,3305,-43.642976,-22.7991459993253
WRK_1986,3305554,Seropédica,Municipal total,0,0,65,-43.63997,-22.7892619993256
WRK_1987,3305554,Seropédica,Municipal total,0,0,77,-43.641514,-22.770567999326
WRK_1988,3305554,Seropédica,Municipal total,0,0,12,-43.642055,-22.7620309993262
WRK_1989,3305554,Seropédica,Municipal total,0,0,45,-43.642446,-22.6626919993285
WRK_1990,3305554,Seropédica,Municipal total,0,0,7,-43.646715,-22.6542739993287
WRK_1991,3305554,Seropédica,Municipal total,0,0,70,-43.627601,-22.8215649993248
WRK_1992,3305554,Seropédica,Municipal total,0,0,40,-43.628961,-22.8159419993249
