id,municipality_code,population,cnefe_matched,dwelling_units,geo_level,old_lon,old_lat,lon,lat
RES_0000,3300456,3147,True,1370,1.0,-43.40445054999999,-22.7682347,-43.404843,-22.7673549993261
RES_0001,3300456,6397,True,2788,1.0,-43.40520815,-22.761527299999994,-43.405464,-22.7612179993262
RES_0002,3300456,4053,True,1485,1.0,-43.40547432336574,-22.755408650000007,-43.404981,-22.7558059993263
RES_0003,3300456,2814,True,1199,3.0,-43.3955754,-22.774009699999997,-43.395633,-22.7734609993259
RES_0004,3300456,5299,True,2252,3.0,-43.39716965,-22.7684528,-43.398276,-22.769492999326
RES_0005,3300456,841,True,438,1.0,-43.40196990340309,-22.7647307,-43.401669,-22.7631019993262
RES_0006,3300456,551,True,218,1.0,-43.402635908505154,-22.755473649999995,-43.402738,-22.7552309993263
RES_0007,3300456,754,True,373,2.0,-43.394695434170856,-22.7721552,-43.394367,-22.7722259993259
RES_0008,3300456,792,True,300,1.0,-43.401341699168896,-22.7615384,-43.401484,-22.7615149993262
RES_0009,3300456,273,True,111,1.0,-43.411863700000005,-22.76625084999999,-43.411819,-22.7662449993261
RES_0010,3300456,5613,True,2216,1.0,-43.41261818663451,-22.76139945,-43.412438,-22.7617359993262
RES_0011,3300456,2431,True,1023,1.0,-43.412043802048316,-22.7560718,-43.412098,-22.7550859993263
RES_0012,3300456,1664,True,742,1.0,-43.409556923678345,-22.766833349999995,-43.409397,-22.7665449993261
RES_0013,3300456,724,True,276,1.0,-43.410277300000004,-22.758207849999994,-43.410358,-22.7584069993263
RES_0014,3300456,1937,True,800,1.0,-43.4088385,-22.755468949999994,-43.408754,-22.7547349993264
RES_0015,3300456,1209,True,480,1.0,-43.4098299,-22.761857799999994,-43.409068,-22.7624889993262
RES_0016,3300456,3075,True,1248,1.0,-43.41302743891025,-22.752176999999996,-43.413603,-22.7520469993264
RES_0017,3300456,6027,True,2140,1.0,-43.414512099999996,-22.747316999999995,-43.414669,-22.7478579993265
RES_0018,3300456,2628,True,1052,1.0,-43.4067426,-22.751820350000003,-43.406099,-22.7519949993264
RES_0019,3300456,4281,True,1791,1.0,-43.40733045,-22.7480086,-43.407601,-22.7481189993265
RES_0020,3300456,1202,True,481,1.0,-43.427048299999996,-22.734052749999996,-43.427403,-22.7338349993268
RES_0021,3300456,6680,True,2175,1.0,-43.42184392988095,-22.745593449999994,-43.421515,-22.7466089993265
RES_0022,3300456,6160,True,2306,1.0,-43.4247051,-22.7402041,-43.42479,-22.7399909993267
RES_0023,3300456,577,True,232,1.0,-43.418166936430836,-22.75111845,-43.41833,-22.7509889993264
RES_0024,3300456,610,True,273,1.0,-43.4183042,-22.746966649999997,-43.418081,-22.7469599993265
RES_0025,3300456,2324,True,981,1.0,-43.42121865,-22.73771875,-43.421129,-22.7390539993267
RES_0026,3300456,2624,True,1060,1.0,-43.42145370379808,-22.73404085,-43.421915,-22.7350809993268
RES_0027,3300456,2085,True,913,1.0,-43.414326119192,-22.7440506,-43.41459,-22.7441109993266
RES_0028,3300456,8137,True,3465,1.0,-43.41434095,-22.739101700000003,-43.41485,-22.7398369993267
RES_0029,3300456,738,True,273,1.0,-43.415537900000004,-22.7355752,-43.415227,-22.7356159993268
RES_0030,3300456,1338,True,592,1.0,-43.41047598206535,-22.744891449999997,-43.409332,-22.7446849993266
RES_0031,3300456,5119,True,2267,1.0,-43.406597739561235,-22.7416753,-43.406901,-22.7412749993267
RES_0032,3300456,446,True,194,1.0,-43.4019668785058,-22.743373049999995,-43.402072,-22.7430499993266
RES_0033,3300456,814,True,328,1.0,-43.40304230054102,-22.750791099999994,-43.402865,-22.7505579993264
RES_0034,3300456,1044,True,434,1.0,-43.40377607889138,-22.74595625,-43.40372,-22.7466339993265
RES_0035,3300456,4916,True,1967,1.0,-43.40123695,-22.753136650000002,-43.400574,-22.7530239993264
RES_0036,3300456,4484,True,1734,1.0,-43.39951706736663,-22.747391099999998,-43.399131,-22.7477739993265
RES_0037,3300456,2502,True,928,1.0,-43.39462911575809,-22.746147399999998,-43.393615,-22.7463549993265
RES_0038,3300456,1878,True,733,1.0,-43.398277323946175,-22.744172750000004,-43.39864,-22.7442349993266
RES_0039,3300456,1170,True,504,1.0,-43.395999700000004,-22.742862300000002,-43.396628,-22.7424899993266
RES_0040,3300456,4997,True,2068,1.0,-43.39186076505038,-22.739843049999998,-43.391758,-22.7390509993267
RES_0041,3300456,729,True,295,1.0,-43.38970329425682,-22.7349108,-43.389671,-22.7349149993268
RES_0042,3300456,364,True,172,1.0,-43.38729590748363,-22.736282250000002,-43.387557,-22.7362399993268
RES_0043,3300456,426,True,190,1.0,-43.3865405741621,-22.735266499999994,-43.386604,-22.7351599993268
RES_0044,3300456,143,False,0,,-43.404791889078936,-22.70959855,-43.404791889078936,-22.70959855
RES_0045,3300456,817,True,72,1.0,-43.40999077968617,-22.702352199999996,-43.406004,-22.7043539993275
RES_0046,3300456,1541,True,732,1.0,-43.401291517004154,-22.71119275,-43.400764,-22.7101639993274
RES_0047,3300456,198,True,84,1.0,-43.38766747451875,-22.716387899999997,-43.387604,-22.7162699993272
RES_0048,3300456,206,True,90,1.0,-43.39398217969838,-22.6916414,-43.401733,-22.6951879993277
RES_0049,3300456,2060,True,830,1.0,-43.38460283253218,-22.71495,-43.384658,-22.7153679993273
RES_0050,3300456,3261,True,1305,1.0,-43.3846621,-22.7129762,-43.384754,-22.7130299993273
RES_0051,3300456,399,True,191,1.0,-43.391625095286415,-22.715700299999998,-43.391699,-22.7156869993272
RES_0052,3300456,202,True,97,1.0,-43.38869631896759,-22.7142409,-43.388999,-22.7140319993273
RES_0053,3300456,503,True,208,1.0,-43.3916648,-22.7173326,-43.391936,-22.7172579993272
RES_0054,3300456,1843,True,729,1.0,-43.4041378,-22.722537999999997,-43.404402,-22.7231249993271
RES_0055,3300456,964,True,400,1.0,-43.403841605817234,-22.7184224,-43.404485,-22.7190819993272
RES_0056,3300456,3642,True,1490,1.0,-43.398225343676714,-22.72351685,-43.399485,-22.7240519993271
RES_0057,3300456,2057,True,884,1.0,-43.39918646299766,-22.720086799999997,-43.399675,-22.7205139993271
RES_0058,3300456,969,True,393,1.0,-43.394813408250684,-22.72198154999999,-43.394103,-22.7224669993271
RES_0059,3300456,529,True,211,1.0,-43.3931882,-22.719839799999995,-43.392478,-22.7208029993271
RES_0060,3300456,506,True,209,1.0,-43.4028986,-22.714662099999998,-43.403178,-22.7148749993273
RES_0061,3300456,783,True,296,1.0,-43.3957714,-22.725080900000002,-43.39575,-22.725063999327
RES_0062,3300456,255,True,106,1.0,-43.390798838736835,-22.724119550000005,-43.392285,-22.724176999327
RES_0063,3300456,411,True,164,1.0,-43.401743824371586,-22.723744299999996,-43.401852,-22.7238309993271
RES_0064,3300456,528,True,217,1.0,-43.40090859561461,-22.719480249999997,-43.400942,-22.7194329993272
RES_0065,3300456,1353,True,529,1.0,-43.3974621,-22.7176934,-43.397712,-22.7177519993272
RES_0066,3300456,424,True,158,1.0,-43.394701299999994,-22.716929450000002,-43.395225,-22.7170249993272
RES_0067,3300456,1442,True,620,1.0,-43.4042768221729,-22.737892049999992,-43.404654,-22.7383219993267
RES_0068,3300456,5524,True,2239,1.0,-43.398831,-22.7395157,-43.399182,-22.7385189993267
RES_0069,3300456,2624,True,1108,1.0,-43.3984334,-22.73559805,-43.398116,-22.7351889993268
RES_0070,3300456,2196,True,845,1.0,-43.392940700467726,-22.73146225,-43.393355,-22.7322489993269
RES_0071,3300456,1517,True,600,1.0,-43.38902135000001,-22.7258316,-43.388548,-22.725433999327
RES_0072,3300456,487,True,188,1.0,-43.389169946866474,-22.720440550000003,-43.389251,-22.7217189993271
RES_0073,3300456,751,True,329,1.0,-43.38646389370696,-22.721388199999996,-43.386289,-22.7209099993271
RES_0074,3300456,713,True,288,1.0,-43.401035750000005,-22.736933899999997,-43.400917,-22.7381939993267
RES_0075,3300456,765,True,328,1.0,-43.39915590669882,-22.731678999999996,-43.399033,-22.7317649993269
RES_0076,3300456,1124,True,524,1.0,-43.3973839,-22.729039599999997,-43.397468,-22.7289129993269
RES_0077,3300456,363,True,187,1.0,-43.3955972,-22.72823165,-43.3957,-22.7283609993269
RES_0078,3300456,390,True,165,1.0,-43.393355050000004,-22.7279263,-43.393666,-22.728451999327
RES_0079,3300456,500,False,0,,-43.421372046088905,-22.7313773,-43.421372046088905,-22.7313773
RES_0080,3300456,2537,True,1014,1.0,-43.41108255,-22.7310091,-43.412733,-22.7312839993269
RES_0081,3300456,1273,True,453,1.0,-43.412674890539634,-22.72739825,-43.412605,-22.726435999327
RES_0082,3300456,576,True,239,1.0,-43.408068225421346,-22.736677949999994,-43.407948,-22.7373149993268
RES_0083,3300456,4223,True,1663,1.0,-43.4086512,-22.732916799999998,-43.407864,-22.7322499993269
RES_0084,3300456,3724,True,1442,1.0,-43.408091999999996,-22.7264122,-43.407567,-22.726185999327
RES_0085,3300456,379,True,136,1.0,-43.40288852229792,-22.729049599999996,-43.40301,-22.729023999327
RES_0086,3300456,1112,True,463,1.0,-43.402792263415336,-22.726637949999997,-43.402312,-22.727633999327
RES_0087,3300456,740,True,303,1.0,-43.41227211885392,-22.732716700000005,-43.412284,-22.7332869993268
RES_0088,3300456,2454,True,968,1.0,-43.40383913533014,-22.733588649999998,-43.404006,-22.7341749993268
RES_0089,3300456,917,True,347,1.0,-43.40030445,-22.73187935,-43.400449,-22.7335859993268
RES_0090,3300456,669,True,293,1.0,-43.40657159236059,-22.731561349999996,-43.406974,-22.7310079993269
RES_0091,3300456,491,True,191,1.0,-43.42989972148693,-22.7308125,-43.42983,-22.7306909993269
RES_0092,3300456,4349,True,1540,1.0,-43.42999008483264,-22.72557345,-43.429516,-22.726243999327
RES_0093,3300456,535,True,234,1.0,-43.427335102890694,-22.7197469,-43.427124,-22.7193739993272
RES_0094,3300456,2156,True,761,1.0,-43.4246165,-22.730376549999995,-43.424553,-22.7302629993269
RES_0095,3300456,2176,True,802,1.0,-43.42619312019608,-22.726955999999994,-43.424803,-22.727144999327
RES_0096,3300456,174,True,82,1.0,-43.42701647865485,-22.71634695,-43.427093,-22.7162629993272
RES_0097,3300456,3384,True,1233,1.0,-43.420465,-22.7251901,-43.421218,-22.725532999327
RES_0098,3300456,4158,True,1418,1.0,-43.42248395,-22.718558449999996,-43.422502,-22.7180079993272
RES_0099,3300456,2602,True,1013,1.0,-43.42000125,-22.710667299999997,-43.421159,-22.7117139993273
RES_0100,3300456,543,True,219,1.0,-43.421007454190075,-22.707120500000002,-43.421113,-22.7070709993274
RES_0101,3300456,2040,True,754,1.0,-43.4162549,-22.724620350000002,-43.415683,-22.7240359993271
RES_0102,3300456,3452,True,1391,1.0,-43.41545635026996,-22.719194849999994,-43.414226,-22.7185559993272
RES_0103,3300456,1840,True,802,1.0,-43.41531115000001,-22.710920349999995,-43.41466,-22.7105139993274
RES_0104,3300456,2156,True,807,1.0,-43.417008249999995,-22.705350599999992,-43.416739,-22.7045669993275
RES_0105,3300456,1515,True,643,1.0,-43.40643755469807,-22.718324250000002,-43.408239,-22.7177219993272
RES_0106,3300456,694,True,291,1.0,-43.40520123551387,-22.713046199999994,-43.405377,-22.7130859993273
RES_0107,3300456,1080,True,386,1.0,-43.40809408842327,-22.718577500000002,-43.408328,-22.7189509993272
RES_0108,3300456,1637,True,614,1.0,-43.36626033570887,-22.7602938,-43.365416,-22.7598569993262
RES_0109,3300456,640,True,263,1.0,-43.365801375398284,-22.75677115,-43.365626,-22.7566459993263
RES_0110,3300456,732,True,273,1.0,-43.36330941755441,-22.760920750000004,-43.363099,-22.7598649993262
RES_0111,3300456,2427,True,558,1.0,-43.3633393,-22.75345435,-43.362901,-22.7539299993264
RES_0112,3300456,367,True,139,1.0,-43.36200975,-22.743131500000004,-43.362036,-22.7430319993266
RES_0113,3300456,505,True,204,1.0,-43.35933740805133,-22.7407313,-43.359375,-22.7408719993267
RES_0114,3300456,233,True,84,1.0,-43.35584658912386,-22.7462796,-43.35604,-22.7466889993265
RES_0115,3300456,144,True,74,1.0,-43.35799955,-22.742201950000002,-43.358004,-22.7418629993266
RES_0116,3300456,657,True,252,1.0,-43.356071400000005,-22.7451017,-43.356017,-22.7447129993266
RES_0117,3300456,533,True,217,1.0,-43.365387136608504,-22.754531150000002,-43.364594,-22.7542719993264
RES_0118,3300456,609,True,231,1.0,-43.363725900000006,-22.75611755,-43.36403,-22.7560909993263
RES_0119,3300456,1126,True,328,1.0,-43.38210044244742,-22.758630700000005,-43.381982,-22.7585779993263
RES_0120,3300456,2500,True,518,1.0,-43.3815162,-22.75430015,-43.381897,-22.7541709993264
RES_0121,3300456,3958,True,1128,1.0,-43.37664793116802,-22.7580205,-43.376139,-22.7582059993263
RES_0122,3300456,4307,True,1550,1.0,-43.375519625730334,-22.7559439,-43.37497,-22.7537629993264
RES_0123,3300456,1658,True,486,1.0,-43.374666000000005,-22.746301449999997,-43.374045,-22.7470599993265
RES_0124,3300456,2534,True,906,1.0,-43.36877600447696,-22.759932399999997,-43.369212,-22.7597829993262
RES_0125,3300456,3954,True,1433,1.0,-43.36822205786599,-22.752571349999997,-43.368446,-22.7535349993264
RES_0126,3300456,463,True,182,1.0,-43.3694335,-22.746936649999995,-43.369921,-22.7467029993265
RES_0127,3300456,512,True,191,1.0,-43.37120288132911,-22.7434484,-43.371483,-22.7429689993266
RES_0128,3300456,773,True,351,1.0,-43.37410815,-22.750690150000004,-43.373367,-22.7508099993264
RES_0129,3300456,4373,True,1703,1.0,-43.39771415388293,-22.761094549999996,-43.397785,-22.7597119993262
RES_0130,3300456,2654,True,1241,1.0,-43.39611773018176,-22.754349050000002,-43.396509,-22.7553319993263
RES_0131,3300456,1038,True,336,1.0,-43.39262673504932,-22.758955649999997,-43.393116,-22.7583979993263
RES_0132,3300456,1722,True,794,1.0,-43.39240213974037,-22.755517849999997,-43.393173,-22.7552289993263
RES_0133,3300456,3276,True,1602,1.0,-43.38978445,-22.754165400000005,-43.389574,-22.7529539993264
RES_0134,3300456,5178,True,2226,1.0,-43.38930439947872,-22.74872,-43.389854,-22.7472179993265
RES_0135,3300456,646,True,305,1.0,-43.387673196050166,-22.742610550000002,-43.388641,-22.7424949993266
RES_0136,3300456,2211,True,915,1.0,-43.3846878297619,-22.746003599999998,-43.384509,-22.7470409993265
RES_0137,3300456,2056,True,729,1.0,-43.3849248,-22.741401750000005,-43.38589,-22.7420679993266
RES_0138,3300456,4098,True,1171,2.0,-43.38176443658958,-22.7383483,-43.382267,-22.7383239993267
RES_0139,3300456,1334,True,516,1.0,-43.382668161856614,-22.73443125,-43.381324,-22.7343699993268
RES_0140,3300456,410,True,183,1.0,-43.37954151126894,-22.737632650000002,-43.379542,-22.7376279993267
RES_0141,3300456,591,True,217,1.0,-43.3772118,-22.735059600000003,-43.377186,-22.7351519993268
RES_0142,3300456,698,True,266,1.0,-43.379423599999996,-22.736288249999994,-43.379592,-22.7363719993268
RES_0143,3300456,1175,True,433,1.0,-43.38102891524151,-22.7439047,-43.381985,-22.7436609993266
RES_0144,3300456,678,False,0,,-43.376936799999996,-22.74398195,-43.376936799999996,-22.74398195
RES_0145,3300456,4948,True,1886,1.0,-43.37730552236461,-22.738791250000002,-43.376146,-22.7392419993267
RES_0146,3300456,2784,True,1135,1.0,-43.37647629069579,-22.73158614999999,-43.376551,-22.7320479993269
RES_0147,3300456,934,True,368,1.0,-43.37298021875,-22.727409749999993,-43.373139,-22.727382999327
RES_0148,3300456,1800,True,804,1.0,-43.36591206847973,-22.74074505,-43.366294,-22.7388789993267
RES_0149,3300456,1473,True,642,1.0,-43.36797708580414,-22.73509885,-43.36741,-22.7341889993268
RES_0150,3300456,2728,True,1328,1.0,-43.360280110971566,-22.736808949999997,-43.360665,-22.7378979993267
RES_0151,3300456,4175,True,2043,1.0,-43.36053824124126,-22.732518399999996,-43.360268,-22.7329549993268
RES_0152,3300456,1491,True,717,1.0,-43.35271955,-22.741194450000002,-43.353581,-22.7404179993267
RES_0153,3300456,2004,True,1024,1.0,-43.35451750936958,-22.7327528,-43.354121,-22.7339809993268
RES_0154,3300456,323,True,120,1.0,-43.373179949999994,-22.730381799999996,-43.373155,-22.7302819993269
RES_0155,3300456,822,True,313,1.0,-43.37124475,-22.729488250000003,-43.370806,-22.7303499993269
RES_0156,3300456,692,True,263,1.0,-43.37475594168612,-22.72695675,-43.374785,-22.726869999327
RES_0157,3300456,304,True,107,1.0,-43.37446235,-22.7403749,-43.374408,-22.7404689993267
RES_0158,3300456,754,True,332,1.0,-43.36712635,-22.732235800000005,-43.367089,-22.7321509993269
RES_0159,3300456,2105,True,983,1.0,-43.360871279673695,-22.758679299999997,-43.359149,-22.7592129993262
RES_0160,3300456,2696,True,1246,1.0,-43.35922085,-22.754846349999994,-43.359258,-22.7554349993263
RES_0161,3300456,1147,True,490,1.0,-43.35481484583975,-22.758731749999995,-43.354032,-22.7583639993263
RES_0162,3300456,4708,True,1972,1.0,-43.35121775151009,-22.753994150000004,-43.351751,-22.7539719993264
RES_0163,3300456,6562,True,2551,1.0,-43.34644104231688,-22.75249465,-43.346551,-22.7519559993264
RES_0164,3300456,952,True,352,2.0,-43.34461469267012,-22.74992905,-43.344528,-22.7498199993265
RES_0165,3300456,366,False,0,,-43.33817915,-22.75116895,-43.33817915,-22.75116895
RES_0166,3300456,462,True,204,1.0,-43.333293325194134,-22.7546333,-43.33306,-22.7547159993264
RES_0167,3300456,153,True,60,1.0,-43.33570970070457,-22.749832199999997,-43.336429,-22.7496989993265
RES_0168,3300456,481,False,0,,-43.331389200000004,-22.754329949999992,-43.331389200000004,-22.754329949999992
RES_0169,3300456,368,True,169,1.0,-43.358941949999995,-22.75197225,-43.35903,-22.7520679993264
RES_0170,3300456,1164,True,482,1.0,-43.3556112,-22.751145449999996,-43.355538,-22.7511889993264
RES_0171,3300456,2821,True,1229,1.0,-43.3528482,-22.746655899999997,-43.352556,-22.7476259993265
RES_0172,3300456,2698,True,1214,1.0,-43.342723820223746,-22.7469265,-43.343956,-22.7466949993265
RES_0173,3300456,2731,True,1325,1.0,-43.34575227375817,-22.73935495,-43.345617,-22.7397849993267
RES_0174,3300456,1427,True,364,1.0,-43.337979674686736,-22.7473929,-43.338435,-22.7469769993265
RES_0175,3300456,1206,True,481,1.0,-43.338816358034066,-22.742200899999997,-43.338232,-22.7413769993266
RES_0176,3300456,558,True,210,1.0,-43.33161597345422,-22.743817500000002,-43.331769,-22.7437869993266
RES_0177,3300456,324,True,145,1.0,-43.3503125,-22.7427414,-43.349613,-22.7428469993266
RES_0178,3300456,322,True,166,1.0,-43.3480563628876,-22.74354055,-43.348754,-22.7427209993266
RES_0179,3300456,846,True,371,1.0,-43.34169555,-22.740956499999996,-43.341274,-22.7407329993267
RES_0180,3300456,503,True,219,1.0,-43.33971975,-22.740732449999996,-43.339614,-22.7407109993267
RES_0181,3300456,523,True,205,1.0,-43.33285247318494,-22.742762199999998,-43.332799,-22.7425819993266
RES_0182,3300456,3425,True,1353,1.0,-43.33543195,-22.741366699999993,-43.334915,-22.7415289993267
RES_0183,3300456,210,False,0,,-43.33507623364535,-22.74355295,-43.33507623364535,-22.74355295
RES_0184,3300456,1887,True,831,1.0,-43.34388480952947,-22.735602750000005,-43.344855,-22.7361609993268
RES_0185,3300456,3694,True,1602,1.0,-43.34459792710089,-22.73323155,-43.344514,-22.7334679993268
RES_0186,3300456,2359,True,1011,1.0,-43.33616254624651,-22.736351949999996,-43.335296,-22.7377629993267
RES_0187,3300456,5033,True,2065,1.0,-43.33553934145014,-22.732403950000002,-43.336115,-22.7319449993269
RES_0188,3300456,663,True,281,1.0,-43.3395001,-22.728027899999994,-43.339576,-22.728127999327
RES_0189,3300456,2219,True,1003,1.0,-43.33105214932942,-22.73973315,-43.33094,-22.7389909993267
RES_0190,3300456,2436,True,1000,1.0,-43.33102885,-22.730386700000004,-43.330214,-22.7310679993269
RES_0191,3300456,330,True,154,1.0,-43.33262865282988,-22.728043049999993,-43.332612,-22.727879999327
RES_0192,3300456,391,True,179,1.0,-43.34114418917661,-22.737737799999998,-43.341285,-22.7377509993267
RES_0193,3300456,614,True,294,1.0,-43.33945842463592,-22.738650749999998,-43.339298,-22.7383639993267
RES_0194,3300456,556,True,230,1.0,-43.331057200000004,-22.734371299999992,-43.331186,-22.7346139993268
RES_0195,3300456,3029,True,1265,1.0,-43.33636149730786,-22.724830499999996,-43.335028,-22.7243149993271
RES_0196,3300456,457,True,194,1.0,-43.3340889801728,-22.72092995,-43.333887,-22.7209989993271
RES_0197,3300456,2606,True,1150,1.0,-43.329960012121205,-22.7228418,-43.330843,-22.7234339993271
RES_0198,3300456,4071,True,1722,1.0,-43.329519508148124,-22.717956949999998,-43.328774,-22.7189359993272
RES_0199,3300456,485,True,254,1.0,-43.3232227,-22.714347099999998,-43.323717,-22.7154259993273
RES_0200,3300456,140,True,63,1.0,-43.328422503002784,-22.72397455,-43.328355,-22.724179999327
RES_0201,3300456,1787,True,645,1.0,-43.33704982780411,-22.7228158,-43.337434,-22.7222329993271
RES_0202,3300456,956,True,420,1.0,-43.33511628226795,-22.714837149999997,-43.334592,-22.7151169993273
RES_0203,3300456,2376,True,1012,1.0,-43.3349350988708,-22.711882850000002,-43.334552,-22.7117469993273
RES_0204,3300456,842,True,275,1.0,-43.331911989035085,-22.717050149999995,-43.332113,-22.7169759993272
RES_0205,3300456,6443,True,2779,1.0,-43.32978931415197,-22.710238699999994,-43.329457,-22.7104479993274
RES_0206,3300456,437,True,193,1.0,-43.32485015,-22.712419800000003,-43.324862,-22.7121839993273
RES_0207,3300456,1080,True,458,1.0,-43.32503165,-22.710980049999996,-43.325071,-22.7108509993274
RES_0208,3300456,355,True,143,3.0,-43.351925907762556,-22.7094187,-43.352365,-22.7097749993274
RES_0209,3300456,2960,True,1273,1.0,-43.343295499693255,-22.709270899999996,-43.343793,-22.7099449993274
RES_0210,3300456,2367,True,1091,1.0,-43.341780197735346,-22.70479065,-43.34216,-22.7048249993275
RES_0211,3300456,72,True,32,1.0,-43.34480783797578,-22.697902850000006,-43.342998,-22.6972789993277
RES_0212,3300456,4769,True,1913,1.0,-43.3376641,-22.70982825,-43.338122,-22.7097889993274
RES_0213,3300456,6021,True,2525,1.0,-43.337196250000005,-22.703102650000005,-43.337524,-22.7035819993275
RES_0214,3300456,1599,True,637,1.0,-43.33145332362311,-22.70416655,-43.331785,-22.7044859993275
RES_0215,3300456,852,True,258,1.0,-43.34309305,-22.701927599999998,-43.343594,-22.7015969993276
RES_0216,3300456,276,True,141,1.0,-43.345423858034295,-22.705789949999996,-43.345321,-22.7057119993275
RES_0217,3300456,21,False,0,,-43.337651050000005,-22.700939149999996,-43.337651050000005,-22.700939149999996
RES_0218,3300456,158,True,46,1.0,-43.339031752627356,-22.699228899999994,-43.338501,-22.6996699993276
RES_0219,3300456,244,False,0,,-43.33137685,-22.701716150000003,-43.33137685,-22.701716150000003
RES_0220,3300456,1367,True,565,1.0,-43.35116538704908,-22.725420599999996,-43.349897,-22.724689999327
RES_0221,3300456,3899,True,1521,2.0,-43.35134376428853,-22.71990449999999,-43.350759,-22.7197559993272
RES_0222,3300456,201,True,86,1.0,-43.34800735,-22.72905625,-43.348264,-22.7289779993269
RES_0223,3300456,5398,True,2233,1.0,-43.34559985,-22.725337199999995,-43.344526,-22.7239269993271
RES_0224,3300456,2243,True,974,1.0,-43.345084136842104,-22.7198184,-43.344882,-22.7177439993272
RES_0225,3300456,528,True,241,1.0,-43.3440645,-22.712867599999996,-43.344144,-22.7127949993273
RES_0226,3300456,921,True,420,1.0,-43.33929255,-22.721271199999997,-43.340047,-22.7226789993271
RES_0227,3300456,2618,True,1079,1.0,-43.3371796,-22.718988349999997,-43.337561,-22.7187409993272
RES_0228,3300456,913,True,322,1.0,-43.342245178527605,-22.728012399999994,-43.342796,-22.727431999327
RES_0229,3300456,343,True,135,1.0,-43.34686077850162,-22.7285914,-43.347053,-22.7286159993269
RES_0230,3300456,165,True,68,1.0,-43.346527300000005,-22.727461400000003,-43.346806,-22.727596999327
RES_0231,3300456,1726,True,648,1.0,-43.367278850000005,-22.719364050000003,-43.366457,-22.7194269993272
RES_0232,3300456,12,True,21,1.0,-43.365583550000004,-22.711610299999997,-43.364764,-22.7159899993272
RES_0233,3300456,110,True,61,1.0,-43.3693619,-22.696744000000002,-43.364968,-22.6944609993277
RES_0234,3300456,2909,True,1184,1.0,-43.359427,-22.721958900000004,-43.359859,-22.7231809993271
RES_0235,3300456,2676,True,1074,1.0,-43.358463799999996,-22.718310799999998,-43.359471,-22.7184939993272
RES_0236,3300456,509,True,195,1.0,-43.357989181179775,-22.707604349999997,-43.356372,-22.7088969993274
RES_0237,3300456,1405,True,629,1.0,-43.35232463488509,-22.7311086,-43.352048,-22.7304689993269
RES_0238,3300456,2279,True,963,1.0,-43.35274591487442,-22.725744650000003,-43.353328,-22.725390999327
RES_0239,3300456,2438,True,837,1.0,-43.35401362723988,-22.7148202,-43.353708,-22.7170309993272
RES_0240,3300456,2202,True,823,1.0,-43.35226992193878,-22.71111025,-43.351788,-22.7119039993273
RES_0241,3300456,564,True,265,1.0,-43.348350559641176,-22.731348150000002,-43.348274,-22.7311549993269
RES_0242,3300456,311,True,156,1.0,-43.34722877391383,-22.712466999999997,-43.347239,-22.7122679993273
RES_0243,3300456,423,True,176,1.0,-43.350408242777995,-22.728610849999995,-43.350301,-22.728599999327
RES_0244,3300456,773,True,347,1.0,-43.35232715,-22.727911,-43.352508,-22.727960999327
RES_0245,3300456,2878,True,1128,1.0,-43.381178914522195,-22.718467699999998,-43.381357,-22.7185189993272
RES_0246,3300456,2873,True,1211,1.0,-43.37709546180986,-22.72258625,-43.376058,-22.7234779993271
RES_0247,3300456,3966,True,1700,1.0,-43.3758237,-22.7163478,-43.37759,-22.7179779993272
RES_0248,3300456,894,True,342,1.0,-43.37816115,-22.712773849999998,-43.377474,-22.7134009993273
RES_0249,3300456,3922,True,1667,1.0,-43.36772879258818,-22.724294549999996,-43.368942,-22.724747999327
RES_0250,3300456,1043,True,440,1.0,-43.359464351418396,-22.729244450000003,-43.359364,-22.7293509993269
RES_0251,3300456,2318,True,945,1.0,-43.3613765077957,-22.725902149999996,-43.361341,-22.725828999327
RES_0252,3300456,496,True,189,1.0,-43.3664811,-22.730627349999992,-43.366621,-22.7304199993269
RES_0253,3300456,1145,True,482,1.0,-43.366063213510635,-22.72491734999999,-43.365852,-22.725808999327
RES_0254,3300456,732,True,257,1.0,-43.373547931155514,-22.721904549999998,-43.373442,-22.7220109993271
RES_0255,3300456,503,True,182,3.0,-43.373309899999995,-22.719746649999998,-43.373323,-22.7201209993272
RES_0256,3300456,414,True,171,1.0,-43.371234397958716,-22.721974399999986,-43.371786,-22.7220449993271
RES_0257,3300456,749,True,311,1.0,-43.37050112543949,-22.720780499999996,-43.371177,-22.7204679993271
RES_0258,3300456,1022,True,408,1.0,-43.38152365465325,-22.731319,-43.382427,-22.7307689993269
RES_0259,3300456,5544,True,2215,1.0,-43.38378188321326,-22.724082599999996,-43.383013,-22.725421999327
RES_0260,3300456,903,True,372,1.0,-43.3780743677954,-22.72654905,-43.378389,-22.726863999327
RES_0261,3300456,685,True,259,1.0,-43.379337050000004,-22.7284769,-43.379443,-22.728449999327
RES_0262,3300456,1708,True,659,1.0,-43.38779135,-22.732574399999997,-43.387907,-22.7322179993269
RES_0263,3300456,1873,True,687,1.0,-43.38510357515684,-22.729939350000002,-43.385971,-22.7306189993269
RES_0264,3300456,1241,True,467,1.0,-43.42723445098321,-22.71244924999999,-43.427322,-22.7105059993274
RES_0265,3300456,914,True,334,1.0,-43.4285517,-22.704973149999997,-43.429047,-22.7054459993275
RES_0266,3300456,2158,True,773,1.0,-43.42646587827505,-22.710054999999997,-43.424764,-22.7110299993274
RES_0267,3300456,3329,True,1279,1.0,-43.42319430403481,-22.70546975,-43.423605,-22.7058479993275
RES_0268,3300456,1308,True,516,1.0,-43.41804107048756,-22.70236835,-43.416489,-22.7019309993276
RES_0269,3300456,558,True,219,1.0,-43.429706949999996,-22.703122599999997,-43.429788,-22.7031019993275
RES_0270,3300456,971,True,363,1.0,-43.42264410070753,-22.703964799999994,-43.423338,-22.7039379993275
RES_0271,3300456,151,True,58,1.0,-43.41515925601695,-22.700156800000002,-43.41534,-22.6996529993276
RES_0272,3300456,790,True,302,1.0,-43.423916399999996,-22.7106249,-43.424172,-22.7103519993274
RES_0273,3300456,271,True,153,1.0,-43.42924824927312,-22.703588100000005,-43.429421,-22.7037439993275
RES_0274,3300803,215,True,127,1.0,-42.89242227737881,-22.6104672,-42.892239,-22.6098639993297
RES_0275,3300803,121,True,70,1.0,-42.88770109756871,-22.606461849999995,-42.886146,-22.6046429993298
RES_0276,3300803,172,True,98,1.0,-42.873770989037894,-22.615866149999995,-42.873673,-22.6157859993296
RES_0277,3300803,360,True,196,1.0,-42.8701339,-22.58679825,-42.869718,-22.5870129993302
RES_0278,3300803,160,True,97,1.0,-42.853837999999996,-22.573919800000002,-42.852607,-22.5729469993306
RES_0279,3300803,92,True,56,1.0,-42.849735100000004,-22.601612849999995,-42.850792,-22.6021889993299
RES_0280,3300803,185,True,80,1.0,-42.83401585572726,-22.626816750000003,-42.833287,-22.6266749993293
RES_0281,3300803,92,True,79,1.0,-42.832491171634516,-22.6053384,-42.832589,-22.6053119993298
RES_0282,3300803,121,True,45,1.0,-42.8330484,-22.582671749999996,-42.833063,-22.5765159993305
RES_0283,3300803,18,True,13,1.0,-42.820457578290764,-22.576858299999998,-42.820368,-22.5765999993305
RES_0284,3301702,2565,True,1194,1.0,-43.29366603471303,-22.797195649999995,-43.293998,-22.7964339993254
RES_0285,3301702,5341,True,2548,1.0,-43.29655309696264,-22.78908765,-43.296455,-22.7887329993256
RES_0286,3301702,1402,True,634,1.0,-43.296421677417015,-22.785002099999996,-43.296173,-22.7853619993256
RES_0287,3301702,906,True,352,1.0,-43.28554327484528,-22.8054285,-43.285587,-22.8056589993252
RES_0288,3301702,3072,True,1505,1.0,-43.2913076,-22.795032999999997,-43.290955,-22.7949729993254
RES_0289,3301702,5460,True,2411,1.0,-43.2909468304296,-22.790572749999995,-43.291109,-22.7898799993255
RES_0290,3301702,4471,True,2034,1.0,-43.28965235,-22.78091715,-43.290809,-22.7819689993257
RES_0291,3301702,334,True,156,2.0,-43.28684045,-22.77732965,-43.287242,-22.7772479993258
RES_0292,3301702,5262,True,2017,1.0,-43.28191943680431,-22.8054209,-43.281949,-22.8056249993252
RES_0293,3301702,720,True,330,1.0,-43.28644347985778,-22.782538149999997,-43.286376,-22.7829789993257
RES_0294,3301702,443,True,190,1.0,-43.286565970482755,-22.803927999999996,-43.286904,-22.8038569993252
RES_0295,3301702,1848,True,765,1.0,-43.2803651,-22.8041228,-43.279825,-22.8043219993252
RES_0296,3301702,2730,True,1178,1.0,-43.2860285,-22.796253149999995,-43.286837,-22.7965529993254
RES_0297,3301702,5296,True,2182,1.0,-43.29565707523468,-22.7871131,-43.29573,-22.7872969993256
RES_0298,3301702,1326,True,639,2.0,-43.30205155,-22.795747799999997,-43.302928,-22.7944179993254
RES_0299,3301702,5116,True,2544,1.0,-43.30419085,-22.78915655,-43.304295,-22.7891559993256
RES_0300,3301702,2678,True,1529,1.0,-43.30281659781643,-22.78312995,-43.303241,-22.7839519993257
RES_0301,3301702,1852,True,977,1.0,-43.298295404036864,-22.794126149999997,-43.297777,-22.7944569993254
RES_0302,3301702,1825,True,879,1.0,-43.298315450000004,-22.79097965,-43.297975,-22.7904629993255
RES_0303,3301702,1524,True,744,1.0,-43.29978353298865,-22.78372715,-43.300288,-22.7831699993257
RES_0304,3301702,1253,True,673,1.0,-43.317267832417585,-22.787502900000003,-43.317726,-22.7871259993256
RES_0305,3301702,2760,True,1649,1.0,-43.31383120379854,-22.78860265,-43.313573,-22.7893189993256
RES_0306,3301702,6966,True,3577,1.0,-43.31366380090759,-22.7819226,-43.312976,-22.7827469993257
RES_0307,3301702,1573,True,505,1.0,-43.30773844841662,-22.797752199999994,-43.308062,-22.7974259993253
RES_0308,3301702,566,True,386,1.0,-43.3066633,-22.790584099999997,-43.308014,-22.7909389993255
RES_0309,3301702,2362,True,1264,1.0,-43.30712786656672,-22.78245115,-43.306107,-22.7827769993257
RES_0310,3301702,4709,True,1731,1.0,-43.31051454963574,-22.795315100000003,-43.309893,-22.7958229993254
RES_0311,3301702,1995,True,689,1.0,-43.30700240413729,-22.794967999999997,-43.307865,-22.7945029993254
RES_0312,3301702,363,True,156,1.0,-43.30787738019441,-22.794880699999997,-43.307866,-22.7948059993254
RES_0313,3301702,4413,True,1955,1.0,-43.326971473525646,-22.796832299999995,-43.327185,-22.7958519993254
RES_0314,3301702,4154,True,1928,1.0,-43.3266838,-22.7897295,-43.326822,-22.7896489993255
RES_0315,3301702,2116,True,933,1.0,-43.3258064789826,-22.784819300000002,-43.326705,-22.7852019993256
RES_0316,3301702,7551,True,3190,1.0,-43.32218245502273,-22.797584199999996,-43.322144,-22.7975469993254
RES_0317,3301702,8246,True,3868,1.0,-43.32032972454857,-22.791084999999995,-43.320443,-22.7902099993255
RES_0318,3301702,1255,True,559,1.0,-43.322601399999996,-22.7845187,-43.322358,-22.7845919993257
RES_0319,3301702,1945,True,709,1.0,-43.31482722443946,-22.797093949999997,-43.314819,-22.7973049993254
RES_0320,3301702,872,True,385,1.0,-43.31489444725994,-22.7928302,-43.315203,-22.7922709993255
RES_0321,3301702,1359,True,491,1.0,-43.32799665,-22.800819699999998,-43.328776,-22.8010309993253
RES_0322,3301702,1714,True,688,1.0,-43.32680982033439,-22.7997785,-43.327312,-22.7998219993253
RES_0323,3301702,944,True,447,1.0,-43.316570030919394,-22.795025499999998,-43.316869,-22.7948279993254
RES_0324,3301702,3166,True,1453,1.0,-43.313336401007675,-22.7948177,-43.313911,-22.7946999993254
RES_0325,3301702,2620,True,1145,1.0,-43.3260656,-22.782205399999995,-43.326492,-22.7819089993257
RES_0326,3301702,1583,True,673,1.0,-43.32662485,-22.777182299999996,-43.326992,-22.7776829993258
RES_0327,3301702,5690,True,2520,1.0,-43.320464349999995,-22.7823779,-43.319988,-22.7815969993257
RES_0328,3301702,2447,True,964,1.0,-43.3197281,-22.776852449999993,-43.319866,-22.7772259993258
RES_0329,3301702,390,True,191,1.0,-43.31648159697093,-22.78088785,-43.316799,-22.7809209993257
RES_0330,3301702,334,True,134,1.0,-43.3240505,-22.778772250000003,-43.323893,-22.7786009993258
RES_0331,3301702,1382,True,606,1.0,-43.318795347971296,-22.775573900000005,-43.319002,-22.7749399993259
RES_0332,3301702,1264,True,535,1.0,-43.320406500000004,-22.778908899999998,-43.32116,-22.7787229993258
RES_0333,3301702,2326,True,853,1.0,-43.321319343294036,-22.777605949999995,-43.320575,-22.7776819993258
RES_0334,3301702,357,True,165,1.0,-43.316863149999996,-22.777028249999994,-43.317118,-22.7771829993258
RES_0335,3301702,10253,True,4401,3.0,-43.312314676589,-22.775136250000003,-43.312912,-22.7754059993259
RES_0336,3301702,2150,True,864,1.0,-43.31217274594629,-22.768326100000003,-43.311135,-22.768879999326
RES_0337,3301702,1077,True,487,1.0,-43.308572043775484,-22.772374449999997,-43.308119,-22.7725859993259
RES_0338,3301702,2956,True,1386,1.0,-43.306980111445014,-22.766819150000003,-43.307226,-22.7673339993261
RES_0339,3301702,549,True,214,1.0,-43.31712058072034,-22.7721138,-43.317388,-22.7726769993259
RES_0340,3301702,1255,True,397,1.0,-43.32716473908421,-22.77470075,-43.327715,-22.7727319993259
RES_0341,3301702,4747,True,1774,1.0,-43.3264137,-22.766750800000004,-43.327034,-22.7673469993261
RES_0342,3301702,1925,True,794,1.0,-43.3268497125886,-22.761843250000002,-43.325924,-22.7626109993262
RES_0343,3301702,8068,True,3068,1.0,-43.322072899999995,-22.76683405,-43.321059,-22.7677369993261
RES_0344,3301702,6190,True,2862,1.0,-43.320206400000004,-22.760541999999994,-43.320658,-22.7611219993262
RES_0345,3301702,253,True,117,1.0,-43.317612350000005,-22.756725849999995,-43.317677,-22.7567589993263
RES_0346,3301702,2826,True,1164,1.0,-43.3132772,-22.7650267,-43.312584,-22.7655839993261
RES_0347,3301702,5119,True,2540,1.0,-43.3145521,-22.7613126,-43.314071,-22.7609109993262
RES_0348,3301702,1916,True,869,1.0,-43.31479733592297,-22.755596899999993,-43.314299,-22.7553769993263
RES_0349,3301702,28,True,10,1.0,-43.32826726534955,-22.7561823,-43.328525,-22.7561869993263
RES_0350,3301702,899,True,395,1.0,-43.318476296380894,-22.77180405,-43.318608,-22.771789999326
RES_0351,3301702,923,True,339,1.0,-43.3244376222477,-22.77341274999999,-43.324669,-22.7738369993259
RES_0352,3301702,394,True,139,1.0,-43.32738557695258,-22.771309549999998,-43.32739,-22.771223999326
RES_0353,3301702,1625,True,691,1.0,-43.31006975,-22.759861249999993,-43.310016,-22.7599569993262
RES_0354,3301702,2671,True,1160,1.0,-43.31032125592262,-22.7558097,-43.310906,-22.7546059993264
RES_0355,3301702,4386,True,2221,1.0,-43.3067533,-22.761386749999993,-43.306457,-22.7602549993262
RES_0356,3301702,6666,True,3500,1.0,-43.30652794413176,-22.753234949999992,-43.305206,-22.7539749993264
RES_0357,3301702,924,True,471,1.0,-43.3035091,-22.749138149999993,-43.30322,-22.7490149993265
RES_0358,3301702,1765,True,835,1.0,-43.29621821034411,-22.758567550000002,-43.29632,-22.7585789993263
RES_0359,3301702,6471,True,3027,1.0,-43.298189,-22.752039449999998,-43.297831,-22.7524859993264
RES_0360,3301702,1904,True,863,1.0,-43.297928012864084,-22.749390399999996,-43.298304,-22.7495589993265
RES_0361,3301702,201,True,86,1.0,-43.2863509,-22.762961250000004,-43.28561,-22.7647089993261
RES_0362,3301702,2824,True,1172,1.0,-43.29140635,-22.75398795,-43.291136,-22.7541169993264
RES_0363,3301702,501,True,174,1.0,-43.292696776555715,-22.748488299999998,-43.293411,-22.7482409993265
RES_0364,3301702,749,True,323,1.0,-43.28146433690141,-22.7647514,-43.282478,-22.7649539993261
RES_0365,3301702,4652,True,1833,1.0,-43.28250928608125,-22.7608093,-43.281134,-22.7604249993262
RES_0366,3301702,1765,True,724,1.0,-43.2814922,-22.756314000000003,-43.281231,-22.7549579993263
RES_0367,3301702,4266,True,1778,1.0,-43.27448295588235,-22.760146799999998,-43.275177,-22.7601859993262
RES_0368,3301702,1670,True,665,1.0,-43.277410155824995,-22.754491100000003,-43.27664,-22.7540429993264
RES_0369,3301702,788,True,296,1.0,-43.27918355,-22.751207899999997,-43.278774,-22.7504699993265
RES_0370,3301702,1292,True,473,1.0,-43.27441695,-22.750971749999998,-43.275126,-22.7503529993264
RES_0371,3301702,117,True,63,1.0,-43.307839446367524,-22.750369649999996,-43.308048,-22.7505999993264
RES_0372,3301702,1256,True,703,1.0,-43.279033950000006,-22.7658608,-43.278633,-22.7663159993261
RES_0373,3301702,301,True,118,1.0,-43.27628273912984,-22.764877399999996,-43.276249,-22.7647329993261
RES_0374,3301702,1329,True,512,1.0,-43.290141500000004,-22.751196049999997,-43.290351,-22.7514609993264
RES_0375,3301702,612,True,216,1.0,-43.27111581835412,-22.755049199999995,-43.271631,-22.7564169993263
RES_0376,3301702,135,True,63,1.0,-43.29213622907781,-22.7553697,-43.292188,-22.7551399993263
RES_0377,3301702,337,True,115,1.0,-43.28151895,-22.751030599999993,-43.281182,-22.7515109993264
RES_0378,3301702,3399,True,1496,1.0,-43.3047978,-22.773633749999995,-43.304457,-22.7734259993259
RES_0379,3301702,4351,True,1899,1.0,-43.30300295,-22.7689486,-43.303417,-22.768110999326
RES_0380,3301702,1382,True,612,1.0,-43.30183766045296,-22.761604,-43.302279,-22.7621389993262
RES_0381,3301702,3997,True,1805,1.0,-43.29685525,-22.773287449999998,-43.297797,-22.7727399993259
RES_0382,3301702,9551,True,4235,1.0,-43.29726777457232,-22.766715499999993,-43.297731,-22.7675269993261
RES_0383,3301702,6327,True,2874,1.0,-43.29809101789722,-22.76050045,-43.298517,-22.7603309993262
RES_0384,3301702,1260,True,661,1.0,-43.2996369469653,-22.755541150000006,-43.299614,-22.7556319993263
RES_0385,3301702,4138,True,1937,1.0,-43.292071539068964,-22.76741895,-43.292215,-22.7667649993261
RES_0386,3301702,3991,True,1781,1.0,-43.2911962,-22.759254399999996,-43.291128,-22.7605889993262
RES_0387,3301702,467,True,194,1.0,-43.300257999472834,-22.76422945,-43.300312,-22.7642199993261
RES_0388,3301702,2281,True,1105,1.0,-43.303015696105476,-22.7805391,-43.30344,-22.7797399993258
RES_0389,3301702,3004,True,1392,1.0,-43.30402025,-22.776986049999998,-43.30397,-22.7768329993258
RES_0390,3301702,5572,True,2470,1.0,-43.29728985214537,-22.7805784,-43.296066,-22.7809509993257
RES_0391,3301702,5505,True,2696,1.0,-43.297971200000006,-22.776144350000003,-43.297033,-22.7761109993259
RES_0392,3301702,1095,True,516,1.0,-43.2925398,-22.77984825,-43.292329,-22.7796719993258
RES_0393,3301702,5662,True,2754,1.0,-43.2900209,-22.774801999999998,-43.29008,-22.7747119993259
RES_0394,3301702,1694,True,737,1.0,-43.2895153,-22.76963955,-43.289428,-22.770069999326
RES_0395,3301702,1305,True,654,1.0,-43.28428894586532,-22.779621399999996,-43.283566,-22.7883629993256
RES_0396,3301702,1021,True,485,1.0,-43.325659904575005,-22.751606349999996,-43.325882,-22.7518469993264
RES_0397,3301702,4281,True,1913,2.0,-43.325899528909034,-22.747275699999996,-43.32615,-22.7473939993265
RES_0398,3301702,1310,True,572,1.0,-43.327552122861555,-22.73945825,-43.326586,-22.7384209993267
RES_0399,3301702,472,True,225,1.0,-43.32711295,-22.734220499999992,-43.326979,-22.7344429993268
RES_0400,3301702,1412,True,608,1.0,-43.322428800000004,-22.7521602,-43.322574,-22.7516619993264
RES_0401,3301702,8267,True,3305,1.0,-43.322924400000005,-22.747128350000004,-43.322498,-22.7472169993265
RES_0402,3301702,4747,True,2133,1.0,-43.32060919769446,-22.73962385,-43.321041,-22.7398349993267
RES_0403,3301702,333,True,134,1.0,-43.324637204567026,-22.7343518,-43.324618,-22.7343419993268
RES_0404,3301702,2282,True,918,1.0,-43.31559702920032,-22.743280049999996,-43.3161,-22.7438319993266
RES_0405,3301702,638,True,266,1.0,-43.316338909090916,-22.741975499999995,-43.316209,-22.7419189993266
RES_0406,3301702,334,True,140,1.0,-43.31115564684623,-22.75012715,-43.311116,-22.7500699993265
RES_0407,3301702,1928,True,703,1.0,-43.3127596,-22.7473162,-43.312616,-22.7471829993265
RES_0408,3301702,827,True,331,1.0,-43.30923459875358,-22.7478903,-43.308969,-22.7482679993265
RES_0409,3301702,544,True,234,1.0,-43.32139286632329,-22.7458143,-43.321226,-22.7458939993265
RES_0410,3301702,883,True,310,1.0,-43.32567272019199,-22.742913449999996,-43.325368,-22.7428379993266
RES_0411,3301702,1200,True,461,1.0,-43.32602878039977,-22.740835349999998,-43.326164,-22.7415509993267
RES_0412,3301702,1688,True,669,1.0,-43.312441799999995,-22.74405195,-43.312569,-22.7447489993266
RES_0413,3301702,1376,True,576,1.0,-43.32648557737299,-22.72981985,-43.326438,-22.7300139993269
RES_0414,3301702,795,True,340,1.0,-43.32559783061555,-22.72321755,-43.325298,-22.7242349993271
RES_0415,3301702,926,True,423,1.0,-43.31817885,-22.735579449999996,-43.318819,-22.7361359993268
RES_0416,3301702,4542,True,2014,1.0,-43.3210289810452,-22.731081399999997,-43.321372,-22.7318959993269
RES_0417,3301702,6227,True,2625,1.0,-43.322696149999985,-22.72465155000001,-43.321514,-22.724859999327
RES_0418,3301702,986,True,402,1.0,-43.3101757,-22.743761399999997,-43.310743,-22.7435139993266
RES_0419,3301702,4663,True,2073,1.0,-43.31360995,-22.738159949999996,-43.313308,-22.7389029993267
RES_0420,3301702,2780,True,1312,1.0,-43.3162205,-22.732643599999996,-43.314526,-22.7325909993268
RES_0421,3301702,1149,True,471,1.0,-43.31635780379899,-22.725940849999994,-43.315965,-22.726151999327
RES_0422,3301702,472,True,204,1.0,-43.30921135,-22.743912549999997,-43.308561,-22.7445539993266
RES_0423,3301702,1559,True,714,1.0,-43.30846907308146,-22.741896599999997,-43.307947,-22.7411849993267
RES_0424,3301702,88,True,38,1.0,-43.28230874644595,-22.6445402,-43.282942,-22.6443309993289
RES_0425,3301702,757,True,332,1.0,-43.31551300177993,-22.731546599999994,-43.315507,-22.7310909993269
RES_0426,3301702,1393,True,587,1.0,-43.313495200463265,-22.730773599999992,-43.313264,-22.7307899993269
RES_0427,3301702,85,True,30,1.0,-43.32532895969746,-22.72178555,-43.325172,-22.7218769993271
RES_0428,3301702,1107,True,427,1.0,-43.32349342892212,-22.72147485,-43.323623,-22.7215199993271
RES_0429,3301702,802,True,338,1.0,-43.3242601675926,-22.719909249999997,-43.324107,-22.7200169993271
RES_0430,3301702,271,True,98,1.0,-43.31648885,-22.739705499999992,-43.3164,-22.7398629993267
RES_0431,3301702,222,True,92,1.0,-43.31817090224868,-22.721232199999996,-43.317997,-22.7213309993271
RES_0432,3301702,4317,True,1858,1.0,-43.320687804712264,-22.716868150000003,-43.320045,-22.7177289993272
RES_0433,3301702,725,True,294,1.0,-43.318439299999994,-22.713533249999994,-43.31888,-22.7133459993273
RES_0434,3301702,4385,True,1897,2.0,-43.31291541416941,-22.723668949999997,-43.312877,-22.7232669993271
RES_0435,3301702,6029,True,2431,1.0,-43.312922750000006,-22.718708200000005,-43.312849,-22.7190319993272
RES_0436,3301702,280,True,105,1.0,-43.3078026875098,-22.739292699999996,-43.307834,-22.7396729993267
RES_0437,3301702,5252,True,1942,1.0,-43.30505288797743,-22.73330524999999,-43.304421,-22.7312949993269
RES_0438,3301702,1844,True,720,1.0,-43.30255173011318,-22.723666799999997,-43.304973,-22.724664999327
RES_0439,3301702,845,True,333,1.0,-43.308514757136585,-22.720689050000004,-43.30867,-22.7207429993271
RES_0440,3301702,359,True,172,1.0,-43.29926555,-22.728412549999998,-43.299435,-22.7283939993269
RES_0441,3301702,940,True,252,1.0,-43.29919366144418,-22.726894700000003,-43.299019,-22.726953999327
RES_0442,3301702,551,True,283,1.0,-43.305961800000006,-22.74345665,-43.306963,-22.7453329993266
RES_0443,3301702,254,True,121,1.0,-43.300893444876664,-22.734040399999998,-43.300532,-22.7330299993268
RES_0444,3301702,1427,True,582,1.0,-43.306962588001426,-22.721647049999994,-43.304983,-22.7224969993271
RES_0445,3301702,174,True,68,1.0,-43.30093385,-22.726340999999998,-43.300854,-22.726417999327
RES_0446,3301702,6142,True,2725,1.0,-43.31332335,-22.7114043,-43.312925,-22.7103199993274
RES_0447,3301702,982,True,406,1.0,-43.30833985118424,-22.7137266,-43.308383,-22.7135359993273
RES_0448,3301702,7297,True,3224,1.0,-43.30630065,-22.710284400000003,-43.305838,-22.7097799993274
RES_0449,3301702,2528,True,1164,1.0,-43.30496655,-22.705364799999998,-43.304224,-22.7049319993275
RES_0450,3301702,1054,True,443,1.0,-43.30081597235338,-22.7143614,-43.301119,-22.7141179993273
RES_0451,3301702,4313,True,2021,1.0,-43.29871726864391,-22.708245400000003,-43.298583,-22.7087199993274
RES_0452,3301702,3070,True,1230,1.0,-43.2996193,-22.7012443,-43.299504,-22.7009739993276
RES_0453,3301702,626,True,142,1.0,-43.29168475,-22.707001,-43.291764,-22.7069239993275
RES_0454,3301702,1461,True,609,1.0,-43.2937067,-22.699992549999997,-43.293676,-22.7012339993276
RES_0455,3301702,875,True,353,1.0,-43.29265473659704,-22.696538250000003,-43.292332,-22.6977779993277
RES_0456,3301702,1338,True,615,1.0,-43.29998716581921,-22.7039495,-43.299845,-22.7037139993275
RES_0457,3301702,349,True,170,1.0,-43.29088637121844,-22.6986454,-43.290484,-22.6997779993276
RES_0458,3301702,414,False,0,,-43.27980799687499,-22.70913965,-43.27980799687499,-22.70913965
RES_0459,3301702,571,True,222,1.0,-43.2787228,-22.704174599999995,-43.279056,-22.7046339993275
RES_0460,3301702,805,True,300,1.0,-43.2861168,-22.69860215,-43.283119,-22.6967279993277
RES_0461,3301702,1395,True,527,1.0,-43.27173850089022,-22.707123199999998,-43.27318,-22.7080059993274
RES_0462,3301702,1940,True,734,1.0,-43.277068799999995,-22.702112500000005,-43.277128,-22.7014859993276
RES_0463,3301702,1284,True,485,1.0,-43.27169872706085,-22.698504349999997,-43.272247,-22.6983819993277
RES_0464,3301702,339,True,155,1.0,-43.266127762465246,-22.7095973,-43.267113,-22.7095559993274
RES_0465,3301702,3328,True,1296,1.0,-43.26663875,-22.702420500000002,-43.26839,-22.7011699993276
RES_0466,3301702,1125,True,384,1.0,-43.262713399999996,-22.7059336,-43.261409,-22.7073609993274
RES_0467,3301702,217,True,69,1.0,-43.231995285124086,-22.704702,-43.231868,-22.7046399993275
RES_0468,3301702,315,True,126,1.0,-43.2245825,-22.706573150000004,-43.224451,-22.7067329993274
RES_0469,3301702,119,True,56,1.0,-43.2298021,-22.705457799999998,-43.229774,-22.7054409993275
RES_0470,3301702,374,True,88,1.0,-43.27423152151441,-22.707246099999995,-43.2744,-22.7073329993275
RES_0471,3301702,613,True,214,1.0,-43.275023777504444,-22.7007365,-43.274988,-22.7008439993276
RES_0472,3301702,3508,True,1424,1.0,-43.273389918586446,-22.703507449999996,-43.273601,-22.7035329993275
RES_0473,3301702,147,False,0,,-43.28240770621194,-22.706223899999998,-43.28240770621194,-22.706223899999998
RES_0474,3301702,503,True,209,1.0,-43.32587506694831,-22.67723945,-43.325184,-22.6779679993281
RES_0475,3301702,181,True,85,1.0,-43.324185357933814,-22.673871099999996,-43.324796,-22.6744329993282
RES_0476,3301702,478,True,180,1.0,-43.31933035,-22.657144249999995,-43.319067,-22.6573229993286
RES_0477,3301702,163,True,59,1.0,-43.31340345,-22.704910599999995,-43.313496,-22.7050389993275
RES_0478,3301702,739,True,325,1.0,-43.305968899999996,-22.701852399999993,-43.305991,-22.7014569993276
RES_0479,3301702,338,True,152,1.0,-43.30509502733372,-22.693776550000003,-43.30514,-22.6945389993277
RES_0480,3301702,38,True,17,1.0,-43.307977449999996,-22.68033735,-43.307423,-22.6799229993281
RES_0481,3301702,1574,True,644,1.0,-43.303960462343966,-22.68003225,-43.304264,-22.6804039993281
RES_0482,3301702,1291,True,519,1.0,-43.30496833645874,-22.673033099999994,-43.305508,-22.6733529993282
RES_0483,3301702,2050,True,790,1.0,-43.29736610697279,-22.6959898,-43.296427,-22.6953279993277
RES_0484,3301702,2095,True,837,1.0,-43.29791516777193,-22.688373649999996,-43.298852,-22.6877159993279
RES_0485,3301702,1140,True,475,1.0,-43.2982946885098,-22.6778773,-43.299479,-22.6785159993281
RES_0486,3301702,1413,True,603,1.0,-43.297714799999994,-22.67079609999999,-43.30035,-22.6730009993282
RES_0487,3301702,263,True,121,1.0,-43.29542387950886,-22.66935825,-43.295484,-22.6691559993283
RES_0488,3301702,1114,True,505,1.0,-43.291176199999995,-22.688520249999996,-43.290337,-22.685807999328
RES_0489,3301702,2650,True,1211,1.0,-43.290935000000005,-22.68213155,-43.290568,-22.681433999328
RES_0490,3301702,2032,True,934,1.0,-43.29054944724175,-22.676467699999996,-43.291334,-22.6760239993282
RES_0491,3301702,377,True,208,1.0,-43.28742707845912,-22.669958,-43.287337,-22.6699199993283
RES_0492,3301702,242,True,94,1.0,-43.29302759956834,-22.6838914,-43.293063,-22.683868999328
RES_0493,3301702,270,True,109,1.0,-43.29287385038276,-22.67603775,-43.292646,-22.6763079993282
RES_0494,3301702,1525,True,703,1.0,-43.28200931248713,-22.685345049999995,-43.280833,-22.6873189993279
RES_0495,3301702,2075,True,1040,1.0,-43.28158364628126,-22.6804061,-43.281709,-22.6801939993281
RES_0496,3301702,1235,True,600,1.0,-43.27994495,-22.676626000000006,-43.280815,-22.6763889993282
RES_0497,3301702,1150,True,470,1.0,-43.27788985981779,-22.695191349999995,-43.276637,-22.6954549993277
RES_0498,3301702,523,True,204,1.0,-43.27355256447868,-22.688871549999995,-43.273486,-22.6887729993279
RES_0499,3301702,3595,True,1847,1.0,-43.2768629,-22.6787121,-43.275871,-22.6802799993281
RES_0500,3301702,4299,True,2019,1.0,-43.275833250000005,-22.674701149999997,-43.275733,-22.6742129993282
RES_0501,3301702,707,True,326,1.0,-43.265985150000006,-22.696349399999995,-43.265559,-22.6959589993277
RES_0502,3301702,2452,True,1176,1.0,-43.26706603367876,-22.689623299999994,-43.266712,-22.6877489993279
RES_0503,3301702,1018,True,403,1.0,-43.26239729551351,-22.698806600000005,-43.260957,-22.6989299993276
RES_0504,3301702,5435,True,2260,1.0,-43.26029331850479,-22.69417265,-43.259304,-22.6945859993277
RES_0505,3301702,5104,True,2259,1.0,-43.26094275,-22.687352399999995,-43.258917,-22.6872409993279
RES_0506,3301702,2869,True,1191,1.0,-43.253610754165166,-22.698809149999995,-43.252659,-22.7000229993276
RES_0507,3301702,3724,True,1511,1.0,-43.2525396,-22.6937968,-43.251822,-22.6946139993277
RES_0508,3301702,4221,True,1812,1.0,-43.253391061866125,-22.688835100000002,-43.252919,-22.6883549993279
RES_0509,3301702,338,True,128,1.0,-43.24597679848591,-22.70015015,-43.245938,-22.7002369993276
RES_0510,3301702,153,True,68,1.0,-43.24054555,-22.699939899999997,-43.240408,-22.6998789993276
RES_0511,3301702,3323,True,1299,1.0,-43.241394757110854,-22.6943481,-43.242343,-22.6936839993277
RES_0512,3301702,240,True,110,1.0,-43.24223582475747,-22.689421749999994,-43.242086,-22.6893979993278
RES_0513,3301702,1182,True,439,1.0,-43.233836580931836,-22.699024200000004,-43.233914,-22.7000169993276
RES_0514,3301702,5419,True,2424,1.0,-43.23740405,-22.695067899999994,-43.238094,-22.6950179993277
RES_0515,3301702,948,True,447,1.0,-43.238585475519955,-22.688963949999998,-43.238713,-22.6881189993279
RES_0516,3301702,777,True,338,1.0,-43.23134815,-22.701274449999993,-43.231045,-22.7015139993276
RES_0517,3301702,2794,True,1152,1.0,-43.26820721609014,-22.6814246,-43.266973,-22.6802259993281
RES_0518,3301702,3707,True,1678,1.0,-43.266150641350066,-22.6737673,-43.266812,-22.6732359993282
RES_0519,3301702,5372,True,2292,1.0,-43.259275644387436,-22.6794715,-43.259046,-22.6801939993281
RES_0520,3301702,4412,True,1873,1.0,-43.25965259895833,-22.67514625,-43.259846,-22.6743989993282
RES_0521,3301702,2644,True,1139,1.0,-43.26114062989865,-22.6691206,-43.260702,-22.6683579993284
RES_0522,3301702,1188,True,449,1.0,-43.25091698677361,-22.68586075,-43.250204,-22.685451999328
RES_0523,3301702,4035,True,1808,1.0,-43.2512776,-22.679259699999996,-43.251446,-22.6803999993281
RES_0524,3301702,4338,True,2070,1.0,-43.25116714607456,-22.67364675,-43.251769,-22.6741189993282
RES_0525,3301702,2968,True,1208,1.0,-43.25530904933567,-22.667095999999997,-43.253003,-22.6669799993284
RES_0526,3301702,2554,True,1038,1.0,-43.24311336700299,-22.686532649999997,-43.244322,-22.6866889993279
RES_0527,3301702,5667,True,2513,1.0,-43.2435554298001,-22.681107450000006,-43.244031,-22.6806729993281
RES_0528,3301702,2019,True,1010,1.0,-43.244716214407404,-22.6715607,-43.245441,-22.6724799993283
RES_0529,3301702,701,True,351,1.0,-43.247793366360874,-22.669048499999995,-43.247995,-22.6692849993283
RES_0530,3301702,438,True,199,1.0,-43.23883680144596,-22.684088199999998,-43.238661,-22.684108999328
RES_0531,3301702,1320,True,208,1.0,-43.23917414404886,-22.677994350000006,-43.23986,-22.6805639993281
RES_0532,3301702,403,True,191,1.0,-43.24469560794118,-22.6738871,-43.244527,-22.6738269993282
RES_0533,3301702,131,True,62,1.0,-43.31864372981384,-22.647280799999997,-43.318385,-22.6491789993288
RES_0534,3301702,325,True,137,1.0,-43.31238045876543,-22.659472450000003,-43.31266,-22.6591609993286
RES_0535,3301702,1176,True,548,1.0,-43.31258008702878,-22.6532505,-43.314992,-22.6534869993287
RES_0536,3301702,312,True,148,1.0,-43.311033477704584,-22.634989600000004,-43.310827,-22.6333699993291
RES_0537,3301702,1531,True,688,1.0,-43.30886136192086,-22.663324349999996,-43.306938,-22.6635699993284
RES_0538,3301702,419,True,181,1.0,-43.309141350000004,-22.659317249999994,-43.309285,-22.6592029993286
RES_0539,3301702,761,True,353,1.0,-43.3045456,-22.655025200000004,-43.307149,-22.6555249993287
RES_0540,3301702,1411,True,621,1.0,-43.29515329704807,-22.665956149999996,-43.297195,-22.6649689993284
RES_0541,3301702,788,True,331,1.0,-43.29902219594156,-22.65706065,-43.297327,-22.6562189993286
RES_0542,3301702,2045,True,928,1.0,-43.2900352907741,-22.665592450000002,-43.28988,-22.6656999993284
RES_0543,3301702,2742,True,1174,1.0,-43.289904194777755,-22.6599518,-43.290438,-22.6587549993286
RES_0544,3301702,80,True,26,1.0,-43.291969552953546,-22.655185099999997,-43.291886,-22.6552659993287
RES_0545,3301702,563,True,275,1.0,-43.286688588949644,-22.666890199999997,-43.286705,-22.6662259993284
RES_0546,3301702,645,True,298,1.0,-43.285864354081134,-22.658482499999998,-43.286052,-22.6584479993286
RES_0547,3301702,74,True,38,1.0,-43.2923015,-22.665330450000003,-43.29223,-22.6653369993284
RES_0548,3301702,580,True,270,1.0,-43.28637340657723,-22.662325599999996,-43.28685,-22.6626589993285
RES_0549,3301702,412,True,200,1.0,-43.28389051030584,-22.67045465,-43.283724,-22.6702859993283
RES_0550,3301702,2163,True,1022,1.0,-43.28304292187496,-22.668585950000004,-43.281661,-22.6675479993284
RES_0551,3301702,1448,True,656,1.0,-43.281272374214055,-22.66103995,-43.280523,-22.6595389993285
RES_0552,3301702,616,True,316,1.0,-43.28012350050372,-22.65231635,-43.279433,-22.6525499993287
RES_0553,3301702,2931,True,1272,1.0,-43.27626295,-22.6680577,-43.275936,-22.6665979993284
RES_0554,3301702,3095,True,1280,1.0,-43.27683100019608,-22.658029699999997,-43.276487,-22.6591539993285
RES_0555,3301702,423,False,0,,-43.27710706262136,-22.655238999999995,-43.27710706262136,-22.655238999999995
RES_0556,3301702,1912,True,957,1.0,-43.270262358739146,-22.6641137,-43.26892,-22.6649489993284
RES_0557,3301702,584,True,348,1.0,-43.2647678,-22.661313899999996,-43.265971,-22.6615719993285
RES_0558,3301702,768,True,367,1.0,-43.2705997877107,-22.653901900000005,-43.27094,-22.6535789993287
RES_0559,3301702,712,True,4,3.0,-43.30514589514067,-22.644062599999998,-43.304653,-22.6440539993289
RES_0560,3301702,1019,True,434,1.0,-43.306475101191964,-22.636350600000004,-43.306666,-22.6370309993291
RES_0561,3301702,1237,True,511,1.0,-43.30126843391101,-22.64859355,-43.299281,-22.6488529993288
RES_0562,3301702,2186,True,871,1.0,-43.29910059082914,-22.6443353,-43.299036,-22.6444379993289
RES_0563,3301702,384,True,166,1.0,-43.293918808273865,-22.649750399999995,-43.293965,-22.6495959993288
RES_0564,3301702,2729,True,1148,1.0,-43.292143123615034,-22.64545315,-43.292223,-22.6443449993289
RES_0565,3301702,714,True,311,1.0,-43.29504550208746,-22.63992395,-43.297113,-22.641109999329
RES_0566,3301702,1730,True,751,1.0,-43.29009703194683,-22.650259199999997,-43.289472,-22.6505949993288
RES_0567,3301702,525,True,261,1.0,-43.28792740033443,-22.646833999999995,-43.287775,-22.6467139993289
RES_0568,3301702,477,True,193,1.0,-43.288713650000005,-22.639658049999994,-43.288748,-22.639586999329
RES_0569,3301702,1461,True,416,1.0,-43.284979025000005,-22.650247549999996,-43.286201,-22.6508999993287
RES_0570,3301702,3650,True,1591,1.0,-43.28472054978808,-22.645008399999995,-43.284329,-22.6441119993289
RES_0571,3301702,2052,True,1000,1.0,-43.282752546410464,-22.63693095,-43.282133,-22.6378409993291
RES_0572,3301702,1831,True,772,1.0,-43.2764571,-22.648731899999998,-43.276307,-22.6488799993288
RES_0573,3301702,4151,True,1822,1.0,-43.27563674152485,-22.64451255,-43.27538,-22.6444439993289
RES_0574,3301702,1909,True,894,1.0,-43.27500337421773,-22.638298249999995,-43.275016,-22.639642999329
RES_0575,3301702,1298,True,627,1.0,-43.26654090971008,-22.64853965,-43.26551,-22.6481949993288
RES_0576,3301702,3602,True,1596,1.0,-43.269500046682865,-22.643693999999996,-43.269017,-22.6441169993289
RES_0577,3301702,1591,True,739,1.0,-43.26981815,-22.638783999999994,-43.269929,-22.638409999329
RES_0578,3301702,176,True,64,1.0,-43.272125349999996,-22.64856775,-43.273711,-22.6477779993288
RES_0579,3301702,426,True,192,1.0,-43.278873800893884,-22.639315749999998,-43.279033,-22.639449999329
RES_0580,3301702,501,True,206,1.0,-43.280635000845535,-22.645241949999992,-43.281089,-22.6451629993289
RES_0581,3301702,360,True,156,1.0,-43.28464858536225,-22.641796099999997,-43.285311,-22.642144999329
RES_0582,3301702,2112,True,822,1.0,-43.22667185,-22.65241375,-43.227389,-22.6514389993287
RES_0583,3301702,3532,True,1566,1.0,-43.229256199868004,-22.645064950000005,-43.228539,-22.6440109993289
RES_0584,3301702,3403,True,1514,1.0,-43.22848583713942,-22.6371161,-43.229449,-22.637027999329
RES_0585,3301702,817,True,324,1.0,-43.22591345,-22.631353100000005,-43.226175,-22.6307339993292
RES_0586,3301702,961,True,395,1.0,-43.21999071810248,-22.648905750000004,-43.221032,-22.6492519993288
RES_0587,3301702,3727,True,1772,1.0,-43.2195979375634,-22.6440957,-43.221061,-22.6433409993289
RES_0588,3301702,4232,True,1908,1.0,-43.22128563858344,-22.636244849999997,-43.221264,-22.6367089993291
RES_0589,3301702,3781,True,1600,1.0,-43.22147399528923,-22.627875350000004,-43.220364,-22.6290749993293
RES_0590,3301702,646,True,278,1.0,-43.21870128925067,-22.624711499999997,-43.218516,-22.6248039993294
RES_0591,3301702,2599,True,1097,1.0,-43.216416161052535,-22.643311600000004,-43.215039,-22.6432409993289
RES_0592,3301702,2137,True,801,1.0,-43.21456745,-22.6377289,-43.215748,-22.638038999329
RES_0593,3301702,1176,True,547,1.0,-43.21688360000001,-22.627553699999993,-43.216813,-22.6283079993293
RES_0594,3301702,650,True,275,1.0,-43.21680902820624,-22.648504399999997,-43.21673,-22.6486159993288
RES_0595,3301702,2851,True,1105,1.0,-43.23065662703979,-22.656457350000004,-43.229946,-22.6572389993286
RES_0596,3301702,17,True,19,1.0,-43.24881191505542,-22.6601535,-43.245865,-22.6585779993286
RES_0597,3301702,1090,True,425,1.0,-43.240619012305984,-22.651071099999996,-43.242235,-22.6512939993287
RES_0598,3301702,2011,True,829,1.0,-43.24190973891437,-22.646854949999998,-43.243017,-22.6461829993289
RES_0599,3301702,1177,True,485,1.0,-43.234548849999996,-22.658504899999997,-43.235091,-22.6578899993286
RES_0600,3301702,2598,True,1137,1.0,-43.2342899,-22.65142885,-43.235884,-22.6504419993288
RES_0601,3301702,3953,True,1591,1.0,-43.2368047,-22.6441545,-43.235938,-22.6443839993289
RES_0602,3301702,851,True,360,1.0,-43.23605869936574,-22.6397738,-43.234498,-22.639349999329
RES_0603,3301702,589,True,267,1.0,-43.23274144215078,-22.64406305,-43.232776,-22.6427379993289
RES_0604,3301702,368,True,190,1.0,-43.265241034754354,-22.64258884999999,-43.265105,-22.6426859993289
RES_0605,3301702,1325,True,641,1.0,-43.265197604980656,-22.637170400000002,-43.266105,-22.6376099993291
RES_0606,3301702,707,True,310,1.0,-43.265384840606934,-22.63357885,-43.26469,-22.6329129993292
RES_0607,3301702,1616,True,761,1.0,-43.261393243733686,-22.648863299999995,-43.259645,-22.6507339993288
RES_0608,3301702,4922,True,2031,1.0,-43.25995685,-22.6425805,-43.259929,-22.6443159993289
RES_0609,3301702,2407,True,1055,1.0,-43.260626332791816,-22.6352775,-43.260692,-22.6362369993291
RES_0610,3301702,705,True,327,1.0,-43.2604856837705,-22.6303312,-43.260678,-22.6307499993292
RES_0611,3301702,3957,True,1669,1.0,-43.25079658002931,-22.6516605,-43.252916,-22.6515379993287
RES_0612,3301702,4850,True,1870,1.0,-43.2524306790459,-22.644989849999998,-43.252677,-22.6447299993289
RES_0613,3301702,2990,True,1046,1.0,-43.25263140578725,-22.637500099999997,-43.253687,-22.638521999329
RES_0614,3301702,1454,True,620,1.0,-43.25594615,-22.6326496,-43.254704,-22.6325649993292
RES_0615,3301702,731,True,301,1.0,-43.24732645543712,-22.6499325,-43.247431,-22.6497909993288
RES_0616,3301702,714,True,298,1.0,-43.258634400000005,-22.638257899999992,-43.259372,-22.638409999329
RES_0617,3301702,464,True,211,1.0,-43.25175603304456,-22.6498658,-43.252101,-22.6503209993288
RES_0618,3301702,2242,True,908,1.0,-43.24978359514857,-22.643213349999996,-43.24922,-22.6427619993289
RES_0619,3301702,1710,True,648,1.0,-43.2489773,-22.637829449999998,-43.248871,-22.637647999329
RES_0620,3301702,1210,True,543,1.0,-43.25229533845598,-22.630478849999996,-43.250983,-22.6306979993292
RES_0621,3301702,3996,True,1672,1.0,-43.24575420701673,-22.644622149999993,-43.24582,-22.6433769993289
RES_0622,3301702,2678,True,1059,1.0,-43.243441842270684,-22.63861155,-43.244587,-22.6379019993291
RES_0623,3301702,2161,True,954,1.0,-43.24474311200537,-22.631240950000002,-43.24374,-22.6303839993292
RES_0624,3301702,197,True,73,1.0,-43.24535725,-22.625907199999997,-43.246931,-22.6265559993293
RES_0625,3301702,2198,True,1112,1.0,-43.23681570612009,-22.6341575,-43.23637,-22.6354989993291
RES_0626,3301702,2482,True,1229,1.0,-43.236685127259044,-22.6327161,-43.237507,-22.6317499993292
RES_0627,3301702,511,True,228,1.0,-43.24819985,-22.629355750000002,-43.248459,-22.6295719993293
RES_0628,3301702,121,True,48,1.0,-43.25085377957957,-22.6373977,-43.251237,-22.6373639993291
RES_0629,3301702,1056,True,301,1.0,-43.211433109824796,-22.635248400000002,-43.211626,-22.6360799993291
RES_0630,3301702,4125,True,1804,1.0,-43.21223005,-22.63020315,-43.213086,-22.6296339993292
RES_0631,3301702,2980,True,1243,1.0,-43.213828108851466,-22.623407899999997,-43.213921,-22.6229759993294
RES_0632,3301702,154,True,55,1.0,-43.2111917,-22.618524799999996,-43.210976,-22.6184829993295
RES_0633,3301702,2043,True,775,1.0,-43.208929250000004,-22.63775894999999,-43.208528,-22.6367969993291
RES_0634,3301702,2043,True,765,1.0,-43.208153890442816,-22.63123635,-43.208459,-22.6309219993292
RES_0635,3301702,1355,True,594,1.0,-43.20835064365335,-22.623975750000003,-43.209011,-22.6239659993294
RES_0636,3301702,1142,True,381,1.0,-43.205482100000005,-22.626930249999997,-43.205572,-22.6277859993293
RES_0637,3301702,668,True,271,1.0,-43.2062193,-22.63392305,-43.206277,-22.6339149993291
RES_0638,3301702,883,True,328,1.0,-43.20658069958766,-22.63123269999999,-43.206159,-22.6314069993292
RES_0639,3301702,1472,True,503,1.0,-43.211186864620046,-22.613488850000003,-43.210836,-22.6127229993296
RES_0640,3301702,2199,True,796,1.0,-43.202474300666665,-22.62871185,-43.202652,-22.6287819993293
RES_0641,3301702,3679,True,1386,1.0,-43.2047308,-22.620884149999995,-43.205354,-22.6214519993294
RES_0642,3301702,2199,True,823,1.0,-43.20719227537907,-22.61494495,-43.208005,-22.6152139993296
RES_0643,3301702,89,False,0,,-43.205236060225445,-22.608554799999997,-43.205236060225445,-22.608554799999997
RES_0644,3301702,1671,True,658,1.0,-43.19882185971102,-22.627808849999997,-43.198213,-22.6274129993293
RES_0645,3301702,3665,True,1414,1.0,-43.19898500052754,-22.62377685,-43.198616,-22.6228609993294
RES_0646,3301702,898,True,266,1.0,-43.19963092219408,-22.6177316,-43.200496,-22.6178439993295
RES_0647,3301702,387,True,153,1.0,-43.20094275,-22.61258275,-43.200594,-22.6127559993296
RES_0648,3301702,1510,True,637,1.0,-43.23376985,-22.626749300000004,-43.23551,-22.6270629993293
RES_0649,3301702,2539,True,1041,1.0,-43.236454450539085,-22.619337899999998,-43.236663,-22.6209549993295
RES_0650,3301702,2272,True,1012,1.0,-43.236073403092476,-22.615266899999995,-43.235826,-22.6150679993296
RES_0651,3301702,1299,True,555,1.0,-43.23708429833861,-22.607476849999998,-43.236158,-22.6093089993297
RES_0652,3301702,1183,True,471,1.0,-43.22868285,-22.62572065,-43.230328,-22.6252729993293
RES_0653,3301702,1908,True,737,1.0,-43.22974550228061,-22.614536199999996,-43.231868,-22.6148559993296
RES_0654,3301702,765,True,276,1.0,-43.23050995,-22.62048645,-43.230306,-22.6205229993294
RES_0655,3301702,182,True,72,1.0,-43.23117645,-22.609789049999993,-43.231102,-22.6097289993297
RES_0656,3301702,2110,True,720,1.0,-43.28345609906745,-22.62808249999999,-43.281831,-22.6287559993293
RES_0657,3301702,1950,True,858,1.0,-43.284607222024576,-22.622897699999996,-43.283518,-22.6226049993294
RES_0658,3301702,1593,True,774,1.0,-43.283856442829745,-22.615293699999995,-43.284007,-22.6157269993296
RES_0659,3301702,1252,True,487,1.0,-43.28172285000001,-22.60948464999999,-43.282144,-22.6095299993297
RES_0660,3301702,453,True,221,1.0,-43.27849882446401,-22.6279038,-43.27828,-22.6281249993293
RES_0661,3301702,700,True,320,1.0,-43.27682025,-22.62480165,-43.276877,-22.6253029993293
RES_0662,3301702,1481,True,482,1.0,-43.274111369924725,-22.6053286,-43.276447,-22.6062639993298
RES_0663,3301702,319,True,160,1.0,-43.26845382083914,-22.602693749999993,-43.268846,-22.6028839993299
RES_0664,3301702,98,True,64,1.0,-43.2623467,-22.602316149999993,-43.266088,-22.6039319993299
RES_0665,3301702,352,False,0,,-43.28232645,-22.604806999999997,-43.28232645,-22.604806999999997
RES_0666,3301702,750,True,183,1.0,-43.27926890954362,-22.606322849999998,-43.279236,-22.6061859993298
RES_0667,3301702,819,True,227,1.0,-43.27448814088921,-22.603286750000002,-43.275005,-22.6037179993298
RES_0668,3301702,48,False,0,,-43.26963779396483,-22.5931352,-43.26963779396483,-22.5931352
RES_0669,3301702,185,True,92,1.0,-43.26699995478366,-22.58413305,-43.266762,-22.5859429993303
RES_0670,3301702,260,True,102,1.0,-43.255974150732584,-22.575408,-43.25749,-22.5759029993305
RES_0671,3301702,804,False,0,,-43.35982395,-22.67848455,-43.35982395,-22.67848455
RES_0672,3301702,1106,True,481,1.0,-43.35907535,-22.67287405,-43.358903,-22.6743189993282
RES_0673,3301702,1354,True,631,1.0,-43.3527551462936,-22.687236249999998,-43.351485,-22.6884079993279
RES_0674,3301702,1972,True,889,1.0,-43.35448890574759,-22.68255625,-43.353326,-22.682778999328
RES_0675,3301702,1861,True,772,1.0,-43.35662420775351,-22.674415699999997,-43.356723,-22.6744909993282
RES_0676,3301702,479,True,205,1.0,-43.35567277735817,-22.670129449999997,-43.355648,-22.6690359993283
RES_0677,3301702,524,True,218,1.0,-43.3486141,-22.688159,-43.348473,-22.6881959993279
RES_0678,3301702,146,True,82,1.0,-43.345555049999994,-22.646716149999996,-43.342059,-22.6518759993287
RES_0679,3301702,748,True,330,1.0,-43.33433095,-22.647674549999998,-43.333944,-22.6456009993289
RES_0680,3301702,784,True,379,1.0,-43.33190164610059,-22.64524085,-43.331733,-22.6453509993289
RES_0681,3301702,56,True,28,1.0,-43.3364186,-22.622598599999996,-43.336182,-22.6224149993294
RES_0682,3301702,12,True,7,1.0,-43.3329687136348,-22.6353669,-43.329797,-22.6312019993292
RES_0683,3301702,91,True,55,1.0,-43.329277661233505,-22.6184584,-43.332174,-22.6186029993295
RES_0684,3301702,128,True,59,1.0,-43.321638742005746,-22.610836799999994,-43.320872,-22.6095919993297
RES_0685,3301702,553,True,281,1.0,-43.3122282,-22.61857655,-43.311095,-22.6195109993295
RES_0686,3301702,238,True,108,1.0,-43.31775010340452,-22.600543750000003,-43.31868,-22.6001739993299
RES_0687,3301702,410,True,203,1.0,-43.31219831819064,-22.59529885,-43.313093,-22.59490799933
RES_0688,3301702,1893,True,792,1.0,-43.310783199999996,-22.605365049999996,-43.308767,-22.6056779993298
RES_0689,3301702,2117,True,801,1.0,-43.30647365235294,-22.602596500000004,-43.306614,-22.6008889993299
RES_0690,3301702,788,True,313,1.0,-43.30626455,-22.5907641,-43.306643,-22.5907809993301
RES_0691,3301702,406,True,206,1.0,-43.3053577,-22.589364949999997,-43.305291,-22.5895789993302
RES_0692,3301702,462,True,195,1.0,-43.29593452857395,-22.617657199999996,-43.303411,-22.6275079993293
RES_0693,3301702,220,True,111,1.0,-43.30318237395246,-22.611765049999995,-43.308841,-22.6133759993296
RES_0694,3301702,2402,True,882,1.0,-43.298596747760534,-22.602414849999995,-43.300125,-22.6019839993299
RES_0695,3301702,195,True,66,1.0,-43.300929094601884,-22.5957373,-43.301749,-22.5991519993299
RES_0696,3301702,605,True,213,1.0,-43.303394252306276,-22.58717995,-43.30345,-22.5869429993302
RES_0697,3301702,273,False,0,,-43.2994347,-22.58324585,-43.2994347,-22.58324585
RES_0698,3301702,660,True,184,1.0,-43.29125608237081,-22.599328499999995,-43.292052,-22.59905199933
RES_0699,3301702,796,True,202,2.0,-43.29309129616142,-22.597524200000002,-43.293107,-22.59755099933
RES_0700,3301702,439,False,0,,-43.28265231596592,-22.60317525,-43.28265231596592,-22.60317525
RES_0701,3301702,294,True,114,1.0,-43.28191767140096,-22.58363085,-43.279664,-22.5833719993303
RES_0702,3301702,591,False,0,,-43.287898426508434,-22.581043649999998,-43.287898426508434,-22.581043649999998
RES_0703,3301702,185,False,0,,-43.28747577158806,-22.572682699999998,-43.28747577158806,-22.572682699999998
RES_0704,3301702,109,False,0,,-43.278563342,-22.592376750000003,-43.278563342,-22.592376750000003
RES_0705,3301702,127,True,71,1.0,-43.33243338487502,-22.571787150000006,-43.332656,-22.5721329993306
RES_0706,3301702,481,True,218,1.0,-43.32493630289879,-22.602370649999997,-43.324753,-22.6019539993299
RES_0707,3301702,613,False,0,,-43.321318649999995,-22.596845999999996,-43.321318649999995,-22.596845999999996
RES_0708,3301702,349,True,160,1.0,-43.32614091460454,-22.5760644,-43.325568,-22.5742759993305
RES_0709,3301702,2738,True,1119,1.0,-43.314074250000004,-22.591796449999997,-43.31401,-22.5922119993301
RES_0710,3301702,57,False,0,,-43.31840692638475,-22.585170249999997,-43.31840692638475,-22.585170249999997
RES_0711,3301702,1329,True,535,1.0,-43.31452133488676,-22.57198555,-43.31486,-22.5722189993306
RES_0712,3301702,1883,True,934,1.0,-43.30693529471658,-22.585169649999997,-43.307079,-22.5863289993302
RES_0713,3301702,3505,True,1471,1.0,-43.30548152672156,-22.581129899999997,-43.306094,-22.5802289993304
RES_0714,3301702,1768,True,798,1.0,-43.31011035,-22.572379199999997,-43.308449,-22.5738469993305
RES_0715,3301702,473,True,204,1.0,-43.3029458,-22.584015800000003,-43.302935,-22.5839749993303
RES_0716,3301702,2980,True,1237,1.0,-43.30188905440207,-22.580217350000005,-43.300433,-22.5800719993304
RES_0717,3301702,6,False,0,,-43.301252899999994,-22.574549999999995,-43.301252899999994,-22.574549999999995
RES_0718,3301702,800,True,305,1.0,-43.29564945157363,-22.5812076,-43.295534,-22.5810109993304
RES_0719,3301702,38,True,27,1.0,-43.24969695,-22.573540149999996,-43.24394,-22.5706899993306
RES_0720,3301702,33,False,0,,-43.24826217421662,-22.615965349999996,-43.24826217421662,-22.615965349999996
RES_0721,3301702,85,True,75,1.0,-43.24058945,-22.6023282,-43.238633,-22.6016999993299
RES_0722,3301702,9,True,2,1.0,-43.23156576429163,-22.600989499999997,-43.229024,-22.6100879993297
RES_0723,3301702,394,True,213,1.0,-43.415049749999994,-22.59508055,-43.415083,-22.59489699933
RES_0724,3301702,119,False,0,,-43.410535776869374,-22.608203849999995,-43.410535776869374,-22.608203849999995
RES_0725,3301702,211,True,117,1.0,-43.382349950000005,-22.65902655,-43.38807,-22.6568689993286
RES_0726,3301702,74,True,58,1.0,-43.387945900000005,-22.58536735,-43.38923,-22.5938949993301
RES_0727,3301702,283,False,0,,-43.3779279230055,-22.598255049999995,-43.3779279230055,-22.598255049999995
RES_0728,3301702,101,True,66,1.0,-43.370991996883234,-22.645533049999997,-43.380842,-22.641059999329
RES_0729,3301702,9,True,3,1.0,-43.35938525262178,-22.637575299999995,-43.362882,-22.637627999329
RES_0730,3301702,163,True,110,1.0,-43.359282118161175,-22.6067453,-43.357805,-22.6040819993298
RES_0731,3301702,47,False,0,,-43.3536553,-22.6261194,-43.3536553,-22.6261194
RES_0732,3301702,137,False,0,,-43.347353049197736,-22.617647199999993,-43.347353049197736,-22.617647199999993
RES_0733,3301702,127,True,73,1.0,-43.346339400000005,-22.596675599999998,-43.34703,-22.59688499933
RES_0734,3301702,63,True,47,1.0,-43.34996800034594,-22.57870154999999,-43.356718,-22.5776139993305
RES_0735,3301702,142,False,0,,-43.33044611932515,-22.605809700000002,-43.33044611932515,-22.605809700000002
RES_0736,3301702,40,True,17,1.0,-43.27488288977574,-22.579518250000003,-43.276195,-22.5756279993305
RES_0737,3301702,297,True,206,1.0,-43.269027925870176,-22.574417099999998,-43.27022,-22.5729889993306
RES_0738,3301702,68,True,92,1.0,-43.260722799999996,-22.591894750000005,-43.258541,-22.5857379993303
RES_0739,3301801,124,True,101,1.0,-43.67409281766129,-22.575363450000005,-43.673855,-22.5751029993305
RES_0740,3301801,17,False,0,,-43.6759924,-22.57080235,-43.6759924,-22.57080235
RES_0741,3301801,26,True,29,1.0,-43.6692647,-22.577755899999993,-43.665002,-22.5746879993305
RES_0742,3301850,966,True,391,1.0,-43.02460780571684,-22.670054750000002,-43.02563,-22.6701699993283
RES_0743,3301850,379,True,147,1.0,-43.02502233717949,-22.6663887,-43.024746,-22.6663439993284
RES_0744,3301850,681,True,263,1.0,-43.019279450636276,-22.67035675,-43.019654,-22.6703789993283
RES_0745,3301850,2402,True,991,1.0,-43.0199452,-22.666344550000005,-43.019388,-22.6656549993284
RES_0746,3301850,540,True,236,1.0,-43.02020772757827,-22.656260950000004,-43.020329,-22.6571179993286
RES_0747,3301850,660,True,333,1.0,-43.01754469644977,-22.647084000000003,-43.01793,-22.6470209993288
RES_0748,3301850,540,False,0,,-43.0096104442625,-22.659531799999996,-43.0096104442625,-22.659531799999996
RES_0749,3301850,221,True,91,1.0,-43.00849537249984,-22.64936795,-43.007692,-22.6501049993288
RES_0750,3301850,380,True,155,1.0,-43.0108965924899,-22.586537499999995,-43.010565,-22.5866909993302
RES_0751,3301850,1,False,0,,-43.01282925,-22.580106049999998,-43.01282925,-22.580106049999998
RES_0752,3301850,541,True,256,1.0,-43.001098363645035,-22.660866400000003,-43.001772,-22.6614869993285
RES_0753,3301850,304,True,162,1.0,-43.000178500000004,-22.654527,-42.999955,-22.6541209993287
RES_0754,3301850,240,True,148,1.0,-43.0066856,-22.635752950000008,-43.006093,-22.6375179993291
RES_0755,3301850,273,True,232,1.0,-43.00232260265816,-22.607600599999998,-43.001924,-22.6077629993297
RES_0756,3301850,252,True,189,1.0,-43.002274858149605,-22.593044350000003,-43.003016,-22.5928049993301
RES_0757,3301850,427,True,297,1.0,-43.0034733739313,-22.582920550000004,-43.004981,-22.5831869993303
RES_0758,3301850,510,True,232,1.0,-43.00756472962114,-22.579720950000002,-43.007105,-22.5794309993304
RES_0759,3301850,516,True,259,1.0,-42.99686855,-22.66007739999999,-42.997104,-22.6607239993285
RES_0760,3301850,873,True,393,1.0,-42.993208366666664,-22.6574691,-42.993537,-22.6567179993286
RES_0761,3301850,423,True,225,1.0,-42.99464512251009,-22.64931815,-42.995333,-22.6501219993288
RES_0762,3301850,185,True,139,1.0,-42.99625835178004,-22.64335745,-42.996061,-22.6433169993289
RES_0763,3301850,7,True,4,1.0,-42.99712302805706,-22.623472650000004,-43.004328,-22.6243639993294
RES_0764,3301850,233,True,275,1.0,-42.9937994,-22.595408,-42.993278,-22.5948099993301
RES_0765,3301850,291,True,135,1.0,-42.998110747642855,-22.571588499999994,-42.998175,-22.5714739993306
RES_0766,3301850,476,True,306,1.0,-42.988474781678704,-22.6549469,-42.988748,-22.6546939993287
RES_0767,3301850,318,True,186,1.0,-42.98788824538913,-22.64387769999999,-42.987562,-22.6440649993289
RES_0768,3301850,10,True,6,1.0,-42.9771791,-22.6794542,-42.973185,-22.6769599993281
RES_0769,3301850,46,True,54,1.0,-42.978685350000006,-22.629543249999998,-42.978096,-22.6297689993292
RES_0770,3301850,360,True,257,1.0,-42.974004199999996,-22.635859599999996,-42.974631,-22.6342809993291
RES_0771,3301850,10,True,8,1.0,-42.970931750000005,-22.608961199999996,-42.990923,-22.6066239993298
RES_0772,3301850,278,True,170,1.0,-42.9650561,-22.641114849999994,-42.966162,-22.641826999329
RES_0773,3301850,20,True,23,1.0,-42.95730311077406,-22.577570750000003,-42.955313,-22.5765659993305
RES_0774,3301850,14,True,10,1.0,-42.9430794,-22.66659105,-42.950338,-22.683326999328
RES_0775,3301850,36,True,40,1.0,-42.93468047823583,-22.5916073,-42.936746,-22.5895969993302
RES_0776,3301850,30,True,12,1.0,-42.91791438766666,-22.582238099999998,-42.885128,-22.5747849993305
RES_0777,3301900,981,True,435,1.0,-42.868122236898984,-22.76198385,-42.867439,-22.7614269993262
RES_0778,3301900,387,True,172,1.0,-42.86563475,-22.756863850000002,-42.865623,-22.7566409993263
RES_0779,3301900,4248,True,1891,1.0,-42.860978576671585,-22.763583149999995,-42.862149,-22.7621729993262
RES_0780,3301900,3886,True,1834,1.0,-42.862065050000005,-22.754626549999998,-42.861032,-22.7551589993263
RES_0781,3301900,194,True,96,1.0,-42.863604346179365,-22.751283349999994,-42.863657,-22.7513679993264
RES_0782,3301900,2325,True,1050,1.0,-42.85192677306338,-22.7604412,-42.853748,-22.7613269993262
RES_0783,3301900,2528,True,1239,1.0,-42.854886151950936,-22.756654549999993,-42.855676,-22.7559679993263
RES_0784,3301900,283,True,171,1.0,-42.86444565000001,-22.7518281,-42.864479,-22.7516019993264
RES_0785,3301900,252,True,48,1.0,-42.86796555,-22.7580875,-42.865804,-22.7562089993263
RES_0786,3301900,609,True,302,1.0,-42.85905344549424,-22.7238144,-42.85946,-22.7236519993271
RES_0787,3301900,936,True,212,1.0,-42.86087515,-22.717924899999993,-42.857958,-22.7223819993271
RES_0788,3301900,299,False,0,,-42.8632092,-22.715104399999994,-42.8632092,-22.715104399999994
RES_0789,3301900,2907,True,1426,2.0,-42.85186609812489,-22.73111505,-42.851636,-22.7311039993269
RES_0790,3301900,2798,True,1237,1.0,-42.8549391,-22.724838899999995,-42.854536,-22.726775999327
RES_0791,3301900,158,True,64,1.0,-42.849123404986145,-22.732406499999996,-42.850878,-22.7335319993268
RES_0792,3301900,510,True,128,3.0,-42.87731345394232,-22.788031949999997,-42.876858,-22.7869419993256
RES_0793,3301900,497,True,271,1.0,-42.8661172902833,-22.786982549999998,-42.865694,-22.7866089993256
RES_0794,3301900,525,True,363,1.0,-42.89201843974033,-22.762276899999996,-42.891831,-22.7624879993262
RES_0795,3301900,19,True,12,1.0,-42.88556495,-22.767716549999996,-42.885022,-22.7671179993261
RES_0796,3301900,1377,True,1003,1.0,-42.888039499180906,-22.759553150000006,-42.888835,-22.7609259993262
RES_0797,3301900,466,True,233,1.0,-42.866422,-22.7744185,-42.859006,-22.771317999326
RES_0798,3301900,802,True,449,1.0,-42.86448048882643,-22.77915159999999,-42.86417,-22.7797879993258
RES_0799,3301900,645,True,308,1.0,-42.8495632,-22.77361225,-42.850938,-22.7734529993259
RES_0800,3301900,1608,True,750,1.0,-42.8528079,-22.77248805,-42.852916,-22.770216999326
RES_0801,3301900,15,True,5,1.0,-42.83976415,-22.784304650000003,-42.83859,-22.7806249993258
RES_0802,3301900,620,True,339,1.0,-42.841146550000005,-22.76534445,-42.839352,-22.7646519993261
RES_0803,3301900,74,True,47,1.0,-42.82701075,-22.7730088,-42.823007,-22.7771029993258
RES_0804,3301900,57,True,31,1.0,-42.821117150000006,-22.759541400000003,-42.821356,-22.7629129993262
RES_0805,3301900,532,True,286,1.0,-42.874791512963895,-22.710539250000004,-42.874823,-22.7104399993274
RES_0806,3301900,397,True,201,1.0,-42.869115300000004,-22.71349395,-42.869413,-22.7134709993273
RES_0807,3301900,152,True,74,1.0,-42.864611265980656,-22.713260750000007,-42.864863,-22.7135669993273
RES_0808,3301900,866,True,444,1.0,-42.82791425379604,-22.7396802,-42.827344,-22.7392199993267
RES_0809,3301900,925,True,447,1.0,-42.82890523340962,-22.734335099999996,-42.827931,-22.7340849993268
RES_0810,3301900,369,True,166,1.0,-42.824994849999996,-22.733939499999998,-42.825072,-22.7336739993268
RES_0811,3301900,707,True,333,1.0,-42.82781315,-22.730331449999994,-42.827552,-22.7302589993269
RES_0812,3301900,7113,True,3551,1.0,-42.83251075,-22.727517999999996,-42.831916,-22.724911999327
RES_0813,3301900,566,True,268,1.0,-42.828033000000005,-22.718176149999998,-42.828353,-22.7188239993272
RES_0814,3301900,509,True,224,1.0,-42.82353615,-22.729430549999996,-42.823519,-22.7293899993269
RES_0815,3301900,3971,True,1728,1.0,-42.82378639672581,-22.72364675,-42.823346,-22.724917999327
RES_0816,3301900,1782,True,791,1.0,-42.82268729662162,-22.7165044,-42.823574,-22.7175999993272
RES_0817,3301900,222,True,113,1.0,-42.82209115409505,-22.7147159,-42.822352,-22.7144999993273
RES_0818,3301900,4,True,6,1.0,-42.82697932881782,-22.75020385,-42.826594,-22.7497389993265
RES_0819,3301900,197,True,79,1.0,-42.82565545364146,-22.748632800000003,-42.825409,-22.7487199993265
RES_0820,3301900,1781,True,885,1.0,-42.86175705253518,-22.747075649999992,-42.861,-22.7468099993265
RES_0821,3301900,1775,True,787,1.0,-42.862430599999996,-22.742656299999993,-42.862485,-22.7435129993266
RES_0822,3301900,1193,True,642,1.0,-42.8541927019518,-22.746289949999998,-42.854602,-22.7470749993265
RES_0823,3301900,470,True,258,1.0,-42.855526419508145,-22.743955850000006,-42.85574,-22.7432239993266
RES_0824,3301900,434,True,184,1.0,-42.822141800000004,-22.731657649999995,-42.822102,-22.7326249993269
RES_0825,3301900,1130,True,533,1.0,-42.8669117,-22.7202339,-42.867015,-22.7196059993272
RES_0826,3301900,291,True,152,1.0,-42.86450065983749,-22.728712949999995,-42.864389,-22.728678999327
RES_0827,3301900,3426,True,1614,1.0,-42.85147162999002,-22.7401214,-42.85322,-22.7402119993267
RES_0828,3301900,55,True,26,1.0,-42.853869849999995,-22.736971599999993,-42.853809,-22.7369399993268
RES_0829,3301900,2344,True,990,1.0,-42.88479294257385,-22.7468202,-42.884014,-22.7472449993265
RES_0830,3301900,2722,True,1130,1.0,-42.882481792849006,-22.742409549999994,-42.883282,-22.7415019993267
RES_0831,3301900,16,True,7,1.0,-42.888193400000006,-22.736308049999998,-42.885592,-22.7336149993268
RES_0832,3301900,705,True,336,1.0,-42.880357883771225,-22.745823349999995,-42.88017,-22.7457789993266
RES_0833,3301900,348,True,177,1.0,-42.879405543711556,-22.743782250000002,-42.879293,-22.7438189993266
RES_0834,3301900,223,True,121,1.0,-42.85039820826539,-22.736589450000004,-42.851091,-22.7358949993268
RES_0835,3301900,1006,True,477,1.0,-42.84695900878968,-22.739633849999993,-42.846957,-22.7394209993267
RES_0836,3301900,1101,True,512,1.0,-42.849058,-22.736301100000006,-42.848364,-22.7355789993268
RES_0837,3301900,2897,True,1370,1.0,-42.85137670652375,-22.753160399999995,-42.852361,-22.7534529993264
RES_0838,3301900,1261,True,647,1.0,-42.8518619,-22.750590799999998,-42.851595,-22.7493239993265
RES_0839,3301900,1470,True,671,1.0,-42.84703785125,-22.753869050000002,-42.846236,-22.7526649993264
RES_0840,3301900,2234,True,952,1.0,-42.84750095,-22.74705755,-42.847266,-22.7488459993265
RES_0841,3301900,1811,True,858,1.0,-42.875376116449516,-22.753470899999996,-42.875619,-22.7534919993264
RES_0842,3301900,2990,True,1426,1.0,-42.87568872044704,-22.7510428,-42.87597,-22.7487749993265
RES_0843,3301900,538,True,273,1.0,-42.86989340658502,-22.7557897,-42.869782,-22.7556999993263
RES_0844,3301900,258,True,97,1.0,-42.872235700000004,-22.751544099999997,-42.871619,-22.7519219993264
RES_0845,3301900,139,True,98,1.0,-42.878627680336535,-22.7549202,-42.878331,-22.7551989993263
RES_0846,3301900,983,True,411,1.0,-42.844328000000004,-22.757137949999994,-42.844646,-22.7569499993263
RES_0847,3301900,386,True,178,1.0,-42.83909436307793,-22.754108699999993,-42.839081,-22.7544539993263
RES_0848,3301900,1749,True,909,1.0,-42.838382187685696,-22.7466922,-42.837258,-22.7472629993265
RES_0849,3301900,105,True,46,1.0,-42.83667438854167,-22.743081249999996,-42.836812,-22.7434499993266
RES_0850,3301900,1791,True,912,1.0,-42.83124405529463,-22.74796735,-42.832089,-22.7488199993265
RES_0851,3301900,425,True,225,1.0,-42.8750373,-22.73470945,-42.875192,-22.7347109993268
RES_0852,3301900,799,True,366,1.0,-42.86952883998161,-22.739660049999998,-42.867906,-22.7402889993267
RES_0853,3301900,426,True,207,1.0,-42.86978075186563,-22.732135600000003,-42.8701,-22.7322079993269
RES_0854,3301900,288,True,154,1.0,-42.86521114430502,-22.740552650000005,-42.864921,-22.7403889993267
RES_0855,3301900,1010,True,501,1.0,-42.90467983698627,-22.762095399999996,-42.905981,-22.7623939993262
RES_0856,3301900,766,True,390,1.0,-42.90323775,-22.760772950000003,-42.902853,-22.7601379993262
RES_0857,3301900,1737,True,828,1.0,-42.9013128,-22.7557062,-42.900273,-22.7561179993263
RES_0858,3301900,803,True,428,1.0,-42.89823574006569,-22.7487102,-42.898205,-22.7489899993265
RES_0859,3301900,1063,True,533,1.0,-42.89514230322101,-22.752516350000008,-42.894356,-22.7536509993264
RES_0860,3301900,2047,True,983,1.0,-42.8913352,-22.74598635,-42.8921,-22.7481459993265
RES_0861,3301900,174,True,116,1.0,-42.893605550000004,-22.73853545,-42.892284,-22.7371079993268
RES_0862,3301900,833,True,393,1.0,-42.88746709196428,-22.7483202,-42.888027,-22.7475919993265
RES_0863,3301900,349,True,149,1.0,-42.9078803,-22.763572549999996,-42.906828,-22.7613329993262
RES_0864,3301900,1080,True,538,1.0,-42.867674831090284,-22.7555321,-42.868203,-22.7546329993263
RES_0865,3301900,2271,True,1165,1.0,-42.86812202395515,-22.750835099999996,-42.869277,-22.7498289993265
RES_0866,3301900,670,True,267,1.0,-42.87107167190446,-22.744048199999995,-42.870935,-22.7443619993266
RES_0867,3301900,110,True,65,1.0,-42.865100764604605,-22.74957805,-42.865548,-22.7497729993265
RES_0868,3301900,117,True,51,1.0,-42.86416265,-22.748846549999996,-42.864255,-22.7488169993265
RES_0869,3301900,155,True,73,1.0,-42.866406981606886,-22.754130649999993,-42.866508,-22.7541369993264
RES_0870,3301900,1656,True,775,1.0,-42.88423294959184,-22.7528284,-42.882961,-22.7547139993264
RES_0871,3301900,1178,True,613,1.0,-42.88028125069037,-22.755058849999998,-42.8805,-22.7536099993264
RES_0872,3301900,20,True,9,1.0,-42.89512389969886,-22.7856887,-42.894799,-22.7857239993256
RES_0873,3301900,36,True,30,1.0,-42.89268925262316,-22.772259849999998,-42.891898,-22.7732789993259
RES_0874,3301900,38,True,50,1.0,-42.886774349999996,-22.7833772,-42.886669,-22.7819309993257
RES_0875,3301900,342,True,224,1.0,-42.885354724929044,-22.7743564,-42.886026,-22.7764519993259
RES_0876,3301900,822,True,387,1.0,-42.858312627118515,-22.738057249999997,-42.859216,-22.7383989993267
RES_0877,3301900,1011,True,347,1.0,-42.861115295105506,-22.73634165,-42.861676,-22.7350489993268
RES_0878,3301900,234,True,104,1.0,-42.85242052908427,-22.735570550000002,-42.852704,-22.7347649993268
RES_0879,3301900,829,True,382,1.0,-42.861194594029115,-22.731734999999997,-42.859934,-22.7313079993269
RES_0880,3301900,689,True,279,1.0,-42.853648899999996,-22.734870200000003,-42.85429,-22.7348699993268
RES_0881,3301900,205,True,116,1.0,-42.90536110250579,-22.76831995,-42.903465,-22.768177999326
RES_0882,3301900,780,True,342,1.0,-42.90127976358629,-22.7672326,-42.901963,-22.7668409993261
RES_0883,3301900,827,True,599,1.0,-42.89785807548629,-22.764600949999995,-42.896922,-22.7647819993261
RES_0884,3301900,292,True,203,1.0,-42.89432775,-22.767936399999996,-42.893476,-22.7667419993261
RES_0885,3301900,191,True,96,1.0,-42.842940620702095,-22.739023250000002,-42.842691,-22.7387739993267
RES_0886,3301900,1907,True,955,3.0,-42.836878999999996,-22.73979515,-42.837667,-22.7397419993267
RES_0887,3301900,803,True,363,1.0,-42.83342125,-22.7410319,-42.83351,-22.7410259993267
RES_0888,3301900,370,True,185,1.0,-42.83366290000001,-22.736150049999996,-42.833791,-22.7361849993268
RES_0889,3301900,384,True,226,1.0,-42.844042200000004,-22.72542505,-42.843369,-22.7238769993271
RES_0890,3301900,160,True,107,1.0,-42.84697326389231,-22.71185295,-42.847534,-22.7111299993274
RES_0891,3301900,100,True,83,1.0,-42.84029406410109,-22.704421749999998,-42.840365,-22.7043479993275
RES_0892,3301900,141,True,109,1.0,-42.83369170287849,-22.71058445,-42.83354,-22.7115779993273
RES_0893,3301900,428,True,338,1.0,-42.897188650000004,-22.82028345,-42.896247,-22.8206459993248
RES_0894,3301900,1388,True,707,1.0,-42.8910932,-22.820020399999997,-42.890986,-22.8210819993248
RES_0895,3301900,411,True,219,1.0,-42.887421012692286,-22.820549,-42.887649,-22.8203619993248
RES_0896,3301900,158,True,76,1.0,-42.900601050000006,-22.821961549999997,-42.900664,-22.8217259993248
RES_0897,3301900,38,True,19,1.0,-42.89054854884273,-22.82313335,-42.890638,-22.8228879993248
RES_0898,3301900,124,True,74,1.0,-42.858702750000006,-22.83936835,-42.859516,-22.8399169993244
RES_0899,3301900,16,True,13,1.0,-42.91110116439458,-22.81537995,-42.909543,-22.814407999325
RES_0900,3301900,27,True,57,1.0,-42.90535740764291,-22.812910499999994,-42.905624,-22.814031999325
RES_0901,3301900,149,True,115,1.0,-42.88808385,-22.803079150000002,-42.887219,-22.8034409993252
RES_0902,3301900,196,True,158,1.0,-42.8877306127186,-22.806902899999997,-42.886843,-22.8066739993252
RES_0903,3301900,53,True,26,1.0,-42.88521415497867,-22.798063949999996,-42.885472,-22.7986199993253
RES_0904,3301900,18,True,20,1.0,-42.894040675461255,-22.837592799999996,-42.893522,-22.8385109993244
RES_0905,3301900,444,True,261,1.0,-42.883406750000006,-22.841025899999995,-42.88334,-22.8418849993243
RES_0906,3301900,434,True,248,1.0,-42.88482623429257,-22.836678199999998,-42.884709,-22.8365679993245
RES_0907,3301900,194,True,129,1.0,-42.87537147589023,-22.846965049999998,-42.875443,-22.8468949993242
RES_0908,3301900,81,True,65,1.0,-42.87613771736257,-22.809244199999995,-42.876199,-22.8093419993251
RES_0909,3301900,192,True,121,1.0,-42.88874142971506,-22.8147897,-42.889096,-22.814996999325
RES_0910,3301900,56,True,31,1.0,-42.886817562285714,-22.8181442,-42.884785,-22.8193199993249
RES_0911,3301900,1391,True,673,1.0,-42.883686749999995,-22.814468049999995,-42.884823,-22.815066999325
RES_0912,3301900,1986,True,934,1.0,-42.943477008949415,-22.755330200000003,-42.944927,-22.7557899993263
RES_0913,3301900,136,True,63,1.0,-42.941368147523804,-22.760872399999997,-42.94171,-22.7610379993262
RES_0914,3301900,693,True,380,1.0,-42.9420616184058,-22.75944915,-42.941871,-22.7592319993262
RES_0915,3301900,1470,True,671,1.0,-42.93941335271429,-22.72115515000001,-42.939358,-22.7214349993271
RES_0916,3301900,616,True,358,1.0,-42.931452304021164,-22.725998049999998,-42.931114,-22.726318999327
RES_0917,3301900,2010,True,1028,1.0,-42.930711080634616,-22.71740585,-42.93086,-22.7200629993272
RES_0918,3301900,379,True,190,1.0,-42.93141242196428,-22.714743249999998,-42.931589,-22.7146079993273
RES_0919,3301900,220,True,192,1.0,-42.92602048399944,-22.735080250000003,-42.926038,-22.7351459993268
RES_0920,3301900,774,True,339,1.0,-42.9537895,-22.73273015,-42.954672,-22.7333349993268
RES_0921,3301900,411,True,176,1.0,-42.95252239059187,-22.72854555,-42.952468,-22.7285889993269
RES_0922,3301900,16,True,9,1.0,-42.95055537392676,-22.728780849999996,-42.950648,-22.7288399993269
RES_0923,3301900,705,True,292,1.0,-42.95459728772322,-22.7437841,-42.95391,-22.7433129993266
RES_0924,3301900,1017,True,427,1.0,-42.948599823417,-22.74662825,-42.947351,-22.7469429993265
RES_0925,3301900,656,True,301,1.0,-42.94696418585595,-22.739868499999993,-42.94728,-22.7407169993267
RES_0926,3301900,553,True,256,1.0,-42.9482507,-22.731503049999997,-42.947107,-22.7316269993269
RES_0927,3301900,2954,True,1410,1.0,-42.94648581038696,-22.727502349999995,-42.946614,-22.727377999327
RES_0928,3301900,335,True,179,1.0,-42.939189335623844,-22.73860465,-42.939267,-22.7384579993267
RES_0929,3301900,69,True,48,1.0,-42.93988728822082,-22.734000149999996,-42.939991,-22.7340309993268
RES_0930,3301900,2170,True,1033,1.0,-42.93888735,-22.7284292,-42.939508,-22.728102999327
RES_0931,3301900,500,True,211,1.0,-42.93479539548991,-22.729152,-42.934969,-22.728081999327
RES_0932,3301900,3,True,3,1.0,-42.94617445,-22.722353999999996,-42.947444,-22.7227679993271
RES_0933,3301900,10,True,5,1.0,-42.94018169991443,-22.731591950000002,-42.941208,-22.7314849993269
RES_0934,3301900,113,True,91,1.0,-42.93091976644973,-22.73893395,-42.930908,-22.7390169993267
RES_0935,3301900,306,True,141,1.0,-42.92194055,-22.749740699999997,-42.92061,-22.7507319993264
RES_0936,3301900,181,True,135,1.0,-42.921400399999996,-22.7449946,-42.921396,-22.7452599993266
RES_0937,3301900,10,True,9,1.0,-42.926908100000006,-22.737643,-42.929027,-22.7367209993268
RES_0938,3301900,693,True,342,1.0,-42.9146143471085,-22.748974099999998,-42.914736,-22.7488709993265
RES_0939,3301900,353,True,176,1.0,-42.917606185579345,-22.74193075,-42.91768,-22.7418409993267
RES_0940,3301900,64,True,38,1.0,-42.91893006276582,-22.7352678,-42.918416,-22.7346989993268
RES_0941,3301900,2,True,1,1.0,-42.91388145,-22.72873575,-42.913896,-22.7288959993269
RES_0942,3301900,494,True,235,1.0,-42.9364949,-22.753850550000003,-42.93611,-22.7537699993264
RES_0943,3301900,554,True,252,1.0,-42.939436100757575,-22.7515808,-42.939867,-22.7514869993264
RES_0944,3301900,439,True,223,1.0,-42.93482765540495,-22.756377649999997,-42.934206,-22.7565179993263
RES_0945,3301900,3660,True,1717,1.0,-42.938640150000005,-22.771120099999997,-42.939325,-22.770775999326
RES_0946,3301900,837,True,348,1.0,-42.9331464452423,-22.767592249999993,-42.933425,-22.768342999326
RES_0947,3301900,436,True,185,1.0,-42.9348892,-22.76673805,-42.934906,-22.7668959993261
RES_0948,3301900,3003,True,1448,1.0,-42.93815822627761,-22.784864199999998,-42.939205,-22.7839209993257
RES_0949,3301900,3088,True,1507,1.0,-42.939317550821,-22.777654,-42.938256,-22.7785369993258
RES_0950,3301900,99,True,57,1.0,-42.941474850000006,-22.7880267,-42.941175,-22.7882629993256
RES_0951,3301900,165,True,74,1.0,-42.941956250000004,-22.78092555,-42.941856,-22.7808989993258
RES_0952,3301900,166,True,79,1.0,-42.940126733561144,-22.77632145,-42.93961,-22.7765349993259
RES_0953,3301900,1108,True,539,1.0,-42.9168641,-22.788878999999994,-42.917287,-22.7904329993255
RES_0954,3301900,693,True,312,1.0,-42.91484712749196,-22.783966899999996,-42.914956,-22.7842319993257
RES_0955,3301900,160,True,91,1.0,-42.91046532792023,-22.794766,-42.907614,-22.7908589993255
RES_0956,3301900,390,True,189,1.0,-42.9093527,-22.787468299999993,-42.911909,-22.7869769993256
RES_0957,3301900,1278,True,531,1.0,-42.92771667700849,-22.775624849999993,-42.928863,-22.7751199993259
RES_0958,3301900,1500,True,663,1.0,-42.93015265,-22.768360650000005,-42.930455,-22.769224999326
RES_0959,3301900,348,True,175,1.0,-42.9237172261584,-22.775404549999998,-42.924076,-22.7753739993259
RES_0960,3301900,3105,True,1396,1.0,-42.924454600000004,-22.76844759999999,-42.924812,-22.770524999326
RES_0961,3301900,413,True,171,1.0,-42.92699220447133,-22.76641075,-42.927098,-22.7665559993261
RES_0962,3301900,900,True,467,1.0,-42.91891288754266,-22.7746113,-42.917853,-22.7757169993259
RES_0963,3301900,520,True,241,1.0,-42.91761535,-22.771391699999995,-42.91608,-22.7732109993259
RES_0964,3301900,1060,True,463,1.0,-42.9109809,-22.775761,-42.910384,-22.7765079993259
RES_0965,3301900,2313,True,1103,1.0,-42.937243271019106,-22.797253399999992,-42.937056,-22.7979229993253
RES_0966,3301900,2812,True,1387,1.0,-42.93801764907971,-22.7926456,-42.938589,-22.7928889993255
RES_0967,3301900,1129,True,538,1.0,-42.933657100000005,-22.797561400000003,-42.93203,-22.7978829993253
RES_0968,3301900,854,True,422,1.0,-42.93429707020431,-22.791148899999996,-42.932324,-22.7915089993255
RES_0969,3301900,81,True,36,1.0,-42.931394,-22.78972534999999,-42.931672,-22.7897779993256
RES_0970,3301900,2349,True,961,1.0,-42.9279411,-22.761808199999994,-42.930331,-22.7632269993262
RES_0971,3301900,2364,True,973,1.0,-42.9303826,-22.7569043,-42.929824,-22.7574479993263
RES_0972,3301900,413,True,183,1.0,-42.92751065,-22.783088399999997,-42.927649,-22.7828869993257
RES_0973,3301900,532,True,214,1.0,-42.92795442089075,-22.779415349999997,-42.927933,-22.7795879993258
RES_0974,3301900,3336,True,1438,1.0,-42.92511703765436,-22.785027249999995,-42.924756,-22.7843339993257
RES_0975,3301900,3274,True,1533,1.0,-42.9235055,-22.7779576,-42.923483,-22.7786089993258
RES_0976,3301900,570,True,266,1.0,-42.9189046010051,-22.779890650000006,-42.919091,-22.7789259993258
RES_0977,3301900,2409,True,1222,1.0,-42.922150918379096,-22.763736299999998,-42.922294,-22.7630719993262
RES_0978,3301900,2761,True,1250,1.0,-42.92235286581439,-22.75580145,-42.922318,-22.7558999993263
RES_0979,3301900,166,True,99,1.0,-42.91945775,-22.767239399999994,-42.919124,-22.7672529993261
RES_0980,3301900,487,True,231,1.0,-42.91950321858465,-22.757596199999995,-42.919494,-22.7572549993263
RES_0981,3301900,435,True,200,1.0,-42.906429184686615,-22.799805050000003,-42.907429,-22.8016159993253
RES_0982,3301900,384,True,170,1.0,-42.897103943916036,-22.788658399999996,-42.897723,-22.7892549993256
RES_0983,3301900,54,True,20,1.0,-42.89482235,-22.78860165,-42.894605,-22.7882709993256
RES_0984,3301900,744,True,342,1.0,-42.935036100000005,-22.786346249999994,-42.934898,-22.7862149993256
RES_0985,3301900,3178,True,1404,1.0,-42.93182617352607,-22.783063649999995,-42.931172,-22.7843659993257
RES_0986,3301900,2100,True,781,1.0,-42.9325007,-22.77946104999999,-42.931958,-22.7801909993257
RES_0987,3301900,1995,True,605,1.0,-42.91606472414722,-22.762009699999997,-42.915074,-22.7620889993262
RES_0988,3301900,1798,True,840,1.0,-42.914653472258045,-22.75566865,-42.915182,-22.7570989993263
RES_0989,3301900,455,True,200,1.0,-42.91155228375378,-22.76319085,-42.912085,-22.7616069993262
RES_0990,3301900,66,True,36,1.0,-42.8274871,-22.7857935,-42.826873,-22.7857379993256
RES_0991,3301900,203,True,124,1.0,-42.8230019,-22.7901204,-42.821122,-22.7905389993255
RES_0992,3301900,44,True,30,1.0,-42.821889262588336,-22.78210035,-42.822052,-22.7799609993258
RES_0993,3301900,9,True,8,1.0,-42.860788299999996,-22.702963199999996,-42.865049,-22.7046879993275
RES_0994,3301900,322,True,169,1.0,-42.88172495,-22.6981964,-42.881671,-22.6983399993276
RES_0995,3301900,465,True,245,1.0,-42.87616845,-22.70358975,-42.877158,-22.7031349993275
RES_0996,3301900,1268,True,708,1.0,-42.87716560186003,-22.700486649999995,-42.877107,-22.6994179993276
RES_0997,3301900,227,True,115,1.0,-42.873362549999996,-22.698149,-42.873591,-22.6982909993277
RES_0998,3301900,410,True,214,1.0,-42.88237595,-22.701489349999996,-42.882496,-22.7014869993276
RES_0999,3301900,14,True,7,1.0,-42.87642979014481,-22.697688499999998,-42.876114,-22.6973449993277
RES_1000,3301900,84,True,49,1.0,-42.87307675,-22.6974041,-42.873051,-22.6971969993277
RES_1001,3301900,37,True,21,1.0,-42.82179785000001,-22.689659199999994,-42.821175,-22.6896519993279
RES_1002,3301900,772,True,590,1.0,-42.899834399999996,-22.718906550000003,-42.89906,-22.7177159993272
RES_1003,3301900,105,True,47,1.0,-42.90358045,-22.715512249999996,-42.903798,-22.7156579993273
RES_1004,3301900,322,True,146,1.0,-42.893459050000004,-22.71993694999999,-42.893626,-22.7201059993271
RES_1005,3301900,1049,True,588,1.0,-42.896502159545015,-22.712203199999998,-42.895634,-22.7134179993273
RES_1006,3301900,73,False,0,,-42.89453044932474,-22.704709,-42.89453044932474,-22.704709
RES_1007,3301900,492,False,0,,-42.89295772039711,-22.7090878,-42.89295772039711,-22.7090878
RES_1008,3301900,57,True,21,1.0,-42.893130400000004,-22.705498049999992,-42.893186,-22.7055239993275
RES_1009,3301900,317,True,182,1.0,-42.909754899999996,-22.703133049999998,-42.91034,-22.7040239993275
RES_1010,3301900,1305,True,687,1.0,-42.89979651710867,-22.70340914999999,-42.901106,-22.7025189993275
RES_1011,3301900,275,True,155,1.0,-42.895101849999996,-22.720875,-42.89494,-22.7209309993271
RES_1012,3301900,375,True,207,1.0,-42.92776974561046,-22.710555300000003,-42.924638,-22.7134009993273
RES_1013,3301900,20,True,60,1.0,-42.91492554999999,-22.710273,-42.915539,-22.7096089993274
RES_1014,3301900,996,True,510,1.0,-42.901566149999994,-22.711171,-42.900264,-22.7099789993274
RES_1015,3301900,214,True,117,1.0,-42.90355711650247,-22.7070296,-42.903479,-22.7072439993274
RES_1016,3301900,343,True,244,1.0,-42.896458100000004,-22.706794949999995,-42.896249,-22.7066999993275
RES_1017,3301900,170,True,113,1.0,-42.877822890915695,-22.847762149999998,-42.879855,-22.8457229993243
RES_1018,3301900,60,True,54,1.0,-42.877541699999995,-22.834227949999992,-42.871207,-22.8422089993243
RES_1019,3301900,21,True,21,1.0,-42.872800999999995,-22.8143277,-42.880789,-22.8185219993249
RES_1020,3301900,1,True,8,1.0,-42.86405525000001,-22.837204049999997,-42.874693,-22.8155759993249
RES_1021,3301900,8,True,48,1.0,-42.85656745,-22.8060823,-42.846945,-22.8096629993251
RES_1022,3301900,12,True,29,1.0,-42.84554202524319,-22.8548773,-42.847979,-22.856905999324
RES_1023,3301900,30,True,54,1.0,-42.836924229092574,-22.79093435,-42.836939,-22.7910619993255
RES_1024,3301900,101,True,51,1.0,-42.9562094,-22.728583299999997,-42.95811,-22.728462999327
RES_1025,3301900,29,True,9,1.0,-42.826400540459346,-22.852928099999996,-42.827707,-22.8456899993243
RES_1026,3301900,2,False,0,,-42.8261385960637,-22.8140918,-42.8261385960637,-22.8140918
RES_1027,3301900,31,True,16,1.0,-42.8813801,-22.693761349999996,-42.879546,-22.6944559993277
RES_1028,3302007,363,True,247,1.0,-43.886478544526014,-22.862128399999996,-43.887572,-22.8623979993239
RES_1029,3302007,85,True,174,1.0,-43.877152800000005,-22.9379244,-43.878212,-22.9410739993221
RES_1030,3302007,598,False,0,,-43.8794486,-22.90663955,-43.8794486,-22.90663955
RES_1031,3302007,301,True,212,1.0,-43.87881843282443,-22.902086699999995,-43.878987,-22.902142999323
RES_1032,3302007,147,True,222,1.0,-43.88210875,-22.8627951,-43.882554,-22.8627999993239
RES_1033,3302007,1190,True,955,1.0,-43.874348957375354,-22.902658249999995,-43.874047,-22.9035049993229
RES_1034,3302007,38,True,26,1.0,-43.87548095,-22.86435605,-43.876835,-22.8608319993239
RES_1035,3302007,1219,True,1076,1.0,-43.866298150000006,-22.901024250000006,-43.866436,-22.901746999323
RES_1036,3302007,63,True,33,1.0,-43.86146175329983,-22.898118949999997,-43.861083,-22.898308999323
RES_1037,3302007,229,True,185,1.0,-43.86340139127424,-22.857009,-43.863556,-22.857350999324
RES_1038,3302007,37,True,37,1.0,-43.862718028003655,-22.842125849999988,-43.858295,-22.8437099993243
RES_1039,3302007,33,True,170,1.0,-43.86015725423245,-22.950700349999995,-43.860637,-22.9507779993218
RES_1040,3302007,668,True,661,1.0,-43.860046089218216,-22.899483549999992,-43.857287,-22.901322999323
RES_1041,3302007,720,True,636,1.0,-43.85369622685185,-22.897938749999998,-43.854683,-22.898607999323
RES_1042,3302007,603,True,527,1.0,-43.85117005,-22.918539250000002,-43.850252,-22.9187499993226
RES_1043,3302007,1815,True,1075,1.0,-43.8490379,-22.89613595,-43.848544,-22.8952629993231
RES_1044,3302007,102,False,0,,-43.84882002472743,-22.859868899999995,-43.84882002472743,-22.859868899999995
RES_1045,3302007,1802,True,1028,1.0,-43.84243607555432,-22.8948743,-43.841903,-22.8947839993231
RES_1046,3302007,400,True,206,1.0,-43.83950664499251,-22.8882927,-43.8401,-22.8886739993233
RES_1047,3302007,201,True,108,1.0,-43.8447494,-22.852968949999998,-43.845092,-22.8534349993241
RES_1048,3302007,22,True,12,1.0,-43.82955503987179,-22.92229895,-43.8318,-22.9151449993227
RES_1049,3302007,530,True,321,1.0,-43.8233867199719,-22.885628850000003,-43.823491,-22.8852649993233
RES_1050,3302007,325,True,161,1.0,-43.82878265,-22.881857749999995,-43.827463,-22.8812149993234
RES_1051,3302007,37,True,25,1.0,-43.8244339,-22.874405199999998,-43.820422,-22.8735449993236
RES_1052,3302007,165,False,0,,-43.8293011539709,-22.859099750000006,-43.8293011539709,-22.859099750000006
RES_1053,3302007,179,True,114,1.0,-43.826370487436236,-22.855313250000002,-43.825719,-22.855170999324
RES_1054,3302007,38,True,56,1.0,-43.829365021533796,-22.83614005,-43.860783,-22.8491329993242
RES_1055,3302007,1056,True,463,1.0,-43.818477900000005,-22.884328649999997,-43.820026,-22.8852039993233
RES_1056,3302007,1774,True,884,1.0,-43.81693085,-22.881065399999997,-43.817522,-22.8809609993235
RES_1057,3302007,1256,True,597,1.0,-43.8147005,-22.873340849999998,-43.817112,-22.8744379993236
RES_1058,3302007,26,False,0,,-43.815737438769844,-22.853292749999994,-43.815737438769844,-22.853292749999994
RES_1059,3302007,438,True,190,1.0,-43.81955337438262,-22.84683045,-43.819221,-22.8472959993242
RES_1060,3302007,407,True,239,1.0,-43.817863700000004,-22.840778,-43.818286,-22.8402629993244
RES_1061,3302007,1690,True,740,1.0,-43.8138834,-22.877281749999998,-43.81296,-22.8781429993235
RES_1062,3302007,1503,True,695,1.0,-43.810202000000004,-22.8748587,-43.810801,-22.8732999993236
RES_1063,3302007,1990,True,816,1.0,-43.8077290755716,-22.8684752,-43.808751,-22.8668509993238
RES_1064,3302007,593,True,222,1.0,-43.80870125,-22.860484450000005,-43.809133,-22.8610359993239
RES_1065,3302007,19,True,40,1.0,-43.8087216,-22.8541169,-43.809163,-22.8536069993241
RES_1066,3302007,36,False,0,,-43.81377199999999,-22.844894350000004,-43.81377199999999,-22.844894350000004
RES_1067,3302007,255,True,189,1.0,-43.81382719329924,-22.808685299999993,-43.814341,-22.8090529993251
RES_1068,3302007,3046,True,1349,1.0,-43.8020542,-22.87440795,-43.803579,-22.8729069993236
RES_1069,3302007,2238,True,1006,1.0,-43.80289597136223,-22.865822199999997,-43.80275,-22.8645649993238
RES_1070,3302007,1041,True,494,1.0,-43.80110225,-22.8557031,-43.800497,-22.857058999324
RES_1071,3302007,735,False,0,,-43.79989705103766,-22.842622999999996,-43.79989705103766,-22.842622999999996
RES_1072,3302007,1294,True,504,1.0,-43.803332977753165,-22.83872155,-43.803054,-22.8377059993244
RES_1073,3302007,30,True,36,1.0,-43.8043315,-22.800420399999993,-43.804614,-22.8003999993253
RES_1074,3302007,370,True,189,1.0,-43.79794867435321,-22.876981100000002,-43.798016,-22.8770649993235
RES_1075,3302007,4174,True,1954,1.0,-43.79449520037465,-22.872967149999994,-43.794707,-22.8738069993236
RES_1076,3302007,4061,True,1864,1.0,-43.793931766585956,-22.865902,-43.793948,-22.8659579993238
RES_1077,3302007,1330,True,612,1.0,-43.791990750000004,-22.85569685,-43.792851,-22.8593829993239
RES_1078,3302007,889,True,376,1.0,-43.79711156010037,-22.8391657,-43.797179,-22.8388729993244
RES_1079,3302007,55,False,0,,-43.7928455375,-22.8227299,-43.7928455375,-22.8227299
RES_1080,3302007,4,True,3,1.0,-43.79203125000001,-22.797864699999998,-43.797415,-22.7784109993258
RES_1081,3302007,790,True,380,1.0,-43.78608878986297,-22.8769682,-43.786847,-22.8760809993235
RES_1082,3302007,3561,True,1791,1.0,-43.78768917574257,-22.872776799999997,-43.787924,-22.8724619993236
RES_1083,3302007,4604,True,2235,1.0,-43.78801635,-22.866112299999998,-43.786976,-22.8660129993238
RES_1084,3302007,2234,True,947,1.0,-43.787006373843695,-22.861351,-43.786396,-22.8599229993239
RES_1085,3302007,1578,True,772,1.0,-43.784308124949874,-22.8508819,-43.786042,-22.8525029993241
RES_1086,3302007,597,True,221,1.0,-43.78525265,-22.845005599999993,-43.784938,-22.8447009993243
RES_1087,3302007,68,False,0,,-43.791386200000005,-22.839475249999996,-43.791386200000005,-22.839475249999996
RES_1088,3302007,500,True,210,1.0,-43.78525445650888,-22.800860899999996,-43.785097,-22.8007039993253
RES_1089,3302007,1591,True,872,1.0,-43.77970594999999,-22.87303895,-43.780273,-22.8727819993236
RES_1090,3302007,5029,True,2582,1.0,-43.78006665,-22.86433135,-43.779088,-22.8657109993238
RES_1091,3302007,2663,True,1191,1.0,-43.78185225,-22.859399000000003,-43.780304,-22.858827999324
RES_1092,3302007,361,True,97,1.0,-43.782513699999996,-22.854449199999998,-43.783142,-22.854857999324
RES_1093,3302007,460,True,161,1.0,-43.782399,-22.846764349999997,-43.782548,-22.8465839993242
RES_1094,3302007,21,True,49,1.0,-43.77820642303894,-22.812660700000002,-43.76643,-22.8239179993247
RES_1095,3302007,291,True,119,1.0,-43.77955815,-22.805699649999998,-43.779403,-22.8060669993252
RES_1096,3302007,885,True,429,1.0,-43.768725530820106,-22.8783272,-43.769296,-22.8781129993235
RES_1097,3302007,2435,True,1536,1.0,-43.77062247811608,-22.873643,-43.770774,-22.8733469993236
RES_1098,3302007,3673,True,1671,1.0,-43.772597700000006,-22.866274199999992,-43.771785,-22.8657279993238
RES_1099,3302007,2479,True,1073,1.0,-43.771899563382185,-22.85810945,-43.772328,-22.8589739993239
RES_1100,3302007,1382,True,561,1.0,-43.7689625,-22.830399949999997,-43.770711,-22.8301379993246
RES_1101,3302007,296,True,133,1.0,-43.77544745363393,-22.809537749999997,-43.775531,-22.8094949993251
RES_1102,3302007,2449,True,1219,1.0,-43.76347715726837,-22.879467649999995,-43.763262,-22.8793779993235
RES_1103,3302007,4422,True,2086,1.0,-43.76256609259178,-22.87196005,-43.76373,-22.8733959993236
RES_1104,3302007,4203,True,1975,1.0,-43.7634853,-22.86412684999999,-43.763829,-22.8649399993238
RES_1105,3302007,2290,True,658,1.0,-43.76700535,-22.860133299999998,-43.764939,-22.8601849993239
RES_1106,3302007,2270,True,878,1.0,-43.761651199999996,-22.853901149999995,-43.761672,-22.8519719993241
RES_1107,3302007,843,True,341,1.0,-43.7604999,-22.845086650000002,-43.761996,-22.8451299993243
RES_1108,3302007,1090,True,506,1.0,-43.76484743233945,-22.833427800000003,-43.766713,-22.8356199993245
RES_1109,3302007,1299,True,253,1.0,-43.7643731,-22.83026335,-43.766251,-22.8315219993246
RES_1110,3302007,1712,True,418,1.0,-43.7616991,-22.82036415,-43.76197,-22.8204199993248
RES_1111,3302007,1419,True,619,1.0,-43.766287741551736,-22.816629749999993,-43.764625,-22.814964999325
RES_1112,3302007,1435,True,646,1.0,-43.757442600000005,-22.865576299999994,-43.756525,-22.8640599993238
RES_1113,3302007,2662,True,792,1.0,-43.75672401792528,-22.856405949999996,-43.757288,-22.858192999324
RES_1114,3302007,255,True,127,1.0,-43.754012875158224,-22.846034499999995,-43.753262,-22.8465269993242
RES_1115,3302007,35,True,17,1.0,-43.756409000000005,-22.836298049999996,-43.760468,-22.8354369993245
RES_1116,3302007,1458,True,630,1.0,-43.75642095,-22.8151637,-43.756587,-22.8157119993249
RES_1117,3302007,41,True,25,1.0,-43.7464549,-22.872027399999997,-43.745959,-22.8714079993237
RES_1118,3302007,18,False,0,,-43.752151947681675,-22.860998449999997,-43.752151947681675,-22.860998449999997
RES_1119,3302007,74,False,0,,-43.74131830458326,-22.834204349999993,-43.74131830458326,-22.834204349999993
RES_1120,3302007,30,True,36,1.0,-43.7344779,-22.854366899999995,-43.733846,-22.855119999324
RES_1121,3302007,320,False,0,,-43.728636739481274,-22.854050100000002,-43.728636739481274,-22.854050100000002
RES_1122,3302007,181,True,71,1.0,-43.721746401127696,-22.83904935,-43.722114,-22.8389319993244
RES_1123,3302007,117,False,0,,-43.707054049999996,-22.86150645,-43.707054049999996,-22.86150645
RES_1124,3302007,550,True,241,1.0,-43.713009099999994,-22.843044650000003,-43.713562,-22.8430189993243
RES_1125,3302007,27,False,0,,-43.675990029208606,-22.86288725,-43.675990029208606,-22.86288725
RES_1126,3302007,235,True,96,1.0,-43.77136496032608,-22.825685049999997,-43.771025,-22.8259659993247
RES_1127,3302007,349,True,157,1.0,-43.76830825221337,-22.852660399999994,-43.768214,-22.8528719993241
RES_1128,3302007,863,True,365,1.0,-43.76776331232955,-22.854071649999995,-43.767801,-22.8541099993241
RES_1129,3302007,1023,True,396,1.0,-43.758390750000004,-22.8582375,-43.759209,-22.857750999324
RES_1130,3302007,894,True,369,1.0,-43.779086339387504,-22.854478099999994,-43.779263,-22.854494999324
RES_1131,3302007,613,True,251,1.0,-43.775728,-22.85543395,-43.775702,-22.855529999324
RES_1132,3302007,1228,True,476,1.0,-43.77428316255036,-22.852915749999994,-43.774623,-22.8529239993241
RES_1133,3302007,393,True,170,1.0,-43.760722200000004,-22.871365899999997,-43.760813,-22.8719649993236
RES_1134,3302007,544,True,221,1.0,-43.75720618401529,-22.86388225,-43.757362,-22.8639339993238
RES_1135,3302007,278,True,102,1.0,-43.787510945143026,-22.857866950000002,-43.787721,-22.858184999324
RES_1136,3302007,330,True,144,1.0,-43.744833296833875,-22.866648249999997,-43.744775,-22.8669399993238
RES_1137,3302007,387,True,185,1.0,-43.78486765000001,-22.86701269999999,-43.784933,-22.8659469993238
RES_1138,3302007,240,True,142,1.0,-43.78883256197917,-22.862414149999992,-43.788873,-22.8624589993239
RES_1139,3302007,317,True,125,1.0,-43.76795729544412,-22.8277745,-43.768106,-22.8280149993247
RES_1140,3302007,183,True,86,1.0,-43.78295916523605,-22.869113399999996,-43.78308,-22.8687739993237
RES_1141,3302007,267,True,105,1.0,-43.77295620499173,-22.85639855,-43.771605,-22.855909999324
RES_1142,3302007,207,True,83,1.0,-43.736572251295144,-22.8724255,-43.735511,-22.8723289993236
RES_1143,3302007,523,True,406,1.0,-43.849368549999994,-22.900290149999996,-43.849426,-22.900431999323
RES_1144,3302007,455,True,470,1.0,-43.84550975,-22.899907499999998,-43.845649,-22.900011999323
RES_1145,3302007,20,True,13,1.0,-43.80395734704453,-22.774550499999997,-43.801983,-22.770421999326
RES_1146,3302007,81,True,71,1.0,-43.8073126,-22.7465458,-43.805174,-22.7452509993266
RES_1147,3302007,62,True,52,1.0,-43.793562300000005,-22.728421649999998,-43.794999,-22.7362019993268
RES_1148,3302007,114,True,118,1.0,-43.79649035,-22.7149038,-43.80508,-22.7172829993272
RES_1149,3302007,50,True,47,1.0,-43.790781100000004,-22.760183499999997,-43.789763,-22.7594249993262
RES_1150,3302007,49,True,55,1.0,-43.76852724503913,-22.7362255,-43.7686,-22.7362379993268
RES_1151,3302007,61,True,31,1.0,-43.767539150000005,-22.701448499999998,-43.767462,-22.7012129993276
RES_1152,3302007,123,True,68,1.0,-43.75780885522856,-22.713579100000004,-43.760325,-22.7053519993275
RES_1153,3302270,1483,True,567,1.0,-43.65653895,-22.64742835,-43.656065,-22.6465519993289
RES_1154,3302270,641,True,414,1.0,-43.65545385,-22.6421556,-43.656549,-22.6426349993289
RES_1155,3302270,1446,True,604,1.0,-43.66285535,-22.64444075,-43.663398,-22.6441249993289
RES_1156,3302270,226,True,87,1.0,-43.653746999999996,-22.637136599999995,-43.652768,-22.638992999329
RES_1157,3302270,547,True,254,1.0,-43.6676992102789,-22.639731449999996,-43.667486,-22.640023999329
RES_1158,3302270,698,True,220,1.0,-43.66669295062803,-22.635242299999998,-43.665802,-22.6352129993291
RES_1159,3302270,1291,True,549,1.0,-43.648363450000005,-22.639477949999996,-43.648673,-22.639673999329
RES_1160,3302270,540,True,237,1.0,-43.63825745,-22.64246385,-43.638842,-22.642184999329
RES_1161,3302270,895,True,404,1.0,-43.64564002105418,-22.64505965,-43.646428,-22.6447719993289
RES_1162,3302270,1191,True,572,1.0,-43.64885395,-22.641746750000003,-43.648659,-22.6420079993289
RES_1163,3302270,581,True,238,1.0,-43.64378524999999,-22.6456934,-43.643706,-22.6454699993289
RES_1164,3302270,808,True,361,1.0,-43.64325839999999,-22.641614850000003,-43.644034,-22.642110999329
RES_1165,3302270,1022,True,361,1.0,-43.637668149999996,-22.649481049999995,-43.637551,-22.6487399993288
RES_1166,3302270,580,True,203,1.0,-43.63651575,-22.64989045,-43.63675,-22.6499749993288
RES_1167,3302270,695,True,287,1.0,-43.66210872416755,-22.653883049999997,-43.66228,-22.6540859993287
RES_1168,3302270,700,True,111,1.0,-43.66312572162656,-22.65152525,-43.661444,-22.6517809993287
RES_1169,3302270,4342,True,1832,1.0,-43.65611045512048,-22.655202449999994,-43.656283,-22.6543709993287
RES_1170,3302270,2178,True,734,1.0,-43.65559495000001,-22.650180700000003,-43.656475,-22.6499819993288
RES_1171,3302270,2252,True,959,1.0,-43.65075976059397,-22.648039299999997,-43.650738,-22.6490929993288
RES_1172,3302270,564,True,211,1.0,-43.66127534771332,-22.656620900000007,-43.66123,-22.6567149993286
RES_1173,3302270,153,True,57,1.0,-43.64871614902347,-22.649445049999997,-43.648583,-22.6491919993288
RES_1174,3302270,1708,True,868,1.0,-43.66461259591182,-22.649968450000003,-43.663665,-22.6492619993288
RES_1175,3302270,1473,True,495,1.0,-43.658364000000006,-22.647036899999996,-43.658656,-22.6465429993289
RES_1176,3302270,114,True,51,1.0,-43.62052627914893,-22.656281000000003,-43.620289,-22.6568999993286
RES_1177,3302270,715,True,297,1.0,-43.6075291,-22.65066485,-43.607772,-22.6506679993287
RES_1178,3302270,526,True,212,1.0,-43.60479046889648,-22.655468749999997,-43.59844,-22.6527459993287
RES_1179,3302270,1223,True,550,1.0,-43.615081599999996,-22.672163549999993,-43.614858,-22.6710739993283
RES_1180,3302270,845,True,364,1.0,-43.61364019479093,-22.66968995,-43.612957,-22.6696979993283
RES_1181,3302270,1192,True,581,1.0,-43.61526992733094,-22.678976950000003,-43.616619,-22.6763049993282
RES_1182,3302270,455,True,214,1.0,-43.61044054910639,-22.680518050000003,-43.610546,-22.6803609993281
RES_1183,3302270,3354,True,1598,1.0,-43.6116389,-22.6761915,-43.611516,-22.6764899993282
RES_1184,3302270,443,True,189,1.0,-43.60863114921095,-22.672842349999996,-43.608695,-22.6726709993282
RES_1185,3302270,2705,True,1183,1.0,-43.604092530124404,-22.683732149999997,-43.604351,-22.683413999328
RES_1186,3302270,2353,True,1120,1.0,-43.604546982767914,-22.676911800000006,-43.604064,-22.6769139993281
RES_1187,3302270,604,True,238,1.0,-43.61767377610295,-22.67703095,-43.617801,-22.6770749993282
RES_1188,3302270,93,True,44,1.0,-43.61666575,-22.675702449999996,-43.616915,-22.6758979993282
RES_1189,3302270,895,True,394,1.0,-43.6230602,-22.677169499999998,-43.623343,-22.6772259993281
RES_1190,3302270,186,True,136,1.0,-43.64538115,-22.68029414999999,-43.64511,-22.6801419993281
RES_1191,3302270,47,True,44,1.0,-43.63879110715744,-22.6747718,-43.641658,-22.6755709993282
RES_1192,3302270,370,True,144,1.0,-43.633709822966104,-22.685877249999997,-43.632839,-22.6867479993279
RES_1193,3302270,687,True,289,1.0,-43.62547131334366,-22.6815141,-43.625749,-22.681871999328
RES_1194,3302270,1627,True,572,1.0,-43.6252979,-22.68881935,-43.624233,-22.6887639993279
RES_1195,3302270,1938,True,773,1.0,-43.620459923809946,-22.681733799999996,-43.61904,-22.683102999328
RES_1196,3302270,513,True,265,1.0,-43.6128975,-22.68356504999999,-43.612164,-22.681837999328
RES_1197,3302270,828,True,274,1.0,-43.6153877,-22.682237649999994,-43.615287,-22.682357999328
RES_1198,3302270,337,True,200,1.0,-43.61375559110178,-22.682482049999994,-43.613884,-22.682501999328
RES_1199,3302270,2643,True,1059,1.0,-43.61853220348492,-22.690403999999997,-43.617381,-22.6922139993278
RES_1200,3302270,1572,True,651,1.0,-43.611764550000004,-22.691598549999995,-43.609456,-22.6909469993278
RES_1201,3302270,2495,True,1100,1.0,-43.61040010000001,-22.683469849999987,-43.609881,-22.684781999328
RES_1202,3302270,1431,True,534,1.0,-43.6028467,-22.6903601,-43.603139,-22.6894549993278
RES_1203,3302270,1128,True,411,1.0,-43.60087270993785,-22.685444249999996,-43.600056,-22.6855689993279
RES_1204,3302270,1388,True,561,1.0,-43.59371115826919,-22.683793200000004,-43.592714,-22.684811999328
RES_1205,3302270,1138,True,546,1.0,-43.58731313210745,-22.689918249999998,-43.586076,-22.6896129993279
RES_1206,3302270,1145,True,442,1.0,-43.583740750000004,-22.68616245,-43.586716,-22.6858949993279
RES_1207,3302270,546,True,243,1.0,-43.58120629999999,-22.690527200000005,-43.581439,-22.6906769993278
RES_1208,3302270,179,True,66,1.0,-43.59526984934767,-22.683468450000003,-43.595295,-22.683787999328
RES_1209,3302270,321,True,140,1.0,-43.60002956853334,-22.682450000000003,-43.600366,-22.682280999328
RES_1210,3302270,941,True,459,1.0,-43.59787560422332,-22.682858849999995,-43.597631,-22.682184999328
RES_1211,3302270,2233,True,978,1.0,-43.5940712,-22.676289599999997,-43.59484,-22.6767129993281
RES_1212,3302270,475,True,173,1.0,-43.598075550000004,-22.6837673,-43.598394,-22.683489999328
RES_1213,3302270,1805,True,795,1.0,-43.59913467263361,-22.676897549999996,-43.600449,-22.6757649993282
RES_1214,3302270,644,True,262,1.0,-43.600270900000005,-22.672748400000003,-43.600173,-22.6727079993282
RES_1215,3302270,696,True,303,1.0,-43.59721476947004,-22.6749667,-43.597535,-22.6753899993282
RES_1216,3302270,2286,True,1064,1.0,-43.609643383514694,-22.6697427,-43.608989,-22.6702429993283
RES_1217,3302270,477,True,172,1.0,-43.60784280515854,-22.665483500000004,-43.607837,-22.6655169993284
RES_1218,3302270,3287,True,1287,1.0,-43.6045331163583,-22.668189649999995,-43.60467,-22.6689819993283
RES_1219,3302270,555,True,198,1.0,-43.6039178,-22.6642937,-43.604,-22.6643819993284
RES_1220,3302270,831,True,373,1.0,-43.59233835088362,-22.678927749999996,-43.592354,-22.6784809993281
RES_1221,3302270,4748,True,531,1.0,-43.58347397552022,-22.675155500000002,-43.589144,-22.6761069993282
RES_1222,3302270,562,True,236,1.0,-43.585115197403724,-22.67258105,-43.585378,-22.6725669993282
RES_1223,3302270,1421,False,0,,-43.58189815,-22.674998700000003,-43.58189815,-22.674998700000003
RES_1224,3302270,477,True,248,1.0,-43.5765598,-22.68973115,-43.576607,-22.6900019993278
RES_1225,3302270,672,True,274,1.0,-43.57774642769074,-22.68678225,-43.577978,-22.6859259993279
RES_1226,3302270,38,True,23,1.0,-43.577666449999995,-22.675693199999998,-43.576058,-22.6777069993281
RES_1227,3302270,657,True,333,1.0,-43.56983155,-22.679588350000003,-43.570493,-22.6789149993281
RES_1228,3302270,270,True,129,1.0,-43.56460545631349,-22.685764049999996,-43.565823,-22.6858379993279
RES_1229,3302270,252,True,216,1.0,-43.646766,-22.68394265,-43.646564,-22.683739999328
RES_1230,3302270,292,True,175,1.0,-43.63854465598389,-22.6882917,-43.638556,-22.6888189993279
RES_1231,3302270,363,True,191,1.0,-43.6405716467499,-22.6861439,-43.640816,-22.6864209993279
RES_1232,3302270,396,True,203,1.0,-43.6337854,-22.689115099999995,-43.633561,-22.6892049993279
RES_1233,3302270,503,True,205,1.0,-43.62813415,-22.691081299999997,-43.62869,-22.6912829993278
RES_1234,3302270,662,True,293,1.0,-43.63110079565814,-22.713210149999995,-43.631016,-22.7138209993273
RES_1235,3302270,799,True,378,1.0,-43.63097105,-22.7072239,-43.632604,-22.7063319993275
RES_1236,3302270,609,True,274,1.0,-43.6241038106684,-22.7059057,-43.624152,-22.7056539993275
RES_1237,3302270,1363,True,560,1.0,-43.6231241,-22.69965395,-43.624886,-22.6975469993277
RES_1238,3302270,46,True,30,1.0,-43.572109045982145,-22.6359531,-43.570401,-22.6436629993289
RES_1239,3302270,58,True,64,1.0,-43.56012062551021,-22.651316900000005,-43.560274,-22.6515929993287
RES_1240,3302270,750,True,228,1.0,-43.592966361439586,-22.670657300000002,-43.592675,-22.6705379993283
RES_1241,3302270,148,True,60,1.0,-43.584501200000005,-22.660371299999994,-43.584002,-22.6609509993285
RES_1242,3302270,526,True,232,1.0,-43.58126447940462,-22.662253299999993,-43.581298,-22.6624019993285
RES_1243,3302270,758,True,289,1.0,-43.586330225119085,-22.6696295,-43.584886,-22.6684149993283
RES_1244,3302270,1202,True,416,1.0,-43.58140225535642,-22.669024549999996,-43.580799,-22.6680959993283
RES_1245,3302270,164,True,88,1.0,-43.570194856228376,-22.668519999999994,-43.571484,-22.6685249993283
RES_1246,3302270,58,True,30,1.0,-43.560226319107926,-22.672060950000002,-43.570416,-22.6702649993283
RES_1247,3302270,19,True,15,1.0,-43.55976855824234,-22.654452149999997,-43.555936,-22.6546269993287
RES_1248,3302270,77,True,64,1.0,-43.54792884557148,-22.6579088,-43.547274,-22.6557819993286
RES_1249,3302270,351,True,240,1.0,-43.5402067801282,-22.6591602,-43.540698,-22.6596549993285
RES_1250,3302270,207,True,167,1.0,-43.53752148750641,-22.655923149999992,-43.538134,-22.6566379993286
RES_1251,3302270,140,False,0,,-43.60695311769663,-22.640954649999998,-43.60695311769663,-22.640954649999998
RES_1252,3302270,100,False,0,,-43.611140105703186,-22.635423849999995,-43.611140105703186,-22.635423849999995
RES_1253,3302270,401,True,161,1.0,-43.6030407464025,-22.64476975,-43.605642,-22.641664999329
RES_1254,3302270,537,True,176,1.0,-43.5941753,-22.652671649999995,-43.594897,-22.6531059993287
RES_1255,3302270,30,True,23,1.0,-43.59323799274934,-22.634839999999997,-43.59175,-22.639281999329
RES_1256,3302270,7,True,5,1.0,-43.5858061,-22.64400275,-43.582578,-22.6421389993289
RES_1257,3302270,104,True,40,1.0,-43.58481635,-22.6227508,-43.585602,-22.6223079993294
RES_1258,3302270,242,True,77,1.0,-43.57356,-22.617204449999996,-43.573419,-22.6165169993295
RES_1259,3302502,256,True,254,1.0,-43.096755176407655,-22.68182365,-43.095926,-22.682045999328
RES_1260,3302502,42,True,23,1.0,-43.0945309470567,-22.669830649999994,-43.094059,-22.6697059993283
RES_1261,3302502,231,True,182,1.0,-43.089746474740465,-22.676666199999996,-43.089735,-22.6769969993281
RES_1262,3302502,83,True,51,1.0,-43.09201301542984,-22.664455049999997,-43.092633,-22.6649629993284
RES_1263,3302502,599,True,346,1.0,-43.09002315765662,-22.6513432,-43.089874,-22.6513709993287
RES_1264,3302502,449,True,295,1.0,-43.083841899999996,-22.64991,-43.083968,-22.6497019993288
RES_1265,3302502,519,True,225,1.0,-43.07419395,-22.653907599999993,-43.068233,-22.6532099993287
RES_1266,3302502,219,True,126,1.0,-43.07429797680567,-22.642962149999995,-43.072746,-22.640472999329
RES_1267,3302502,376,True,225,1.0,-43.07017555,-22.6336078,-43.071292,-22.6363209993291
RES_1268,3302502,332,False,0,,-43.0636038507049,-22.683640500000003,-43.0636038507049,-22.683640500000003
RES_1269,3302502,684,True,313,1.0,-43.06634304458723,-22.674842449999996,-43.067482,-22.6758209993282
RES_1270,3302502,4,True,4,1.0,-43.06709984810743,-22.66828915,-43.069564,-22.6764059993282
RES_1271,3302502,329,True,170,1.0,-43.06597330548665,-22.650531450000003,-43.066255,-22.6510709993287
RES_1272,3302502,972,True,313,1.0,-43.0609310646376,-22.671845350000005,-43.06125,-22.6724149993282
RES_1273,3302502,695,True,317,1.0,-43.05510025798591,-22.662167099999998,-43.055424,-22.6634509993285
RES_1274,3302502,91,True,45,1.0,-43.06000695,-22.656343749999998,-43.064476,-22.6532999993287
RES_1275,3302502,177,True,78,1.0,-43.060329777085855,-22.645322099999994,-43.062892,-22.6480259993288
RES_1276,3302502,427,True,194,1.0,-43.046013839098094,-22.661937549999998,-43.045516,-22.6619309993285
RES_1277,3302502,1007,True,516,1.0,-43.046052264792934,-22.656196950000005,-43.046949,-22.6564989993286
RES_1278,3302502,1403,True,664,1.0,-43.04716745,-22.65147435,-43.048217,-22.6509279993287
RES_1279,3302502,501,True,222,1.0,-43.038726921007125,-22.669713,-43.037849,-22.6690589993283
RES_1280,3302502,2003,True,950,1.0,-43.04141585,-22.661669449999998,-43.040565,-22.6627219993285
RES_1281,3302502,2396,True,1329,2.0,-43.04312438777713,-22.656594049999995,-43.041951,-22.6562249993286
RES_1282,3302502,4793,True,2212,1.0,-43.0423421,-22.650087549999995,-43.0416,-22.6497619993288
RES_1283,3302502,1210,True,684,1.0,-43.045026626925804,-22.604627499999996,-43.042581,-22.6057489993298
RES_1284,3302502,306,True,164,1.0,-43.04026205184891,-22.5973707,-43.040403,-22.59679599933
RES_1285,3302502,944,True,428,1.0,-43.04473030913091,-22.592869249999996,-43.045246,-22.5930069993301
RES_1286,3302502,379,True,135,1.0,-43.034141135124486,-22.674951400000005,-43.034005,-22.6750019993282
RES_1287,3302502,1394,True,601,1.0,-43.03376969537234,-22.66817965,-43.034144,-22.6687539993283
RES_1288,3302502,1941,True,998,1.0,-43.03620774737771,-22.662681099999993,-43.035234,-22.6632709993285
RES_1289,3302502,1974,True,534,1.0,-43.03548915,-22.655112099999997,-43.035712,-22.6551519993287
RES_1290,3302502,1873,True,859,1.0,-43.0342120544702,-22.649543199999997,-43.033014,-22.6485149993288
RES_1291,3302502,540,True,261,1.0,-43.03546394982026,-22.642996,-43.033959,-22.642074999329
RES_1292,3302502,400,True,174,1.0,-43.03526803933181,-22.63303305,-43.036244,-22.6337329993291
RES_1293,3302502,1281,True,461,1.0,-43.035042054836325,-22.60484465,-43.035244,-22.6030289993299
RES_1294,3302502,1968,True,922,1.0,-43.02768134439708,-22.6622361,-43.02725,-22.6625579993285
RES_1295,3302502,770,False,0,,-43.02444777828244,-22.654630149999996,-43.02444777828244,-22.654630149999996
RES_1296,3302502,1830,True,447,1.0,-43.025220649999994,-22.647443999999997,-43.025417,-22.6493519993288
RES_1297,3302502,856,False,0,,-43.022885543250766,-22.6451917,-43.022885543250766,-22.6451917
RES_1298,3302502,2907,True,1278,1.0,-43.024753852202636,-22.633933550000002,-43.026932,-22.6344869993291
RES_1299,3302502,812,True,362,1.0,-43.025036,-22.63012475,-43.027084,-22.6299119993292
RES_1300,3302502,521,True,230,1.0,-43.027850124729255,-22.614625149999995,-43.027796,-22.6142359993296
RES_1301,3302502,24,True,44,1.0,-43.0249469,-22.604352799999994,-43.017659,-22.6193509993295
RES_1302,3302502,835,True,400,1.0,-43.02232275,-22.648972049999998,-43.021281,-22.6474879993288
RES_1303,3302502,395,True,96,1.0,-43.016870850000004,-22.631960299999996,-43.016876,-22.6326709993292
RES_1304,3302502,102,False,0,,-43.0166093,-22.624876,-43.0166093,-22.624876
RES_1305,3302502,572,True,269,1.0,-43.02126120910278,-22.602672249999998,-43.021732,-22.6027479993298
RES_1306,3302502,721,True,317,1.0,-43.016878054286146,-22.597552399999998,-43.017268,-22.59677699933
RES_1307,3302502,471,True,209,1.0,-43.01953603472656,-22.593756850000002,-43.020422,-22.5926799993301
RES_1308,3302502,51,True,46,1.0,-43.011367050000004,-22.629476699999998,-43.01142,-22.6276279993293
RES_1309,3302502,129,True,53,1.0,-43.01371145,-22.59822925,-43.013691,-22.59903699933
RES_1310,3302502,249,False,0,,-43.01418024025158,-22.590801499999998,-43.01418024025158,-22.590801499999998
RES_1311,3302502,565,True,238,1.0,-43.03161451622758,-22.670903849999995,-43.031554,-22.6707309993283
RES_1312,3302502,323,True,128,1.0,-43.031720627605324,-22.6654235,-43.031503,-22.6653069993284
RES_1313,3302502,620,True,253,1.0,-43.02996950000001,-22.667393249999996,-43.029922,-22.6677009993283
RES_1314,3302502,1232,True,558,1.0,-43.0481444,-22.64911075,-43.047984,-22.6494499993288
RES_1315,3302502,488,True,207,1.0,-43.04480580130251,-22.64759635,-43.044838,-22.6476199993288
RES_1316,3302502,254,True,97,1.0,-43.01539051411291,-22.5916488,-43.015249,-22.5916339993301
RES_1317,3302502,195,True,49,1.0,-43.03331844195053,-22.604674799999998,-43.033071,-22.6048789993298
RES_1318,3302502,584,True,274,1.0,-43.047674208472095,-22.662714700000002,-43.049104,-22.6624069993285
RES_1319,3302502,476,True,240,1.0,-43.04307867029202,-22.64462865,-43.043681,-22.6446389993289
RES_1320,3302502,150,True,86,1.0,-43.04026,-22.668070399999998,-43.040246,-22.6716419993283
RES_1321,3302502,443,True,177,1.0,-43.03893095,-22.66505465,-43.039421,-22.6650899993284
RES_1322,3302502,542,True,254,1.0,-43.03752455,-22.665549449999997,-43.037586,-22.6653889993284
RES_1323,3302502,5,False,0,,-43.21195565,-22.724518450000005,-43.21195565,-22.724518450000005
RES_1324,3302502,938,True,245,1.0,-43.19825635855038,-22.7173777,-43.192685,-22.7136729993273
RES_1325,3302502,594,True,396,1.0,-43.19333600711657,-22.7109983,-43.19482,-22.7106979993274
RES_1326,3302502,1076,True,668,1.0,-43.18803278068803,-22.71549435,-43.189507,-22.7167049993272
RES_1327,3302502,321,True,184,1.0,-43.18652987807617,-22.711581249999995,-43.186275,-22.7114479993273
RES_1328,3302502,43,True,21,1.0,-43.188808047557146,-22.68833935,-43.188157,-22.6889829993279
RES_1329,3302502,1548,True,1266,1.0,-43.1813744,-22.717225050000003,-43.180676,-22.7163529993272
RES_1330,3302502,330,True,196,1.0,-43.177530304448425,-22.705797999999994,-43.177429,-22.7066359993274
RES_1331,3302502,868,True,753,1.0,-43.1709388795977,-22.7144482,-43.172533,-22.7138559993273
RES_1332,3302502,2488,True,1463,1.0,-43.173304934697796,-22.710976450000004,-43.173143,-22.7090459993274
RES_1333,3302502,574,True,375,1.0,-43.176618503708056,-22.6991391,-43.173978,-22.7013649993276
RES_1334,3302502,620,True,353,1.0,-43.176288220973156,-22.691502449999998,-43.17549,-22.6920159993278
RES_1335,3302502,432,True,238,1.0,-43.170818304100834,-22.678304150000002,-43.171089,-22.6782509993281
RES_1336,3302502,426,True,303,1.0,-43.170229,-22.6707576,-43.170632,-22.6714929993283
RES_1337,3302502,387,True,184,1.0,-43.17222165,-22.655331750000002,-43.172371,-22.6552329993287
RES_1338,3302502,1656,True,974,1.0,-43.1659871805323,-22.70898305,-43.165451,-22.7078939993274
RES_1339,3302502,1804,True,680,1.0,-43.16562596115554,-22.70108405,-43.16476,-22.7030699993275
RES_1340,3302502,80,False,0,,-43.1677684368608,-22.693831899999996,-43.1677684368608,-22.693831899999996
RES_1341,3302502,301,True,195,1.0,-43.16338813495918,-22.6897368,-43.163963,-22.6904179993278
RES_1342,3302502,211,True,184,1.0,-43.162672105411474,-22.678752399999993,-43.162781,-22.6786509993281
RES_1343,3302502,125,True,92,1.0,-43.16434966743802,-22.668371699999998,-43.163879,-22.6693209993283
RES_1344,3302502,1355,True,903,1.0,-43.15978965,-22.705744649999993,-43.15882,-22.7069089993274
RES_1345,3302502,1838,True,966,1.0,-43.156840264281676,-22.704103749999994,-43.156526,-22.7023889993276
RES_1346,3302502,67,False,0,,-43.161587949695914,-22.696650499999997,-43.161587949695914,-22.696650499999997
RES_1347,3302502,256,True,133,1.0,-43.16170025000001,-22.65692949999999,-43.16121,-22.6582219993286
RES_1348,3302502,1085,True,777,1.0,-43.14933002044025,-22.705396299999997,-43.149847,-22.7062939993275
RES_1349,3302502,1495,True,822,1.0,-43.153505854087776,-22.702791649999998,-43.151283,-22.7009759993276
RES_1350,3302502,4,False,0,,-43.15276994297545,-22.695358199999998,-43.15276994297545,-22.695358199999998
RES_1351,3302502,197,False,0,,-43.15038107510334,-22.677640749999995,-43.15038107510334,-22.677640749999995
RES_1352,3302502,478,True,369,1.0,-43.14221980000001,-22.7062281,-43.14339,-22.7070409993275
RES_1353,3302502,688,True,445,1.0,-43.1462011,-22.698668799999993,-43.143992,-22.7010029993276
RES_1354,3302502,106,True,80,1.0,-43.141719050000006,-22.696113999999994,-43.139893,-22.6961419993277
RES_1355,3302502,7,False,0,,-43.140511000000004,-22.685848749999998,-43.140511000000004,-22.685848749999998
RES_1356,3302502,136,True,191,1.0,-43.13359325,-22.712758100000002,-43.134062,-22.7129869993273
RES_1357,3302502,1218,True,914,1.0,-43.13512140399462,-22.70786015,-43.135761,-22.7070989993275
RES_1358,3302502,349,True,221,1.0,-43.13308755,-22.703687449999997,-43.133126,-22.7038149993275
RES_1359,3302502,83,False,0,,-43.13326479536207,-22.696904699999994,-43.13326479536207,-22.696904699999994
RES_1360,3302502,161,True,182,1.0,-43.130402849999996,-22.713090549999997,-43.130447,-22.7130719993273
RES_1361,3302502,847,True,552,1.0,-43.13033778462898,-22.7055803,-43.128806,-22.7066559993275
RES_1362,3302502,1202,True,484,1.0,-43.12368383047068,-22.698322,-43.123979,-22.7004629993276
RES_1363,3302502,447,True,285,1.0,-43.128966750000004,-22.692455399999993,-43.128576,-22.6922239993278
RES_1364,3302502,109,False,0,,-43.130535200000004,-22.687813799999994,-43.130535200000004,-22.687813799999994
RES_1365,3302502,336,True,223,1.0,-43.11991692063616,-22.706758349999998,-43.120159,-22.7088819993274
RES_1366,3302502,704,True,418,1.0,-43.122426600000004,-22.697207249999998,-43.121253,-22.6990659993276
RES_1367,3302502,252,True,148,1.0,-43.12177036559356,-22.69302,-43.12191,-22.6930229993278
RES_1368,3302502,141,True,100,1.0,-43.20562494480832,-22.66259915,-43.204911,-22.6615419993285
RES_1369,3302502,1444,True,682,1.0,-43.20554294943592,-22.647831099999998,-43.204974,-22.6482069993288
RES_1370,3302502,1635,True,736,1.0,-43.20336940000001,-22.642240550000004,-43.205686,-22.641980999329
RES_1371,3302502,468,True,184,1.0,-43.20237211193454,-22.637304999999998,-43.202351,-22.6373309993291
RES_1372,3302502,548,True,252,1.0,-43.1949716928637,-22.636839449999997,-43.195609,-22.6369819993291
RES_1373,3302502,1014,True,415,1.0,-43.19530389342715,-22.620568300000002,-43.195686,-22.6206169993295
RES_1374,3302502,2744,True,1248,1.0,-43.196758719117696,-22.614207049999994,-43.196357,-22.6149499993296
RES_1375,3302502,2387,True,1061,1.0,-43.198203699734044,-22.606725849999993,-43.197058,-22.6075679993297
RES_1376,3302502,1898,True,779,1.0,-43.199043950000004,-22.602933899999996,-43.198745,-22.6025359993299
RES_1377,3302502,824,True,307,1.0,-43.19489282604092,-22.59259855,-43.19492,-22.5923729993301
RES_1378,3302502,561,True,246,1.0,-43.18753569946997,-22.63588595,-43.187498,-22.6359339993291
RES_1379,3302502,1638,True,685,1.0,-43.189799300000004,-22.6289736,-43.190207,-22.6282859993293
RES_1380,3302502,2547,True,1075,1.0,-43.19073025,-22.621750249999998,-43.191241,-22.6210999993294
RES_1381,3302502,1895,True,892,1.0,-43.18957723869863,-22.617975700000002,-43.188703,-22.6167529993295
RES_1382,3302502,2315,True,1111,1.0,-43.188210950000006,-22.606259550000004,-43.19166,-22.6067999993298
RES_1383,3302502,2532,True,1175,1.0,-43.192034099613494,-22.599015799999997,-43.191428,-22.5998569993299
RES_1384,3302502,3096,True,1095,1.0,-43.19070569808579,-22.59420745,-43.190423,-22.59507299933
RES_1385,3302502,4458,True,1884,1.0,-43.18947075,-22.588559,-43.19096,-22.5874119993302
RES_1386,3302502,275,True,89,1.0,-43.18261303504963,-22.645725949999996,-43.18251,-22.6456399993289
RES_1387,3302502,1001,True,532,1.0,-43.184851936469414,-22.63535075,-43.18331,-22.6346809993291
RES_1388,3302502,1706,True,698,1.0,-43.18358301781899,-22.628981699999997,-43.18068,-22.6296229993292
RES_1389,3302502,3603,True,1523,1.0,-43.181337146785324,-22.62214765,-43.181861,-22.6223249993294
RES_1390,3302502,4089,True,2005,1.0,-43.18209125,-22.615347200000002,-43.182314,-22.6144369993296
RES_1391,3302502,2383,True,1187,1.0,-43.18177952640707,-22.607620349999998,-43.181155,-22.6069299993298
RES_1392,3302502,3340,True,1326,1.0,-43.18308714748214,-22.5966128,-43.183956,-22.59807599933
RES_1393,3302502,3044,True,1539,1.0,-43.18359455,-22.592152499999997,-43.183743,-22.5918079993301
RES_1394,3302502,481,True,238,1.0,-43.18267370000001,-22.584499899999997,-43.182941,-22.5849529993303
RES_1395,3302502,772,True,440,1.0,-43.18559695,-22.580676249999993,-43.18595,-22.5813479993304
RES_1396,3302502,1255,True,543,1.0,-43.18149264169561,-22.572148700000007,-43.182221,-22.5731569993305
RES_1397,3302502,192,True,79,1.0,-43.17467655261186,-22.6402493,-43.171988,-22.6376629993291
RES_1398,3302502,199,True,100,1.0,-43.17453085,-22.6347887,-43.174644,-22.6352459993291
RES_1399,3302502,3677,True,1454,1.0,-43.175302450000004,-22.6300599,-43.175133,-22.6294709993292
RES_1400,3302502,4716,True,1992,1.0,-43.17555556744951,-22.62138485,-43.174421,-22.6209249993294
RES_1401,3302502,3753,True,1973,1.0,-43.174687926525124,-22.61317105,-43.175004,-22.6146369993296
RES_1402,3302502,3016,True,1607,1.0,-43.175016150000005,-22.609433399999997,-43.174894,-22.6084339993297
RES_1403,3302502,2955,True,1300,1.0,-43.17512425,-22.5987991,-43.174821,-22.5993129993299
RES_1404,3302502,677,True,282,1.0,-43.1754363,-22.592068949999998,-43.177613,-22.5938239993301
RES_1405,3302502,547,True,236,1.0,-43.17306035,-22.58463175,-43.172917,-22.5847789993303
RES_1406,3302502,11,False,0,,-43.17351259383798,-22.5739564,-43.17351259383798,-22.5739564
RES_1407,3302502,952,True,372,1.0,-43.169604150717745,-22.633182149999996,-43.169984,-22.6332509993292
RES_1408,3302502,1959,True,806,1.0,-43.1691879,-22.628371449999996,-43.168711,-22.6289339993293
RES_1409,3302502,4111,True,1630,1.0,-43.165357299120444,-22.623248349999997,-43.166273,-22.6224249993294
RES_1410,3302502,5657,True,2534,1.0,-43.166982149999995,-22.614857499999996,-43.166861,-22.6142669993296
RES_1411,3302502,1652,True,809,1.0,-43.16779842386696,-22.608963849999995,-43.168619,-22.6090349993297
RES_1412,3302502,694,True,274,1.0,-43.169877030020146,-22.58317135,-43.169819,-22.5838539993303
RES_1413,3302502,382,True,184,1.0,-43.167270050999605,-22.581936299999995,-43.166748,-22.5823709993303
RES_1414,3302502,998,True,430,1.0,-43.160307075304544,-22.6307855,-43.160439,-22.6283269993293
RES_1415,3302502,2825,True,1168,1.0,-43.15844519580395,-22.619699549999993,-43.159138,-22.6203129993295
RES_1416,3302502,1944,True,806,1.0,-43.1624633,-22.6169528,-43.161544,-22.6151189993296
RES_1417,3302502,572,True,241,1.0,-43.16617366681626,-22.620198949999995,-43.166215,-22.6202899993295
RES_1418,3302502,1709,True,493,1.0,-43.18936441348545,-22.592774749999997,-43.189224,-22.5923369993301
RES_1419,3302502,287,True,123,1.0,-43.2027143,-22.6452282,-43.202759,-22.6450519993289
RES_1420,3302502,891,True,397,1.0,-43.19154443830635,-22.643501200000003,-43.189883,-22.6429829993289
RES_1421,3302502,222,True,125,1.0,-43.18647688308876,-22.613502500000003,-43.186108,-22.6130799993296
RES_1422,3302502,992,True,433,1.0,-43.18621825541401,-22.610345199999998,-43.185489,-22.6101229993297
RES_1423,3302502,706,True,309,1.0,-43.207753581842965,-22.652921999999997,-43.207223,-22.6525719993287
RES_1424,3302502,587,True,285,1.0,-43.19840075729154,-22.651937599999997,-43.198271,-22.6520239993287
RES_1425,3302502,210,True,89,1.0,-43.19580027670172,-22.6302162,-43.195732,-22.6303629993292
RES_1426,3302502,398,True,214,1.0,-43.17911111742768,-22.602458649999996,-43.179325,-22.6025999993299
RES_1427,3302502,2538,True,1124,1.0,-43.1881256,-22.590463149999998,-43.188304,-22.5903749993302
RES_1428,3302502,4,False,0,,-43.126101607327904,-22.576634399999996,-43.126101607327904,-22.576634399999996
RES_1429,3302502,254,True,127,1.0,-43.05604118341992,-22.5822813,-43.056389,-22.5822759993303
RES_1430,3302502,1,False,0,,-43.05898920870389,-22.5762717,-43.05898920870389,-22.5762717
RES_1431,3302502,589,True,260,1.0,-43.05756508160235,-22.572736699999997,-43.05613,-22.5717769993306
RES_1432,3302502,558,True,245,1.0,-43.0512874639371,-22.5830489,-43.051241,-22.5831979993303
RES_1433,3302502,305,True,180,1.0,-43.03261085,-22.60401005,-43.032973,-22.6040999993298
RES_1434,3302502,16,False,0,,-43.03398043194444,-22.593834499999996,-43.03398043194444,-22.593834499999996
RES_1435,3302502,539,True,220,1.0,-43.023994200000004,-22.58600905,-43.02406,-22.5860809993303
RES_1436,3302502,207,True,107,1.0,-43.1556229,-22.655066500000004,-43.15534,-22.6549309993286
RES_1437,3302502,211,True,91,1.0,-43.15927485,-22.6509723,-43.15901,-22.6509869993288
RES_1438,3302502,29,True,23,1.0,-43.16190913311287,-22.64300155,-43.17123,-22.6438639993289
RES_1439,3302502,147,False,0,,-43.15141357702183,-22.673234700000002,-43.15141357702183,-22.673234700000002
RES_1440,3302502,758,True,364,1.0,-43.15027195,-22.65949785,-43.150491,-22.6582799993286
RES_1441,3302502,502,True,247,1.0,-43.151680999999996,-22.650180949999996,-43.151847,-22.6502189993288
RES_1442,3302502,789,True,303,1.0,-43.131716422564594,-22.66867059999999,-43.13181,-22.6686569993283
RES_1443,3302502,1299,True,550,1.0,-43.1336687248655,-22.665691599999995,-43.134065,-22.6649379993284
RES_1444,3302502,951,True,426,1.0,-43.13413313996037,-22.660373,-43.133243,-22.6607519993285
RES_1445,3302502,7,False,0,,-43.13924110000001,-22.652336799999993,-43.13924110000001,-22.652336799999993
RES_1446,3302502,581,True,220,1.0,-43.12762441903409,-22.670037750000002,-43.128098,-22.6703449993283
RES_1447,3302502,2657,True,1067,1.0,-43.12809175,-22.663186500000002,-43.12775,-22.6635729993285
RES_1448,3302502,1236,True,567,1.0,-43.12728965,-22.659073949999996,-43.128322,-22.6599399993285
RES_1449,3302502,876,True,400,1.0,-43.1181581,-22.662916649999993,-43.119445,-22.6632789993285
RES_1450,3302502,217,False,0,,-43.11934695,-22.65450405,-43.11934695,-22.65450405
RES_1451,3302502,908,True,196,1.0,-43.121130550000004,-22.647985200000004,-43.120501,-22.6482109993288
RES_1452,3302502,432,True,203,1.0,-43.1201388,-22.644932049999998,-43.119988,-22.6449649993289
RES_1453,3302502,119,True,148,1.0,-43.11187295,-22.686180199999995,-43.114143,-22.6918769993278
RES_1454,3302502,249,True,119,1.0,-43.1113987049015,-22.667293099999995,-43.112407,-22.6671169993284
RES_1455,3302502,6,True,9,1.0,-43.106646395447754,-22.68373595,-43.105768,-22.683725999328
RES_1456,3302502,64,False,0,,-43.10785785,-22.65096524999999,-43.10785785,-22.65096524999999
RES_1457,3302502,524,True,215,1.0,-43.13302095,-22.662634699999998,-43.132938,-22.6625799993285
RES_1458,3302502,485,True,205,1.0,-43.12469502468058,-22.659690249999997,-43.124772,-22.6601949993285
RES_1459,3302502,379,True,160,1.0,-43.133968949999996,-22.670617049999997,-43.133953,-22.6707139993283
RES_1460,3302502,319,True,138,1.0,-43.134238796638854,-22.666939349999996,-43.134611,-22.6671199993284
RES_1461,3302502,606,True,238,1.0,-43.145082614868805,-22.6566464,-43.14533,-22.6565129993286
RES_1462,3302502,618,True,222,1.0,-43.1251502,-22.66845035,-43.125029,-22.6690519993283
RES_1463,3302502,436,True,185,1.0,-43.122949886197986,-22.669805849999996,-43.122904,-22.6698589993283
RES_1464,3302502,309,True,160,1.0,-43.12060403371863,-22.664047849999996,-43.120804,-22.6642529993284
RES_1465,3302502,106,True,43,1.0,-43.11745364338328,-22.665658699999994,-43.117391,-22.6653769993284
RES_1466,3302502,426,True,165,1.0,-43.12052339905719,-22.660027499999998,-43.120419,-22.6600559993285
RES_1467,3302502,438,True,93,1.0,-43.16930735,-22.605185849999998,-43.170118,-22.6045179993298
RES_1468,3302502,252,False,0,,-43.17000200319714,-22.597537850000002,-43.17000200319714,-22.597537850000002
RES_1469,3302502,885,True,205,1.0,-43.166626750000006,-22.59296415,-43.166653,-22.5927889993301
RES_1470,3302502,1272,True,531,1.0,-43.1657112201172,-22.583539350000002,-43.165809,-22.5836029993303
RES_1471,3302502,45,True,26,1.0,-43.157895350000004,-22.6083589,-43.160642,-22.6077469993298
RES_1472,3302502,331,False,0,,-43.15024750330546,-22.629359700000002,-43.15024750330546,-22.629359700000002
RES_1473,3302502,274,True,119,1.0,-43.15438875079239,-22.61916415,-43.15435,-22.6192929993295
RES_1474,3302502,2010,True,773,1.0,-43.151230153182894,-22.617544350000003,-43.150743,-22.6150829993296
RES_1475,3302502,341,True,184,1.0,-43.152677095502284,-22.606678299999995,-43.152129,-22.6055919993298
RES_1476,3302502,365,True,169,1.0,-43.15391245422131,-22.6025437,-43.153606,-22.6024559993299
RES_1477,3302502,135,True,56,1.0,-43.14454253829639,-22.614586349999996,-43.144365,-22.6137749993296
RES_1478,3302502,769,True,319,1.0,-43.1416181,-22.598345,-43.141874,-22.6003199993299
RES_1479,3302502,269,True,146,1.0,-43.13393821964525,-22.605748549999998,-43.132524,-22.6076249993298
RES_1480,3302502,329,True,185,1.0,-43.13510327116241,-22.592396899999997,-43.134937,-22.5922979993301
RES_1481,3302502,66,False,0,,-43.13091379413865,-22.61488895,-43.13091379413865,-22.61488895
RES_1482,3302502,273,True,158,1.0,-43.12964357294564,-22.597058699999995,-43.130072,-22.59680099933
RES_1483,3302502,293,True,140,1.0,-43.12336910374559,-22.594613199999998,-43.123319,-22.5941359993301
RES_1484,3302502,31,True,16,1.0,-43.11177155,-22.63554304999999,-43.112968,-22.6353379993291
RES_1485,3302502,479,True,210,1.0,-43.11451356222537,-22.628852499999997,-43.11406,-22.6281279993293
RES_1486,3302502,1467,True,729,1.0,-43.11659889797158,-22.593986849999997,-43.114459,-22.5940009993301
RES_1487,3302502,115,False,0,,-43.10624457560539,-22.62702075,-43.10624457560539,-22.62702075
RES_1488,3302502,239,True,101,1.0,-43.10608030344444,-22.615358200000003,-43.107216,-22.6143899993296
RES_1489,3302502,356,False,0,,-43.102447850000004,-22.608441349999996,-43.102447850000004,-22.608441349999996
RES_1490,3302502,143,True,129,1.0,-43.0938417,-22.5959163,-43.093813,-22.59544399933
RES_1491,3302502,76,True,30,1.0,-43.092748401130365,-22.6210009,-43.105329,-22.6182279993295
RES_1492,3302502,266,True,208,1.0,-43.08961618519572,-22.59763665,-43.090396,-22.59716599933
RES_1493,3302502,120,True,87,1.0,-43.09168030705923,-22.591833299999998,-43.092303,-22.5916889993301
RES_1494,3302502,572,True,357,1.0,-43.08493945,-22.595305549999996,-43.085054,-22.59532199933
RES_1495,3302502,202,True,168,1.0,-43.077709190992856,-22.593059399999994,-43.078088,-22.5931409993301
RES_1496,3302502,69,True,36,1.0,-43.06228010889112,-22.598781600000002,-43.061848,-22.5944039993301
RES_1497,3302502,937,True,426,1.0,-43.06749897051242,-22.580933549999997,-43.067289,-22.5833059993303
RES_1498,3302502,411,True,170,1.0,-43.06470425,-22.580719300000005,-43.064405,-22.5805019993304
RES_1499,3302502,314,True,184,1.0,-43.0646,-22.57310375,-43.064237,-22.5731039993306
RES_1500,3302502,365,True,196,1.0,-43.06186925,-22.583694800000004,-43.062066,-22.5838239993303
RES_1501,3302502,268,True,155,1.0,-43.06214877364927,-22.572673599999998,-43.062619,-22.5728789993306
RES_1502,3302502,219,True,130,1.0,-43.051942000000004,-22.58742075,-43.051469,-22.5867769993302
RES_1503,3302502,600,True,256,1.0,-43.157065100000004,-22.62051375,-43.156342,-22.6209969993294
RES_1504,3302502,296,True,103,1.0,-43.157410880271236,-22.61630354999999,-43.15752,-22.6163189993296
RES_1505,3302502,394,True,143,1.0,-43.16437175,-22.585369899999996,-43.164421,-22.5853649993303
RES_1506,3302601,71,False,0,,-43.89943119145342,-22.924658449999995,-43.89943119145342,-22.924658449999995
RES_1507,3302601,12,True,10,1.0,-43.89978810324469,-22.916480950000004,-43.899255,-22.9162409993226
RES_1508,3302601,2,True,3,1.0,-43.8986271,-22.910254199999994,-43.898892,-22.9096849993228
RES_1509,3302601,14,False,0,,-43.890074799999994,-22.951240900000002,-43.890074799999994,-22.951240900000002
RES_1510,3302601,90,False,0,,-43.888290600000005,-22.949568350000007,-43.888290600000005,-22.949568350000007
RES_1511,3302601,96,False,0,,-43.88789705000001,-22.927769850000004,-43.88789705000001,-22.927769850000004
RES_1512,3302601,137,True,100,1.0,-43.89118351081616,-22.90647555,-43.891427,-22.9065999993229
RES_1513,3302601,29,False,0,,-43.8838375,-22.9423442,-43.8838375,-22.9423442
RES_1514,3302601,56,True,106,1.0,-43.8825837,-22.907578799999992,-43.882306,-22.9073299993228
RES_1515,3302601,40,False,0,,-43.8749118,-23.064196799999998,-43.8749118,-23.064196799999998
RES_1516,3302601,584,True,607,1.0,-43.895142414572014,-22.937326350000006,-43.895955,-22.9359769993222
RES_1517,3302601,164,True,227,1.0,-43.89872634452128,-22.91590265,-43.898759,-22.9158559993226
RES_1518,3302700,1,True,1,1.0,-42.901864950000004,-22.928935749999994,-42.900309,-22.9254869993224
RES_1519,3302700,1141,True,541,1.0,-42.89460695,-22.934932600000003,-42.894444,-22.9365439993222
RES_1520,3302700,934,True,466,1.0,-42.898253749999995,-22.931610750000004,-42.897456,-22.9313869993223
RES_1521,3302700,123,True,34,1.0,-42.89124845268072,-22.954486650000003,-42.891349,-22.9541599993218
RES_1522,3302700,595,True,286,1.0,-42.88898746477206,-22.94005294999999,-42.888872,-22.9403809993221
RES_1523,3302700,2964,True,1364,1.0,-42.88823911053322,-22.934765749999997,-42.889301,-22.9366289993222
RES_1524,3302700,1410,True,673,1.0,-42.88941800114817,-22.930116799999997,-42.890158,-22.9304329993223
RES_1525,3302700,136,True,97,1.0,-42.88646964005747,-22.92318485,-42.886109,-22.9230959993225
RES_1526,3302700,2485,True,1261,1.0,-42.87949576709332,-22.9355644,-42.880726,-22.9362619993222
RES_1527,3302700,1316,True,567,1.0,-42.88461365308825,-22.930001599999997,-42.883992,-22.9284019993224
RES_1528,3302700,539,True,246,1.0,-42.8788813,-22.9229209,-42.879794,-22.9241999993225
RES_1529,3302700,6,True,4,1.0,-42.8827154,-22.90655295,-42.874607,-22.9067659993229
RES_1530,3302700,1496,True,789,1.0,-42.87547306393805,-22.9351613,-42.874273,-22.9362899993222
RES_1531,3302700,1836,True,882,1.0,-42.87727169889358,-22.92917585,-42.874676,-22.9287729993223
RES_1532,3302700,35,True,17,1.0,-42.877960198061764,-22.920450499999998,-42.878065,-22.9209759993225
RES_1533,3302700,13,True,6,1.0,-42.871975691983195,-22.9103565,-42.871357,-22.9090449993228
RES_1534,3302700,304,True,292,1.0,-42.86979225392115,-22.932443649999996,-42.86964,-22.9323699993223
RES_1535,3302700,708,True,293,1.0,-42.863045,-22.927342149999998,-42.863257,-22.9271199993224
RES_1536,3302700,899,True,437,1.0,-42.8653908,-22.923533400000004,-42.865209,-22.9233149993225
RES_1537,3302700,1169,True,529,1.0,-42.86741125,-22.914253349999996,-42.867939,-22.9141459993227
RES_1538,3302700,67,True,61,1.0,-42.8632195,-22.900846700000002,-42.860216,-22.899018999323
RES_1539,3302700,1266,True,621,1.0,-42.8575966,-22.926540399999997,-42.857899,-22.9254459993224
RES_1540,3302700,1055,True,568,1.0,-42.85861752553572,-22.917965700000003,-42.857841,-22.9203659993226
RES_1541,3302700,140,True,141,1.0,-42.86068509958952,-22.91097345,-42.861801,-22.9105369993228
RES_1542,3302700,367,True,205,1.0,-42.8508432004308,-22.925027749999998,-42.85065,-22.9251989993224
RES_1543,3302700,1548,True,712,1.0,-42.85030117535794,-22.92176845,-42.850898,-22.9212179993225
RES_1544,3302700,33,True,18,1.0,-42.85070585,-22.9044861,-42.85161,-22.9044229993229
RES_1545,3302700,5,True,1,1.0,-42.84199045,-22.960226000000002,-42.841938,-22.9603579993216
RES_1546,3302700,1011,True,440,1.0,-42.84597769724806,-22.918638549999997,-42.845743,-22.9187009993226
RES_1547,3302700,2036,True,1065,1.0,-42.841535242032336,-22.9153854,-42.841518,-22.9144589993227
RES_1548,3302700,427,True,180,1.0,-42.84052885,-22.901973549999994,-42.840341,-22.901811999323
RES_1549,3302700,415,True,213,1.0,-42.83348414185936,-22.957800899999995,-42.833328,-22.9579879993217
RES_1550,3302700,1576,True,442,1.0,-42.83490382316482,-22.911782149999993,-42.83586,-22.9111509993228
RES_1551,3302700,1054,True,554,1.0,-42.8394186,-22.907576849999998,-42.835876,-22.9058379993229
RES_1552,3302700,650,True,296,1.0,-42.83749565,-22.9011794,-42.837387,-22.901314999323
RES_1553,3302700,163,True,63,1.0,-42.83587575,-22.8950996,-42.835041,-22.8949079993231
RES_1554,3302700,97,True,50,1.0,-42.83928716708695,-22.885265649999997,-42.837021,-22.8812359993234
RES_1555,3302700,119,True,160,1.0,-42.8262618,-22.9609017,-42.826538,-22.9602009993216
RES_1556,3302700,368,True,265,1.0,-42.82529382301587,-22.9590495,-42.825832,-22.9587729993217
RES_1557,3302700,474,True,308,1.0,-42.826675266594506,-22.94380435,-42.82648,-22.943458999322
RES_1558,3302700,2017,True,948,1.0,-42.82752095000001,-22.935559999999995,-42.826033,-22.9356979993222
RES_1559,3302700,1191,True,546,1.0,-42.82562682845133,-22.925976350000003,-42.824914,-22.9272079993224
RES_1560,3302700,990,True,453,1.0,-42.8241896906572,-22.920959099999997,-42.824794,-22.9204479993225
RES_1561,3302700,2294,True,723,1.0,-42.82735288630435,-22.91256815,-42.827336,-22.9124639993227
RES_1562,3302700,2203,True,1015,1.0,-42.82534063764494,-22.9058912,-42.825785,-22.9060639993229
RES_1563,3302700,83,True,37,1.0,-42.8267752,-22.898891199999994,-42.82704,-22.897826999323
RES_1564,3302700,1228,True,543,1.0,-42.83126582541635,-22.890890050000003,-42.831138,-22.8907729993232
RES_1565,3302700,220,False,0,,-42.83089055,-22.8818962,-42.83089055,-22.8818962
RES_1566,3302700,2,False,0,,-42.830057323000005,-22.874753749999996,-42.830057323000005,-22.874753749999996
RES_1567,3302700,273,True,270,1.0,-42.82213192434971,-22.959498449999998,-42.821778,-22.9594749993216
RES_1568,3302700,1583,True,749,1.0,-42.82193849969019,-22.927856849999998,-42.821788,-22.9285009993224
RES_1569,3302700,591,True,298,1.0,-42.822780955223216,-22.923482149999998,-42.822017,-22.9228739993225
RES_1570,3302700,1368,True,601,1.0,-42.821457550000005,-22.91319575,-42.822079,-22.9149469993227
RES_1571,3302700,420,True,185,1.0,-42.82165792558877,-22.906834149999995,-42.820177,-22.9069669993229
RES_1572,3302700,415,True,172,1.0,-42.8216296,-22.902676799999995,-42.821588,-22.9029179993229
RES_1573,3302700,445,True,234,1.0,-42.822276,-22.892258699999992,-42.821808,-22.8915839993232
RES_1574,3302700,4,False,0,,-42.82018685114984,-22.87472235,-42.82018685114984,-22.87472235
RES_1575,3302700,979,True,420,1.0,-42.8232614,-22.935034599999994,-42.822912,-22.9353049993222
RES_1576,3302700,202,True,84,1.0,-42.86471975,-22.92581435,-42.864286,-22.9257389993224
RES_1577,3302700,383,True,181,1.0,-42.85906355,-22.922574949999994,-42.858814,-22.9226329993225
RES_1578,3302700,464,True,224,1.0,-42.883648031447365,-22.9322618,-42.883878,-22.9323499993223
RES_1579,3302700,264,True,105,1.0,-42.82611805931945,-22.91530675,-42.826758,-22.9154399993227
RES_1580,3302700,111,True,62,1.0,-42.82187218489933,-22.913965199999996,-42.822149,-22.9139429993227
RES_1581,3302700,139,True,62,1.0,-42.82608665,-22.9016558,-42.826017,-22.901718999323
RES_1582,3302700,377,True,150,1.0,-42.87442115,-22.93100669999999,-42.875385,-22.9312559993223
RES_1583,3302700,448,True,246,1.0,-42.95704615,-22.943521750000006,-42.957034,-22.943435999322
RES_1584,3302700,3506,True,1461,1.0,-42.95120409970886,-22.946167300000003,-42.951764,-22.946117999322
RES_1585,3302700,719,True,397,1.0,-42.95276766417577,-22.938884749999993,-42.953441,-22.9392299993221
RES_1586,3302700,1586,True,786,1.0,-42.9490091,-22.932956349999998,-42.950878,-22.9320069993223
RES_1587,3302700,54,True,39,1.0,-42.950821824222686,-22.92327255,-42.950562,-22.9232819993225
RES_1588,3302700,1296,True,633,1.0,-42.94805963912661,-22.91901745,-42.94726,-22.9211899993225
RES_1589,3302700,895,True,505,1.0,-42.94687819189542,-22.9147531,-42.94553,-22.9141939993227
RES_1590,3302700,25,True,16,1.0,-42.943268421315025,-22.910578799999996,-42.942987,-22.9120879993227
RES_1591,3302700,266,True,118,1.0,-42.94276346545318,-22.90325725,-42.942865,-22.902307999323
RES_1592,3302700,560,True,314,1.0,-42.93291025,-22.933813899999997,-42.936161,-22.9351729993222
RES_1593,3302700,1005,True,474,1.0,-42.93342066061452,-22.927129099999995,-42.934345,-22.9266779993224
RES_1594,3302700,470,True,199,1.0,-42.93498415977794,-22.921754149999998,-42.935207,-22.9209179993225
RES_1595,3302700,1044,True,494,1.0,-42.93322414130793,-22.904595450000002,-42.933001,-22.9037739993229
RES_1596,3302700,1551,True,693,1.0,-42.935186,-22.89982655,-42.936007,-22.899314999323
RES_1597,3302700,409,True,196,1.0,-42.939185271581195,-22.895610050000005,-42.939838,-22.8973559993231
RES_1598,3302700,594,True,290,1.0,-42.92625463029471,-22.930503749999993,-42.926535,-22.9290109993223
RES_1599,3302700,648,True,320,1.0,-42.92798930294208,-22.924882699999994,-42.928395,-22.9239719993224
RES_1600,3302700,1881,True,933,1.0,-42.929454108662284,-22.913171250000005,-42.927939,-22.9135209993227
RES_1601,3302700,2207,True,978,1.0,-42.92889924625935,-22.90827015,-42.930451,-22.9084919993228
RES_1602,3302700,759,True,321,1.0,-42.929896171867654,-22.89699565,-42.929669,-22.8971479993231
RES_1603,3302700,1852,True,882,1.0,-42.92731334135604,-22.894222550000002,-42.927864,-22.8927019993232
RES_1604,3302700,1047,True,451,1.0,-42.9231488,-22.920178399999998,-42.924721,-22.9227079993225
RES_1605,3302700,100,False,0,,-42.92073133123604,-22.918374899999996,-42.92073133123604,-22.918374899999996
RES_1606,3302700,2997,True,1334,1.0,-42.923978250000005,-22.905138500000003,-42.923433,-22.9059139993229
RES_1607,3302700,1035,True,438,1.0,-42.922994240827904,-22.903539199999997,-42.923033,-22.9038799993229
RES_1608,3302700,1205,True,611,1.0,-42.92298663110313,-22.8914409,-42.923592,-22.8927609993232
RES_1609,3302700,29,True,12,1.0,-42.90032574999999,-22.8812529,-42.889541,-22.8804139993234
RES_1610,3302700,58,True,35,1.0,-42.88255904459058,-22.880277599999996,-42.88357,-22.8798649993235
RES_1611,3302700,1031,True,559,1.0,-42.935694295302675,-22.918790800000004,-42.935741,-22.9186129993226
RES_1612,3302700,5292,True,2298,1.0,-42.936555121187254,-22.912635950000002,-42.936882,-22.9143429993227
RES_1613,3302700,1140,True,517,1.0,-42.936447650000005,-22.908267099999996,-42.936473,-22.9084349993228
RES_1614,3302700,1070,True,726,1.0,-43.0117325878952,-22.96704785,-43.01321,-22.9663739993215
RES_1615,3302700,740,True,454,1.0,-43.005902250000005,-22.96648775,-43.004962,-22.9661539993215
RES_1616,3302700,680,True,317,1.0,-43.0048762934761,-22.9598637,-43.00477,-22.9604779993216
RES_1617,3302700,1271,True,683,1.0,-42.99642854967222,-22.963181149999997,-42.996867,-22.9648249993215
RES_1618,3302700,2694,True,1376,1.0,-42.99814107291667,-22.959254899999998,-42.998587,-22.9584219993217
RES_1619,3302700,1131,True,624,1.0,-42.99021357070522,-22.966290549999997,-42.990704,-22.9647099993215
RES_1620,3302700,1822,True,923,1.0,-42.9912470252917,-22.960788450000003,-42.990625,-22.9589419993217
RES_1621,3302700,2128,True,1058,1.0,-42.9896540306701,-22.9541192,-42.989889,-22.9527419993218
RES_1622,3302700,29,True,7,1.0,-42.9929301,-22.9465803,-42.991309,-22.9465919993219
RES_1623,3302700,1540,True,904,1.0,-42.98624145,-22.966498249999994,-42.983834,-22.9654209993215
RES_1624,3302700,2605,True,1335,1.0,-42.985145296384914,-22.95911615,-42.983936,-22.9586769993217
RES_1625,3302700,837,True,404,1.0,-42.98445014491314,-22.952300449999996,-42.984027,-22.9524619993218
RES_1626,3302700,1336,True,749,1.0,-42.9757685009616,-22.963593100000004,-42.975249,-22.9647569993215
RES_1627,3302700,1418,True,652,1.0,-42.974222006202,-22.960593949999996,-42.974709,-22.9608439993216
RES_1628,3302700,867,True,425,1.0,-42.971918099999996,-22.951784949999997,-42.974531,-22.9529509993218
RES_1629,3302700,898,True,447,1.0,-42.97310019999999,-22.9465149,-42.973614,-22.9468959993219
RES_1630,3302700,517,True,327,1.0,-42.97519665,-22.936,-42.972892,-22.9366779993222
RES_1631,3302700,951,True,738,1.0,-42.9698296,-22.966025549999998,-42.967536,-22.9668229993215
RES_1632,3302700,3304,True,1758,1.0,-42.96622102543403,-22.958349399999996,-42.967418,-22.9595569993216
RES_1633,3302700,555,True,289,1.0,-42.96474485,-22.949018849999995,-42.965035,-22.9489759993219
RES_1634,3302700,96,True,65,1.0,-42.96808709414826,-22.94483575,-42.965362,-22.946097999322
RES_1635,3302700,327,True,215,1.0,-42.96707955489583,-22.932620649999997,-42.967601,-22.9324159993223
RES_1636,3302700,469,True,353,1.0,-42.96519464985252,-22.922639699999998,-42.965155,-22.9224569993225
RES_1637,3302700,1675,True,963,1.0,-42.9590477,-22.966564349999995,-42.959482,-22.9658159993215
RES_1638,3302700,2358,True,1147,1.0,-42.960560550767006,-22.95826265,-42.959427,-22.9590369993217
RES_1639,3302700,2296,True,1060,1.0,-42.95994615,-22.953234700000003,-42.959484,-22.9513339993218
RES_1640,3302700,280,True,158,1.0,-42.95978315000001,-22.94580659999999,-42.959642,-22.9458379993219
RES_1641,3302700,237,True,165,1.0,-42.961863199999996,-22.92717855,-42.962148,-22.9274979993224
RES_1642,3302700,2756,True,1548,1.0,-42.95129175,-22.965649199999998,-42.951376,-22.9657789993215
RES_1643,3302700,2575,True,1191,1.0,-42.949396271932514,-22.958960349999998,-42.952203,-22.9581629993217
RES_1644,3302700,891,True,476,1.0,-42.949770075061465,-22.951623749999996,-42.949786,-22.9517769993218
RES_1645,3302700,331,True,175,1.0,-42.95365625295942,-22.92466735,-42.953804,-22.9248769993224
RES_1646,3302700,86,True,50,1.0,-42.95318254921776,-22.915591699999993,-42.96025,-22.9170349993226
RES_1647,3302700,121,True,69,1.0,-42.9491807,-22.911583049999994,-42.949254,-22.9114729993228
RES_1648,3302700,1608,True,883,1.0,-42.94429287172775,-22.965617599999998,-42.943387,-22.9649309993215
RES_1649,3302700,1387,True,676,1.0,-42.94365675,-22.95749525,-42.94417,-22.9588069993217
RES_1650,3302700,516,True,249,1.0,-42.9440807,-22.953290850000002,-42.944344,-22.9531349993218
RES_1651,3302700,342,True,282,1.0,-42.93372577533174,-22.971777649999993,-42.933807,-22.9715039993214
RES_1652,3302700,2527,True,1445,1.0,-42.93442060145257,-22.9656869,-42.936114,-22.9662839993215
RES_1653,3302700,1348,True,798,1.0,-42.93629322703299,-22.956850450000005,-42.936159,-22.9590069993216
RES_1654,3302700,617,True,301,1.0,-42.934050400000004,-22.94700735,-42.935002,-22.944385999322
RES_1655,3302700,2019,True,1310,1.0,-42.92860434910932,-22.96768755,-42.927182,-22.9654779993215
RES_1656,3302700,1179,True,646,1.0,-42.929183949999995,-22.957686799999994,-42.928111,-22.9589259993217
RES_1657,3302700,212,True,112,1.0,-42.92567025017689,-22.9396573,-42.928384,-22.9392119993221
RES_1658,3302700,1113,True,738,1.0,-42.921848499753736,-22.970422999999997,-42.921229,-22.9714879993214
RES_1659,3302700,632,True,321,1.0,-42.92005054701353,-22.9672148,-42.919968,-22.9670229993215
RES_1660,3302700,592,True,415,1.0,-42.910191350000005,-22.971091799999996,-42.910222,-22.9706989993214
RES_1661,3302700,1675,True,877,1.0,-42.91227817467502,-22.967379649999998,-42.912674,-22.9673599993214
RES_1662,3302700,468,True,277,1.0,-42.90582105,-22.966524699999997,-42.905581,-22.9664809993215
RES_1663,3302700,1041,True,520,1.0,-42.90290305490983,-22.941200199999997,-42.905124,-22.941479999322
RES_1664,3302700,618,True,271,1.0,-42.90820024815639,-22.938517000000004,-42.908245,-22.9382039993221
RES_1665,3302700,685,True,350,1.0,-42.901397059321596,-22.9375163,-42.901474,-22.9377879993221
RES_1666,3302809,3,False,0,,-43.764441,-22.573851349999998,-43.764441,-22.573851349999998
RES_1667,3302858,2475,True,993,1.0,-43.43401295115187,-22.79055065,-43.434391,-22.7911939993255
RES_1668,3302858,5932,True,2356,1.0,-43.429907401109425,-22.78870655,-43.430199,-22.7896199993255
RES_1669,3302858,4662,True,2009,1.0,-43.42954428063726,-22.784429899999996,-43.429776,-22.7842359993257
RES_1670,3302858,567,True,257,1.0,-43.431789416170766,-22.777855000000002,-43.431846,-22.7781029993258
RES_1671,3302858,95,True,41,3.0,-43.441495599999996,-22.773338350000003,-43.44241,-22.7736319993259
RES_1672,3302858,773,True,311,1.0,-43.43827110887315,-22.7800224,-43.437811,-22.7798649993258
RES_1673,3302858,6036,True,2313,1.0,-43.437695653010586,-22.774841549999998,-43.437911,-22.7767229993258
RES_1674,3302858,3372,True,1321,1.0,-43.44250186909723,-22.8043804,-43.442599,-22.8046539993252
RES_1675,3302858,1050,True,379,1.0,-43.4413659,-22.798770149999992,-43.441757,-22.7999029993253
RES_1676,3302858,928,True,349,1.0,-43.44055080365692,-22.809313150000005,-43.440121,-22.8097259993251
RES_1677,3302858,10198,True,3992,1.0,-43.43723161777384,-22.804878649999992,-43.437064,-22.8052509993252
RES_1678,3302858,7109,True,2647,1.0,-43.436268215364585,-22.799494699999997,-43.436716,-22.7995239993253
RES_1679,3302858,3329,True,1369,1.0,-43.43176918951128,-22.803827650000002,-43.431273,-22.8031819993252
RES_1680,3302858,4441,True,1394,1.0,-43.43100805805288,-22.7990279,-43.430877,-22.8000219993253
RES_1681,3302858,85,True,40,1.0,-43.43809111832627,-22.809780049999993,-43.437803,-22.8092289993251
RES_1682,3302858,366,True,120,1.0,-43.442064254339925,-22.7895597,-43.441827,-22.7894559993256
RES_1683,3302858,3593,True,1045,3.0,-43.43760519682007,-22.795617200000002,-43.438949,-22.7957029993254
RES_1684,3302858,5523,True,2152,1.0,-43.43725982037816,-22.790650599999996,-43.438402,-22.7900429993255
RES_1685,3302858,1132,True,439,1.0,-43.4371026,-22.786401000000005,-43.436136,-22.7864929993256
RES_1686,3302858,150,True,56,1.0,-43.446213124858865,-22.787266300000002,-43.444958,-22.7880069993256
RES_1687,3302858,943,True,367,1.0,-43.44230527929936,-22.776327099999992,-43.441998,-22.7765159993259
RES_1688,3302858,2541,True,959,1.0,-43.435052075307965,-22.782932100000004,-43.435088,-22.7829789993257
RES_1689,3302858,752,True,288,1.0,-43.4384232,-22.782117949999996,-43.438042,-22.7821609993257
RES_1690,3302858,1781,True,697,1.0,-43.435301300000006,-22.795228549999997,-43.434392,-22.7950549993254
RES_1691,3302858,173,True,67,1.0,-43.433939992426374,-22.79362795,-43.433893,-22.7939949993254
RES_1692,3302858,5504,True,2391,1.0,-43.42879855,-22.795885149999993,-43.428816,-22.7967139993254
RES_1693,3302858,3750,True,1572,1.0,-43.428121960016256,-22.7926729,-43.428213,-22.7927589993255
RES_1694,3302858,1984,True,870,1.0,-43.423738900000004,-22.79721314999999,-43.424535,-22.7972489993254
RES_1695,3302858,622,True,272,1.0,-43.426209,-22.7855068,-43.426142,-22.7846059993256
RES_1696,3302858,3896,True,1551,1.0,-43.42214898402321,-22.789583850000003,-43.421981,-22.7887929993256
RES_1697,3302858,9443,True,3777,1.0,-43.422088773913046,-22.783836550000004,-43.422147,-22.7841089993257
RES_1698,3302858,381,True,198,1.0,-43.4165225,-22.787136699999998,-43.416491,-22.7872879993256
RES_1699,3302858,180,True,73,1.0,-43.41617840102418,-22.787817599999997,-43.416117,-22.7877799993256
RES_1700,3302858,2230,True,819,1.0,-43.421680949999995,-22.795675349999996,-43.421362,-22.7957029993254
RES_1701,3302858,1763,True,751,1.0,-43.41993191858789,-22.793274,-43.419474,-22.7932549993255
RES_1702,3302858,474,True,168,1.0,-43.417587245269424,-22.794575800000004,-43.417491,-22.7944499993254
RES_1703,3302858,6563,True,2405,2.0,-43.4153576,-22.791311799999995,-43.415281,-22.7907799993255
RES_1704,3302858,888,True,399,1.0,-43.43401640517456,-22.774208650000002,-43.434093,-22.7744589993259
RES_1705,3302858,2585,True,858,1.0,-43.437559555331404,-22.77129804999999,-43.437176,-22.771090999326
RES_1706,3302858,2178,True,926,1.0,-43.42968155,-22.773703649999998,-43.430494,-22.7742849993259
RES_1707,3302858,1435,True,644,1.0,-43.4316529,-22.770011599999997,-43.432217,-22.770279999326
RES_1708,3302858,133,True,75,1.0,-43.4291102,-22.780167999999996,-43.428687,-22.7802279993258
RES_1709,3302858,2809,True,985,1.0,-43.427167305716694,-22.777658899999995,-43.427741,-22.7773839993258
RES_1710,3302858,1005,True,177,2.0,-43.42461706823116,-22.77837185,-43.425352,-22.7770549993258
RES_1711,3302858,565,True,227,1.0,-43.418116600000005,-22.780366800000003,-43.417936,-22.7805869993257
RES_1712,3302858,991,False,0,,-43.419628569421235,-22.779425250000003,-43.419628569421235,-22.779425250000003
RES_1713,3302858,3528,True,1461,1.0,-43.413554410265704,-22.78312145,-43.414182,-22.7821049993257
RES_1714,3302858,4603,True,1828,1.0,-43.41396365,-22.77708595,-43.414377,-22.7770639993258
RES_1715,3302858,777,True,310,1.0,-43.4081763794854,-22.777499199999994,-43.409103,-22.7783999993258
RES_1716,3302858,2227,True,986,1.0,-43.4036275609795,-22.777733100000003,-43.403471,-22.7772339993258
RES_1717,3302858,1130,True,437,1.0,-43.40068205,-22.77986434999999,-43.401359,-22.7802049993258
RES_1718,3302858,1844,True,720,1.0,-43.3996724,-22.777753949999997,-43.400787,-22.7774979993258
RES_1719,3302858,2099,True,818,1.0,-43.41137108422414,-22.78540714999999,-43.411575,-22.7846099993256
RES_1720,3302858,57,True,23,1.0,-43.40966590000001,-22.7870061,-43.409492,-22.7871179993256
RES_1721,3302858,5799,True,2209,1.0,-43.405787149999995,-22.782543049999994,-43.407064,-22.7822709993257
RES_1722,3302858,338,True,147,1.0,-43.405846385326555,-22.779157049999995,-43.406061,-22.7792729993258
RES_1723,3302858,215,True,82,1.0,-43.408482649999996,-22.7868291,-43.408594,-22.7868679993256
RES_1724,3302858,722,True,265,1.0,-43.40591691458544,-22.785282050000006,-43.406151,-22.7856239993256
RES_1725,3302858,2180,True,833,1.0,-43.410441999999996,-22.788446299999997,-43.41095,-22.7883459993256
RES_1726,3302858,1211,True,443,1.0,-43.41349565,-22.786353400000003,-43.413257,-22.7862749993256
RES_1727,3302858,807,True,314,1.0,-43.40853281855736,-22.788271599999998,-43.408543,-22.7882689993256
RES_1728,3302858,2612,True,935,1.0,-43.42061725,-22.774321949999994,-43.419071,-22.7741069993259
RES_1729,3302858,1351,True,549,1.0,-43.42035771677129,-22.771563450000002,-43.41999,-22.770921999326
RES_1730,3302858,2240,True,864,1.0,-43.41553865775862,-22.77330465,-43.416729,-22.7743429993259
RES_1731,3302858,4701,True,1573,1.0,-43.414585604078994,-22.769900200000002,-43.41506,-22.770161999326
RES_1732,3302858,343,True,202,1.0,-43.42598809647265,-22.773190249999992,-43.425869,-22.7734269993259
RES_1733,3302858,3036,True,1286,1.0,-43.427842,-22.77020995,-43.427639,-22.769826999326
RES_1734,3302858,2461,True,1015,1.0,-43.422406599999995,-22.77477135,-43.422517,-22.7751169993259
RES_1735,3302858,5417,True,2244,1.0,-43.421337691968674,-22.7680491,-43.422622,-22.768347999326
RES_1736,3302858,44,True,7,1.0,-43.44781249684499,-22.79833775,-43.446834,-22.7975449993254
RES_1737,3302908,295,True,175,1.0,-43.63892748792509,-22.608131649999997,-43.643215,-22.6096819993297
RES_1738,3302908,17,True,20,1.0,-43.6031081,-22.5779769,-43.603199,-22.5783299993304
RES_1739,3303203,2356,True,1051,1.0,-43.41930269788955,-22.81101505,-43.419158,-22.8110009993251
RES_1740,3303203,3888,True,1510,1.0,-43.42100258325449,-22.807377499999994,-43.421059,-22.8063459993252
RES_1741,3303203,4265,True,1867,1.0,-43.41605455,-22.811574750000002,-43.415066,-22.812227999325
RES_1742,3303203,6748,True,3175,1.0,-43.41287431468716,-22.80582659999999,-43.414198,-22.8054179993252
RES_1743,3303203,442,True,194,1.0,-43.41825748932243,-22.80209445,-43.418329,-22.8021939993252
RES_1744,3303203,1027,True,477,1.0,-43.41910029680272,-22.800497800000002,-43.418615,-22.8002269993253
RES_1745,3303203,1532,True,627,1.0,-43.41604934096385,-22.7990277,-43.416521,-22.7994719993253
RES_1746,3303203,689,True,313,1.0,-43.41298597445524,-22.802573650000006,-43.413231,-22.8022619993252
RES_1747,3303203,6488,True,2670,1.0,-43.414324994736845,-22.798273549999998,-43.413712,-22.7973959993254
RES_1748,3303203,740,True,330,1.0,-43.41102296717639,-22.793535350000006,-43.411924,-22.7936339993255
RES_1749,3303203,460,True,198,1.0,-43.40987045647617,-22.79514505,-43.40988,-22.7952369993254
RES_1750,3303203,415,True,150,1.0,-43.40992441654272,-22.79355774999999,-43.409901,-22.7934859993255
RES_1751,3303203,827,True,362,1.0,-43.41095405592287,-22.8024501,-43.411198,-22.8019929993253
RES_1752,3303203,1175,True,472,1.0,-43.41060688493527,-22.79862275,-43.410339,-22.7991789993253
RES_1753,3303203,902,True,370,1.0,-43.40827946101921,-22.80299335,-43.408752,-22.8027179993252
RES_1754,3303203,4245,True,1652,1.0,-43.40772685,-22.797881699999998,-43.407697,-22.7987159993253
RES_1755,3303203,663,True,267,1.0,-43.406442456015625,-22.801565150000002,-43.406346,-22.8014279993253
RES_1756,3303203,955,True,359,1.0,-43.405088899999996,-22.80064735,-43.404688,-22.8003639993253
RES_1757,3303203,5557,True,2276,1.0,-43.4038318,-22.80426445,-43.404364,-22.8040929993252
RES_1758,3303203,1267,True,494,1.0,-43.40075066409465,-22.803844849999997,-43.401067,-22.8042769993252
RES_1759,3303203,834,True,346,1.0,-43.41139845625108,-22.81145375,-43.410869,-22.811034999325
RES_1760,3303203,412,True,191,1.0,-43.41056830880033,-22.80618315,-43.410847,-22.8061509993252
RES_1761,3303203,798,True,357,1.0,-43.407517799999994,-22.809144599999996,-43.408186,-22.8097689993251
RES_1762,3303203,3169,True,1340,1.0,-43.40765431036172,-22.806742500000002,-43.408108,-22.8067789993251
RES_1763,3303203,1824,True,741,1.0,-43.42780411942492,-22.810041799999993,-43.427866,-22.8092709993251
RES_1764,3303203,6048,True,2440,1.0,-43.42798721435098,-22.805697099999996,-43.428165,-22.8054239993252
RES_1765,3303203,813,True,319,1.0,-43.42544881086502,-22.809421299999997,-43.42425,-22.8089959993251
RES_1766,3303203,4179,True,1834,1.0,-43.424510404270116,-22.8043561,-43.423476,-22.8043079993252
RES_1767,3303203,1231,True,576,1.0,-43.4225605918593,-22.800001899999994,-43.42279,-22.8008579993253
RES_1768,3303203,532,True,200,1.0,-43.43343714589578,-22.815136349999996,-43.433561,-22.814911999325
RES_1769,3303203,3897,True,1546,1.0,-43.42768661573427,-22.816543849999995,-43.42772,-22.8171519993249
RES_1770,3303203,5140,True,2195,1.0,-43.42870355000001,-22.814746449999994,-43.428694,-22.813994999325
RES_1771,3303203,1267,True,515,1.0,-43.424266045559236,-22.8170712,-43.423599,-22.8167169993249
RES_1772,3303203,7472,True,3001,1.0,-43.42278535615503,-22.81380385,-43.422636,-22.813234999325
RES_1773,3303203,5192,True,2046,1.0,-43.43628712196215,-22.811294750000002,-43.435897,-22.8113479993251
RES_1774,3303203,1211,True,436,1.0,-43.433417150000004,-22.807657499999998,-43.43375,-22.8081779993251
RES_1775,3303203,3956,True,1565,1.0,-43.4310594,-22.81152364999999,-43.431458,-22.8107819993251
RES_1776,3303203,860,True,303,1.0,-43.43167026136646,-22.807903250000003,-43.431974,-22.8077799993251
RES_1777,3303203,4297,True,1825,1.0,-43.41335185,-22.818836199999996,-43.413249,-22.8183239993249
RES_1778,3303203,2542,True,1108,1.0,-43.412660441509146,-22.814255749999994,-43.413296,-22.814809999325
RES_1779,3303203,1973,True,920,1.0,-43.407371606930425,-22.8181948,-43.407922,-22.8181939993249
RES_1780,3303203,307,True,129,1.0,-43.40957910249426,-22.81496015,-43.409698,-22.8150479993249
RES_1781,3303203,393,True,139,1.0,-43.41121475,-22.820113399999997,-43.411466,-22.8201829993248
RES_1782,3303203,1967,True,761,1.0,-43.40485428355751,-22.81760465,-43.40488,-22.8177579993249
RES_1783,3303203,6448,True,2607,1.0,-43.405550781761264,-22.813403200000003,-43.406409,-22.812630999325
RES_1784,3303203,974,True,435,1.0,-43.40064892830449,-22.816397,-43.400703,-22.8164989993249
RES_1785,3303203,176,True,75,1.0,-43.40373076085136,-22.8159456,-43.403596,-22.8159549993249
RES_1786,3303203,1793,True,592,1.0,-43.40259181365111,-22.81495435,-43.402647,-22.815034999325
RES_1787,3303203,1400,True,244,1.0,-43.40106085,-22.814066599999997,-43.401277,-22.814617999325
RES_1788,3303203,7575,True,2874,1.0,-43.3982343,-22.812425299999997,-43.39765,-22.812335999325
RES_1789,3303203,2759,True,778,1.0,-43.3930702,-22.81237399999999,-43.39327,-22.812825999325
RES_1790,3303203,3581,True,1501,1.0,-43.42011665,-22.824391400000003,-43.419728,-22.8245809993247
RES_1791,3303203,5121,True,2059,1.0,-43.419764817068526,-22.821355349999997,-43.420329,-22.8210409993248
RES_1792,3303203,2558,True,1029,1.0,-43.41594311841505,-22.819838999999998,-43.416372,-22.8201179993248
RES_1793,3303203,696,True,280,1.0,-43.40353052874072,-22.808927549999996,-43.40318,-22.8095759993251
RES_1794,3303203,433,True,144,1.0,-43.40267691987154,-22.808245900000003,-43.402571,-22.8083369993251
RES_1795,3303203,1217,True,516,1.0,-43.4007391,-22.809366850000004,-43.400749,-22.8094189993251
RES_1796,3303203,2403,True,881,1.0,-43.400784150451905,-22.807195800000002,-43.399741,-22.8075629993251
RES_1797,3303203,766,True,290,1.0,-43.42659609162074,-22.819773849999997,-43.426427,-22.8195109993249
RES_1798,3303203,3919,True,1508,1.0,-43.422015650000006,-22.81821695,-43.421364,-22.8180629993249
RES_1799,3303302,2482,True,1133,1.0,-43.060113404711615,-22.906406949999997,-43.059102,-22.9078089993228
RES_1800,3303302,367,True,146,1.0,-43.0596026,-22.9052318,-43.060511,-22.9052169993229
RES_1801,3303302,504,True,284,1.0,-43.054939072074006,-22.905726350000002,-43.057001,-22.9060699993229
RES_1802,3303302,459,True,199,1.0,-43.051082949999994,-22.903466400000006,-43.051026,-22.9033599993229
RES_1803,3303302,1202,True,594,1.0,-43.0499774,-22.9056486,-43.048446,-22.9060849993229
RES_1804,3303302,401,True,212,1.0,-43.04962075,-22.90766955,-43.049347,-22.9076139993228
RES_1805,3303302,617,True,259,1.0,-43.059919684793975,-22.90380855,-43.05979,-22.9038979993229
RES_1806,3303302,1023,True,438,1.0,-43.05480286856846,-22.903899099999997,-43.054966,-22.9035959993229
RES_1807,3303302,42,True,19,1.0,-43.06642594196926,-22.8781203,-43.06426,-22.8774859993235
RES_1808,3303302,1945,True,867,1.0,-43.06793427536688,-22.872827899999997,-43.068329,-22.8724939993236
RES_1809,3303302,21,True,9,1.0,-43.0704961741622,-22.86953505,-43.07005,-22.8694779993237
RES_1810,3303302,660,True,317,1.0,-43.06535395,-22.881103149999994,-43.063403,-22.8807549993234
RES_1811,3303302,1177,True,539,1.0,-43.06064992163356,-22.87565475,-43.060892,-22.8756889993236
RES_1812,3303302,490,True,208,1.0,-43.057059303166426,-22.8771997,-43.056838,-22.8772329993235
RES_1813,3303302,784,True,334,1.0,-43.10704200000001,-22.871535949999995,-43.106855,-22.8714929993237
RES_1814,3303302,539,True,268,1.0,-43.1054123157256,-22.86644845,-43.106122,-22.8655019993238
RES_1815,3303302,3722,True,1877,1.0,-43.10112530000001,-22.86556955,-43.101362,-22.8664289993238
RES_1816,3303302,2220,True,1167,1.0,-43.099992549999996,-22.86068205,-43.100952,-22.8605589993239
RES_1817,3303302,3618,True,1753,1.0,-43.09538144716858,-22.86346015,-43.095025,-22.8636639993238
RES_1818,3303302,3306,True,1557,1.0,-43.09503535,-22.862703649999993,-43.094767,-22.8620649993239
RES_1819,3303302,100,True,47,1.0,-43.088565847972006,-22.863186299999995,-43.088635,-22.8633839993238
RES_1820,3303302,2864,True,1148,1.0,-43.10808965620019,-22.867843349999994,-43.107726,-22.8678269993237
RES_1821,3303302,21,True,12,1.0,-43.098175566209335,-22.868534349999997,-43.098373,-22.8683919993237
RES_1822,3303302,586,True,252,1.0,-43.09578512745902,-22.866120000000002,-43.095857,-22.8664219993238
RES_1823,3303302,560,True,239,1.0,-43.10903893644068,-22.8708412,-43.108955,-22.8709319993237
RES_1824,3303302,379,True,158,1.0,-43.10622559795987,-22.869608949999996,-43.106273,-22.8697749993237
RES_1825,3303302,577,True,356,1.0,-43.13039458405616,-22.9069396,-43.130687,-22.9066439993229
RES_1826,3303302,994,True,606,1.0,-43.130850294461446,-22.905366649999998,-43.13136,-22.9057289993229
RES_1827,3303302,373,True,177,1.0,-43.12765060212158,-22.9072665,-43.128277,-22.9073219993228
RES_1828,3303302,103,True,43,1.0,-43.08203858166692,-22.911608299999997,-43.082108,-22.9120429993227
RES_1829,3303302,660,True,344,1.0,-43.08004194630297,-22.912110399999996,-43.079018,-22.9114899993227
RES_1830,3303302,1286,True,652,1.0,-43.07915655578422,-22.908921549999995,-43.076677,-22.9084129993228
RES_1831,3303302,212,True,93,1.0,-43.076601338412814,-22.909486349999998,-43.077053,-22.9095849993228
RES_1832,3303302,737,True,289,1.0,-43.07763455,-22.909041599999995,-43.078054,-22.9091619993228
RES_1833,3303302,722,True,273,1.0,-43.07493431802236,-22.932676349999998,-43.074574,-22.9323109993223
RES_1834,3303302,2462,True,1053,1.0,-43.0720027899489,-22.931115199999997,-43.07011,-22.9309719993223
RES_1835,3303302,98,True,34,1.0,-43.06695015555538,-22.923591749999996,-43.06494,-22.9205129993225
RES_1836,3303302,1256,True,481,1.0,-43.06637406006155,-22.928853250000003,-43.067315,-22.9289499993223
RES_1837,3303302,1113,True,551,1.0,-43.0593906,-22.959709299999997,-43.057934,-22.9588679993217
RES_1838,3303302,1145,True,641,1.0,-43.064004742086226,-22.9548189,-43.064043,-22.9560649993217
RES_1839,3303302,1147,True,631,1.0,-43.05451225,-22.959019700000002,-43.052882,-22.9601119993216
RES_1840,3303302,2732,True,1189,1.0,-43.05428469124756,-22.95228735,-43.054804,-22.9532109993218
RES_1841,3303302,42,True,16,1.0,-43.06517492004133,-22.9315676,-43.064974,-22.9299009993223
RES_1842,3303302,523,True,254,1.0,-43.06372545000001,-22.92123555,-43.063261,-22.9200369993225
RES_1843,3303302,899,True,442,1.0,-43.06249255,-22.913614099999997,-43.0633,-22.9136599993227
RES_1844,3303302,345,True,124,1.0,-43.05818077600844,-22.90968044999999,-43.057472,-22.9089769993228
RES_1845,3303302,542,True,277,1.0,-43.0514757,-22.91811345,-43.051391,-22.9183579993226
RES_1846,3303302,737,True,292,1.0,-43.0548028,-22.907913699999998,-43.055941,-22.9102779993228
RES_1847,3303302,197,True,99,1.0,-43.04870768311714,-22.9174134,-43.050079,-22.9177279993226
RES_1848,3303302,356,True,153,1.0,-43.04946565,-22.909589249999996,-43.049603,-22.9092259993228
RES_1849,3303302,1726,True,793,1.0,-43.052298126272454,-22.910021349999997,-43.052363,-22.9093189993228
RES_1850,3303302,922,True,401,1.0,-43.05029245,-22.913965049999998,-43.050219,-22.9140759993227
RES_1851,3303302,2061,True,839,1.0,-43.052286966,-22.9116407,-43.051788,-22.9119139993227
RES_1852,3303302,458,True,193,1.0,-43.04878655,-22.913849500000005,-43.048865,-22.9137299993227
RES_1853,3303302,576,True,228,1.0,-43.05745924964292,-22.91007225,-43.057272,-22.9101879993228
RES_1854,3303302,469,True,186,1.0,-43.062581660779244,-22.912251400000002,-43.062455,-22.9126129993227
RES_1855,3303302,560,True,262,1.0,-43.07421234929373,-22.8883103,-43.074424,-22.8883199993233
RES_1856,3303302,794,True,396,1.0,-43.06783379913031,-22.894132550000002,-43.066904,-22.8928589993232
RES_1857,3303302,2143,True,952,1.0,-43.06962242282442,-22.8865342,-43.068755,-22.8869999993233
RES_1858,3303302,474,True,377,1.0,-43.064972691906206,-22.89161445,-43.065285,-22.8917609993232
RES_1859,3303302,1893,True,929,1.0,-43.06407768,-22.887017349999997,-43.062527,-22.8859779993233
RES_1860,3303302,494,True,247,1.0,-43.06573655551758,-22.883429249999995,-43.064359,-22.8833939993234
RES_1861,3303302,250,True,119,2.0,-43.0555001,-22.89321965,-43.05612,-22.8931859993232
RES_1862,3303302,83,True,47,1.0,-43.053727584921056,-22.88849865,-43.054164,-22.8871619993233
RES_1863,3303302,416,True,158,1.0,-43.05451285660392,-22.892270450000005,-43.054525,-22.8923269993232
RES_1864,3303302,349,True,125,1.0,-43.05718640578947,-22.892578399999998,-43.057044,-22.8924349993232
RES_1865,3303302,59,True,21,1.0,-43.0715455,-22.884865500000004,-43.071409,-22.8848939993234
RES_1866,3303302,455,True,181,1.0,-43.0644429,-22.884777299999996,-43.064793,-22.8845079993233
RES_1867,3303302,129,True,50,1.0,-43.07588495,-22.890476549999995,-43.075882,-22.8904329993232
RES_1868,3303302,358,True,159,1.0,-43.062834249060714,-22.8872321,-43.062996,-22.8871079993233
RES_1869,3303302,343,True,120,2.0,-43.129656423937156,-22.8847779,-43.129299,-22.8848369993234
RES_1870,3303302,2599,True,2389,3.0,-43.12173047388698,-22.89542265,-43.121514,-22.8947129993231
RES_1871,3303302,4348,True,2652,1.0,-43.12328170286284,-22.887808649999997,-43.122367,-22.8882029993233
RES_1872,3303302,4072,True,2748,1.0,-43.116307586562414,-22.893350899999998,-43.117433,-22.8944419993231
RES_1873,3303302,3492,True,1741,1.0,-43.1182326,-22.8896322,-43.118473,-22.8894099993233
RES_1874,3303302,1028,True,483,1.0,-43.11955510941238,-22.884333899999994,-43.119253,-22.8843309993234
RES_1875,3303302,1023,True,539,1.0,-43.111967235557316,-22.896738649999996,-43.112059,-22.8966939993231
RES_1876,3303302,1033,True,423,1.0,-43.116522984608544,-22.897010099999992,-43.116542,-22.8969089993231
RES_1877,3303302,873,True,323,1.0,-43.098058303453186,-22.933454849999997,-43.098126,-22.9335089993222
RES_1878,3303302,698,True,299,1.0,-43.093896110220015,-22.929382349999997,-43.095571,-22.9296179993223
RES_1879,3303302,3345,True,1522,1.0,-43.09386667767296,-22.924553700000004,-43.093302,-22.9251459993224
RES_1880,3303302,185,True,68,1.0,-43.092711163810044,-22.925242150000003,-43.092657,-22.9253149993224
RES_1881,3303302,4382,True,1897,1.0,-43.09980062800523,-22.935941649999993,-43.099579,-22.9363419993222
RES_1882,3303302,1026,True,381,1.0,-43.09674121743524,-22.9340994,-43.097512,-22.9344419993222
RES_1883,3303302,2664,True,1390,2.0,-43.09901045401713,-22.893767700000005,-43.099508,-22.8936409993232
RES_1884,3303302,1884,True,999,1.0,-43.0987492,-22.8907503,-43.098753,-22.8903589993232
RES_1885,3303302,2335,True,1130,1.0,-43.0936431,-22.890680099999997,-43.093371,-22.8899279993232
RES_1886,3303302,419,True,215,1.0,-43.097050247383066,-22.891381449999997,-43.097117,-22.8918139993232
RES_1887,3303302,81,True,39,1.0,-43.096465158617235,-22.892304099999997,-43.09435,-22.8922509993232
RES_1888,3303302,413,True,154,1.0,-43.0936675,-22.891600099999994,-43.094008,-22.8913619993232
RES_1889,3303302,376,True,158,1.0,-43.09956485761111,-22.888848950000003,-43.099621,-22.8888089993233
RES_1890,3303302,146,True,66,1.0,-43.0969682,-22.8886303,-43.096678,-22.8886389993233
RES_1891,3303302,2896,True,1341,1.0,-43.10076923600498,-22.87226125,-43.100276,-22.8718479993237
RES_1892,3303302,3641,True,1741,1.0,-43.09491409723985,-22.87465125,-43.095203,-22.8737239993236
RES_1893,3303302,2079,True,984,1.0,-43.09324412421644,-22.868667449999997,-43.093103,-22.8678599993237
RES_1894,3303302,12,True,7,1.0,-43.08435003793706,-22.870512849999997,-43.086,-22.8705319993237
RES_1895,3303302,601,True,260,1.0,-43.089016150000006,-22.8662137,-43.0889,-22.8659069993238
RES_1896,3303302,1180,True,515,1.0,-43.090695340455234,-22.874018499999995,-43.090714,-22.8735159993236
RES_1897,3303302,537,True,293,1.0,-43.087687249999995,-22.87191325,-43.088037,-22.8720469993236
RES_1898,3303302,571,True,225,1.0,-43.0992885521859,-22.8694103,-43.099358,-22.8695369993237
RES_1899,3303302,898,True,422,1.0,-43.09423726721599,-22.8674006,-43.095301,-22.8680239993237
RES_1900,3303302,712,True,273,1.0,-43.08991177561357,-22.867832999999997,-43.090046,-22.8678319993238
RES_1901,3303302,1241,True,502,1.0,-43.08767212321596,-22.8669322,-43.087652,-22.8670469993238
RES_1902,3303302,105,True,46,1.0,-43.09003441058286,-22.875145549999992,-43.090098,-22.8752809993236
RES_1903,3303302,1114,True,490,1.0,-43.09192116554463,-22.871148749999996,-43.091664,-22.8708159993237
RES_1904,3303302,458,True,201,1.0,-43.09121977468196,-22.869637399999995,-43.091077,-22.8693289993237
RES_1905,3303302,655,True,294,1.0,-43.09261581321225,-22.875721549999998,-43.092717,-22.8760339993236
RES_1906,3303302,39,True,21,1.0,-43.020110749161034,-22.949122399999997,-43.023085,-22.9516129993218
RES_1907,3303302,458,True,179,1.0,-43.0201601084771,-22.947591699999997,-43.019513,-22.9475129993219
RES_1908,3303302,126,True,62,1.0,-43.0203238,-22.939537000000005,-43.020319,-22.9398339993221
RES_1909,3303302,1474,True,612,1.0,-43.0145743605798,-22.943181949999992,-43.01536,-22.944091999322
RES_1910,3303302,3204,True,1438,1.0,-43.01560048097667,-22.938281249999996,-43.013715,-22.9376219993221
RES_1911,3303302,2698,True,1258,1.0,-43.00637672910797,-22.93613885,-43.0064,-22.9364079993222
RES_1912,3303302,2071,True,941,1.0,-43.0095168,-22.9296157,-43.008332,-22.9292699993223
RES_1913,3303302,1308,True,622,1.0,-43.00595509910701,-22.925567349999998,-43.005182,-22.9249829993224
RES_1914,3303302,409,True,201,1.0,-42.998867437706856,-22.9354727,-42.999,-22.9357299993222
RES_1915,3303302,708,True,331,1.0,-42.99983755,-22.933035099999994,-43.00092,-22.9317079993223
RES_1916,3303302,351,True,234,1.0,-42.9934403,-22.932118049999993,-42.993187,-22.9322979993223
RES_1917,3303302,5,True,3,1.0,-42.982914076016954,-22.93047995,-42.982689,-22.9295729993223
RES_1918,3303302,15,True,6,1.0,-42.984533400000004,-22.922526950000005,-42.985452,-22.9204869993225
RES_1919,3303302,2143,True,1196,1.0,-43.110149621829976,-22.89654025,-43.110406,-22.8949819993231
RES_1920,3303302,985,True,575,1.0,-43.112523100000004,-22.89147305,-43.112785,-22.8914499993232
RES_1921,3303302,655,True,230,1.0,-43.10762021120693,-22.89461985,-43.107584,-22.8947379993231
RES_1922,3303302,338,True,173,1.0,-43.09754852236212,-22.885791949999998,-43.097443,-22.8851519993233
RES_1923,3303302,6663,True,3244,1.0,-43.09985840077391,-22.880144799999997,-43.099542,-22.8799949993235
RES_1924,3303302,1148,True,569,1.0,-43.09445475056671,-22.886608099999997,-43.094868,-22.8858369993233
RES_1925,3303302,5530,True,2813,3.0,-43.093416044918996,-22.880383349999995,-43.094381,-22.8807159993235
RES_1926,3303302,3047,True,1334,1.0,-43.08501385324968,-22.886342049999996,-43.086271,-22.8857249993233
RES_1927,3303302,8431,True,4391,1.0,-43.085323041894966,-22.88019415,-43.085403,-22.8807159993235
RES_1928,3303302,3264,True,1632,1.0,-43.08497895378197,-22.8744824,-43.085481,-22.8747549993236
RES_1929,3303302,545,True,239,1.0,-43.07798947649442,-22.885434899999996,-43.078233,-22.8854559993233
RES_1930,3303302,2347,True,1147,1.0,-43.07946588648624,-22.879814599999996,-43.079562,-22.8812139993234
RES_1931,3303302,2586,True,1204,1.0,-43.07792705,-22.875086949999996,-43.078587,-22.8744559993236
RES_1932,3303302,359,True,152,1.0,-43.07475903276153,-22.868358999999998,-43.074776,-22.8682889993237
RES_1933,3303302,1397,True,651,1.0,-43.071739971868006,-22.880799799999995,-43.071798,-22.8799769993235
RES_1934,3303302,764,True,312,1.0,-43.072209525277486,-22.870153199999997,-43.072866,-22.8707579993237
RES_1935,3303302,976,True,375,1.0,-43.07269596865615,-22.868971799999997,-43.072795,-22.8691569993237
RES_1936,3303302,560,True,248,1.0,-43.08395909762987,-22.87169335,-43.084731,-22.8721769993236
RES_1937,3303302,73,True,30,1.0,-43.080701643602154,-22.86921505,-43.080461,-22.8692659993237
RES_1938,3303302,279,True,110,1.0,-43.08878345,-22.88655955,-43.088661,-22.8866759993233
RES_1939,3303302,925,True,372,1.0,-43.07413489688342,-22.883024000000002,-43.074017,-22.8827859993234
RES_1940,3303302,473,True,189,1.0,-43.071769450000005,-22.883024,-43.071254,-22.8827139993234
RES_1941,3303302,419,True,207,1.0,-43.07607716769554,-22.8807678,-43.075999,-22.8805579993234
RES_1942,3303302,313,True,125,1.0,-43.09885405,-22.883508899999995,-43.098859,-22.8836039993234
RES_1943,3303302,137,True,68,1.0,-43.08300369301628,-22.885979900000002,-43.08318,-22.8860979993233
RES_1944,3303302,572,True,224,1.0,-43.10019497344908,-22.884945050000006,-43.099672,-22.8849129993233
RES_1945,3303302,489,True,238,1.0,-43.089806815913285,-22.87756075,-43.08969,-22.8772969993235
RES_1946,3303302,588,True,251,1.0,-43.09094201196226,-22.87723475,-43.090855,-22.8768549993235
RES_1947,3303302,215,True,90,1.0,-43.0761677,-22.878260300000004,-43.075627,-22.8785059993235
RES_1948,3303302,2948,True,1306,1.0,-43.094061249999996,-22.87891215,-43.09383,-22.8786099993235
RES_1949,3303302,232,True,100,1.0,-43.091819011711195,-22.876412700000003,-43.091879,-22.8764139993236
RES_1950,3303302,699,True,307,1.0,-43.07283615,-22.872706099999995,-43.072767,-22.8728569993236
RES_1951,3303302,250,True,125,1.0,-43.13373206092159,-22.902266249999997,-43.133831,-22.901723999323
RES_1952,3303302,13733,True,7042,1.0,-43.114322119561535,-22.903127749999996,-43.114637,-22.9035679993229
RES_1953,3303302,17543,True,9250,1.0,-43.108349849999996,-22.9093576,-43.108087,-22.9094229993228
RES_1954,3303302,20681,True,10428,1.0,-43.109240498752676,-22.90361,-43.108784,-22.9033879993229
RES_1955,3303302,3616,True,1638,1.0,-43.10995211681014,-22.898689599999997,-43.109746,-22.898834999323
RES_1956,3303302,8858,True,4218,1.0,-43.1022485598333,-22.908272049999997,-43.102102,-22.9079789993228
RES_1957,3303302,11392,True,5180,1.0,-43.10237316298283,-22.9038739,-43.102293,-22.9039499993229
RES_1958,3303302,1341,True,505,1.0,-43.09926760270929,-22.910534650000002,-43.101362,-22.9113149993228
RES_1959,3303302,83,True,31,1.0,-43.096642354322256,-22.909032000000003,-43.097049,-22.9092049993228
RES_1960,3303302,519,True,230,1.0,-43.12498275218151,-22.8722146,-43.116716,-22.8698729993237
RES_1961,3303302,1526,True,783,1.0,-43.115138459317286,-22.872709599999993,-43.11538,-22.8735279993236
RES_1962,3303302,1978,True,966,1.0,-43.11426970000001,-22.869415600000004,-43.114746,-22.8693039993237
RES_1963,3303302,1696,True,716,1.0,-43.11707415000001,-22.872071399999996,-43.116869,-22.8712309993237
RES_1964,3303302,12392,True,6220,2.0,-43.123317300879386,-22.90268035,-43.123677,-22.9027679993229
RES_1965,3303302,1280,True,655,1.0,-43.11940349100951,-22.900978050000006,-43.120029,-22.901599999323
RES_1966,3303302,534,True,213,1.0,-43.12860195369069,-22.905446199999993,-43.128702,-22.9056599993229
RES_1967,3303302,918,True,381,1.0,-43.12760537342406,-22.9057527,-43.127501,-22.9052999993229
RES_1968,3303302,411,True,222,1.0,-43.03566465363368,-22.97276765,-43.035408,-22.9729069993213
RES_1969,3303302,496,True,257,1.0,-43.030371671484374,-22.97216735,-43.030268,-22.9722049993213
RES_1970,3303302,1302,True,660,1.0,-43.0327947924571,-22.96502125,-43.031685,-22.9665099993215
RES_1971,3303302,166,True,110,1.0,-43.04511441030251,-22.971733350000008,-43.045283,-22.9717949993214
RES_1972,3303302,34,True,16,1.0,-43.04695590150611,-22.949375999999997,-43.046485,-22.9491529993219
RES_1973,3303302,196,True,91,1.0,-43.041996600000004,-22.9450486,-43.042535,-22.945742999322
RES_1974,3303302,1493,True,832,1.0,-43.0405041,-22.966404199999996,-43.038915,-22.9668929993215
RES_1975,3303302,1640,True,722,1.0,-43.03733330712449,-22.945318750000002,-43.038344,-22.9465189993219
RES_1976,3303302,1717,True,745,1.0,-43.0300734,-22.957371999999996,-43.03063,-22.9592149993217
RES_1977,3303302,1721,True,674,1.0,-43.0317615,-22.951954100000002,-43.031703,-22.9514849993218
RES_1978,3303302,895,True,383,1.0,-43.02556253974588,-22.9544681,-43.025132,-22.9540249993218
RES_1979,3303302,220,True,94,1.0,-43.07844065,-22.89901675,-43.078136,-22.898737999323
RES_1980,3303302,1391,True,541,1.0,-43.0765734,-22.897336249999995,-43.076954,-22.8964269993231
RES_1981,3303302,2148,True,886,1.0,-43.06955181082077,-22.902433949999995,-43.068173,-22.900737999323
RES_1982,3303302,106,False,0,,-43.06412616738156,-22.901924800000003,-43.06412616738156,-22.901924800000003
RES_1983,3303302,747,True,307,1.0,-43.0802135,-22.896907149999997,-43.08024,-22.8967279993231
RES_1984,3303302,1100,True,428,1.0,-43.07575595,-22.899255699999998,-43.074994,-22.899924999323
RES_1985,3303302,152,True,53,1.0,-43.07289644827766,-22.895810849999997,-43.073165,-22.8959429993231
RES_1986,3303302,871,True,319,1.0,-43.05938106276248,-22.9359321,-43.05859,-22.9356049993222
RES_1987,3303302,867,True,508,1.0,-43.05475039607242,-22.9354886,-43.054011,-22.9359399993222
RES_1988,3303302,683,True,297,1.0,-43.0485020334751,-22.930067799999996,-43.048925,-22.9304779993223
RES_1989,3303302,78,True,34,1.0,-43.03630125,-22.925697999999993,-43.03723,-22.9254999993224
RES_1990,3303302,320,True,105,1.0,-43.044344949999996,-22.929391799999994,-43.043921,-22.9294489993223
RES_1991,3303302,478,True,191,1.0,-43.05620620284431,-22.938392300000004,-43.0563,-22.9383479993221
RES_1992,3303302,1158,True,298,1.0,-43.05463725,-22.9398555,-43.054674,-22.9399749993221
RES_1993,3303302,423,True,182,1.0,-43.04935765,-22.931215700000003,-43.049348,-22.9309949993223
RES_1994,3303302,401,True,190,1.0,-43.12134900684774,-22.934502000000002,-43.116852,-22.9314969993223
RES_1995,3303302,129,True,48,1.0,-43.1146473324529,-22.936069350000004,-43.114248,-22.9360199993222
RES_1996,3303302,81,True,43,1.0,-43.11056165,-22.93482735,-43.113242,-22.9353069993222
RES_1997,3303302,427,True,184,1.0,-43.11318875,-22.936190299999996,-43.113056,-22.9360999993222
RES_1998,3303302,983,True,425,1.0,-43.114032154643375,-22.930806949999997,-43.113879,-22.9306929993223
RES_1999,3303302,173,True,74,1.0,-43.118539779768106,-22.9300336,-43.118602,-22.9300619993223
RES_2000,3303302,720,True,330,1.0,-43.120526550453164,-22.927531099999996,-43.12046,-22.9274419993224
RES_2001,3303302,856,True,365,1.0,-43.11091782599695,-22.936039650000005,-43.111188,-22.9359099993222
RES_2002,3303302,1223,True,526,1.0,-43.0756786530444,-22.903284499999998,-43.075754,-22.9038819993229
RES_2003,3303302,1515,True,630,1.0,-43.067982409214665,-22.907078700000003,-43.06723,-22.9095069993228
RES_2004,3303302,757,True,324,1.0,-43.06899275,-22.904477900000003,-43.069996,-22.9039579993229
RES_2005,3303302,358,True,144,1.0,-43.064365438188176,-22.908441849999996,-43.065127,-22.9089099993228
RES_2006,3303302,735,True,363,1.0,-43.06468665,-22.90535575,-43.064533,-22.9049699993229
RES_2007,3303302,850,True,344,1.0,-43.07818361817579,-22.90250424999999,-43.077795,-22.901380999323
RES_2008,3303302,721,True,288,1.0,-43.07385425740199,-22.9094508,-43.073912,-22.9096429993228
RES_2009,3303302,590,True,267,1.0,-43.073157958092416,-22.9098596,-43.073515,-22.9099099993228
RES_2010,3303302,329,True,152,1.0,-43.073622,-22.906490400000003,-43.074081,-22.9066319993229
RES_2011,3303302,592,True,245,1.0,-43.072963400000006,-22.905974900000004,-43.073451,-22.9060329993229
RES_2012,3303302,373,True,136,1.0,-43.07462137017832,-22.904239849999996,-43.074927,-22.9044559993229
RES_2013,3303302,796,True,339,1.0,-43.07107415,-22.90439745,-43.071118,-22.9050459993229
RES_2014,3303302,526,True,216,1.0,-43.0645619,-22.909903800000006,-43.064847,-22.9099159993228
RES_2015,3303302,272,True,116,1.0,-43.07792345,-22.90662735,-43.077833,-22.9064889993228
RES_2016,3303302,1931,True,796,1.0,-43.070075200000005,-22.91700565,-43.069466,-22.9161199993226
RES_2017,3303302,1120,True,504,1.0,-43.070808,-22.912748849999996,-43.06976,-22.9123229993227
RES_2018,3303302,206,True,99,1.0,-43.06848045,-22.915336399999997,-43.068403,-22.9154379993227
RES_2019,3303302,797,True,342,1.0,-43.07289595,-22.9127447,-43.072566,-22.9125999993227
RES_2020,3303302,152,True,63,1.0,-43.044437330452894,-22.888684249999997,-43.044512,-22.8887769993233
RES_2021,3303302,703,True,289,1.0,-43.03493960029611,-22.885201650000003,-43.036873,-22.8854059993233
RES_2022,3303302,878,True,421,1.0,-43.0351945,-22.878108549999993,-43.036103,-22.8804299993235
RES_2023,3303302,1198,True,544,1.0,-43.027973700000004,-22.884334100000004,-43.029241,-22.8845259993234
RES_2024,3303302,1725,True,788,1.0,-43.032169928904054,-22.879143949999992,-43.031607,-22.8805669993234
RES_2025,3303302,977,True,428,1.0,-43.0239198,-22.883367799999995,-43.024307,-22.8830649993234
RES_2026,3303302,559,True,228,1.0,-43.03314725,-22.881624149999993,-43.032961,-22.8814549993234
RES_2027,3303302,235,True,101,1.0,-43.02192835,-22.8831152,-43.02195,-22.8833869993234
RES_2028,3303302,211,True,72,1.0,-43.046756158125426,-22.901103899999995,-43.047036,-22.901465999323
RES_2029,3303302,72,True,26,1.0,-43.04414818102968,-22.890950549999992,-43.044465,-22.8904999993232
RES_2030,3303302,279,True,115,1.0,-43.041599147317214,-22.898191449999995,-43.041993,-22.898691999323
RES_2031,3303302,493,True,258,1.0,-43.03610975,-22.8885102,-43.036425,-22.8893529993233
RES_2032,3303302,673,True,261,1.0,-43.12165393560578,-22.8994312,-43.121383,-22.899353999323
RES_2033,3303302,435,True,208,1.0,-43.12075774008704,-22.8986412,-43.120784,-22.898395999323
RES_2034,3303302,589,True,238,1.0,-43.11942764676746,-22.899597349999993,-43.119413,-22.899706999323
RES_2035,3303302,1414,True,730,1.0,-43.119072149999994,-22.89775815,-43.118646,-22.898335999323
RES_2036,3303302,33,True,16,1.0,-43.035000550666595,-22.909146949999997,-43.034277,-22.9071829993228
RES_2037,3303302,272,True,122,1.0,-43.032166288859656,-22.901522449999998,-43.032626,-22.902180999323
RES_2038,3303302,360,True,154,1.0,-43.02272069865637,-22.88858835,-43.022783,-22.8884449993233
RES_2039,3303302,141,True,70,1.0,-43.01534323602846,-22.901015700000002,-43.014212,-22.900607999323
RES_2040,3303302,3,True,1,1.0,-43.01723045,-22.896906199999997,-43.017077,-22.8970779993231
RES_2041,3303302,239,True,99,1.0,-43.01665800000001,-22.88637285,-43.017163,-22.8861199993233
RES_2042,3303302,25,True,13,1.0,-43.01090715,-22.890062599999997,-43.012135,-22.8887919993232
RES_2043,3303302,1513,True,699,1.0,-43.10678005,-22.897249350000003,-43.106661,-22.8963879993231
RES_2044,3303302,1776,True,862,1.0,-43.103062394081604,-22.89620995,-43.103223,-22.8964189993231
RES_2045,3303302,46,True,16,1.0,-43.1066024,-22.894326449999998,-43.106357,-22.8937579993231
RES_2046,3303302,1670,True,918,1.0,-43.08970875,-22.952849949999994,-43.090971,-22.9516159993218
RES_2047,3303302,1375,True,795,1.0,-43.08618318283679,-22.953026899999998,-43.084495,-22.9527749993218
RES_2048,3303302,90,True,40,1.0,-43.08688545,-22.93262385,-43.08707,-22.9326899993223
RES_2049,3303302,1298,True,726,1.0,-43.07823412170088,-22.9525354,-43.078163,-22.9535199993218
RES_2050,3303302,1196,True,499,1.0,-43.07640827241587,-22.935492249999996,-43.076807,-22.9365589993222
RES_2051,3303302,1313,True,759,1.0,-43.0704069,-22.9550123,-43.070683,-22.9547889993218
RES_2052,3303302,1580,True,673,1.0,-43.06994330538099,-22.938345299999998,-43.069402,-22.9376019993221
RES_2053,3303302,723,True,287,1.0,-43.06674215995676,-22.934647950000002,-43.067049,-22.9347419993222
RES_2054,3303302,567,True,328,1.0,-43.06435495,-22.9522781,-43.06464,-22.9522099993218
RES_2055,3303302,1372,True,613,1.0,-43.059388472498455,-22.94642455,-43.060244,-22.9455889993219
RES_2056,3303302,1586,True,676,1.0,-43.06342675057277,-22.93910855,-43.06338,-22.9393489993221
RES_2057,3303302,574,True,220,1.0,-43.05503675539933,-22.949160449999994,-43.055308,-22.9488729993219
RES_2058,3303302,1034,True,562,1.0,-43.0553597,-22.943443699999996,-43.054839,-22.944793999322
RES_2059,3303302,1031,True,395,1.0,-43.06711754999999,-22.9401224,-43.067825,-22.9399619993221
RES_2060,3303302,837,True,316,1.0,-43.06385260545506,-22.942119999999996,-43.063852,-22.942151999322
RES_2061,3303302,647,True,282,1.0,-43.0931272,-22.950931599999997,-43.093017,-22.9506849993219
RES_2062,3303302,602,True,195,1.0,-43.059508108621955,-22.942059,-43.059452,-22.9418999993221
RES_2063,3303302,997,True,355,1.0,-43.06090980954818,-22.94119945,-43.060954,-22.9415139993221
RES_2064,3303302,777,True,328,1.0,-43.13150827647745,-22.883551950000005,-43.126852,-22.8832529993234
RES_2065,3303302,247,True,198,1.0,-43.124215060441045,-22.88494,-43.124546,-22.8851079993233
RES_2066,3303302,2891,True,1566,1.0,-43.123791,-22.881449,-43.123636,-22.8825959993234
RES_2067,3303302,348,True,189,1.0,-43.12034521051847,-22.883170449999998,-43.121682,-22.8832789993234
RES_2068,3303302,1394,True,566,1.0,-43.12489338046875,-22.87953255,-43.124454,-22.8795019993234
RES_2069,3303302,39,True,22,1.0,-43.018026649999996,-22.907777499999995,-43.014338,-22.9078699993228
RES_2070,3303302,3,True,1,1.0,-43.004538499999995,-22.910983299999998,-43.020517,-22.9171909993226
RES_2071,3303302,767,True,327,1.0,-43.00627903263795,-22.8946441,-43.006307,-22.8946079993231
RES_2072,3303302,834,True,358,1.0,-42.98912069759626,-22.9083179,-42.988473,-22.9078249993228
RES_2073,3303302,292,True,148,1.0,-42.98861650392392,-22.903491399999993,-42.989067,-22.9043869993229
RES_2074,3303302,1684,True,727,1.0,-42.98899025,-22.89515805,-42.992651,-22.8957749993231
RES_2075,3303302,140,True,62,1.0,-43.05514576382353,-22.885508149999993,-43.053542,-22.8849299993233
RES_2076,3303302,343,True,163,1.0,-43.056642049999994,-22.882148849999997,-43.056352,-22.8823499993234
RES_2077,3303302,1043,True,471,1.0,-43.052055247249996,-22.875984100000004,-43.051698,-22.8755319993236
RES_2078,3303302,92,True,43,1.0,-43.049274999999994,-22.884713800000004,-43.049457,-22.8846859993234
RES_2079,3303302,2088,True,929,1.0,-43.049076252781035,-22.88052235,-43.048389,-22.8798009993235
RES_2080,3303302,2366,True,1049,1.0,-43.0458907,-22.876235700000002,-43.046906,-22.8751559993236
RES_2081,3303302,233,True,88,1.0,-43.051579849999996,-22.880213649999995,-43.051796,-22.8800929993235
RES_2082,3303302,304,True,124,1.0,-43.046219199999996,-22.8803079,-43.046011,-22.8802929993235
RES_2083,3303302,1755,True,898,1.0,-43.107285027493774,-22.882063549999994,-43.107991,-22.8817119993234
RES_2084,3303302,3699,True,1956,1.0,-43.107257498648956,-22.87412394999999,-43.106897,-22.8744739993236
RES_2085,3303302,271,True,133,1.0,-43.1045177558131,-22.8733766,-43.104931,-22.8735999993236
RES_2086,3303302,1088,True,393,1.0,-43.10549786820815,-22.878180649999997,-43.106093,-22.8781679993235
RES_2087,3303302,500,True,254,1.0,-43.10674445449702,-22.89952265,-43.107074,-22.899339999323
RES_2088,3303302,9982,True,4659,1.0,-43.10058465,-22.901717649999995,-43.100207,-22.901869999323
RES_2089,3303302,6225,True,2910,1.0,-43.100097133519064,-22.897064299999997,-43.100203,-22.897939999323
RES_2090,3303302,9630,True,4426,1.0,-43.093323751469555,-22.90269445,-43.09311,-22.9026139993229
RES_2091,3303302,1625,True,794,1.0,-43.0947484742128,-22.898226549999997,-43.095281,-22.8979379993231
RES_2092,3303302,955,True,508,1.0,-43.0885169,-22.906226499999995,-43.087454,-22.9063309993229
RES_2093,3303302,2434,True,1321,1.0,-43.087548784381,-22.90378105,-43.087269,-22.902694999323
RES_2094,3303302,78,True,47,1.0,-43.0884732100574,-22.898443849999996,-43.089328,-22.898273999323
RES_2095,3303302,399,True,173,1.0,-43.08428405000001,-22.9010555,-43.084707,-22.900764999323
RES_2096,3303302,563,True,249,1.0,-43.08847767032578,-22.897298799999998,-43.08746,-22.897547999323
RES_2097,3303302,676,True,266,1.0,-43.09164464803197,-22.9077298,-43.090876,-22.9078409993228
RES_2098,3303302,215,True,101,1.0,-43.08844204427374,-22.907596150000003,-43.088545,-22.9072999993228
RES_2099,3303302,188,True,83,1.0,-43.087456845540046,-22.902172549999996,-43.087381,-22.9022319993229
RES_2100,3303302,642,True,266,1.0,-43.087972624406426,-22.901118249999996,-43.08782,-22.900979999323
RES_2101,3303302,2056,True,1130,1.0,-43.129718419080525,-22.900588149999997,-43.130521,-22.901387999323
RES_2102,3303302,655,True,417,1.0,-43.128297161217006,-22.8984266,-43.129989,-22.898978999323
RES_2103,3303302,493,True,274,1.0,-43.12730373466266,-22.899719150000003,-43.127409,-22.900412999323
RES_2104,3303302,991,True,552,1.0,-43.12700825,-22.898257349999998,-43.127102,-22.8984009993231
RES_2105,3303302,220,True,94,1.0,-43.129365749268295,-22.90175925,-43.12921,-22.901589999323
RES_2106,3303302,266,True,118,1.0,-43.109873587860776,-22.91465625,-43.110076,-22.9137579993227
RES_2107,3303302,94,True,35,1.0,-43.10362415282894,-22.9141463,-43.102462,-22.9138599993227
RES_2108,3303302,262,True,167,1.0,-43.10128265,-22.913281499999997,-43.103747,-22.9136829993227
RES_2109,3303302,476,True,267,1.0,-43.091783873756015,-22.921401100000004,-43.092277,-22.9213519993225
RES_2110,3303302,3100,True,1556,1.0,-43.09243515,-22.916729099999994,-43.09257,-22.9168219993226
RES_2111,3303302,419,True,184,1.0,-43.08835993395104,-22.92128125,-43.088234,-22.9213769993225
RES_2112,3303302,2322,True,1085,1.0,-43.086405174691905,-22.91658325,-43.086056,-22.9168239993226
RES_2113,3303302,793,True,354,1.0,-43.08543358357832,-22.9126703,-43.084308,-22.9126919993227
RES_2114,3303302,424,True,288,1.0,-43.08074295,-22.914414499999992,-43.080933,-22.9141889993227
RES_2115,3303302,154,True,66,1.0,-43.07271675,-22.916401799999996,-43.07333,-22.9177449993226
RES_2116,3303302,664,True,227,1.0,-43.10165446116379,-22.9122225,-43.102449,-22.9124039993227
RES_2117,3303302,548,True,252,1.0,-43.11373429542763,-22.885700749999998,-43.113984,-22.8854169993234
RES_2118,3303302,1780,True,871,1.0,-43.111125,-22.8880084,-43.110343,-22.8873459993233
RES_2119,3303302,1939,True,1033,3.0,-43.111585899999994,-22.88445145,-43.108891,-22.8835719993234
RES_2120,3303302,1080,True,540,2.0,-43.10314917254717,-22.88183635,-43.102924,-22.8822449993234
RES_2121,3303302,1274,True,531,1.0,-43.107309506449994,-22.88628655,-43.106802,-22.8866519993233
RES_2122,3303302,185,True,75,1.0,-43.10352149828199,-22.885157,-43.103841,-22.8851669993234
RES_2123,3303302,308,True,137,1.0,-43.10417625666493,-22.8840307,-43.10378,-22.8839599993234
RES_2124,3303302,884,True,436,1.0,-43.06196647817524,-22.90185735,-43.061998,-22.900502999323
RES_2125,3303302,1285,True,576,1.0,-43.05990085,-22.896469099999994,-43.059831,-22.8969679993231
RES_2126,3303302,459,True,219,1.0,-43.057179991797106,-22.894575350000004,-43.056888,-22.8948599993231
RES_2127,3303302,362,True,161,1.0,-43.0515203789022,-22.888700450000005,-43.051362,-22.8891629993233
RES_2128,3303302,477,True,207,1.0,-43.04907475,-22.891312299999992,-43.048133,-22.8919309993232
RES_2129,3303302,486,True,223,1.0,-43.0474228,-22.884915950000007,-43.047305,-22.8855749993233
RES_2130,3303302,569,True,223,1.0,-43.053767230533225,-22.896968699999988,-43.052183,-22.8966989993231
RES_2131,3303302,259,True,101,1.0,-43.05148409725275,-22.901510199999993,-43.051422,-22.900899999323
RES_2132,3303302,273,True,135,1.0,-43.06117617879438,-22.903037749999996,-43.061051,-22.9028209993229
RES_2133,3303302,1411,True,499,1.0,-43.05455895,-22.90124165,-43.055794,-22.900947999323
RES_2134,3303302,1800,True,847,1.0,-43.08644887652662,-22.8642051,-43.085385,-22.8642979993238
RES_2135,3303302,858,True,451,1.0,-43.07490619567544,-22.866101649999997,-43.077638,-22.8655959993238
RES_2136,3303302,132,True,65,1.0,-43.0736426,-22.86752705,-43.073702,-22.8676209993238
RES_2137,3303302,241,True,100,1.0,-43.0875004,-22.865444999999994,-43.08753,-22.8654679993238
RES_2138,3303302,2,True,3,1.0,-42.99747154291492,-22.91543395,-43.00021,-22.9162169993226
RES_2139,3303302,19,True,18,1.0,-42.991573547632996,-22.925405799999993,-42.98845,-22.9242179993225
RES_2140,3303302,82,True,42,1.0,-42.991316499999996,-22.91638255,-42.990391,-22.9164419993226
RES_2141,3303302,790,True,457,1.0,-42.98125601003889,-22.9192161,-42.982662,-22.9168659993226
RES_2142,3303302,5,True,3,1.0,-42.975541381748585,-22.912119500000003,-42.98064,-22.9155479993226
RES_2143,3303302,812,True,147,1.0,-42.97240015,-22.909371450000002,-42.980207,-22.9089919993228
RES_2144,3303302,454,True,206,1.0,-42.963065927894405,-22.90423165,-42.962975,-22.9043579993229
RES_2145,3303302,635,True,260,1.0,-42.97945445561305,-22.915713449999995,-42.97909,-22.9155719993227
RES_2146,3303302,378,True,186,1.0,-43.08761739453836,-22.891742949999998,-43.087751,-22.8914769993232
RES_2147,3303302,1577,True,669,1.0,-43.0839822260082,-22.88952609999999,-43.084776,-22.8898489993232
RES_2148,3303302,243,True,93,1.0,-43.08133875,-22.893463750000002,-43.080151,-22.8934669993232
RES_2149,3303302,349,True,173,1.0,-43.079657953100224,-22.889922499999997,-43.079247,-22.8899639993232
RES_2150,3303302,314,True,135,1.0,-43.07221691905458,-22.893919950000008,-43.071719,-22.8938289993232
RES_2151,3303302,435,True,174,1.0,-43.083040600000004,-22.891997799999995,-43.083135,-22.8919999993232
RES_2152,3303302,344,True,147,1.0,-43.083731650000004,-22.8910517,-43.083505,-22.8910049993232
RES_2153,3303302,29,True,13,1.0,-43.0886683,-22.894214649999995,-43.088528,-22.8945079993231
RES_2154,3303302,398,True,170,1.0,-43.08207040272277,-22.894938099999997,-43.082815,-22.8945869993231
RES_2155,3303302,241,True,102,1.0,-43.07512414698682,-22.893062399999998,-43.074797,-22.8932629993232
RES_2156,3303302,70,True,27,1.0,-43.07637045,-22.890905849999996,-43.076286,-22.8907329993232
RES_2157,3303302,25,True,11,1.0,-43.072801850000005,-22.894705650000006,-43.074053,-22.8944529993231
RES_2158,3303302,670,True,294,1.0,-43.041784952650595,-22.907819149999998,-43.043357,-22.9077579993228
RES_2159,3303302,480,True,240,1.0,-43.040808495726495,-22.9010302,-43.040815,-22.900827999323
RES_2160,3303302,123,True,56,1.0,-43.03356195347143,-22.89838005,-43.033507,-22.898609999323
RES_2161,3303302,1336,True,613,1.0,-43.03200670271284,-22.89418419999999,-43.03254,-22.8932469993232
RES_2162,3303302,332,True,160,1.0,-43.02977090398075,-22.887470200000003,-43.029252,-22.8883239993233
RES_2163,3303302,402,True,190,1.0,-43.024868255611146,-22.889286449999993,-43.026561,-22.8870339993233
RES_2164,3303302,497,True,224,1.0,-43.043929468952264,-22.9124775,-43.04446,-22.9124599993227
RES_2165,3303302,835,True,368,1.0,-43.08515312669624,-22.90595795,-43.084577,-22.9051699993229
RES_2166,3303302,729,True,356,1.0,-43.085302419649906,-22.90290685,-43.085762,-22.9031409993229
RES_2167,3303302,598,True,256,1.0,-43.0822073,-22.905351049999997,-43.082834,-22.9052719993229
RES_2168,3303302,633,True,255,1.0,-43.08202427630309,-22.906542849999994,-43.081185,-22.9067279993228
RES_2169,3303302,408,True,175,1.0,-43.097021612254906,-22.9072089,-43.097599,-22.9068759993228
RES_2170,3303302,321,True,119,1.0,-43.09694140661953,-22.90418845,-43.096844,-22.9044929993229
RES_2171,3303302,344,True,159,1.0,-43.09506225,-22.9065991,-43.094868,-22.9064219993229
RES_2172,3303302,1183,True,678,1.0,-43.095040674650726,-22.90499055,-43.095247,-22.9046989993229
RES_2173,3303302,633,True,249,1.0,-43.094023026694174,-22.908101000000002,-43.094029,-22.9079979993228
RES_2174,3303302,498,True,217,1.0,-43.05089724836725,-22.944352100000003,-43.050962,-22.944221999322
RES_2175,3303302,1021,True,425,1.0,-43.04961180816916,-22.9416674,-43.049577,-22.9411979993221
RES_2176,3303302,1080,True,452,1.0,-43.04360719514703,-22.942339699999998,-43.045002,-22.942722999322
RES_2177,3303302,824,True,339,1.0,-43.04471205,-22.9379492,-43.044243,-22.9386529993221
RES_2178,3303302,229,True,89,1.0,-43.03946465661359,-22.942440499999996,-43.039123,-22.941984999322
RES_2179,3303302,1046,True,433,1.0,-43.03828058967841,-22.938803200000002,-43.038968,-22.9393169993221
RES_2180,3303302,642,True,237,1.0,-43.041239093955696,-22.934341449999998,-43.041213,-22.9351599993222
RES_2181,3303302,414,True,106,1.0,-43.0529055,-22.9398975,-43.052856,-22.9399779993221
RES_2182,3303302,384,True,171,1.0,-43.035934841618,-22.94227015,-43.035918,-22.941679999322
RES_2183,3303302,442,True,174,1.0,-43.02719690000001,-22.9511372,-43.027097,-22.9507669993218
RES_2184,3303302,2842,True,1216,1.0,-43.03117601497373,-22.9437091,-43.030195,-22.945115999322
RES_2185,3303302,2704,True,1021,1.0,-43.02904465,-22.9382811,-43.028967,-22.9386289993221
RES_2186,3303302,2409,True,1025,1.0,-43.02481027033391,-22.941945350000005,-43.023037,-22.943815999322
RES_2187,3303302,1352,True,364,1.0,-43.02317655482723,-22.93961995,-43.02394,-22.9393099993221
RES_2188,3303302,451,True,125,1.0,-43.0330943,-22.936985749999995,-43.033085,-22.9373369993221
RES_2189,3303302,128,True,53,1.0,-43.02692859297958,-22.935749999999995,-43.027588,-22.9355089993222
RES_2190,3303302,575,True,244,1.0,-43.027195044650256,-22.931029449999997,-43.026778,-22.9309129993223
RES_2191,3303302,2548,True,1055,1.0,-43.02184595217698,-22.936470699999994,-43.021503,-22.9360069993222
RES_2192,3303302,2162,True,911,1.0,-43.02299570000001,-22.930168850000005,-43.022544,-22.9311559993223
RES_2193,3303302,559,True,253,1.0,-43.018989199227306,-22.925767249999993,-43.018872,-22.9258149993224
RES_2194,3303302,153,True,67,1.0,-43.01571954296797,-22.935975550000002,-43.016186,-22.9362429993222
RES_2195,3303302,2738,True,1170,1.0,-43.01402330172479,-22.931073449999996,-43.015127,-22.9312339993223
RES_2196,3303302,533,True,243,1.0,-43.01214475530267,-22.925725149999998,-43.012144,-22.9258209993224
RES_2197,3303302,756,True,298,1.0,-43.0092262,-22.922083549999996,-43.00859,-22.9215939993225
RES_2198,3303302,10,True,4,1.0,-43.09784785731655,-22.95238955,-43.09466,-22.944871999322
RES_2199,3303302,639,True,318,1.0,-43.09861782394587,-22.9488529,-43.098624,-22.9489709993219
RES_2200,3303302,521,True,259,1.0,-43.094683849999996,-22.9461304,-43.094557,-22.946224999322
RES_2201,3303500,2792,True,1357,1.0,-43.4580628992111,-22.7614423,-43.458399,-22.7610229993262
RES_2202,3303500,760,True,369,1.0,-43.46155373305085,-22.756690399999997,-43.460623,-22.7572499993263
RES_2203,3303500,6538,True,3270,2.0,-43.453939905186175,-22.761822599999995,-43.45431,-22.7616869993262
RES_2204,3303500,1317,True,754,1.0,-43.45323595,-22.753058249999995,-43.453054,-22.7549949993263
RES_2205,3303500,3012,True,1740,2.0,-43.44543095,-22.76189025,-43.445826,-22.7622319993262
RES_2206,3303500,3469,True,1904,1.0,-43.445652550000005,-22.754587499999996,-43.444947,-22.7545789993264
RES_2207,3303500,2945,True,1502,1.0,-43.44393264359714,-22.74994445,-43.444368,-22.7498979993264
RES_2208,3303500,918,True,530,1.0,-43.43987645,-22.76257185,-43.440396,-22.7618639993262
RES_2209,3303500,3256,True,1609,1.0,-43.43938885,-22.755800150000006,-43.44004,-22.7550689993263
RES_2210,3303500,583,True,280,1.0,-43.445834911056636,-22.767589249999997,-43.445533,-22.7674379993261
RES_2211,3303500,216,True,80,1.0,-43.45915354368873,-22.764343699999998,-43.459174,-22.7644129993261
RES_2212,3303500,1995,True,1067,1.0,-43.4371544,-22.7587968,-43.43651,-22.7600779993262
RES_2213,3303500,1101,True,642,1.0,-43.436908726219514,-22.756286849999995,-43.436356,-22.7562899993263
RES_2214,3303500,1258,True,658,1.0,-43.43378599204202,-22.7604601,-43.433346,-22.7601059993262
RES_2215,3303500,309,True,212,1.0,-43.43100231132561,-22.7580898,-43.433044,-22.7575499993263
RES_2216,3303500,557,True,304,1.0,-43.434317518317684,-22.763097149999993,-43.434652,-22.7632399993262
RES_2217,3303500,1610,True,667,1.0,-43.42760779116162,-22.765574100000002,-43.42829,-22.7660149993261
RES_2218,3303500,2830,True,1116,1.0,-43.43157176405671,-22.762885749999995,-43.431124,-22.7631989993262
RES_2219,3303500,312,True,146,1.0,-43.4188175,-22.767083599999992,-43.418792,-22.7669729993261
RES_2220,3303500,1922,True,794,1.0,-43.42420021533019,-22.763418749999996,-43.42358,-22.7642299993261
RES_2221,3303500,993,True,417,1.0,-43.417057150000005,-22.766929399999995,-43.41579,-22.7673509993261
RES_2222,3303500,198,True,85,1.0,-43.43303158259596,-22.7655764,-43.433327,-22.7654899993261
RES_2223,3303500,181,True,73,1.0,-43.4164456,-22.766118449999993,-43.416013,-22.7662269993261
RES_2224,3303500,1631,True,742,1.0,-43.43725670922422,-22.768139399999992,-43.437603,-22.767749999326
RES_2225,3303500,697,True,255,1.0,-43.4425969,-22.772417049999994,-43.442441,-22.772179999326
RES_2226,3303500,2377,True,1156,1.0,-43.44232929732257,-22.768566649999997,-43.443163,-22.768749999326
RES_2227,3303500,683,True,429,2.0,-43.443353520931254,-22.7640519,-43.443855,-22.7644689993261
RES_2228,3303500,1475,True,810,1.0,-43.43836835352734,-22.766846100000002,-43.43942,-22.7668759993261
RES_2229,3303500,176,True,72,1.0,-43.44173875242605,-22.77052785,-43.44177,-22.770570999326
RES_2230,3303500,1563,True,629,1.0,-43.48286196961484,-22.751560499999997,-43.482327,-22.7525639993264
RES_2231,3303500,1983,True,840,1.0,-43.48071519840906,-22.7489145,-43.481375,-22.7492099993265
RES_2232,3303500,3166,True,1711,1.0,-43.47659555,-22.7609565,-43.476523,-22.7604519993262
RES_2233,3303500,5170,True,2467,1.0,-43.477076124133276,-22.753843599999996,-43.478134,-22.7555969993263
RES_2234,3303500,1401,True,565,1.0,-43.476901202366676,-22.75127845,-43.476394,-22.7512379993264
RES_2235,3303500,2358,True,1189,1.0,-43.46850155,-22.760642500000003,-43.469184,-22.7601829993262
RES_2236,3303500,4465,True,1649,1.0,-43.46799522487904,-22.754004000000002,-43.469962,-22.7553629993263
RES_2237,3303500,2769,True,1277,1.0,-43.46151209813889,-22.759617550000005,-43.46132,-22.7593079993263
RES_2238,3303500,948,True,476,1.0,-43.463634404849344,-22.75714705,-43.463815,-22.7576189993263
RES_2239,3303500,2091,True,1004,1.0,-43.47684855310418,-22.7478385,-43.476792,-22.7478419993265
RES_2240,3303500,345,True,150,1.0,-43.46538255,-22.751789649999992,-43.465456,-22.7519119993264
RES_2241,3303500,4871,True,2184,1.0,-43.46926665079588,-22.749522550000002,-43.469381,-22.7494759993265
RES_2242,3303500,1594,True,731,1.0,-43.46310255487289,-22.753200799999995,-43.463115,-22.7526989993264
RES_2243,3303500,2468,True,1128,1.0,-43.460691999999995,-22.751169399999995,-43.460603,-22.7501169993265
RES_2244,3303500,102,True,45,1.0,-43.47369965,-22.747004549999996,-43.473674,-22.7470669993265
RES_2245,3303500,196,False,0,,-43.46918899977851,-22.747137600000002,-43.46918899977851,-22.747137600000002
RES_2246,3303500,764,True,321,1.0,-43.47422765,-22.74433605,-43.474361,-22.7443109993266
RES_2247,3303500,1746,True,781,1.0,-43.475422850272736,-22.7403307,-43.475308,-22.7420049993266
RES_2248,3303500,4037,True,1751,1.0,-43.46924819432555,-22.743059249999995,-43.469822,-22.7424739993266
RES_2249,3303500,587,True,232,1.0,-43.46504485,-22.7441334,-43.465468,-22.7441059993266
RES_2250,3303500,1118,True,504,1.0,-43.46324195,-22.74167405,-43.464459,-22.7416019993267
RES_2251,3303500,726,True,296,1.0,-43.474013807457695,-22.741090249999992,-43.474073,-22.7414089993267
RES_2252,3303500,1419,True,682,1.0,-43.45951507604882,-22.75375775,-43.459023,-22.7533029993264
RES_2253,3303500,531,True,263,2.0,-43.457557148984264,-22.75096005,-43.457435,-22.7508699993264
RES_2254,3303500,1122,True,597,1.0,-43.4558545,-22.7515847,-43.456463,-22.7522379993264
RES_2255,3303500,1042,True,489,1.0,-43.45366345651064,-22.74940495,-43.454231,-22.7497439993265
RES_2256,3303500,531,True,235,1.0,-43.470179074868746,-22.74543295,-43.470245,-22.7453399993266
RES_2257,3303500,694,True,280,1.0,-43.459831300000005,-22.746361099999998,-43.463889,-22.7439509993266
RES_2258,3303500,3919,True,1815,1.0,-43.45268502315994,-22.74772395,-43.452773,-22.7469499993265
RES_2259,3303500,430,True,273,1.0,-43.45188385829351,-22.7438505,-43.453176,-22.7433449993266
RES_2260,3303500,550,True,299,1.0,-43.44941284417837,-22.751948400000003,-43.449377,-22.7519029993264
RES_2261,3303500,982,True,509,1.0,-43.44822709200477,-22.7481467,-43.447764,-22.7482209993265
RES_2262,3303500,2158,True,938,1.0,-43.443926957951945,-22.7396898,-43.444031,-22.7403719993267
RES_2263,3303500,356,True,180,2.0,-43.438568718395956,-22.743790100000002,-43.4386,-22.7436509993266
RES_2264,3303500,5132,True,2252,1.0,-43.43868313192232,-22.738995950000003,-43.439043,-22.7397619993267
RES_2265,3303500,2048,True,900,1.0,-43.43788765616285,-22.73607705,-43.438123,-22.7354269993268
RES_2266,3303500,605,True,309,1.0,-43.433891935476716,-22.735818799999997,-43.4345,-22.7354769993268
RES_2267,3303500,1910,True,906,1.0,-43.442426258551365,-22.74630445,-43.443361,-22.7452569993266
RES_2268,3303500,645,True,302,1.0,-43.44722939368259,-22.743595,-43.447074,-22.7431509993266
RES_2269,3303500,4970,True,2353,2.0,-43.438406431962726,-22.746626300000003,-43.438819,-22.7472739993265
RES_2270,3303500,447,True,228,1.0,-43.433722839830516,-22.748007849999993,-43.434068,-22.7480399993265
RES_2271,3303500,1442,True,615,1.0,-43.43539305623595,-22.74515975,-43.434819,-22.7459799993266
RES_2272,3303500,2165,True,959,1.0,-43.434636049999995,-22.74095635,-43.435048,-22.7417479993267
RES_2273,3303500,1613,True,735,1.0,-43.43182745,-22.744879149999996,-43.432097,-22.7445259993266
RES_2274,3303500,4879,True,2210,1.0,-43.43110329435191,-22.739525,-43.430343,-22.7405519993267
RES_2275,3303500,994,True,403,1.0,-43.43021068128846,-22.735954650000004,-43.430297,-22.7361569993268
RES_2276,3303500,802,True,237,1.0,-43.4291923,-22.751371399999993,-43.429093,-22.7512079993264
RES_2277,3303500,3897,True,1707,1.0,-43.42926545120884,-22.747983449999996,-43.428337,-22.7478559993265
RES_2278,3303500,5316,True,2289,1.0,-43.42119378387716,-22.753709199999996,-43.421857,-22.7538189993264
RES_2279,3303500,1807,True,791,1.0,-43.425306199999994,-22.748099499999995,-43.42467,-22.7482379993265
RES_2280,3303500,821,True,291,1.0,-43.43457575,-22.752196299999998,-43.435241,-22.7516709993264
RES_2281,3303500,782,True,264,1.0,-43.43411155245374,-22.750405000000004,-43.433396,-22.7500889993265
RES_2282,3303500,6617,True,2479,1.0,-43.430476051049205,-22.754860199999996,-43.429264,-22.7546259993263
RES_2283,3303500,568,True,242,1.0,-43.43182644864942,-22.748877999999998,-43.431872,-22.7489849993265
RES_2284,3303500,788,True,382,1.0,-43.4239036,-22.758866699999995,-43.424666,-22.7586259993263
RES_2285,3303500,769,True,224,1.0,-43.42573277236247,-22.7554466,-43.425689,-22.7555929993263
RES_2286,3303500,2249,True,1137,1.0,-43.41973664780214,-22.759519599999997,-43.420406,-22.7594949993262
RES_2287,3303500,1349,True,632,1.0,-43.420365100000005,-22.75748325,-43.420859,-22.7574239993263
RES_2288,3303500,1622,True,646,1.0,-43.416281884856794,-22.75972915,-43.416826,-22.7601699993262
RES_2289,3303500,1713,True,737,1.0,-43.4155661362324,-22.755599250000007,-43.416212,-22.7554779993263
RES_2290,3303500,1939,True,1003,1.0,-43.45962972703529,-22.737933099999996,-43.460474,-22.7381329993267
RES_2291,3303500,2120,True,965,1.0,-43.4588513608911,-22.733670650000004,-43.459809,-22.7337969993268
RES_2292,3303500,1497,True,641,1.0,-43.45896074402174,-22.726837749999998,-43.460045,-22.727818999327
RES_2293,3303500,453,True,199,1.0,-43.45540235,-22.73843555,-43.455114,-22.7383909993267
RES_2294,3303500,4372,True,1991,1.0,-43.45547594929482,-22.732307,-43.455048,-22.7333939993268
RES_2295,3303500,540,True,210,1.0,-43.459250673591285,-22.730376599999996,-43.459071,-22.7303569993269
RES_2296,3303500,3295,True,1585,1.0,-43.48316234625477,-22.732732249999998,-43.483333,-22.7334799993268
RES_2297,3303500,719,True,333,1.0,-43.4788894,-22.73721265,-43.476489,-22.7361979993268
RES_2298,3303500,7181,True,3077,1.0,-43.478463253340216,-22.733640650000005,-43.477473,-22.7327569993269
RES_2299,3303500,2229,True,1009,1.0,-43.478195299999996,-22.727924399999996,-43.477099,-22.728319999327
RES_2300,3303500,5563,True,2481,1.0,-43.46972549299551,-22.735800399999995,-43.469332,-22.7348529993268
RES_2301,3303500,361,True,157,1.0,-43.47294038154944,-22.729574999999997,-43.473115,-22.7295559993269
RES_2302,3303500,701,True,298,1.0,-43.46518951733252,-22.73665675,-43.465212,-22.7367629993268
RES_2303,3303500,3711,True,1606,1.0,-43.477744010241715,-22.726136999999998,-43.477943,-22.725872999327
RES_2304,3303500,1806,True,535,1.0,-43.46637242410231,-22.732952899999994,-43.466156,-22.7328559993268
RES_2305,3303500,3722,True,1693,1.0,-43.4696191,-22.726871749999994,-43.469481,-22.725890999327
RES_2306,3303500,2801,True,1308,1.0,-43.4662532042053,-22.718357299999994,-43.466914,-22.7188349993272
RES_2307,3303500,699,True,300,1.0,-43.467775350000004,-22.71310425,-43.466149,-22.7120679993273
RES_2308,3303500,1859,True,848,1.0,-43.46277775,-22.731360650000003,-43.462754,-22.7324819993269
RES_2309,3303500,1103,True,545,1.0,-43.46200767587773,-22.726945849999993,-43.463223,-22.727650999327
RES_2310,3303500,518,True,213,1.0,-43.46191513845015,-22.708843900000005,-43.461762,-22.7088929993274
RES_2311,3303500,466,True,195,1.0,-43.47201560445595,-22.722189899999996,-43.471997,-22.7222589993271
RES_2312,3303500,1535,True,633,1.0,-43.45206533141025,-22.717069599999995,-43.453438,-22.7176249993272
RES_2313,3303500,753,True,318,1.0,-43.44892996879084,-22.716260700000007,-43.449014,-22.7158439993273
RES_2314,3303500,3524,True,1503,1.0,-43.447721200000004,-22.711743250000005,-43.446539,-22.7114899993273
RES_2315,3303500,1380,True,612,1.0,-43.442456699999994,-22.72163525,-43.442635,-22.7203649993272
RES_2316,3303500,1614,True,692,3.0,-43.43996260944358,-22.73361725,-43.438583,-22.7318799993269
RES_2317,3303500,4207,True,1757,1.0,-43.43786365,-22.72740515,-43.437573,-22.726300999327
RES_2318,3303500,5302,True,2370,1.0,-43.437883049999996,-22.71999275,-43.438536,-22.7192769993272
RES_2319,3303500,502,True,197,1.0,-43.44158775487696,-22.713915950000004,-43.441636,-22.7139739993273
RES_2320,3303500,804,True,350,1.0,-43.431763604341,-22.730983199999997,-43.431824,-22.7314789993269
RES_2321,3303500,415,True,193,1.0,-43.43350613789171,-22.72689335,-43.433597,-22.726917999327
RES_2322,3303500,399,True,185,1.0,-43.43960988870157,-22.73393424999999,-43.438867,-22.7333289993268
RES_2323,3303500,693,True,237,1.0,-43.45917486091666,-22.724267000000005,-43.458242,-22.7238859993271
RES_2324,3303500,1329,True,564,1.0,-43.45337241857029,-22.730241099999994,-43.452194,-22.7301539993269
RES_2325,3303500,5997,True,2488,1.0,-43.45346854367605,-22.7252953,-43.453072,-22.725531999327
RES_2326,3303500,898,True,361,1.0,-43.451074398567584,-22.720544049999994,-43.450814,-22.7207679993271
RES_2327,3303500,431,True,191,1.0,-43.44779625728282,-22.729684899999995,-43.447809,-22.7295009993269
RES_2328,3303500,4570,True,1927,1.0,-43.44654229948513,-22.72547685,-43.446041,-22.725842999327
RES_2329,3303500,2723,True,1150,1.0,-43.4461792,-22.71954585,-43.446436,-22.7201489993272
RES_2330,3303500,668,True,262,1.0,-43.4415109,-22.725239100000003,-43.441725,-22.725086999327
RES_2331,3303500,180,True,76,1.0,-43.45667247711039,-22.727572199999997,-43.456746,-22.727632999327
RES_2332,3303500,2041,True,933,1.0,-43.46274981677378,-22.72055925,-43.462522,-22.7190809993272
RES_2333,3303500,548,True,222,1.0,-43.46331892568668,-22.713065399999998,-43.463297,-22.7132969993273
RES_2334,3303500,646,True,268,1.0,-43.457384000000005,-22.7193996,-43.457252,-22.7195909993272
RES_2335,3303500,1943,True,779,1.0,-43.45028375461432,-22.739149799999996,-43.451048,-22.7390999993267
RES_2336,3303500,1372,True,556,1.0,-43.45034935,-22.734786099999997,-43.45014,-22.7344129993268
RES_2337,3303500,3259,True,1410,1.0,-43.447434650000005,-22.738811749999996,-43.447658,-22.7387419993267
RES_2338,3303500,7407,True,3195,1.0,-43.446055546611916,-22.733306499999998,-43.445611,-22.7333119993268
RES_2339,3303500,736,True,310,1.0,-43.459180399999994,-22.716140100000004,-43.459211,-22.7162019993272
RES_2340,3303500,786,True,318,1.0,-43.45724543030116,-22.7166261,-43.456214,-22.7162779993272
RES_2341,3303500,2639,True,1163,1.0,-43.452803900000006,-22.709994349999995,-43.454221,-22.7114559993273
RES_2342,3303500,1113,True,524,1.0,-43.45150344755423,-22.7070571,-43.452195,-22.7060129993275
RES_2343,3303500,284,True,134,1.0,-43.44944588058728,-22.710570749999995,-43.449739,-22.7107279993274
RES_2344,3303500,459,True,204,1.0,-43.448260001292354,-22.706325000000007,-43.448413,-22.7064349993275
RES_2345,3303500,243,False,0,,-43.45333240000001,-22.70959595,-43.45333240000001,-22.70959595
RES_2346,3303500,458,True,227,1.0,-43.4492885,-22.704541400000004,-43.449078,-22.7048509993275
RES_2347,3303500,3393,True,1541,1.0,-43.45951745,-22.712733449999998,-43.460219,-22.7118759993273
RES_2348,3303500,598,True,260,1.0,-43.45648117071629,-22.70785075,-43.456639,-22.7077449993274
RES_2349,3303500,197,True,67,1.0,-43.45796635,-22.706877299999995,-43.457879,-22.7068859993275
RES_2350,3303500,499,True,200,1.0,-43.49673115,-22.74800145,-43.496604,-22.7479259993265
RES_2351,3303500,6468,True,2936,1.0,-43.492694626428,-22.747246500000003,-43.49197,-22.7469919993265
RES_2352,3303500,3756,True,1785,1.0,-43.49131373214341,-22.7412936,-43.491504,-22.7411749993267
RES_2353,3303500,4350,True,1988,1.0,-43.484054278755366,-22.7470535,-43.485046,-22.7467349993265
RES_2354,3303500,3906,True,1857,1.0,-43.484492241917195,-22.741298749999995,-43.483856,-22.7412759993267
RES_2355,3303500,2070,True,899,1.0,-43.478362649999994,-22.744257,-43.47833,-22.7451529993266
RES_2356,3303500,2382,True,1055,1.0,-43.4791774,-22.742014250000004,-43.478883,-22.7417029993267
RES_2357,3303500,1771,True,745,1.0,-43.491466448781566,-22.752939249999997,-43.490624,-22.7527449993264
RES_2358,3303500,2534,True,953,1.0,-43.49245132861472,-22.750962449999996,-43.492157,-22.7510839993264
RES_2359,3303500,4204,True,1771,1.0,-43.486396,-22.753167449999992,-43.485743,-22.7537729993264
RES_2360,3303500,704,True,292,1.0,-43.4857887,-22.750312200000003,-43.485723,-22.7504279993264
RES_2361,3303500,926,True,376,1.0,-43.496987700000005,-22.7631461,-43.496856,-22.7633549993261
RES_2362,3303500,4607,True,1987,1.0,-43.49085040758328,-22.760572099999997,-43.491879,-22.7617249993262
RES_2363,3303500,1056,True,401,1.0,-43.48852395383166,-22.75761635,-43.489176,-22.7580389993263
RES_2364,3303500,6833,True,3079,1.0,-43.483433500000004,-22.7607888,-43.483796,-22.7607259993262
RES_2365,3303500,787,True,362,1.0,-43.48330172573088,-22.757614349999994,-43.483063,-22.7577379993263
RES_2366,3303500,845,True,400,1.0,-43.480165370990896,-22.761992249999995,-43.479671,-22.7620889993262
RES_2367,3303500,565,True,250,1.0,-43.51350398252976,-22.773571850000003,-43.513346,-22.7735129993259
RES_2368,3303500,1111,True,505,1.0,-43.51860285000001,-22.772739299999998,-43.517207,-22.772047999326
RES_2369,3303500,508,True,246,1.0,-43.51034885,-22.773633550000003,-43.510049,-22.7733899993259
RES_2370,3303500,2675,True,1258,1.0,-43.50617869887381,-22.768872350000002,-43.507196,-22.770338999326
RES_2371,3303500,173,True,75,1.0,-43.49064080610044,-22.766310749999995,-43.493122,-22.7667459993261
RES_2372,3303500,795,True,337,1.0,-43.48679550000001,-22.764575799999996,-43.48681,-22.7646619993261
RES_2373,3303500,665,True,314,1.0,-43.519667,-22.763435050000002,-43.519634,-22.7633959993262
RES_2374,3303500,3045,True,1516,1.0,-43.5153228,-22.769204100000003,-43.515443,-22.7682569993261
RES_2375,3303500,6886,True,2504,1.0,-43.51460480180264,-22.7625907,-43.515178,-22.7622389993262
RES_2376,3303500,3177,True,1361,1.0,-43.51532614442688,-22.755863299999998,-43.516325,-22.7557999993263
RES_2377,3303500,1215,True,509,1.0,-43.51162863414963,-22.76928535,-43.510612,-22.769241999326
RES_2378,3303500,2283,True,1044,1.0,-43.509620350000006,-22.763352549999993,-43.509881,-22.7631149993261
RES_2379,3303500,674,True,287,1.0,-43.50991067588583,-22.756486799999998,-43.509878,-22.7563379993263
RES_2380,3303500,1467,True,638,1.0,-43.51514097920811,-22.750986449999992,-43.51409,-22.7511409993264
RES_2381,3303500,674,True,298,1.0,-43.51118490746036,-22.753261300000005,-43.509454,-22.7523699993264
RES_2382,3303500,3729,True,1458,1.0,-43.508023249999994,-22.749303600000005,-43.507676,-22.7488739993265
RES_2383,3303500,4852,True,2134,1.0,-43.499588349999996,-22.74599945,-43.499368,-22.7466849993265
RES_2384,3303500,2098,True,1000,1.0,-43.499845,-22.743325450000007,-43.499415,-22.7431889993266
RES_2385,3303500,288,True,137,1.0,-43.504374938915504,-22.745101849999998,-43.50469,-22.7451919993266
RES_2386,3303500,502,True,213,1.0,-43.504831260507245,-22.74418839999999,-43.504737,-22.7439849993266
RES_2387,3303500,162,True,69,1.0,-43.500621352855674,-22.750005299999998,-43.499713,-22.7496429993265
RES_2388,3303500,5429,True,2274,1.0,-43.500580299999996,-22.754649849999996,-43.500777,-22.7535869993264
RES_2389,3303500,716,True,331,1.0,-43.4993895,-22.750718499999994,-43.499347,-22.7507979993264
RES_2390,3303500,3149,True,1389,1.0,-43.493516503204276,-22.754573699999995,-43.493493,-22.7538979993264
RES_2391,3303500,454,True,184,1.0,-43.494868704801426,-22.75028039999999,-43.494909,-22.7504279993264
RES_2392,3303500,549,True,211,1.0,-43.49861504262579,-22.749577699999996,-43.498888,-22.7497819993265
RES_2393,3303500,772,True,382,1.0,-43.5062159,-22.767067049999998,-43.505471,-22.7667149993261
RES_2394,3303500,2774,True,1264,1.0,-43.5072091,-22.763329449999993,-43.506436,-22.7626449993262
RES_2395,3303500,817,True,349,2.0,-43.5064243,-22.75749855,-43.506453,-22.7574979993263
RES_2396,3303500,4059,True,1844,1.0,-43.49916185,-22.76318395,-43.500888,-22.7628949993262
RES_2397,3303500,2429,True,948,1.0,-43.5002371483839,-22.75862405,-43.501061,-22.7583809993263
RES_2398,3303500,573,True,254,1.0,-43.494300100000004,-22.75901295,-43.494499,-22.7591859993263
RES_2399,3303500,885,True,340,1.0,-43.49319545351527,-22.757372499999995,-43.493031,-22.7576809993263
RES_2400,3303500,1243,True,568,1.0,-43.5509916503954,-22.789225949999995,-43.552299,-22.7901889993255
RES_2401,3303500,1174,True,519,1.0,-43.553456436523106,-22.78328525,-43.552958,-22.7847519993257
RES_2402,3303500,1376,True,611,1.0,-43.55219559357778,-22.77819685,-43.551769,-22.7785019993258
RES_2403,3303500,1672,True,710,1.0,-43.546488982500364,-22.789022049999993,-43.545439,-22.7894269993255
RES_2404,3303500,4339,True,1968,1.0,-43.54678415000001,-22.782568849999997,-43.547367,-22.7840579993257
RES_2405,3303500,3065,True,1351,1.0,-43.5468872,-22.7758166,-43.545697,-22.7772569993258
RES_2406,3303500,1780,True,715,1.0,-43.541225961286685,-22.786011600000002,-43.540977,-22.7842859993257
RES_2407,3303500,4507,True,2074,1.0,-43.53941996001622,-22.7765041,-43.539534,-22.7775229993258
RES_2408,3303500,4209,True,1905,1.0,-43.53868294118726,-22.76835215,-43.537891,-22.768552999326
RES_2409,3303500,3300,True,1997,2.0,-43.53809736387324,-22.76594284999999,-43.538201,-22.7657609993261
RES_2410,3303500,791,True,281,1.0,-43.53469039074074,-22.777059099999995,-43.534989,-22.7770899993258
RES_2411,3303500,974,True,458,1.0,-43.53419700513718,-22.7732332,-43.534297,-22.7732649993259
RES_2412,3303500,455,True,178,1.0,-43.534201350000004,-22.765848250000005,-43.533775,-22.7658269993261
RES_2413,3303500,194,True,90,1.0,-43.53734012107407,-22.767982549999996,-43.537699,-22.768248999326
RES_2414,3303500,396,True,175,1.0,-43.5397154573715,-22.7894413,-43.539569,-22.7890539993256
RES_2415,3303500,256,True,109,1.0,-43.54001195,-22.7717218,-43.539915,-22.7717949993259
RES_2416,3303500,2535,True,1097,1.0,-43.52862945,-22.76016115,-43.529788,-22.7633509993261
RES_2417,3303500,938,True,374,1.0,-43.53158850264031,-22.752781,-43.531003,-22.7534109993264
RES_2418,3303500,2255,True,917,1.0,-43.53136883667169,-22.750778550000003,-43.530727,-22.7508499993264
RES_2419,3303500,1936,True,832,1.0,-43.52290187865613,-22.7690878,-43.522065,-22.768297999326
RES_2420,3303500,3720,True,1679,1.0,-43.524449300422894,-22.7652578,-43.524249,-22.7633899993261
RES_2421,3303500,2016,True,899,1.0,-43.52313695000001,-22.75397185,-43.522225,-22.7544399993264
RES_2422,3303500,800,True,349,1.0,-43.51925705,-22.769593449999995,-43.519303,-22.769525999326
RES_2423,3303500,84,True,82,1.0,-43.563239900000006,-22.823212899999994,-43.560855,-22.8240209993248
RES_2424,3303500,3366,True,1477,1.0,-43.5290271,-22.77506535,-43.529391,-22.7761159993259
RES_2425,3303500,3046,True,1356,1.0,-43.53106439764426,-22.769493049999998,-43.530321,-22.770701999326
RES_2426,3303500,2123,True,965,1.0,-43.52414903175234,-22.77483965,-43.524194,-22.7746689993259
RES_2427,3303500,2748,True,1186,1.0,-43.52389434472744,-22.770887849999994,-43.524595,-22.771409999326
RES_2428,3303500,640,True,249,1.0,-43.526701,-22.776058700000004,-43.526784,-22.7759689993259
RES_2429,3303500,2143,True,841,1.0,-43.5896962492601,-22.806175250000003,-43.589681,-22.8061759993252
RES_2430,3303500,3431,True,1372,2.0,-43.58678329667235,-22.80409065,-43.586443,-22.8046699993252
RES_2431,3303500,1931,True,781,1.0,-43.58569395000001,-22.802512650000004,-43.586187,-22.8018139993253
RES_2432,3303500,4449,True,2377,1.0,-43.585019950146275,-22.79336015,-43.585033,-22.7934989993254
RES_2433,3303500,2066,True,848,1.0,-43.5743676,-22.804668050000004,-43.57186,-22.8030249993252
RES_2434,3303500,947,True,395,1.0,-43.581467843084866,-22.796632199999994,-43.580944,-22.7978289993253
RES_2435,3303500,2244,True,792,1.0,-43.56897831936368,-22.79997015,-43.568485,-22.7998679993253
RES_2436,3303500,250,True,131,1.0,-43.5620156507741,-22.805446199999995,-43.561815,-22.8045819993252
RES_2437,3303500,1072,True,299,2.0,-43.55654578081481,-22.798320849999996,-43.557018,-22.7985749993253
RES_2438,3303500,458,True,244,1.0,-43.55054483350375,-22.7951972,-43.550565,-22.7951409993254
RES_2439,3303500,639,True,292,1.0,-43.54895665141162,-22.791939999999997,-43.548973,-22.7920229993255
RES_2440,3303500,185,True,79,1.0,-43.583307044589176,-22.796187099999997,-43.583223,-22.7963269993254
RES_2441,3303500,906,True,374,1.0,-43.624169450000004,-22.809535049999994,-43.624407,-22.8094509993251
RES_2442,3303500,557,True,244,1.0,-43.61784129972632,-22.807128249999998,-43.616555,-22.8066859993252
RES_2443,3303500,1396,True,650,1.0,-43.60911225,-22.813245099999996,-43.608819,-22.812424999325
RES_2444,3303500,883,True,358,1.0,-43.60504094503887,-22.809509000000002,-43.607349,-22.8094549993251
RES_2445,3303500,402,True,209,1.0,-43.603742149999995,-22.821409850000002,-43.603508,-22.8213749993248
RES_2446,3303500,1620,True,662,1.0,-43.6017390934492,-22.81271665,-43.602751,-22.814497999325
RES_2447,3303500,402,True,193,1.0,-43.60380828353422,-22.80686795,-43.60416,-22.8069229993251
RES_2448,3303500,2125,True,972,1.0,-43.6002967,-22.800682399999996,-43.599542,-22.8011179993253
RES_2449,3303500,1056,True,436,1.0,-43.595650587462465,-22.806000500000003,-43.594371,-22.8057349993252
RES_2450,3303500,3570,True,1316,1.0,-43.59119655000001,-22.8003064,-43.5919,-22.7995649993253
RES_2451,3303500,632,True,217,1.0,-43.588735299999996,-22.800385999999996,-43.58825,-22.8002159993253
RES_2452,3303500,634,True,296,1.0,-43.58726010863336,-22.794115650000002,-43.587043,-22.7938689993254
RES_2453,3303500,8,True,4,1.0,-43.61062280132122,-22.7835678,-43.599173,-22.7778069993258
RES_2454,3303500,199,True,163,1.0,-43.610808049985515,-22.772142599999995,-43.611655,-22.7726889993259
RES_2455,3303500,188,True,136,1.0,-43.60692388345987,-22.754908449999995,-43.606542,-22.7533209993264
RES_2456,3303500,252,False,0,,-43.60117894550418,-22.76349925,-43.60117894550418,-22.76349925
RES_2457,3303500,10,True,5,1.0,-43.59232759374136,-22.780844749999993,-43.59617,-22.7789269993258
RES_2458,3303500,182,True,111,1.0,-43.5901087507876,-22.758847100000004,-43.590692,-22.7593739993262
RES_2459,3303500,4,True,4,1.0,-43.58850862377337,-22.774713899999995,-43.596175,-22.7758229993259
RES_2460,3303500,1,True,3,1.0,-43.5768144,-22.776613149999996,-43.578343,-22.7740179993259
RES_2461,3303500,564,True,259,1.0,-43.575102059608746,-22.757475699999997,-43.574824,-22.7575119993263
RES_2462,3303500,377,True,256,1.0,-43.56658435,-22.778918149999996,-43.566535,-22.7790519993258
RES_2463,3303500,228,True,90,1.0,-43.56841301821773,-22.7665133,-43.560524,-22.768801999326
RES_2464,3303500,140,False,0,,-43.572801685111116,-22.759218500000003,-43.572801685111116,-22.759218500000003
RES_2465,3303500,646,True,289,1.0,-43.558837600799734,-22.76671745,-43.559203,-22.7672059993261
RES_2466,3303500,2899,True,1088,1.0,-43.56069269329065,-22.763155699999995,-43.560088,-22.7643639993261
RES_2467,3303500,539,True,240,1.0,-43.55447828938429,-22.775316299999993,-43.554623,-22.7753839993259
RES_2468,3303500,2615,True,1010,1.0,-43.5550737,-22.7678654,-43.554812,-22.769639999326
RES_2469,3303500,1632,True,732,1.0,-43.55748709867665,-22.764458850000004,-43.556586,-22.7639809993261
RES_2470,3303500,358,True,198,1.0,-43.55369557524168,-22.759269450000005,-43.554404,-22.7594269993262
RES_2471,3303500,1085,True,432,1.0,-43.54848865502599,-22.767022750000002,-43.548654,-22.769115999326
RES_2472,3303500,898,True,407,1.0,-43.549227,-22.763363599999998,-43.551003,-22.7646049993261
RES_2473,3303500,85,True,37,1.0,-43.5442884,-22.773310849999994,-43.544497,-22.7729489993259
RES_2474,3303500,1447,True,464,2.0,-43.57792965,-22.796774549999995,-43.578691,-22.7967129993254
RES_2475,3303500,3368,True,1701,1.0,-43.576886350612945,-22.793977050000002,-43.576724,-22.7944539993254
RES_2476,3303500,1766,True,1095,1.0,-43.567840000000004,-22.789247250000003,-43.568241,-22.7912889993255
RES_2477,3303500,2475,True,941,1.0,-43.571510200000006,-22.782848700000006,-43.570975,-22.7834379993257
RES_2478,3303500,2258,True,903,2.0,-43.5615026012687,-22.796675799999996,-43.561284,-22.7966999993254
RES_2479,3303500,583,True,240,1.0,-43.561732951198366,-22.79494715,-43.561439,-22.7951909993254
RES_2480,3303500,530,True,244,1.0,-43.55456792564814,-22.7890623,-43.554184,-22.7880349993256
RES_2481,3303500,1534,True,711,1.0,-43.556589467724834,-22.784247299999997,-43.556283,-22.7838729993257
RES_2482,3303500,193,True,77,1.0,-43.579675550000005,-22.792589749999998,-43.580174,-22.7930399993255
RES_2483,3303500,52,True,29,1.0,-43.47747935,-22.774284349999995,-43.477116,-22.7732339993259
RES_2484,3303500,67,True,35,3.0,-43.65438947523802,-22.854827049999997,-43.655291,-22.856600999324
RES_2485,3303500,148,True,65,1.0,-43.627151725847455,-22.840388600000004,-43.626811,-22.8404939993244
RES_2486,3303500,310,True,119,1.0,-43.623270576162795,-22.85640759999999,-43.623295,-22.856387999324
RES_2487,3303500,335,True,137,1.0,-43.62185855,-22.852081000000002,-43.622112,-22.8521519993241
RES_2488,3303500,1884,True,715,1.0,-43.61456952403779,-22.855557349999998,-43.616576,-22.856940999324
RES_2489,3303500,1259,True,454,1.0,-43.614043550000005,-22.851938800000003,-43.615461,-22.8518289993241
RES_2490,3303500,2170,True,864,1.0,-43.6087776786778,-22.85601355,-43.607928,-22.855574999324
RES_2491,3303500,3392,True,1404,1.0,-43.60720229327153,-22.852084399999995,-43.608,-22.8509039993241
RES_2492,3303500,289,True,129,1.0,-43.607653045130036,-22.845049699999997,-43.60756,-22.8452329993243
RES_2493,3303500,2666,True,1094,1.0,-43.6007238397876,-22.85512525,-43.601027,-22.855405999324
RES_2494,3303500,2242,True,959,1.0,-43.60137307688393,-22.8517722,-43.601513,-22.8516569993241
RES_2495,3303500,1617,True,651,1.0,-43.5962138,-22.85502615,-43.595287,-22.855957999324
RES_2496,3303500,133,True,77,1.0,-43.59087734248696,-22.615485899999996,-43.591568,-22.6122989993296
RES_2497,3303500,12,False,0,,-43.56849260289913,-22.630263049999996,-43.56849260289913,-22.630263049999996
RES_2498,3303500,26,True,25,1.0,-43.568366713350905,-22.613861499999995,-43.568337,-22.6146279993296
RES_2499,3303500,56,False,0,,-43.567494365902164,-22.622417049999996,-43.567494365902164,-22.622417049999996
RES_2500,3303500,422,True,375,1.0,-43.566567750000004,-22.602185199999997,-43.566608,-22.6021499993299
RES_2501,3303500,244,True,117,1.0,-43.54288115,-22.679232299999995,-43.54075,-22.681864999328
RES_2502,3303500,146,True,128,1.0,-43.5325137538055,-22.663322449999995,-43.529999,-22.6619489993285
RES_2503,3303500,139,True,113,1.0,-43.531168288172196,-22.6553514,-43.531242,-22.6554639993287
RES_2504,3303500,196,True,82,1.0,-43.52405200274309,-22.690605899999998,-43.52696,-22.6895149993279
RES_2505,3303500,32,True,34,1.0,-43.5193572,-22.603626,-43.523089,-22.6367519993291
RES_2506,3303500,119,True,75,1.0,-43.602173296906216,-22.833338849999997,-43.60348,-22.8305329993246
RES_2507,3303500,2887,True,1293,1.0,-43.602130825375,-22.827805299999998,-43.600908,-22.8272129993247
RES_2508,3303500,2041,True,889,1.0,-43.59936655651106,-22.8188162,-43.599138,-22.8206329993248
RES_2509,3303500,833,True,343,1.0,-43.59935865471458,-22.81638105,-43.598764,-22.8158439993249
RES_2510,3303500,1435,True,577,2.0,-43.5963601,-22.826178499999997,-43.596102,-22.8256929993247
RES_2511,3303500,4375,True,1758,1.0,-43.59295516085568,-22.8227766,-43.59373,-22.8216139993248
RES_2512,3303500,3792,True,1555,1.0,-43.59413204329372,-22.814574300000004,-43.592605,-22.814556999325
RES_2513,3303500,695,True,273,1.0,-43.59248329148666,-22.810174099999998,-43.592577,-22.8100509993251
RES_2514,3303500,403,True,154,1.0,-43.612510471872824,-22.83253465,-43.612426,-22.8326159993246
RES_2515,3303500,1933,True,858,1.0,-43.61348497575949,-22.828486799999997,-43.613308,-22.8289199993246
RES_2516,3303500,2647,True,1104,1.0,-43.61514969010012,-22.820119750000007,-43.616704,-22.8208079993248
RES_2517,3303500,1218,True,532,1.0,-43.61374525000001,-22.81431839999999,-43.615668,-22.815273999325
RES_2518,3303500,631,True,262,1.0,-43.6076026,-22.83929055,-43.604876,-22.8379879993244
RES_2519,3303500,7678,True,3664,2.0,-43.609560078486396,-22.834948149999995,-43.609318,-22.8347889993245
RES_2520,3303500,3194,True,1416,1.0,-43.607559600522286,-22.829184400000003,-43.607636,-22.8286349993246
RES_2521,3303500,2294,True,971,1.0,-43.60717502284748,-22.82329155,-43.60867,-22.8230259993248
RES_2522,3303500,676,True,367,1.0,-43.61184085000001,-22.816678099999997,-43.611924,-22.8168059993249
RES_2523,3303500,440,True,218,1.0,-43.60437502436359,-22.833124249999997,-43.604452,-22.8333279993245
RES_2524,3303500,627,True,280,1.0,-43.604541787704356,-22.827221449999996,-43.604501,-22.8284069993246
RES_2525,3303500,402,True,167,1.0,-43.60373994755247,-22.82416545,-43.603777,-22.8241819993247
RES_2526,3303500,660,True,249,1.0,-43.62245085253384,-22.840137749999997,-43.622074,-22.8415859993244
RES_2527,3303500,974,True,401,1.0,-43.62009218104217,-22.832796950000002,-43.62174,-22.8337439993245
RES_2528,3303500,303,True,99,1.0,-43.622147749999996,-22.828707700000002,-43.621882,-22.8282899993247
RES_2529,3303500,552,True,290,1.0,-43.622363500000006,-22.819760699999996,-43.621589,-22.8206049993248
RES_2530,3303500,2582,True,1148,1.0,-43.61612974975204,-22.84547365,-43.61574,-22.8424599993243
RES_2531,3303500,2011,True,912,1.0,-43.61518157421328,-22.8349166,-43.617053,-22.8344819993245
RES_2532,3303500,1375,True,575,1.0,-43.618520849999996,-22.828178299999998,-43.619302,-22.8289369993246
RES_2533,3303500,401,True,154,1.0,-43.61023207479276,-22.847703399999993,-43.610435,-22.8475419993242
RES_2534,3303500,2421,True,1013,1.0,-43.61065345,-22.8441854,-43.610861,-22.8433769993243
RES_2535,3303500,784,True,306,1.0,-43.59798338570653,-22.820975049999994,-43.598073,-22.8208949993248
RES_2536,3303500,2779,True,1251,1.0,-43.52947780152685,-22.727219950000002,-43.529607,-22.727773999327
RES_2537,3303500,1170,True,538,1.0,-43.52782283257861,-22.717437099999998,-43.52961,-22.7194059993272
RES_2538,3303500,718,True,347,1.0,-43.53022820000001,-22.715150250000008,-43.529587,-22.7154879993273
RES_2539,3303500,5427,True,2305,1.0,-43.523721472514424,-22.727250650000002,-43.52389,-22.726799999327
RES_2540,3303500,3225,True,1620,1.0,-43.52318488806931,-22.721697650000003,-43.523033,-22.7198889993272
RES_2541,3303500,3893,True,1724,1.0,-43.52357269963744,-22.711778849999998,-43.523859,-22.7127089993273
RES_2542,3303500,520,True,249,1.0,-43.5186398,-22.7240249,-43.518406,-22.724690999327
RES_2543,3303500,1014,True,480,1.0,-43.51830734580679,-22.718006099999993,-43.518157,-22.7195919993272
RES_2544,3303500,2148,True,946,1.0,-43.51790418460248,-22.712903649999994,-43.518369,-22.7127519993273
RES_2545,3303500,740,True,299,1.0,-43.51995945258951,-22.708293450000003,-43.520481,-22.7081319993274
RES_2546,3303500,207,True,90,1.0,-43.527938399976804,-22.710297999999998,-43.528278,-22.7102179993274
RES_2547,3303500,477,True,165,1.0,-43.53412949077988,-22.724540400000002,-43.534231,-22.724363999327
RES_2548,3303500,584,True,237,1.0,-43.524848150000004,-22.711444399999998,-43.524851,-22.7107899993274
RES_2549,3303500,314,True,128,1.0,-43.527777087555585,-22.720227850000004,-43.527846,-22.7201109993272
RES_2550,3303500,2850,True,1221,1.0,-43.5234204,-22.745409849999994,-43.522971,-22.7468579993265
RES_2551,3303500,810,True,400,1.0,-43.521112663556664,-22.73995365,-43.522657,-22.7431029993266
RES_2552,3303500,2496,True,1090,1.0,-43.52176347337884,-22.7355046,-43.522304,-22.7351089993268
RES_2553,3303500,3658,True,1650,1.0,-43.515265651175525,-22.74784475,-43.515526,-22.7473249993265
RES_2554,3303500,705,True,314,1.0,-43.519165,-22.737840950000006,-43.519098,-22.7378329993267
RES_2555,3303500,709,True,346,1.0,-43.50941855,-22.745731799999998,-43.510064,-22.7464029993265
RES_2556,3303500,1516,True,633,1.0,-43.5359931441794,-22.735247450000003,-43.537012,-22.7338549993268
RES_2557,3303500,932,True,364,1.0,-43.53755868949803,-22.723897649999998,-43.537518,-22.7240089993271
RES_2558,3303500,647,True,290,1.0,-43.53766481710716,-22.721421899999996,-43.536447,-22.7199039993271
RES_2559,3303500,1304,True,547,1.0,-43.53093664965198,-22.73334195,-43.53226,-22.7333259993268
RES_2560,3303500,1436,True,609,1.0,-43.53177379346769,-22.720483350000002,-43.533212,-22.7204579993271
RES_2561,3303500,848,True,407,1.0,-43.52041645,-22.699924199999998,-43.520758,-22.6997229993276
RES_2562,3303500,2531,True,988,1.0,-43.51848455,-22.703897100000002,-43.517578,-22.7042929993275
RES_2563,3303500,1900,True,722,1.0,-43.51777262532809,-22.69794534999999,-43.516804,-22.6972279993277
RES_2564,3303500,690,True,262,1.0,-43.51194224809859,-22.694152949999996,-43.511968,-22.6950129993277
RES_2565,3303500,336,True,143,1.0,-43.511686700000006,-22.690205249999998,-43.512,-22.6901769993278
RES_2566,3303500,378,True,142,1.0,-43.5247365,-22.699941449999997,-43.524603,-22.6998859993276
RES_2567,3303500,217,True,80,1.0,-43.51853955,-22.705188749999994,-43.518195,-22.7052379993275
RES_2568,3303500,180,True,64,1.0,-43.51728075,-22.70105135,-43.517375,-22.7013169993276
RES_2569,3303500,410,True,196,1.0,-43.512335050000004,-22.724418399999998,-43.512104,-22.724525999327
RES_2570,3303500,1027,True,448,1.0,-43.51364623962399,-22.720416899999996,-43.513301,-22.7212289993271
RES_2571,3303500,2316,True,945,1.0,-43.50965805,-22.725285949999996,-43.508776,-22.726268999327
RES_2572,3303500,1125,True,507,1.0,-43.512025911274506,-22.721807,-43.51026,-22.7217909993271
RES_2573,3303500,112,False,0,,-43.508071,-22.69383025,-43.508071,-22.69383025
RES_2574,3303500,584,True,279,1.0,-43.5003904,-22.729990349999998,-43.500518,-22.7297829993269
RES_2575,3303500,869,True,340,1.0,-43.5034486945369,-22.72916665,-43.502545,-22.728856999327
RES_2576,3303500,878,True,360,1.0,-43.50307477158431,-22.722522299999994,-43.503572,-22.7221989993271
RES_2577,3303500,168,True,75,1.0,-43.5015424,-22.70797425,-43.511685,-22.7072379993274
RES_2578,3303500,340,True,118,1.0,-43.495788149999996,-22.7302547,-43.495931,-22.7304329993269
RES_2579,3303500,169,True,66,1.0,-43.494673045143564,-22.725512499999997,-43.495246,-22.728589999327
RES_2580,3303500,78,False,0,,-43.49608657648855,-22.69741455,-43.49608657648855,-22.69741455
RES_2581,3303500,1100,True,486,1.0,-43.48582992297095,-22.732830200000002,-43.486021,-22.7316359993269
RES_2582,3303500,1156,True,515,1.0,-43.4827658050917,-22.727759349999996,-43.483294,-22.726195999327
RES_2583,3303500,7,True,4,1.0,-43.48780096395228,-22.7114805,-43.489288,-22.7152599993272
RES_2584,3303500,312,True,125,1.0,-43.4802387,-22.702610650000004,-43.480503,-22.7031019993275
RES_2585,3303500,648,True,268,1.0,-43.47914835,-22.692163799999996,-43.4792,-22.6922169993278
RES_2586,3303500,1363,True,651,1.0,-43.513739349999994,-22.72615965,-43.514955,-22.725766999327
RES_2587,3303500,2019,True,823,1.0,-43.50697,-22.732006,-43.507831,-22.7316749993269
RES_2588,3303500,3338,True,1452,1.0,-43.50071973431818,-22.7328971,-43.500444,-22.7325479993269
RES_2589,3303500,66,True,35,1.0,-43.488061257832484,-22.73643215,-43.485228,-22.7367449993268
RES_2590,3303500,234,True,90,1.0,-43.48996935,-22.736190499999992,-43.489833,-22.7361169993268
RES_2591,3303500,1150,True,487,1.0,-43.527864744133865,-22.732065499999997,-43.528054,-22.7334519993268
RES_2592,3303500,1490,True,614,1.0,-43.522926250000005,-22.732933500000005,-43.52368,-22.7323279993269
RES_2593,3303500,1483,True,650,1.0,-43.51382161875002,-22.739554549999994,-43.513055,-22.7394609993267
RES_2594,3303500,2333,True,999,1.0,-43.5156066,-22.736100800000003,-43.515627,-22.7344279993268
RES_2595,3303500,1120,True,526,1.0,-43.51678815230629,-22.728504199999996,-43.518515,-22.728112999327
RES_2596,3303500,2969,True,1309,1.0,-43.507531102335776,-22.739019499999998,-43.508192,-22.7395319993267
RES_2597,3303500,1194,True,436,1.0,-43.50983295,-22.73657535,-43.507791,-22.7362849993268
RES_2598,3303500,1203,True,482,1.0,-43.50368099223523,-22.737848349999993,-43.502592,-22.7376909993267
RES_2599,3303500,417,True,154,1.0,-43.50165965,-22.736243450000003,-43.501692,-22.7360309993268
RES_2600,3303500,456,True,184,1.0,-43.49895092640325,-22.73914965,-43.498643,-22.7391269993267
RES_2601,3303500,558,False,0,,-43.518684300000004,-22.7293668,-43.518684300000004,-22.7293668
RES_2602,3303500,373,True,161,1.0,-43.536848097922416,-22.7179395,-43.536479,-22.7181729993272
RES_2603,3303500,1889,True,795,1.0,-43.53812767931508,-22.714042300000003,-43.538124,-22.7141809993273
RES_2604,3303500,418,True,168,1.0,-43.5335841,-22.71771265,-43.533528,-22.7177889993272
RES_2605,3303500,3257,True,1432,1.0,-43.5302468,-22.7105873,-43.531403,-22.7121349993273
RES_2606,3303500,3499,True,1435,1.0,-43.53269765631334,-22.7061968,-43.531383,-22.7052169993275
RES_2607,3303500,4347,True,1827,1.0,-43.5232336,-22.7049185,-43.523165,-22.7045049993275
RES_2608,3303500,502,True,189,1.0,-43.53577387550884,-22.715427649999988,-43.535974,-22.7155019993272
RES_2609,3303500,1006,True,402,1.0,-43.46262055434505,-22.677199599999998,-43.462801,-22.6772929993281
RES_2610,3303500,2836,True,1193,1.0,-43.45448199548346,-22.686189899999995,-43.453797,-22.6871219993279
RES_2611,3303500,1376,True,680,1.0,-43.4549327036961,-22.6800207,-43.455046,-22.6795339993281
RES_2612,3303500,2397,True,954,1.0,-43.45056265,-22.674787900000005,-43.451861,-22.6753049993282
RES_2613,3303500,643,True,268,1.0,-43.45131733054831,-22.669089050000004,-43.451442,-22.6690429993283
RES_2614,3303500,2191,True,942,1.0,-43.446773059961686,-22.679855,-43.446793,-22.681104999328
RES_2615,3303500,3470,True,1507,1.0,-43.44692068151677,-22.676166750000004,-43.447578,-22.6755259993282
RES_2616,3303500,741,True,323,1.0,-43.44907115455169,-22.6707994,-43.448703,-22.6707899993283
RES_2617,3303500,532,True,243,1.0,-43.44173295,-22.67924564999999,-43.441694,-22.6789129993281
RES_2618,3303500,660,True,265,1.0,-43.4389885,-22.677975749999995,-43.439254,-22.6781099993281
RES_2619,3303500,203,False,0,,-43.45590604853937,-22.677982149999995,-43.45590604853937,-22.677982149999995
RES_2620,3303500,257,True,97,1.0,-43.4519863,-22.676012449999998,-43.451626,-22.6758659993282
RES_2621,3303500,101,True,49,1.0,-43.44728265853527,-22.6751693,-43.447481,-22.6751889993282
RES_2622,3303500,591,True,261,1.0,-43.4737401,-22.704153350000002,-43.473833,-22.7041809993275
RES_2623,3303500,699,True,269,1.0,-43.475175899999996,-22.694744799999995,-43.474968,-22.6948999993277
RES_2624,3303500,1705,True,682,1.0,-43.47462927130948,-22.688433749999994,-43.476441,-22.6874619993279
RES_2625,3303500,3416,True,1784,1.0,-43.46905230883929,-22.696658699999997,-43.468884,-22.6971429993277
RES_2626,3303500,5512,True,2260,1.0,-43.4705728567506,-22.688686899999993,-43.469586,-22.6893109993279
RES_2627,3303500,748,True,325,1.0,-43.47087705,-22.684990750000004,-43.47004,-22.685163999328
RES_2628,3303500,1204,True,520,1.0,-43.46194655000001,-22.701379699999997,-43.462218,-22.7015809993276
RES_2629,3303500,977,True,472,1.0,-43.461657094489894,-22.699572650000004,-43.462246,-22.6989159993276
RES_2630,3303500,4806,True,2062,1.0,-43.4609755,-22.688483549999994,-43.461141,-22.6900229993278
RES_2631,3303500,3184,True,1309,1.0,-43.4604905556085,-22.68496875,-43.462308,-22.684263999328
RES_2632,3303500,1137,True,499,1.0,-43.45659812634529,-22.691148149999997,-43.457016,-22.6917639993278
RES_2633,3303500,600,True,250,1.0,-43.4620361,-22.694951949999997,-43.462431,-22.6952369993277
RES_2634,3303500,60,True,31,1.0,-43.45958184328978,-22.680328249999995,-43.46005,-22.6805789993281
RES_2635,3303500,128,True,48,1.0,-43.47670290668034,-22.686247949999995,-43.476699,-22.6863769993279
RES_2636,3303500,666,True,285,1.0,-43.4649203172425,-22.690516350000003,-43.464966,-22.6907489993278
RES_2637,3303500,379,True,171,1.0,-43.46700832550539,-22.68814965,-43.466973,-22.6883139993279
RES_2638,3303500,754,True,326,1.0,-43.45989165632353,-22.70104655,-43.459943,-22.7009599993276
RES_2639,3303500,943,True,293,1.0,-43.458604355731126,-22.695592099999995,-43.45826,-22.6954159993277
RES_2640,3303500,909,True,414,1.0,-43.45519805,-22.7025023,-43.455724,-22.7025149993276
RES_2641,3303500,1242,True,527,1.0,-43.453843199999994,-22.696840249999994,-43.454004,-22.6957779993277
RES_2642,3303500,473,True,185,1.0,-43.44893360093458,-22.6969663,-43.448302,-22.6955399993277
RES_2643,3303500,326,True,156,1.0,-43.44691484065754,-22.69110475,-43.447085,-22.6911959993278
RES_2644,3303500,631,True,311,1.0,-43.44299968703126,-22.6835686,-43.44342,-22.683703999328
RES_2645,3303500,142,True,70,1.0,-43.442377579268296,-22.68584,-43.44218,-22.6858059993279
RES_2646,3303500,528,True,234,1.0,-43.44388728835634,-22.684101599999998,-43.444414,-22.684562999328
RES_2647,3303500,564,True,215,1.0,-43.45651385068862,-22.6970231,-43.456387,-22.6970379993277
RES_2648,3303500,208,False,0,,-43.45807030747943,-22.69808345,-43.45807030747943,-22.69808345
RES_2649,3303500,129,True,63,1.0,-43.456779350000005,-22.7028465,-43.456865,-22.7028289993276
RES_2650,3303500,788,True,366,1.0,-43.4410826,-22.693710699999997,-43.441276,-22.6938389993278
RES_2651,3303500,675,True,251,1.0,-43.43683390249815,-22.692370249999996,-43.436799,-22.6922579993278
RES_2652,3303500,982,True,494,1.0,-43.43357974736422,-22.69186415,-43.433895,-22.6918749993278
RES_2653,3303500,1312,True,178,1.0,-43.43778125,-22.67877405,-43.441262,-22.684630999328
RES_2654,3303500,486,True,218,1.0,-43.4419483,-22.677889999999998,-43.441228,-22.6778149993281
RES_2655,3303500,272,True,113,1.0,-43.435681049219916,-22.669621799999994,-43.435061,-22.6731369993282
RES_2656,3303500,809,True,340,1.0,-43.42821325,-22.691588699999997,-43.428163,-22.6916149993278
RES_2657,3303500,255,True,117,1.0,-43.43346925,-22.6781585,-43.434961,-22.6781119993281
RES_2658,3303500,141,False,0,,-43.43035960515347,-22.671290599999995,-43.43035960515347,-22.671290599999995
RES_2659,3303500,1332,True,560,1.0,-43.42613740390786,-22.688668249999996,-43.425603,-22.6897169993278
RES_2660,3303500,377,True,202,1.0,-43.4239392,-22.67877444999999,-43.425385,-22.6788069993281
RES_2661,3303500,286,True,124,1.0,-43.42037926548536,-22.659892699999993,-43.418828,-22.6576079993286
RES_2662,3303500,25,True,47,1.0,-43.4167588,-22.675021349999998,-43.41392,-22.6748919993282
RES_2663,3303500,249,True,169,1.0,-43.41348835,-22.668786349999998,-43.411768,-22.6680389993284
RES_2664,3303500,488,True,227,1.0,-43.417758543725554,-22.6599447,-43.417098,-22.6594079993285
RES_2665,3303500,692,True,326,1.0,-43.4150915922774,-22.655797000000003,-43.414835,-22.6556209993286
RES_2666,3303500,20,True,23,1.0,-43.405291736955945,-22.66154555,-43.405577,-22.6615059993285
RES_2667,3303500,106,True,87,1.0,-43.40206185990441,-22.674804800000004,-43.401097,-22.6756229993282
RES_2668,3303500,10,True,18,1.0,-43.392968994624404,-22.672457300000005,-43.394169,-22.6725129993282
RES_2669,3303500,184,True,85,1.0,-43.427508603269416,-22.693505450000004,-43.427491,-22.6934159993278
RES_2670,3303500,849,True,328,1.0,-43.4745011,-22.7097242,-43.474696,-22.7096889993274
RES_2671,3303500,4038,True,1709,1.0,-43.47823539469883,-22.704687449999994,-43.477275,-22.7042749993275
RES_2672,3303500,1174,True,436,1.0,-43.475282500000006,-22.7005956,-43.475794,-22.7000689993276
RES_2673,3303500,812,True,350,1.0,-43.472562162114684,-22.709368649999995,-43.472287,-22.7090329993274
RES_2674,3303500,2938,True,1260,1.0,-43.470832534551434,-22.701764849999996,-43.471502,-22.7032309993275
RES_2675,3303500,3002,True,1244,1.0,-43.470479499999996,-22.697989099999997,-43.471531,-22.6982889993277
RES_2676,3303500,56,True,60,1.0,-43.51221384937838,-22.679845750000005,-43.511243,-22.6766769993281
RES_2677,3303500,418,True,151,1.0,-43.43781735,-22.71538905,-43.437806,-22.7153149993273
RES_2678,3303500,2158,True,674,1.0,-43.43539464580151,-22.710848049999996,-43.437516,-22.7119339993273
RES_2679,3303500,882,True,406,1.0,-43.43459564045797,-22.70680145,-43.435745,-22.7070039993274
RES_2680,3303500,2978,True,1330,1.0,-43.432205306696225,-22.710143199999994,-43.432255,-22.7096899993274
RES_2681,3303500,339,True,162,1.0,-43.4318130787412,-22.706091400000005,-43.431785,-22.7062959993274
RES_2682,3303500,200,True,93,1.0,-43.435102489126336,-22.717491250000002,-43.435072,-22.7174169993272
RES_2683,3303500,418,True,220,1.0,-43.43267186635295,-22.722052400000003,-43.43246,-22.7217389993271
RES_2684,3303500,2678,True,1129,1.0,-43.43122475,-22.717932499999996,-43.431095,-22.7176569993272
RES_2685,3303500,1249,True,551,1.0,-43.432010149895014,-22.714057599999997,-43.431392,-22.7138949993273
RES_2686,3303500,230,True,80,1.0,-43.43418835,-22.722078899999996,-43.434155,-22.7218229993271
RES_2687,3303500,504,True,208,1.0,-43.44407810060358,-22.70839104999999,-43.44443,-22.7084789993274
RES_2688,3303500,1135,True,489,1.0,-43.44526785330883,-22.7040908,-43.444602,-22.7051099993275
RES_2689,3303500,2252,True,986,1.0,-43.44087018189655,-22.7098119,-43.44084,-22.7093179993274
RES_2690,3303500,3442,True,1560,1.0,-43.43806635,-22.702454200000002,-43.438355,-22.7034459993275
RES_2691,3303500,1035,True,445,1.0,-43.43760005,-22.698807449999997,-43.438507,-22.6978019993277
RES_2692,3303500,1207,True,573,1.0,-43.43281071649459,-22.703250249999996,-43.433047,-22.7028989993276
RES_2693,3303500,298,True,135,1.0,-43.44440385,-22.7053856,-43.443722,-22.7053379993275
RES_2694,3303500,575,True,235,1.0,-43.43617752243853,-22.703631349999995,-43.436755,-22.7041349993275
RES_2695,3303500,575,True,245,1.0,-43.4353364572662,-22.696927200000005,-43.435258,-22.6968049993277
RES_2696,3303500,874,True,332,1.0,-43.430031299999996,-22.700895399999993,-43.4286,-22.7013219993276
RES_2697,3303500,3319,True,1149,1.0,-43.42868703523477,-22.69697265,-43.430141,-22.6970589993277
RES_2698,3303500,1567,True,683,1.0,-43.423435798815916,-22.701327049999996,-43.423199,-22.7018259993276
RES_2699,3303500,2419,True,984,1.0,-43.42411775465587,-22.697018399999997,-43.423757,-22.6972819993277
RES_2700,3303500,265,True,120,1.0,-43.42326204667711,-22.700059250000002,-43.423141,-22.7000589993276
RES_2701,3303500,329,True,121,1.0,-43.42819534912016,-22.702367549999998,-43.42816,-22.7024099993276
RES_2702,3303500,643,True,231,1.0,-43.42738674007438,-22.698417549999988,-43.427713,-22.6986019993276
RES_2703,3303500,363,True,166,1.0,-43.43509002810174,-22.69484935,-43.434765,-22.6946369993277
RES_2704,3303500,152,True,55,1.0,-43.4303965,-22.69899085,-43.430093,-22.6988239993277
RES_2705,3303500,1717,True,718,1.0,-43.41902495,-22.694508999999996,-43.419589,-22.6947819993277
RES_2706,3303500,1213,True,481,1.0,-43.42399354999999,-22.692789050000002,-43.42312,-22.6923479993278
RES_2707,3303500,1584,True,641,1.0,-43.416769246513546,-22.69504855,-43.413937,-22.6972279993277
RES_2708,3303500,2344,True,1021,1.0,-43.4149925,-22.689288999999995,-43.416087,-22.6889459993279
RES_2709,3303500,412,True,168,1.0,-43.4136843,-22.684723600000005,-43.413819,-22.684740999328
RES_2710,3303500,681,True,173,1.0,-43.410945003074914,-22.6837546,-43.411045,-22.683684999328
RES_2711,3303500,71,False,0,,-43.4026704162882,-22.6839685,-43.4026704162882,-22.6839685
RES_2712,3303500,235,True,91,1.0,-43.416623,-22.687884949999997,-43.41652,-22.6879849993279
RES_2713,3303500,338,True,126,1.0,-43.44581065,-22.6721204,-43.445198,-22.6729449993282
RES_2714,3303500,184,True,223,1.0,-43.44974915,-22.63861625,-43.449516,-22.6454699993289
RES_2715,3303500,78,True,51,1.0,-43.42886287021684,-22.60570355,-43.429025,-22.6061299993298
RES_2716,3303500,87,False,0,,-43.42252868203542,-22.62264365,-43.42252868203542,-22.62264365
RES_2717,3303500,760,True,158,1.0,-43.42437704554885,-22.596896700000002,-43.420384,-22.5929689993301
RES_2718,3303500,369,False,0,,-43.4228174,-22.588328250000004,-43.4228174,-22.588328250000004
RES_2719,3303500,79,True,35,1.0,-43.415653450761624,-22.64264275,-43.415344,-22.6425959993289
RES_2720,3303500,111,False,0,,-43.417221275560955,-22.63611115,-43.417221275560955,-22.63611115
RES_2721,3303500,503,True,247,1.0,-43.41355075447021,-22.608511699999994,-43.413301,-22.6073109993298
RES_2722,3303500,810,True,471,1.0,-43.417208222091254,-22.593254399999992,-43.417682,-22.5944829993301
RES_2723,3303500,544,True,352,1.0,-43.4143165,-22.589924500000002,-43.414751,-22.5905719993301
RES_2724,3303500,46,True,28,1.0,-43.40222430000001,-22.583202299999996,-43.402758,-22.5847999993303
RES_2725,3303500,185,True,73,1.0,-43.44513004884702,-22.673840949999995,-43.445068,-22.6738569993282
RES_2726,3303500,240,True,143,1.0,-43.41251344637401,-22.645032800000003,-43.411663,-22.6448269993289
RES_2727,3303500,421,True,306,1.0,-43.41339615,-22.637971900000004,-43.414433,-22.639216999329
RES_2728,3303500,193,True,199,1.0,-43.4137561,-22.627563600000002,-43.414459,-22.6227329993294
RES_2729,3303500,985,True,205,1.0,-43.408461198715024,-22.6452534,-43.408376,-22.6451819993289
RES_2730,3303500,111,False,0,,-43.4041778,-22.638657599999995,-43.4041778,-22.638657599999995
RES_2731,3303500,186,False,0,,-43.40875745787089,-22.621566699999995,-43.40875745787089,-22.621566699999995
RES_2732,3303500,298,True,180,1.0,-43.40276110666353,-22.650228299999995,-43.402659,-22.6506769993288
RES_2733,3303500,114,True,143,1.0,-43.39747484342736,-22.64420264999999,-43.397815,-22.6438139993289
RES_2734,3303500,123,True,96,1.0,-43.400193849999994,-22.639865999999998,-43.399911,-22.640433999329
RES_2735,3303500,74,False,0,,-43.402333350000006,-22.625426799999996,-43.402333350000006,-22.625426799999996
RES_2736,3303500,219,False,0,,-43.39823055,-22.618354899999993,-43.39823055,-22.618354899999993
RES_2737,3303500,80,True,54,1.0,-43.394322143731806,-22.6388259,-43.394405,-22.638991999329
RES_2738,3303500,42,True,44,1.0,-43.3960818,-22.63107105,-43.396334,-22.6331179993292
RES_2739,3303500,183,False,0,,-43.39506446595149,-22.619445350000003,-43.39506446595149,-22.619445350000003
RES_2740,3303500,34,False,0,,-43.38801230080411,-22.626869750000004,-43.38801230080411,-22.626869750000004
RES_2741,3303500,181,True,171,1.0,-43.519273903694724,-22.666184500000004,-43.522365,-22.6643369993284
RES_2742,3303500,81,True,88,1.0,-43.51228485,-22.651875099999998,-43.509965,-22.6511809993287
RES_2743,3303500,197,True,75,1.0,-43.503205300000005,-22.69064199999999,-43.489185,-22.6901249993278
RES_2744,3303500,17,True,15,1.0,-43.48501525264016,-22.673290849999994,-43.487508,-22.6863869993279
RES_2745,3303500,474,True,235,1.0,-43.48420492190678,-22.659718850000004,-43.484074,-22.6571639993286
RES_2746,3303500,275,True,185,1.0,-43.48897715,-22.6549199,-43.491832,-22.6559139993286
RES_2747,3303500,103,True,51,1.0,-43.46919525,-22.6773194,-43.471223,-22.6800269993281
RES_2748,3303500,322,True,159,1.0,-43.46677165,-22.6572327,-43.466649,-22.6571589993286
RES_2749,3303500,191,True,86,1.0,-43.462279702473786,-22.675327550000002,-43.463443,-22.6761059993282
RES_2750,3303500,444,True,222,1.0,-43.463930793585895,-22.660067349999995,-43.463991,-22.6597209993286
RES_2751,3303500,1320,True,268,1.0,-43.4528491,-22.668317099999996,-43.452826,-22.6682669993283
RES_2752,3303500,693,True,255,1.0,-43.45337670000001,-22.673353749999997,-43.453473,-22.6736039993282
RES_2753,3303500,606,True,258,1.0,-43.47216940080016,-22.683907050000002,-43.471983,-22.684354999328
RES_2754,3303609,182,True,94,1.0,-43.8176965,-22.660017699999997,-43.812157,-22.6638249993284
RES_2755,3303609,266,True,142,1.0,-43.81128285,-22.677138900000003,-43.810847,-22.6776989993281
RES_2756,3303609,85,True,69,1.0,-43.787301604837936,-22.680608299999996,-43.779935,-22.6749559993282
RES_2757,3303609,62,True,70,1.0,-43.785730123525944,-22.662404049999992,-43.790168,-22.6685379993283
RES_2758,3303609,30,True,30,1.0,-43.7874678,-22.64770635,-43.789062,-22.6487229993288
RES_2759,3303609,63,True,70,1.0,-43.765935882239695,-22.623432700000002,-43.763172,-22.6213819993294
RES_2760,3303609,145,False,0,,-43.75796805,-22.66334195,-43.75796805,-22.66334195
RES_2761,3303609,116,True,129,1.0,-43.76099777096631,-22.64912735,-43.759175,-22.6439339993289
RES_2762,3303609,102,False,0,,-43.75284006321682,-22.697331600000005,-43.75284006321682,-22.697331600000005
RES_2763,3303609,54,False,0,,-43.748395699999996,-22.683817400000002,-43.748395699999996,-22.683817400000002
RES_2764,3303609,156,False,0,,-43.745578899096884,-22.6193046,-43.745578899096884,-22.6193046
RES_2765,3303609,19,True,8,1.0,-43.732085686930944,-22.6231209,-43.732525,-22.6239539993294
RES_2766,3303609,27,False,0,,-43.73052775000001,-22.6522129,-43.73052775000001,-22.6522129
RES_2767,3303609,916,True,412,1.0,-43.72808762150078,-22.616526099999998,-43.726512,-22.6183269993295
RES_2768,3303609,96,True,87,1.0,-43.7307614,-22.582752049999996,-43.729368,-22.5864149993302
RES_2769,3303609,63,False,0,,-43.717687299999994,-22.653522799999998,-43.717687299999994,-22.653522799999998
RES_2770,3303609,969,True,407,1.0,-43.7176542,-22.637912649999993,-43.71745,-22.637853999329
RES_2771,3303609,933,True,396,1.0,-43.71852779846683,-22.6359728,-43.717896,-22.6358109993291
RES_2772,3303609,1326,True,563,1.0,-43.717593159237396,-22.6204125,-43.717148,-22.6201529993295
RES_2773,3303609,2343,True,1139,1.0,-43.718248644186225,-22.612530800000002,-43.719525,-22.6135019993296
RES_2774,3303609,119,True,51,1.0,-43.71807984879442,-22.6012176,-43.717305,-22.6006009993299
RES_2775,3303609,3498,True,1493,1.0,-43.71208795,-22.633534750000003,-43.713117,-22.6341909993291
RES_2776,3303609,243,True,110,1.0,-43.71094999804089,-22.628676299999995,-43.710886,-22.6291199993293
RES_2777,3303609,239,True,110,1.0,-43.7136525,-22.618883200000006,-43.713826,-22.6179189993295
RES_2778,3303609,1947,True,870,1.0,-43.71201065285425,-22.611226749999993,-43.713543,-22.6113479993297
RES_2779,3303609,1942,True,899,1.0,-43.709884492372595,-22.605792349999998,-43.710255,-22.6053669993298
RES_2780,3303609,341,True,156,1.0,-43.714206655442496,-22.59687025,-43.714938,-22.59813799933
RES_2781,3303609,1108,True,265,1.0,-43.706767,-22.630625249999994,-43.706613,-22.6307539993292
RES_2782,3303609,5955,True,2650,1.0,-43.7034266,-22.626711750000005,-43.70363,-22.6266469993293
RES_2783,3303609,1414,True,487,1.0,-43.70424437857968,-22.61986405,-43.704323,-22.6211619993294
RES_2784,3303609,737,True,314,1.0,-43.7063044047478,-22.61032065,-43.706311,-22.6088869993297
RES_2785,3303609,2004,True,854,1.0,-43.70034266213851,-22.605234449999998,-43.70419,-22.6051039993298
RES_2786,3303609,1177,True,534,1.0,-43.703678950000004,-22.601148099999996,-43.703555,-22.6019729993299
RES_2787,3303609,213,True,100,1.0,-43.6935047,-22.641645,-43.691331,-22.6426859993289
RES_2788,3303609,3222,True,1380,1.0,-43.69868687511037,-22.627490899999998,-43.699214,-22.6274249993293
RES_2789,3303609,1508,True,536,1.0,-43.69280661944444,-22.600773750000002,-43.69417,-22.5999219993299
RES_2790,3303609,78,True,69,1.0,-43.68852060508696,-22.634661350000005,-43.689176,-22.6338899993291
RES_2791,3303609,259,True,123,1.0,-43.685519246,-22.618209549999996,-43.685324,-22.6169549993295
RES_2792,3303609,2,False,0,,-43.6923089,-22.6110647,-43.6923089,-22.6110647
RES_2793,3303609,228,False,0,,-43.69057545532057,-22.6038596,-43.69057545532057,-22.6038596
RES_2794,3303609,1859,True,316,1.0,-43.68752274472617,-22.5969122,-43.687579,-22.59677099933
RES_2795,3303609,10,False,0,,-43.69075097717042,-22.589412199999998,-43.69075097717042,-22.589412199999998
RES_2796,3303609,424,False,0,,-43.68442616042729,-22.596498350000005,-43.68442616042729,-22.596498350000005
RES_2797,3303609,147,True,102,1.0,-43.668801496875005,-22.612652499999996,-43.668626,-22.6079379993297
RES_2798,3303609,8,False,0,,-43.6615206,-22.575224750000004,-43.6615206,-22.575224750000004
RES_2799,3303609,3,True,23,1.0,-43.6466001,-22.595228349999996,-43.655947,-22.59501599933
RES_2800,3303609,187,True,75,1.0,-43.712642984646195,-22.620179099999994,-43.712547,-22.6200679993295
RES_2801,3303609,238,True,114,1.0,-43.69390745,-22.638753449999996,-43.694182,-22.638849999329
RES_2802,3303609,596,True,287,1.0,-43.69009905,-22.638025149999994,-43.690193,-22.638221999329
RES_2803,3303609,385,True,178,1.0,-43.710555440556426,-22.6208344,-43.710179,-22.6208909993295
RES_2804,3303609,415,True,196,1.0,-43.722526198617686,-22.63763745,-43.722168,-22.6377299993291
RES_2805,3303609,561,True,241,1.0,-43.719369549999996,-22.616851299999993,-43.719489,-22.6169949993295
RES_2806,3303609,496,True,218,1.0,-43.726855110069835,-22.619547249999997,-43.726522,-22.6193089993295
RES_2807,3303609,398,True,196,1.0,-43.71183107816958,-22.625515349999997,-43.711563,-22.6255009993294
RES_2808,3303609,594,True,267,1.0,-43.70853685,-22.625463449999998,-43.708445,-22.6248619993294
RES_2809,3303906,19,True,13,1.0,-43.25303215,-22.570942399999993,-43.252523,-22.5711849993306
RES_2810,3304003,1,True,5,1.0,-43.89813738414948,-22.66825785,-43.89775,-22.6689019993283
RES_2811,3304003,14,True,4,1.0,-43.89504840570167,-22.6519489,-43.896043,-22.6457309993289
RES_2812,3304003,445,True,260,1.0,-43.89913663486547,-22.628641349999995,-43.898882,-22.6283449993293
RES_2813,3304003,2022,True,853,1.0,-43.89158624808154,-22.631062299999996,-43.890395,-22.6288359993293
RES_2814,3304003,38,True,20,1.0,-43.8911277,-22.602242199999996,-43.890657,-22.6023979993299
RES_2815,3304003,15,True,7,1.0,-43.885443,-22.69172735,-43.894225,-22.6752949993282
RES_2816,3304003,56,True,33,1.0,-43.88295168615764,-22.663089300000003,-43.870544,-22.6637259993285
RES_2817,3304003,1452,True,656,1.0,-43.8851072,-22.620508049999998,-43.88487,-22.6212839993294
RES_2818,3304003,24,True,28,1.0,-43.88392825,-22.58535895,-43.882241,-22.5861379993303
RES_2819,3304003,310,True,154,1.0,-43.87837785,-22.683380550000003,-43.878614,-22.683476999328
RES_2820,3304003,169,True,86,1.0,-43.871867975608524,-22.678829450000002,-43.87139,-22.6786279993281
RES_2821,3304003,212,True,89,1.0,-43.874045499392,-22.609629149999996,-43.871905,-22.6074179993298
RES_2822,3304003,92,True,69,1.0,-43.86882020369297,-22.63611910000001,-43.873978,-22.6315109993292
RES_2823,3304003,746,True,317,1.0,-43.87135020709334,-22.603808299999997,-43.870439,-22.6042469993298
RES_2824,3304003,125,True,62,1.0,-43.85938305,-22.601412949999997,-43.859633,-22.6020479993299
RES_2825,3304003,20,True,14,1.0,-43.85981586630905,-22.584710149999992,-43.854054,-22.5805849993304
RES_2826,3304003,254,True,108,1.0,-43.84824570000001,-22.669800949999996,-43.852348,-22.6705809993283
RES_2827,3304003,295,True,194,1.0,-43.84854588583628,-22.66251635,-43.848632,-22.6624259993285
RES_2828,3304003,129,True,70,1.0,-43.85389936925539,-22.601794399999996,-43.851641,-22.5998509993299
RES_2829,3304003,240,True,128,1.0,-43.84512157557644,-22.579836250000007,-43.845161,-22.5796729993304
RES_2830,3304003,342,True,201,1.0,-43.83455833592701,-22.677007899999992,-43.829582,-22.6727299993283
RES_2831,3304003,25,True,15,1.0,-43.8373201,-22.577190199999997,-43.833392,-22.5756109993305
RES_2832,3304003,153,True,75,1.0,-43.831826315082644,-22.576331599999996,-43.829351,-22.5736189993305
RES_2833,3304003,52,True,61,1.0,-43.81045885,-22.601788600000003,-43.819875,-22.6051949993298
RES_2834,3304003,124,True,99,1.0,-43.791592478511156,-22.583444699999994,-43.791417,-22.5839419993303
RES_2835,3304003,9,False,0,,-43.899967949944454,-22.62520684999999,-43.899967949944454,-22.62520684999999
RES_2836,3304003,533,True,193,1.0,-43.8845162,-22.625057299999995,-43.884611,-22.6246829993294
RES_2837,3304003,216,True,149,1.0,-43.84866465061425,-22.783228699999995,-43.84948,-22.7829379993257
RES_2838,3304003,238,True,180,1.0,-43.8532358270872,-22.738353,-43.853045,-22.7382729993267
RES_2839,3304003,499,True,217,1.0,-43.84854225,-22.71767155,-43.848414,-22.7180889993272
RES_2840,3304003,113,True,117,1.0,-43.83742530000001,-22.712379199999997,-43.837513,-22.7123779993273
RES_2841,3304003,124,True,96,1.0,-43.81510218595119,-22.704196149999998,-43.82817,-22.7046389993275
RES_2842,3304144,657,True,289,1.0,-43.56697787945602,-22.724528199999995,-43.566941,-22.724687999327
RES_2843,3304144,1984,True,845,1.0,-43.5633028,-22.725987499999995,-43.562667,-22.725704999327
RES_2844,3304144,5066,True,2258,1.0,-43.56281427431507,-22.718795399999994,-43.563238,-22.7194609993272
RES_2845,3304144,2453,True,1031,1.0,-43.560679876756765,-22.711252299999998,-43.561648,-22.7117759993273
RES_2846,3304144,2212,True,1012,1.0,-43.56023635,-22.7075881,-43.560388,-22.7074369993274
RES_2847,3304144,1478,True,819,1.0,-43.557987425189026,-22.72664025,-43.557372,-22.725665999327
RES_2848,3304144,3797,True,1932,1.0,-43.555544228049826,-22.72045605,-43.556229,-22.7204449993271
RES_2849,3304144,3483,True,1656,1.0,-43.55666164065738,-22.7112702,-43.55547,-22.7115279993273
RES_2850,3304144,5054,True,2318,1.0,-43.55596930234604,-22.7057312,-43.555719,-22.7052369993275
RES_2851,3304144,504,True,225,1.0,-43.55062009084406,-22.705760299999994,-43.550828,-22.7058399993275
RES_2852,3304144,952,True,452,1.0,-43.551299367976114,-22.713147699999997,-43.55185,-22.7139519993273
RES_2853,3304144,311,True,135,1.0,-43.5524908,-22.705287,-43.552683,-22.7053989993275
RES_2854,3304144,2340,True,1025,1.0,-43.55404670271865,-22.699520199999995,-43.553062,-22.6998019993276
RES_2855,3304144,796,True,327,1.0,-43.555294527087284,-22.692029149999996,-43.555275,-22.6919199993278
RES_2856,3304144,3117,True,1435,1.0,-43.546600100000006,-22.711850000000005,-43.547535,-22.7124489993273
RES_2857,3304144,1290,True,555,1.0,-43.549383737587064,-22.701987049999993,-43.549054,-22.7033999993275
RES_2858,3304144,2154,True,915,1.0,-43.5476063,-22.699250399999997,-43.547204,-22.6986759993277
RES_2859,3304144,609,True,261,1.0,-43.55015989980807,-22.69041325,-43.550135,-22.6903129993278
RES_2860,3304144,1213,True,547,1.0,-43.537037956388474,-22.7087477,-43.538488,-22.7097439993274
RES_2861,3304144,869,True,356,1.0,-43.53784535,-22.70266695,-43.537946,-22.7033139993275
RES_2862,3304144,363,True,189,1.0,-43.54014610584629,-22.691112749999995,-43.540778,-22.6911109993278
RES_2863,3304144,1051,True,378,1.0,-43.52836337931478,-22.698308949999998,-43.529627,-22.6982659993277
RES_2864,3304144,1374,True,545,1.0,-43.52396884721135,-22.69556155,-43.524961,-22.6958229993277
RES_2865,3304144,491,True,169,1.0,-43.52694354752049,-22.693673749999995,-43.526318,-22.6938859993277
RES_2866,3304144,993,True,359,1.0,-43.5197482,-22.69368205,-43.519823,-22.6937349993278
RES_2867,3304144,1800,True,617,1.0,-43.5555344,-22.6951486,-43.554198,-22.6956029993277
RES_2868,3304144,644,True,306,1.0,-43.5518761,-22.693106049999997,-43.551716,-22.6931069993278
RES_2869,3304144,112,True,49,1.0,-43.550776150000004,-22.692410900000002,-43.550816,-22.6925159993278
RES_2870,3304144,327,True,128,1.0,-43.54584895,-22.698760749999998,-43.545817,-22.6985989993276
RES_2871,3304144,738,True,324,1.0,-43.5392968,-22.704470549999996,-43.539709,-22.7036729993275
RES_2872,3304144,82,True,37,1.0,-43.55287200000001,-22.732847199999995,-43.552203,-22.7339349993268
RES_2873,3304144,799,True,345,1.0,-43.553647749792276,-22.724902800000002,-43.553605,-22.724728999327
RES_2874,3304144,465,True,259,1.0,-43.55192135,-22.71951435,-43.552066,-22.7188049993272
RES_2875,3304144,2563,True,1217,1.0,-43.548673199999996,-22.7181122,-43.548106,-22.7192839993272
RES_2876,3304144,940,True,401,1.0,-43.544497,-22.715616349999994,-43.546044,-22.7157299993273
RES_2877,3304144,221,True,125,1.0,-43.54276520800698,-22.733713549999997,-43.542119,-22.7326449993269
RES_2878,3304144,658,True,269,1.0,-43.54256894647794,-22.723667050000003,-43.542548,-22.7236029993271
RES_2879,3304144,1254,True,547,1.0,-43.54000095000001,-22.719542000000004,-43.54102,-22.7191679993272
RES_2880,3304144,1052,True,469,1.0,-43.54721494903856,-22.7188694,-43.546395,-22.7185839993272
RES_2881,3304144,638,True,257,1.0,-43.54179655,-22.717793249999993,-43.541764,-22.7180109993272
RES_2882,3304144,62,True,40,1.0,-43.60189975382518,-22.740154600000004,-43.59842,-22.7406569993267
RES_2883,3304144,112,False,0,,-43.5843289,-22.751376099999998,-43.5843289,-22.751376099999998
RES_2884,3304144,199,True,97,1.0,-43.58771662308642,-22.742050399999997,-43.588455,-22.7435659993266
RES_2885,3304144,499,True,248,1.0,-43.5847233,-22.73783245,-43.584732,-22.7376909993267
RES_2886,3304144,471,True,176,1.0,-43.5750776,-22.75261885,-43.575074,-22.7529569993264
RES_2887,3304144,451,False,0,,-43.57522822563906,-22.75010905,-43.57522822563906,-22.75010905
RES_2888,3304144,516,True,206,1.0,-43.58015060511076,-22.739398299999998,-43.580107,-22.7394609993267
RES_2889,3304144,99,True,66,1.0,-43.57987694952744,-22.734505649999996,-43.5795,-22.7341229993268
RES_2890,3304144,1233,True,448,1.0,-43.57279315,-22.7521668,-43.572175,-22.7504799993264
RES_2891,3304144,450,True,181,1.0,-43.570036161533764,-22.734754199999998,-43.564753,-22.7396839993267
RES_2892,3304144,488,True,196,1.0,-43.565660636839425,-22.745713699999996,-43.568216,-22.7467359993265
RES_2893,3304144,761,True,340,1.0,-43.5651646,-22.737939850000004,-43.563913,-22.7383969993267
RES_2894,3304144,1113,True,459,1.0,-43.56562135,-22.731785199999997,-43.563163,-22.7332769993268
RES_2895,3304144,1047,True,518,1.0,-43.55308600807582,-22.744914950000002,-43.552853,-22.7455569993266
RES_2896,3304144,1652,True,743,1.0,-43.55828755047049,-22.740200549999997,-43.557358,-22.7403079993267
RES_2897,3304144,1016,True,385,1.0,-43.55811852214391,-22.7354083,-43.556981,-22.7354609993268
RES_2898,3304144,32,True,17,1.0,-43.54901496640845,-22.746968450000004,-43.54056,-22.7484949993265
RES_2899,3304144,524,True,227,1.0,-43.53766810082608,-22.7462399,-43.538031,-22.7443789993266
RES_2900,3304144,286,True,129,1.0,-43.53972685,-22.741097000000003,-43.536559,-22.7429439993266
RES_2901,3304144,145,True,76,1.0,-43.633596674928,-22.7250817,-43.634453,-22.7237229993271
RES_2902,3304144,2,True,2,1.0,-43.615472752412764,-22.727198650000005,-43.614798,-22.726717999327
RES_2903,3304144,9,True,15,1.0,-43.61221001925972,-22.712930400000005,-43.606292,-22.7183529993272
RES_2904,3304144,48,True,16,1.0,-43.604120945287065,-22.724419750000003,-43.608202,-22.728841999327
RES_2905,3304144,399,True,177,1.0,-43.60028586768487,-22.6930913,-43.60011,-22.6931029993278
RES_2906,3304144,857,True,352,1.0,-43.593576999999996,-22.727505449999995,-43.594624,-22.728203999327
RES_2907,3304144,340,True,139,1.0,-43.59170371085729,-22.709067399999995,-43.592478,-22.7098799993274
RES_2908,3304144,391,True,183,1.0,-43.59680815,-22.706011600000004,-43.596902,-22.7062159993275
RES_2909,3304144,365,True,164,1.0,-43.59397696558963,-22.695677949999997,-43.594098,-22.6957069993277
RES_2910,3304144,1503,True,650,1.0,-43.59398537732403,-22.690957349999998,-43.595739,-22.6909509993278
RES_2911,3304144,2191,True,969,1.0,-43.587531656726696,-22.727737299999994,-43.586169,-22.725851999327
RES_2912,3304144,5034,True,2180,1.0,-43.587790076351666,-22.71945185,-43.587703,-22.7189629993272
RES_2913,3304144,3705,True,1582,1.0,-43.58818465,-22.713971299999997,-43.586479,-22.7128639993273
RES_2914,3304144,654,True,320,1.0,-43.58753545131305,-22.704753500000002,-43.586911,-22.7046699993275
RES_2915,3304144,398,True,207,1.0,-43.58788125,-22.700631800000004,-43.587566,-22.7006299993276
RES_2916,3304144,630,True,253,1.0,-43.59030025235273,-22.691855599999997,-43.590012,-22.6926229993278
RES_2917,3304144,5633,True,2355,1.0,-43.579166099999995,-22.725941050000003,-43.578842,-22.725272999327
RES_2918,3304144,3515,True,1416,1.0,-43.57744657523341,-22.720507599999998,-43.578003,-22.7191869993272
RES_2919,3304144,3551,True,1468,1.0,-43.5800937,-22.71174,-43.579178,-22.7130659993273
RES_2920,3304144,3608,True,1518,1.0,-43.578187396707,-22.706385149999996,-43.578161,-22.7053239993275
RES_2921,3304144,586,True,259,1.0,-43.57900013060264,-22.701378399999996,-43.578737,-22.7016009993276
RES_2922,3304144,3854,True,1619,1.0,-43.57031068458781,-22.726373499999994,-43.570671,-22.725318999327
RES_2923,3304144,4582,True,1933,1.0,-43.57047995,-22.719897449999998,-43.570759,-22.7190989993272
RES_2924,3304144,6074,True,2569,1.0,-43.571240356882385,-22.712188749999996,-43.570913,-22.7125879993273
RES_2925,3304144,1680,True,798,1.0,-43.5737743961712,-22.707352899999997,-43.57312,-22.7073099993275
RES_2926,3304144,2081,True,1022,1.0,-43.56561672183014,-22.7141565,-43.564977,-22.7143489993273
RES_2927,3304144,1119,True,457,1.0,-43.56899212106954,-22.72866615,-43.568418,-22.7284629993269
RES_2928,3304144,281,True,127,1.0,-43.58116085,-22.692595750000002,-43.581018,-22.6922359993278
RES_2929,3304144,2819,True,1164,1.0,-43.56868865175339,-22.70264855,-43.568633,-22.7040809993275
RES_2930,3304144,1972,True,663,1.0,-43.56838561770833,-22.70031,-43.569073,-22.6983289993277
RES_2931,3304144,800,True,319,1.0,-43.574655955063555,-22.691337299999997,-43.572684,-22.6914189993278
RES_2932,3304144,4016,True,1778,1.0,-43.56474355527682,-22.7042267,-43.563613,-22.7043189993275
RES_2933,3304144,2846,True,1211,1.0,-43.565169950000005,-22.69840355,-43.56394,-22.6996659993276
RES_2934,3304144,2681,True,1046,1.0,-43.56493479873497,-22.693575599999996,-43.563524,-22.6929279993278
RES_2935,3304144,1937,True,820,1.0,-43.5574256,-22.6993837,-43.557907,-22.6988769993276
RES_2936,3304144,489,True,202,1.0,-43.55817405,-22.6916398,-43.558165,-22.6915459993278
RES_2937,3304144,1287,True,481,1.0,-43.56214215,-22.6951457,-43.561529,-22.6949359993277
RES_2938,3304144,230,True,89,1.0,-43.62414491541787,-22.7467174,-43.625211,-22.7498509993265
RES_2939,3304144,233,True,99,1.0,-43.627871799999994,-22.744589599999998,-43.626866,-22.7457109993266
RES_2940,3304144,63,True,31,1.0,-43.60689945,-22.734313649999997,-43.606833,-22.7330289993268
RES_2941,3304409,9,True,5,1.0,-43.88727979584017,-22.807393399999995,-43.893603,-22.8024239993252
RES_2942,3304409,5,True,10,1.0,-43.88765145,-22.800735900000003,-43.892749,-22.8018599993253
RES_2943,3304409,53,True,35,1.0,-43.892924970535006,-22.7951208,-43.892611,-22.7949969993254
RES_2944,3304557,3884,True,2797,1.0,-43.192091114094325,-22.9110432,-43.192156,-22.9112409993227
RES_2945,3304557,1711,True,1270,1.0,-43.19345570310687,-22.906675899999996,-43.192537,-22.9063649993229
RES_2946,3304557,5266,True,3688,1.0,-43.18803841051137,-22.9153905,-43.188214,-22.9160169993226
RES_2947,3304557,9786,True,7011,1.0,-43.187920604072815,-22.912505750000005,-43.187711,-22.9120389993227
RES_2948,3304557,1357,True,1000,1.0,-43.1855899888582,-22.901655049999995,-43.185498,-22.901760999323
RES_2949,3304557,969,True,1142,1.0,-43.17782042111343,-22.91121305,-43.178451,-22.9103029993228
RES_2950,3304557,225,True,156,1.0,-43.180601568185004,-22.90423869999999,-43.180898,-22.9046109993229
RES_2951,3304557,183,True,101,1.0,-43.18062467188645,-22.89995975,-43.181357,-22.899837999323
RES_2952,3304557,305,True,281,1.0,-43.17301415160837,-22.91049015,-43.173086,-22.9114009993227
RES_2953,3304557,88,True,71,1.0,-43.17126603753184,-22.90693725,-43.171219,-22.9100849993228
RES_2954,3304557,1254,True,586,1.0,-43.19370316849101,-22.9019611,-43.192895,-22.901181999323
RES_2955,3304557,4243,True,2301,1.0,-43.19298074628628,-22.89683205,-43.193379,-22.8970949993231
RES_2956,3304557,1456,True,721,1.0,-43.18823750525442,-22.897977500000003,-43.189569,-22.898100999323
RES_2957,3304557,1636,True,756,1.0,-43.1969281562734,-22.900222750000005,-43.196928,-22.900847999323
RES_2958,3304557,2252,True,278,1.0,-43.19652695601079,-22.898977999999996,-43.195107,-22.899412999323
RES_2959,3304557,575,True,209,1.0,-43.19560305916606,-22.9027933,-43.195493,-22.9029799993229
RES_2960,3304557,590,True,300,1.0,-43.206976600000004,-22.906439350000003,-43.206644,-22.9043369993229
RES_2961,3304557,6580,True,3345,1.0,-43.20185551532941,-22.9027927,-43.202234,-22.9031759993229
RES_2962,3304557,1195,True,265,1.0,-43.201126315671644,-22.896724,-43.199901,-22.899960999323
RES_2963,3304557,800,True,405,1.0,-43.19757246094689,-22.903006750000003,-43.197384,-22.9033249993229
RES_2964,3304557,293,True,129,1.0,-43.20729245193618,-22.906756599999994,-43.207334,-22.9067989993228
RES_2965,3304557,273,True,128,1.0,-43.19858050362761,-22.902528349999997,-43.198485,-22.902580999323
RES_2966,3304557,205,True,90,1.0,-43.20279155524787,-22.905845749999997,-43.202798,-22.9058009993229
RES_2967,3304557,839,True,354,1.0,-43.23030472585799,-22.879290249999997,-43.230205,-22.8793529993235
RES_2968,3304557,815,False,0,,-43.23050324095961,-22.878495899999997,-43.23050324095961,-22.878495899999997
RES_2969,3304557,653,True,268,1.0,-43.22593997812488,-22.88390165,-43.22626,-22.8829189993234
RES_2970,3304557,1530,True,236,1.0,-43.22292935,-22.87691985,-43.222582,-22.8774729993235
RES_2971,3304557,363,True,200,1.0,-43.21586225,-22.886021199999995,-43.216209,-22.8782559993235
RES_2972,3304557,332,True,169,1.0,-43.21808408945067,-22.87969319999999,-43.218013,-22.8786919993235
RES_2973,3304557,569,False,0,,-43.21226015,-22.876212800000005,-43.21226015,-22.876212800000005
RES_2974,3304557,301,True,148,1.0,-43.22023735570537,-22.877639999999992,-43.22038,-22.8775229993235
RES_2975,3304557,753,True,310,1.0,-43.22338272342829,-22.879170450000004,-43.223102,-22.8790669993235
RES_2976,3304557,844,True,330,1.0,-43.22200105,-22.877898849999998,-43.222013,-22.8778609993235
RES_2977,3304557,895,False,0,,-43.221500789591985,-22.878684049999997,-43.221500789591985,-22.878684049999997
RES_2978,3304557,355,True,177,1.0,-43.23247505537798,-22.886363449999997,-43.232494,-22.8862549993233
RES_2979,3304557,740,True,338,1.0,-43.23105253127178,-22.885478199999994,-43.231124,-22.8854739993233
RES_2980,3304557,922,False,0,,-43.22887515,-22.884626750000002,-43.22887515,-22.884626750000002
RES_2981,3304557,350,False,0,,-43.229837915762715,-22.8810222,-43.229837915762715,-22.8810222
RES_2982,3304557,5745,True,1099,1.0,-43.22809550762082,-22.881089850000002,-43.228235,-22.8816049993234
RES_2983,3304557,1413,True,581,1.0,-43.22579718766879,-22.877372399999995,-43.225883,-22.8776039993235
RES_2984,3304557,1058,True,408,1.0,-43.216101699999996,-22.8763048,-43.216405,-22.8761159993235
RES_2985,3304557,1058,True,427,3.0,-43.22265235,-22.879790899999996,-43.22222,-22.8797279993235
RES_2986,3304557,938,True,385,1.0,-43.2311067784996,-22.8851456,-43.230385,-22.8846849993233
RES_2987,3304557,669,True,286,1.0,-43.22964548875,-22.88394535,-43.229774,-22.8839479993234
RES_2988,3304557,1985,True,910,1.0,-43.21259679537337,-22.874148999999992,-43.212029,-22.8743509993236
RES_2989,3304557,989,False,0,,-43.23189013044468,-22.88415615,-43.23189013044468,-22.88415615
RES_2990,3304557,663,True,304,1.0,-43.198140264860825,-22.923439100000003,-43.197865,-22.9239679993225
RES_2991,3304557,937,True,409,1.0,-43.196625671312745,-22.923749549999997,-43.196512,-22.9230359993225
RES_2992,3304557,4319,True,2012,2.0,-43.19642606828798,-22.917343199999994,-43.196075,-22.9174139993226
RES_2993,3304557,274,True,130,3.0,-43.19825248773512,-22.9221291,-43.19795,-22.9226369993225
RES_2994,3304557,4923,True,1282,1.0,-43.19906956508315,-22.919588199999996,-43.19916,-22.9192989993226
RES_2995,3304557,769,True,331,1.0,-43.19781595,-22.9192332,-43.197943,-22.9194089993226
RES_2996,3304557,316,True,161,1.0,-43.19916923842105,-22.9235612,-43.199276,-22.9236729993225
RES_2997,3304557,1502,True,717,1.0,-43.214233451954264,-22.923102799999995,-43.213563,-22.9230249993225
RES_2998,3304557,315,True,127,1.0,-43.21403903993833,-22.9208614,-43.214203,-22.9214769993225
RES_2999,3304557,2073,True,900,1.0,-43.208002911771416,-22.930427899999998,-43.208947,-22.9309269993223
RES_3000,3304557,7318,True,3491,1.0,-43.2106979,-22.9243298,-43.210489,-22.9248709993224
RES_3001,3304557,7037,True,3319,1.0,-43.20922685,-22.91954655,-43.209847,-22.9194759993226
RES_3002,3304557,4187,True,1675,1.0,-43.20033157533849,-22.930142699999998,-43.201441,-22.9310889993223
RES_3003,3304557,5146,True,2278,3.0,-43.20367938349943,-22.926161450000002,-43.20399,-22.9250869993224
RES_3004,3304557,413,True,166,1.0,-43.205565219214066,-22.921290949999992,-43.205172,-22.9213189993225
RES_3005,3304557,1317,True,289,1.0,-43.2030743,-22.921782649999997,-43.202875,-22.9213989993225
RES_3006,3304557,1052,True,361,1.0,-43.214907626535776,-22.926339549999994,-43.214379,-22.9264679993224
RES_3007,3304557,1524,True,447,1.0,-43.21632333337584,-22.925713449999996,-43.215402,-22.9257449993224
RES_3008,3304557,487,True,171,1.0,-43.201569922032746,-22.923530449999994,-43.201814,-22.9233929993225
RES_3009,3304557,1140,True,480,3.0,-43.217758997320374,-22.92629135,-43.21695,-22.9253769993224
RES_3010,3304557,537,True,252,1.0,-43.20161091831947,-22.931756549999992,-43.202178,-22.9323459993222
RES_3011,3304557,387,True,109,1.0,-43.21614925,-22.927424049999992,-43.216163,-22.9274839993224
RES_3012,3304557,198,True,86,3.0,-43.21263078749277,-22.93492715,-43.212685,-22.9348109993222
RES_3013,3304557,391,True,203,1.0,-43.21425744487979,-22.928033399999997,-43.214386,-22.9279259993224
RES_3014,3304557,392,True,136,1.0,-43.210650582881236,-22.93575345,-43.210525,-22.9357599993222
RES_3015,3304557,975,False,0,,-43.21728460243902,-22.931094899999998,-43.21728460243902,-22.931094899999998
RES_3016,3304557,1893,True,779,1.0,-43.19869313873698,-22.926852750000002,-43.199898,-22.9278819993224
RES_3017,3304557,379,True,160,1.0,-43.19672133783524,-22.92761205,-43.197042,-22.9277259993224
RES_3018,3304557,149,True,72,1.0,-43.205544301695625,-22.92962565,-43.205376,-22.9294709993223
RES_3019,3304557,960,True,371,1.0,-43.204352005438274,-22.9290687,-43.204921,-22.9291449993223
RES_3020,3304557,497,True,173,1.0,-43.21311865104795,-22.936486799999997,-43.213079,-22.9366089993222
RES_3021,3304557,3585,True,1785,1.0,-43.200299799999996,-22.911417999999998,-43.200651,-22.9115399993227
RES_3022,3304557,1160,True,586,1.0,-43.19740425581469,-22.91273955,-43.198241,-22.9126319993227
RES_3023,3304557,3587,True,1534,1.0,-43.20745715141129,-22.917490200000003,-43.208015,-22.9172939993226
RES_3024,3304557,598,True,306,1.0,-43.209228691233164,-22.914044949999997,-43.209165,-22.9135129993227
RES_3025,3304557,5265,True,2379,1.0,-43.20326005,-22.916447499999997,-43.20374,-22.9160869993226
RES_3026,3304557,1686,True,547,1.0,-43.20036006045598,-22.914475100000004,-43.201662,-22.9142339993227
RES_3027,3304557,1179,True,484,1.0,-43.203273615977444,-22.920298499999994,-43.203608,-22.9200529993225
RES_3028,3304557,264,True,63,1.0,-43.20340878860675,-22.918384899999996,-43.203447,-22.9178909993226
RES_3029,3304557,10681,True,1559,3.0,-43.20132546488348,-22.917894649999994,-43.201707,-22.9179999993226
RES_3030,3304557,16995,True,9772,1.0,-43.17688801927869,-22.9384345,-43.176473,-22.9386379993221
RES_3031,3304557,16125,True,9481,2.0,-43.175869998626375,-22.932892649999996,-43.176195,-22.9330199993222
RES_3032,3304557,3772,True,2526,1.0,-43.17573090276447,-22.9273973,-43.175199,-22.9271959993224
RES_3033,3304557,3503,True,2007,1.0,-43.173519998296705,-22.93913264999999,-43.173435,-22.9392629993221
RES_3034,3304557,1,True,1,1.0,-43.17194295,-22.930955299999994,-43.17402,-22.9312759993223
RES_3035,3304557,1610,True,1168,2.0,-43.17369105170041,-22.925297349999997,-43.173649,-22.9254619993224
RES_3036,3304557,1093,True,343,1.0,-43.17970367766628,-22.93788885,-43.179789,-22.9378259993221
RES_3037,3304557,1525,True,1093,1.0,-43.1755213,-22.922564149999996,-43.176937,-22.9221249993225
RES_3038,3304557,5160,True,3503,1.0,-43.178082425226144,-22.919685450000003,-43.17819,-22.9194849993226
RES_3039,3304557,435,True,342,1.0,-43.17425581371215,-22.922392950000003,-43.173527,-22.9224159993225
RES_3040,3304557,9508,True,4852,1.0,-43.19231706379837,-22.940324249999996,-43.191908,-22.9398599993221
RES_3041,3304557,1707,True,989,1.0,-43.191141235461686,-22.935466299999995,-43.191473,-22.9346309993222
RES_3042,3304557,4017,True,2018,1.0,-43.185529602267906,-22.936946550000005,-43.185689,-22.9364879993222
RES_3043,3304557,12722,True,6619,1.0,-43.18554920317062,-22.93362765,-43.186214,-22.9336229993222
RES_3044,3304557,1652,True,842,1.0,-43.18120855,-22.937759749999998,-43.181285,-22.9366099993222
RES_3045,3304557,8554,True,4964,1.0,-43.18086950211354,-22.932609749999997,-43.180309,-22.9330009993222
RES_3046,3304557,538,True,178,1.0,-43.19340450109296,-22.933559949999996,-43.193962,-22.9338569993222
RES_3047,3304557,1284,True,497,1.0,-43.192736556316376,-22.929991899999997,-43.192533,-22.9300539993223
RES_3048,3304557,373,False,0,,-43.18263413333264,-22.9241745,-43.18263413333264,-22.9241745
RES_3049,3304557,3588,True,2411,1.0,-43.1786065133231,-22.92976325,-43.178691,-22.9301499993223
RES_3050,3304557,12808,True,7831,1.0,-43.179109140912516,-22.926615299999995,-43.178336,-22.9260949993224
RES_3051,3304557,689,True,281,1.0,-43.18332345,-22.925223649999996,-43.182799,-22.9250279993224
RES_3052,3304557,1423,True,317,1.0,-43.182792604690526,-22.92765345,-43.183715,-22.9280499993224
RES_3053,3304557,428,False,0,,-43.1821697,-22.926460249999998,-43.1821697,-22.926460249999998
RES_3054,3304557,2986,True,1222,1.0,-43.17935849548323,-22.922971349999997,-43.179341,-22.9233929993225
RES_3055,3304557,72,True,32,1.0,-43.20403910544627,-22.94384135,-43.203257,-22.944834999322
RES_3056,3304557,2330,True,930,1.0,-43.200066439846196,-22.940884149999995,-43.198198,-22.9407529993221
RES_3057,3304557,1140,True,562,1.0,-43.1959679186747,-22.938084899999993,-43.196018,-22.9390099993221
RES_3058,3304557,680,True,210,1.0,-43.201811889987994,-22.9414778,-43.201971,-22.9414899993221
RES_3059,3304557,779,True,257,1.0,-43.20628048794251,-22.9441714,-43.206109,-22.944270999322
RES_3060,3304557,1272,True,455,1.0,-43.20499326718475,-22.942706049999995,-43.204487,-22.942285999322
RES_3061,3304557,135,True,44,1.0,-43.2035328996504,-22.945630549999997,-43.203388,-22.945642999322
RES_3062,3304557,2557,True,1335,1.0,-43.19394026417659,-22.95877455,-43.193615,-22.9589719993217
RES_3063,3304557,12126,True,6685,1.0,-43.193587750014956,-22.95452185,-43.192724,-22.9545149993218
RES_3064,3304557,2162,True,1072,1.0,-43.193076668837705,-22.949358500000002,-43.192589,-22.9501359993219
RES_3065,3304557,1481,True,787,1.0,-43.18361743880473,-22.958309,-43.1842,-22.9582159993217
RES_3066,3304557,16505,True,9058,1.0,-43.186516593837624,-22.95330655,-43.18553,-22.9534349993218
RES_3067,3304557,19988,True,11622,1.0,-43.18622276271621,-22.947495199999995,-43.185055,-22.9469969993219
RES_3068,3304557,1368,True,767,1.0,-43.18420505062468,-22.94308664999999,-43.185012,-22.943049999322
RES_3069,3304557,265,True,140,1.0,-43.17807782205624,-22.95810265,-43.176964,-22.9579559993217
RES_3070,3304557,9159,True,4645,1.0,-43.17939183266424,-22.954095100000004,-43.177726,-22.9533459993218
RES_3071,3304557,454,True,270,1.0,-43.178136743328565,-22.95048465,-43.176549,-22.9508279993218
RES_3072,3304557,4420,True,2542,1.0,-43.18006885260768,-22.94102835,-43.178959,-22.9412399993221
RES_3073,3304557,822,True,410,1.0,-43.17390701969896,-22.955582250000003,-43.174092,-22.9549719993217
RES_3074,3304557,647,True,305,1.0,-43.18863982378697,-22.961976299999996,-43.189021,-22.9619279993216
RES_3075,3304557,745,True,274,1.0,-43.19199659828974,-22.959998999999996,-43.191329,-22.9606119993216
RES_3076,3304557,3854,True,843,3.0,-43.19405533520913,-22.947566899999998,-43.193794,-22.9475819993219
RES_3077,3304557,175,True,56,1.0,-43.17252429495868,-22.955540349999993,-43.172406,-22.9554359993217
RES_3078,3304557,1667,True,714,1.0,-43.16777675,-22.9529329,-43.168025,-22.9533009993218
RES_3079,3304557,2899,True,1660,1.0,-43.162850197973235,-22.94650075,-43.162833,-22.9467489993219
RES_3080,3304557,394,True,31,1.0,-43.157439331686376,-22.945081000000005,-43.157093,-22.9463149993219
RES_3081,3304557,255,True,96,1.0,-43.172393454078936,-22.95522505,-43.172443,-22.9550319993217
RES_3082,3304557,3902,True,1896,1.0,-43.20067980612317,-22.959603499999993,-43.201011,-22.9594629993216
RES_3083,3304557,7171,True,3713,1.0,-43.19904778194217,-22.955138749999996,-43.198952,-22.9554829993217
RES_3084,3304557,1702,True,761,1.0,-43.196242793732395,-22.954932499999998,-43.197126,-22.9558039993217
RES_3085,3304557,269,True,71,3.0,-43.202171960871894,-22.958916450000004,-43.202019,-22.9590069993216
RES_3086,3304557,235,True,173,1.0,-43.17419866799696,-22.962045999999994,-43.174065,-22.9620879993216
RES_3087,3304557,8991,True,5432,1.0,-43.17055003820297,-22.962346149999995,-43.170746,-22.9631049993215
RES_3088,3304557,304,True,148,1.0,-43.164186099999995,-22.961780949999998,-43.166155,-22.9619809993216
RES_3089,3304557,1987,True,827,1.0,-43.1718914507868,-22.96063645,-43.171263,-22.9605519993216
RES_3090,3304557,962,True,424,1.0,-43.16778472102273,-22.960622299999997,-43.16755,-22.9606169993216
RES_3091,3304557,505,True,381,1.0,-43.19010163080155,-22.9871879,-43.190555,-22.986861999321
RES_3092,3304557,17592,True,10725,3.0,-43.19244082599329,-22.98275245,-43.192221,-22.9833589993211
RES_3093,3304557,19318,True,10754,1.0,-43.19191394435035,-22.975949649999997,-43.191596,-22.9757939993213
RES_3094,3304557,8798,True,4025,3.0,-43.19071890286304,-22.968476249999995,-43.190784,-22.9678689993215
RES_3095,3304557,3594,True,1695,2.0,-43.19124545,-22.963773650000004,-43.191159,-22.9640279993215
RES_3096,3304557,368,True,295,1.0,-43.18815086377551,-22.986319099999992,-43.189164,-22.986345999321
RES_3097,3304557,7021,True,4089,3.0,-43.18827030473976,-22.97414255,-43.188388,-22.9743019993213
RES_3098,3304557,29587,True,17874,1.0,-43.186280015386345,-22.96837325,-43.186022,-22.9683919993214
RES_3099,3304557,2534,True,1157,3.0,-43.18345056738519,-22.9639837,-43.183052,-22.9641439993215
RES_3100,3304557,8743,True,5567,1.0,-43.179580927988496,-22.966369099999998,-43.179333,-22.9662279993215
RES_3101,3304557,15151,True,10759,1.0,-43.17712719646381,-22.9632813,-43.176635,-22.9634299993215
RES_3102,3304557,248,True,205,1.0,-43.17393379991128,-22.963366749999995,-43.174745,-22.9630959993216
RES_3103,3304557,801,True,330,1.0,-43.19036029844449,-22.96296305,-43.190437,-22.9629609993216
RES_3104,3304557,706,True,159,1.0,-43.189567439279045,-22.963942999999997,-43.189341,-22.9640329993216
RES_3105,3304557,2427,True,680,1.0,-43.19695897539253,-22.98064094999999,-43.196828,-22.9812389993211
RES_3106,3304557,790,True,292,1.0,-43.194022291353505,-22.966340100000004,-43.194406,-22.9656579993215
RES_3107,3304557,3558,True,1129,1.0,-43.19459250112027,-22.9642979,-43.194777,-22.9640129993215
RES_3108,3304557,6504,True,2097,1.0,-43.19382899709913,-22.980269699999994,-43.193841,-22.9801299993212
RES_3109,3304557,674,True,150,1.0,-43.19411395823432,-22.979202900000004,-43.193456,-22.9796709993212
RES_3110,3304557,1693,True,1058,1.0,-43.21404138722949,-22.984309599999996,-43.213575,-22.9845649993211
RES_3111,3304557,11392,True,6680,1.0,-43.20842354534608,-22.98370915,-43.209074,-22.9836119993211
RES_3112,3304557,14959,True,9057,1.0,-43.20136883401981,-22.982699049999997,-43.201202,-22.9834099993211
RES_3113,3304557,680,True,488,1.0,-43.19321415,-22.987317299999997,-43.193707,-22.987564999321
RES_3114,3304557,5675,True,3560,1.0,-43.19498284389932,-22.985417749999996,-43.195082,-22.9850459993211
RES_3115,3304557,2993,True,1016,3.0,-43.197805849999995,-22.9813717,-43.197947,-22.9814669993211
RES_3116,3304557,729,True,383,1.0,-43.229151559404976,-22.987989849999998,-43.229439,-22.987648999321
RES_3117,3304557,7308,True,3797,1.0,-43.23141770416163,-22.9856075,-43.231496,-22.985285999321
RES_3118,3304557,255,True,177,1.0,-43.22754815,-22.98759245,-43.227518,-22.987720999321
RES_3119,3304557,15766,True,9346,2.0,-43.22450980379427,-22.9836374,-43.224311,-22.9837979993211
RES_3120,3304557,1458,True,895,1.0,-43.22403155147499,-22.978536250000005,-43.223555,-22.9785429993212
RES_3121,3304557,11856,True,6676,1.0,-43.218425986531685,-22.9825712,-43.21824,-22.9831139993211
RES_3122,3304557,337,True,190,1.0,-43.2205571,-22.979610299999997,-43.220787,-22.9795039993212
RES_3123,3304557,395,True,206,1.0,-43.21539163903759,-22.979688549999995,-43.209894,-22.9808649993211
RES_3124,3304557,1941,True,831,1.0,-43.216780233334475,-22.967671850000002,-43.217866,-22.9664989993215
RES_3125,3304557,479,True,224,1.0,-43.2137255,-22.962891599999995,-43.211461,-22.9617119993216
RES_3126,3304557,882,True,496,1.0,-43.20579445456593,-22.973369400000006,-43.205943,-22.9738219993213
RES_3127,3304557,645,True,355,1.0,-43.20721130742936,-22.971999999999998,-43.206949,-22.9709969993214
RES_3128,3304557,2397,True,1223,2.0,-43.207225883101145,-22.961452899999998,-43.207901,-22.9620569993216
RES_3129,3304557,495,True,263,1.0,-43.2034921643903,-22.980149849999997,-43.203161,-22.9800019993212
RES_3130,3304557,2760,True,1460,1.0,-43.198091700000006,-22.975696449999994,-43.198202,-22.9762329993213
RES_3131,3304557,3673,True,1765,1.0,-43.20276839766828,-22.96732075,-43.202665,-22.9670409993215
RES_3132,3304557,3672,True,1818,1.0,-43.20270795138961,-22.96285415,-43.202333,-22.9627409993216
RES_3133,3304557,1337,True,630,1.0,-43.196267872236504,-22.977188749999996,-43.196563,-22.9771599993212
RES_3134,3304557,131,True,59,1.0,-43.23675000115489,-22.9657641,-43.236154,-22.9665059993215
RES_3135,3304557,1272,True,638,1.0,-43.23159569909292,-22.96625145,-43.232947,-22.9659939993215
RES_3136,3304557,312,True,127,3.0,-43.2284349810799,-22.96832765,-43.231001,-22.9669089993215
RES_3137,3304557,3555,True,1609,1.0,-43.224020351968505,-22.9647689,-43.223228,-22.9635839993216
RES_3138,3304557,426,True,224,1.0,-43.2196989770098,-22.965837600000008,-43.219193,-22.9657499993215
RES_3139,3304557,4660,True,2464,1.0,-43.21782381675217,-22.96195965,-43.217694,-22.9629339993216
RES_3140,3304557,2644,True,1426,2.0,-43.207393189074814,-22.959585349999998,-43.20728,-22.9601759993216
RES_3141,3304557,506,True,237,1.0,-43.20650499573085,-22.95746239999999,-43.207292,-22.9583609993217
RES_3142,3304557,1252,True,637,1.0,-43.203161069861096,-22.9589401,-43.204388,-22.9594589993216
RES_3143,3304557,512,True,189,1.0,-43.238389941718424,-22.9674576,-43.23804,-22.9673279993215
RES_3144,3304557,601,True,211,1.0,-43.231234145802446,-22.9678598,-43.232933,-22.9688489993214
RES_3145,3304557,1646,True,497,1.0,-43.2407223844246,-22.984595449999997,-43.237808,-22.9823389993211
RES_3146,3304557,579,True,253,1.0,-43.23297348792315,-22.980313100000004,-43.235316,-22.9806069993212
RES_3147,3304557,5226,True,2766,1.0,-43.2314054110481,-22.977001499999993,-43.231022,-22.9773799993212
RES_3148,3304557,4662,True,2432,1.0,-43.227343106195505,-22.976641200000003,-43.227598,-22.9756689993213
RES_3149,3304557,1987,True,239,1.0,-43.24189738597695,-22.98123465,-43.241155,-22.9809749993212
RES_3150,3304557,394,True,225,1.0,-43.237747347091,-22.99607689999999,-43.236342,-22.9942429993209
RES_3151,3304557,2491,True,715,1.0,-43.23877537578937,-22.993437649999997,-43.237725,-22.9937479993208
RES_3152,3304557,261,True,131,1.0,-43.233839809248934,-22.993524799999996,-43.234108,-22.9927419993209
RES_3153,3304557,591,True,254,1.0,-43.23321003778855,-22.990375,-43.233268,-22.9904349993209
RES_3154,3304557,2133,True,248,1.0,-43.24459945258513,-22.996232,-43.244617,-22.9956299993208
RES_3155,3304557,7876,True,2163,1.0,-43.23967317119266,-22.99566829999999,-43.23952,-22.9958289993208
RES_3156,3304557,608,True,247,1.0,-43.240628741946736,-22.994358199999997,-43.240541,-22.9944879993208
RES_3157,3304557,758,True,120,1.0,-43.23596995812494,-22.9954513,-43.236125,-22.9958709993208
RES_3158,3304557,66,True,17,1.0,-43.27937745,-22.9877218,-43.279592,-22.987635999321
RES_3159,3304557,1492,True,668,1.0,-43.27108647820313,-22.999867149999993,-43.271328,-22.9987179993207
RES_3160,3304557,469,True,303,1.0,-43.27323334757476,-22.987810550000003,-43.273024,-22.9927879993209
RES_3161,3304557,648,True,348,1.0,-43.266640720191106,-22.998872849999998,-43.26624,-22.9993709993207
RES_3162,3304557,2160,True,953,2.0,-43.25762747455112,-22.996249699999996,-43.25796,-22.9962539993208
RES_3163,3304557,2803,True,1274,1.0,-43.25436385,-22.994033549999994,-43.255554,-22.9939979993208
RES_3164,3304557,555,True,333,1.0,-43.25126964557148,-22.997939649999996,-43.255458,-22.9966449993208
RES_3165,3304557,678,True,304,1.0,-43.26978442444832,-22.9951785,-43.269687,-22.9951429993208
RES_3166,3304557,364,True,158,1.0,-43.270384857375,-22.9945004,-43.270285,-22.9946819993208
RES_3167,3304557,504,True,205,1.0,-43.271561756758956,-22.99366,-43.271514,-22.9935059993209
RES_3168,3304557,2384,True,233,1.0,-43.230858749999996,-22.9063992,-43.231071,-22.901298999323
RES_3169,3304557,3563,True,1520,1.0,-43.23088677201871,-22.896995950000008,-43.231306,-22.8976509993231
RES_3170,3304557,946,True,422,1.0,-43.23325485330739,-22.892517699999992,-43.231271,-22.8918409993232
RES_3171,3304557,2922,True,1460,1.0,-43.22630331694872,-22.9013335,-43.224732,-22.9023489993229
RES_3172,3304557,2732,True,1343,2.0,-43.22824658113381,-22.898849699999996,-43.227756,-22.898340999323
RES_3173,3304557,284,True,160,1.0,-43.2231798,-22.888776149999998,-43.223713,-22.8885419993233
RES_3174,3304557,249,True,141,1.0,-43.21777083872855,-22.9076244,-43.216134,-22.9065999993228
RES_3175,3304557,4330,True,2223,1.0,-43.2204009414105,-22.9030616,-43.219299,-22.9029479993229
RES_3176,3304557,2084,True,752,1.0,-43.22118905000001,-22.896893699999993,-43.219432,-22.898437999323
RES_3177,3304557,1686,True,887,1.0,-43.21979287412973,-22.89246905,-43.220385,-22.8919709993232
RES_3178,3304557,267,True,163,1.0,-43.212279993359786,-22.90464184999999,-43.213359,-22.9044759993229
RES_3179,3304557,1371,True,553,1.0,-43.23190630721305,-22.894612549999998,-43.23217,-22.8944819993231
RES_3180,3304557,28,True,11,1.0,-43.235421771895005,-22.9003716,-43.235376,-22.900595999323
RES_3181,3304557,695,True,259,1.0,-43.23450331934972,-22.8977254,-43.234528,-22.8977829993231
RES_3182,3304557,3266,True,531,1.0,-43.23274365,-22.89812655,-43.233458,-22.899311999323
RES_3183,3304557,1209,False,0,,-43.231771800000004,-22.901941500000003,-43.231771800000004,-22.901941500000003
RES_3184,3304557,989,False,0,,-43.237226714599835,-22.906428199999997,-43.237226714599835,-22.906428199999997
RES_3185,3304557,2297,True,806,1.0,-43.23452885679136,-22.90806719999999,-43.237955,-22.9065949993228
RES_3186,3304557,1514,True,404,1.0,-43.23520010621372,-22.90746124999999,-43.233462,-22.9063879993228
RES_3187,3304557,4607,True,1346,1.0,-43.23844530059725,-22.904553099999998,-43.238403,-22.9048899993229
RES_3188,3304557,2339,True,931,1.0,-43.23811373122727,-22.902108749999993,-43.238202,-22.902146999323
RES_3189,3304557,2866,True,710,1.0,-43.236412579356056,-22.902547650000002,-43.236481,-22.902181999323
RES_3190,3304557,387,True,154,1.0,-43.232727154759345,-22.90794109999999,-43.232797,-22.9080709993228
RES_3191,3304557,1938,True,752,3.0,-43.233958152007666,-22.906436,-43.233997,-22.9064999993229
RES_3192,3304557,824,True,299,1.0,-43.232634000000004,-22.904920949999998,-43.232602,-22.9048709993229
RES_3193,3304557,486,True,227,1.0,-43.233018255443625,-22.901757299999996,-43.232904,-22.901718999323
RES_3194,3304557,2507,True,937,1.0,-43.247794724129534,-22.89059315,-43.247532,-22.8901559993232
RES_3195,3304557,1870,True,787,2.0,-43.250500494934755,-22.8836674,-43.250826,-22.8849859993234
RES_3196,3304557,3357,True,1623,1.0,-43.23971039082278,-22.898189799999997,-43.240162,-22.8970079993231
RES_3197,3304557,1846,True,850,1.0,-43.24020478121312,-22.890717299999995,-43.241385,-22.8913479993232
RES_3198,3304557,1452,True,157,1.0,-43.23561055314735,-22.89654385,-43.235939,-22.899668999323
RES_3199,3304557,3505,True,1349,1.0,-43.235283087321605,-22.890514699999994,-43.234964,-22.8902099993232
RES_3200,3304557,142,True,93,1.0,-43.23231481915506,-22.887983149999997,-43.232278,-22.8880679993233
RES_3201,3304557,186,True,82,1.0,-43.2336506464808,-22.8943059,-43.23344,-22.8943329993231
RES_3202,3304557,227,True,94,2.0,-43.23582020671107,-22.900350849999995,-43.235816,-22.900197999323
RES_3203,3304557,2001,True,222,1.0,-43.238161146241644,-22.8899047,-43.236913,-22.8887289993233
RES_3204,3304557,773,True,365,1.0,-43.235009534558806,-22.88758995,-43.235324,-22.8879149993233
RES_3205,3304557,614,True,266,1.0,-43.2385939608209,-22.891786649999997,-43.238411,-22.8916789993232
RES_3206,3304557,159,True,60,1.0,-43.235605672078854,-22.8990583,-43.235312,-22.899184999323
RES_3207,3304557,2964,True,874,1.0,-43.240978,-22.889345499999997,-43.241066,-22.8890099993232
RES_3208,3304557,726,True,322,1.0,-43.250039,-22.883415,-43.250251,-22.8840499993234
RES_3209,3304557,82,True,44,1.0,-43.2459604,-22.890837849999997,-43.246132,-22.8909419993232
RES_3210,3304557,250,True,103,1.0,-43.24663274566246,-22.889203599999995,-43.246717,-22.8893469993233
RES_3211,3304557,2866,True,1557,1.0,-43.21618537379442,-22.91210765,-43.215626,-22.9117559993227
RES_3212,3304557,1282,True,770,1.0,-43.21178500288933,-22.9151515,-43.211666,-22.9153379993227
RES_3213,3304557,3067,True,1753,1.0,-43.21153953238536,-22.91325845,-43.212021,-22.9128219993227
RES_3214,3304557,385,True,212,1.0,-43.260329073501715,-22.945038149999995,-43.260197,-22.944868999322
RES_3215,3304557,1699,True,837,1.0,-43.254295342971695,-22.9459734,-43.255287,-22.9457179993219
RES_3216,3304557,2436,True,1135,1.0,-43.25565622439281,-22.943073849999998,-43.254743,-22.942699999322
RES_3217,3304557,4080,True,1959,1.0,-43.248895406283154,-22.938594100000003,-43.248164,-22.9391989993221
RES_3218,3304557,8731,True,4108,1.0,-43.246867650940146,-22.932727399999997,-43.247014,-22.9329279993222
RES_3219,3304557,1480,True,711,1.0,-43.24386053333792,-22.941125650000004,-43.244182,-22.9406139993221
RES_3220,3304557,16742,True,8258,1.0,-43.239790596168845,-22.932650749999993,-43.24104,-22.9328069993222
RES_3221,3304557,9310,True,4220,1.0,-43.2406684,-22.928090449999996,-43.240321,-22.9277349993224
RES_3222,3304557,6927,True,3326,1.0,-43.23325602596883,-22.930081,-43.234272,-22.9306009993223
RES_3223,3304557,13863,True,7145,1.0,-43.233208403479665,-22.9259116,-43.232759,-22.9262059993224
RES_3224,3304557,6692,True,3429,2.0,-43.232270855330455,-22.919829549999996,-43.232561,-22.9206569993225
RES_3225,3304557,16839,True,8575,1.0,-43.22633437234073,-22.924540399999998,-43.225959,-22.9248479993224
RES_3226,3304557,7964,True,4211,1.0,-43.225268857886306,-22.919408849999996,-43.224608,-22.9193929993225
RES_3227,3304557,8549,True,3558,1.0,-43.219631106408016,-22.923081749999998,-43.21914,-22.9234619993225
RES_3228,3304557,16118,True,7986,1.0,-43.21782316122595,-22.919108,-43.217791,-22.9186479993226
RES_3229,3304557,414,True,200,1.0,-43.21749329411079,-22.914776499999995,-43.218676,-22.9151099993227
RES_3230,3304557,1039,True,608,1.0,-43.21317889828998,-22.918245149999997,-43.212637,-22.9181989993226
RES_3231,3304557,205,True,76,1.0,-43.24769,-22.941653600000002,-43.247625,-22.9416309993221
RES_3232,3304557,5378,True,959,1.0,-43.25394268378888,-22.9394099,-43.254004,-22.9395819993221
RES_3233,3304557,1695,True,629,1.0,-43.254855,-22.935108749999998,-43.254682,-22.9357099993222
RES_3234,3304557,619,True,242,3.0,-43.2523066,-22.939051749999997,-43.252293,-22.9391289993221
RES_3235,3304557,29,True,8,1.0,-43.25044113855042,-22.934236049999996,-43.250015,-22.9343769993222
RES_3236,3304557,377,True,145,3.0,-43.23295472787514,-22.93539755,-43.233124,-22.9352599993222
RES_3237,3304557,208,True,82,1.0,-43.2490539246982,-22.93091465,-43.248832,-22.9307219993223
RES_3238,3304557,614,True,66,3.0,-43.25278985373378,-22.940642199999996,-43.253533,-22.9416179993221
RES_3239,3304557,656,True,309,1.0,-43.25042085245792,-22.9376519,-43.249869,-22.9374939993221
RES_3240,3304557,1093,True,425,1.0,-43.24874845,-22.93663975,-43.248981,-22.9364209993222
RES_3241,3304557,352,True,87,1.0,-43.24506135370287,-22.941402599999996,-43.244898,-22.9416599993221
RES_3242,3304557,2411,True,847,3.0,-43.241839104038775,-22.9412968,-43.242538,-22.941554999322
RES_3243,3304557,1555,True,609,1.0,-43.21699017588608,-22.925193799999995,-43.217133,-22.9254379993224
RES_3244,3304557,1141,False,0,,-43.219651299999995,-22.92658815,-43.219651299999995,-22.92658815
RES_3245,3304557,1850,True,632,1.0,-43.22678016345641,-22.930385200000003,-43.22743,-22.9306339993223
RES_3246,3304557,1458,True,517,1.0,-43.22587554395237,-22.9291183,-43.225951,-22.9289769993224
RES_3247,3304557,84,True,35,1.0,-43.29887977673501,-22.970350349999993,-43.298813,-22.9703029993214
RES_3248,3304557,434,True,230,1.0,-43.2947839,-22.9698135,-43.295271,-22.9702429993214
RES_3249,3304557,714,False,0,,-43.2834187,-22.9739109,-43.2834187,-22.9739109
RES_3250,3304557,344,True,142,1.0,-43.279479639964926,-22.975833050000006,-43.28011,-22.9749089993213
RES_3251,3304557,135,False,0,,-43.281323321181176,-22.970017149999997,-43.281323321181176,-22.970017149999997
RES_3252,3304557,106,False,0,,-43.28084743299701,-22.964265299999994,-43.28084743299701,-22.964265299999994
RES_3253,3304557,15,True,12,1.0,-43.28065823085107,-22.955767599999998,-43.285122,-22.9579969993217
RES_3254,3304557,56,True,37,1.0,-43.27263466762031,-22.971489900000005,-43.273815,-22.9728679993213
RES_3255,3304557,361,True,176,1.0,-43.27299915424107,-22.962277249999996,-43.272514,-22.9614809993216
RES_3256,3304557,1693,True,653,1.0,-43.26151359635155,-22.947266049999996,-43.26207,-22.9473859993219
RES_3257,3304557,822,True,377,1.0,-43.258547850187526,-22.9466032,-43.258649,-22.9476869993219
RES_3258,3304557,4,True,5,1.0,-43.2368414,-22.9516037,-43.218893,-22.9339699993222
RES_3259,3304557,157,True,68,1.0,-43.29431970940966,-22.97930699999999,-43.29422,-22.9795269993212
RES_3260,3304557,206,True,92,1.0,-43.264134736168046,-22.946671100000003,-43.263717,-22.9467299993219
RES_3261,3304557,1006,True,432,1.0,-43.28480517587017,-22.970794950000002,-43.284906,-22.9712629993214
RES_3262,3304557,1766,True,615,1.0,-43.28520965,-22.976062149999997,-43.284776,-22.9759339993213
RES_3263,3304557,176,True,66,1.0,-43.29251455,-22.977948050000002,-43.29279,-22.9777119993212
RES_3264,3304557,940,True,535,1.0,-43.23746315810934,-22.912439199999994,-43.237714,-22.9113069993228
RES_3265,3304557,7390,True,3721,1.0,-43.23274691637792,-22.916835649999996,-43.232617,-22.9167989993226
RES_3266,3304557,2948,True,1285,1.0,-43.232573083010486,-22.9141355,-43.233377,-22.9140439993227
RES_3267,3304557,3649,True,1854,1.0,-43.2244037553012,-22.9162744,-43.224163,-22.9158329993226
RES_3268,3304557,3661,True,1750,1.0,-43.223839208454216,-22.9131467,-43.224501,-22.9142869993227
RES_3269,3304557,4091,True,2002,1.0,-43.219623936847825,-22.912845350000005,-43.219956,-22.9127359993227
RES_3270,3304557,236,True,91,1.0,-43.23738335,-22.908876250000002,-43.237401,-22.9088789993228
RES_3271,3304557,1615,True,848,1.0,-43.2610066,-22.917341899999997,-43.261617,-22.9171049993226
RES_3272,3304557,8297,True,4380,1.0,-43.25571719519276,-22.917495399999993,-43.256217,-22.9180889993226
RES_3273,3304557,2266,True,952,1.0,-43.25408365244935,-22.914139050000003,-43.254506,-22.9141159993227
RES_3274,3304557,6440,True,3408,1.0,-43.24887932743776,-22.917675999999993,-43.24815,-22.9175379993226
RES_3275,3304557,8570,True,4456,1.0,-43.24772997003196,-22.913455949999996,-43.247894,-22.9131839993227
RES_3276,3304557,3233,True,1877,1.0,-43.23901254483512,-22.922910449999996,-43.239164,-22.9232919993225
RES_3277,3304557,14328,True,7355,1.0,-43.241420304251264,-22.918281450000002,-43.240559,-22.9185359993226
RES_3278,3304557,8692,True,4480,1.0,-43.2415282,-22.912744,-43.241427,-22.9122529993227
RES_3279,3304557,402,True,226,1.0,-43.236634690192595,-22.922602949999998,-43.236397,-22.9226539993225
RES_3280,3304557,2091,True,1092,1.0,-43.236063704439516,-22.919960099999997,-43.23638,-22.9204259993225
RES_3281,3304557,394,True,224,1.0,-43.23686725978506,-22.913698149999995,-43.237436,-22.9136729993227
RES_3282,3304557,751,True,185,1.0,-43.2549041246383,-22.913116799999997,-43.255736,-22.9132509993227
RES_3283,3304557,2028,True,711,1.0,-43.25163474710113,-22.912495800000002,-43.250903,-22.9122489993227
RES_3284,3304557,1071,True,475,1.0,-43.26097205,-22.9145744,-43.261175,-22.9143219993227
RES_3285,3304557,440,True,190,1.0,-43.25699329161212,-22.9158129,-43.256352,-22.9158489993226
RES_3286,3304557,5172,True,1989,1.0,-43.258457099999994,-22.91439185,-43.258123,-22.9141199993227
RES_3287,3304557,1346,True,625,1.0,-43.25310474571689,-22.93019485,-43.253772,-22.9302189993223
RES_3288,3304557,4818,True,2321,1.0,-43.25490680059973,-22.926504949999998,-43.253912,-22.9262609993224
RES_3289,3304557,224,True,167,1.0,-43.2527647337838,-22.921365149999996,-43.251491,-22.9204699993225
RES_3290,3304557,13362,True,7162,1.0,-43.2480455,-22.92510945,-43.248274,-22.9257939993224
RES_3291,3304557,2389,True,1215,1.0,-43.24955225000001,-22.921002350000002,-43.2492,-22.9212839993225
RES_3292,3304557,3829,True,2140,1.0,-43.244065153218564,-22.9241052,-43.243456,-22.9243469993225
RES_3293,3304557,637,True,269,1.0,-43.24299915,-22.921816749999998,-43.243121,-22.9217269993225
RES_3294,3304557,3584,True,1491,1.0,-43.25656995,-22.9330715,-43.256859,-22.9328159993223
RES_3295,3304557,109,True,47,1.0,-43.25365262154145,-22.9332546,-43.253665,-22.9334009993222
RES_3296,3304557,400,True,178,1.0,-43.24897325,-22.929633599999995,-43.248912,-22.9296019993223
RES_3297,3304557,773,True,304,1.0,-43.260370156824095,-22.932222000000003,-43.26076,-22.9330039993222
RES_3298,3304557,1714,True,713,1.0,-43.25865630481919,-22.932602449999997,-43.258972,-22.9330659993222
RES_3299,3304557,1312,True,570,1.0,-43.25177820634966,-22.93116865,-43.252015,-22.9310419993223
RES_3300,3304557,79,True,40,1.0,-43.259248040909085,-22.930634249999997,-43.259281,-22.9305619993223
RES_3301,3304557,644,True,281,1.0,-43.268398503486296,-22.921189299999998,-43.269124,-22.9208819993225
RES_3302,3304557,6881,True,3540,1.0,-43.26454495,-22.9251913,-43.263472,-22.9247739993224
RES_3303,3304557,7721,True,4054,1.0,-43.26434597928984,-22.920393150000002,-43.264732,-22.9196879993226
RES_3304,3304557,8881,True,4312,1.0,-43.25821284999999,-22.9250373,-43.25728,-22.9254569993224
RES_3305,3304557,3961,True,2083,1.0,-43.25734664612128,-22.92060885,-43.256792,-22.9214819993225
RES_3306,3304557,498,True,198,1.0,-43.2663413,-22.930875899999997,-43.266206,-22.9306379993223
RES_3307,3304557,105,True,40,1.0,-43.26167369360168,-22.932405850000002,-43.259492,-22.9335329993222
RES_3308,3304557,155,True,51,1.0,-43.26452900100857,-22.915821699999995,-43.26188,-22.9185849993226
RES_3309,3304557,922,True,373,1.0,-43.264826844822196,-22.930455849999994,-43.264322,-22.9298529993223
RES_3310,3304557,869,True,372,1.0,-43.26454440096639,-22.9292591,-43.264612,-22.9296119993223
RES_3311,3304557,738,True,288,1.0,-43.26126518274579,-22.92988425,-43.261155,-22.9299399993223
RES_3312,3304557,904,True,400,1.0,-43.26257371237839,-22.929532299999998,-43.262483,-22.9296339993223
RES_3313,3304557,537,True,236,1.0,-43.2599748,-22.93041215,-43.259963,-22.9304639993223
RES_3314,3304557,567,True,237,1.0,-43.25474029251186,-22.87675215,-43.254639,-22.8767379993235
RES_3315,3304557,5628,True,2179,1.0,-43.24781140369791,-22.8833277,-43.247236,-22.8834499993234
RES_3316,3304557,912,True,479,1.0,-43.25011135,-22.874333200000002,-43.250109,-22.8741029993236
RES_3317,3304557,4313,True,1662,1.0,-43.243648699999994,-22.882337800000002,-43.243904,-22.8832529993234
RES_3318,3304557,373,True,147,1.0,-43.25320879922084,-22.88258675,-43.253243,-22.8824929993234
RES_3319,3304557,4508,True,1396,1.0,-43.25188107755835,-22.881243400000002,-43.252083,-22.8818159993234
RES_3320,3304557,1433,True,338,1.0,-43.24462754768942,-22.883483450000004,-43.244689,-22.8835129993234
RES_3321,3304557,1559,True,649,1.0,-43.24908555157285,-22.881285699999996,-43.248152,-22.8811489993234
RES_3322,3304557,898,True,315,1.0,-43.25101,-22.881148499999995,-43.250923,-22.8812289993234
RES_3323,3304557,527,True,188,1.0,-43.252151795544655,-22.877024099999996,-43.252286,-22.8769109993235
RES_3324,3304557,2823,True,1171,1.0,-43.24801650526365,-22.874815599999998,-43.24851,-22.8749419993236
RES_3325,3304557,1841,True,738,1.0,-43.24131267470817,-22.888455800000003,-43.24163,-22.8884949993233
RES_3326,3304557,511,True,251,1.0,-43.2539789,-22.87916315,-43.253934,-22.8791199993235
RES_3327,3304557,2619,True,932,1.0,-43.254068270660625,-22.877118450000005,-43.253754,-22.8775529993235
RES_3328,3304557,343,True,153,1.0,-43.25269485,-22.878371849999997,-43.252642,-22.8784099993235
RES_3329,3304557,304,True,179,1.0,-43.261794699999996,-22.86811595,-43.259711,-22.8680709993237
RES_3330,3304557,508,True,151,1.0,-43.255699750000005,-22.875734599999994,-43.255964,-22.8757079993236
RES_3331,3304557,1827,True,878,1.0,-43.25627855,-22.867817249999995,-43.255828,-22.8687499993237
RES_3332,3304557,6506,True,3210,1.0,-43.255407592643145,-22.861824,-43.256079,-22.8617019993239
RES_3333,3304557,1874,True,987,1.0,-43.24966770603022,-22.867253850000004,-43.251415,-22.8674019993237
RES_3334,3304557,2576,True,1339,1.0,-43.249830208916926,-22.861799899999998,-43.251497,-22.8618409993239
RES_3335,3304557,1374,True,602,1.0,-43.25585315809937,-22.872056200000003,-43.255418,-22.8723939993237
RES_3336,3304557,785,True,146,3.0,-43.24914210416117,-22.86842655,-43.249133,-22.8681439993237
RES_3337,3304557,1118,True,473,1.0,-43.25516392295621,-22.87117885,-43.255311,-22.8713279993237
RES_3338,3304557,3337,True,1498,1.0,-43.263163753353524,-22.8601471,-43.263446,-22.8601249993239
RES_3339,3304557,3471,True,1637,1.0,-43.26411363829372,-22.856350199999994,-43.26374,-22.855286999324
RES_3340,3304557,237,True,188,1.0,-43.26179880446111,-22.85005505,-43.261771,-22.8503689993241
RES_3341,3304557,2465,True,1156,1.0,-43.26019934556377,-22.860175449999996,-43.259641,-22.8595259993239
RES_3342,3304557,8794,True,4257,1.0,-43.258360648347534,-22.8539424,-43.257409,-22.8538179993241
RES_3343,3304557,4038,True,1892,1.0,-43.2562602,-22.846511749999998,-43.25678,-22.8477219993242
RES_3344,3304557,167,True,74,2.0,-43.25543205390784,-22.842131649999992,-43.256563,-22.8435689993243
RES_3345,3304557,3362,True,1628,2.0,-43.2518727,-22.8523536,-43.252065,-22.8530169993241
RES_3346,3304557,2678,True,1297,1.0,-43.250218772028234,-22.848428350000006,-43.251257,-22.8477199993242
RES_3347,3304557,165,True,68,1.0,-43.252129600025484,-22.84279715,-43.252191,-22.8430169993243
RES_3348,3304557,1411,True,577,1.0,-43.24835395257354,-22.847932349999994,-43.248094,-22.8476609993242
RES_3349,3304557,177,True,64,1.0,-43.24853676935046,-22.850347600000003,-43.24841,-22.8503289993242
RES_3350,3304557,246,True,84,1.0,-43.25511307827922,-22.847387149999996,-43.255081,-22.8473019993242
RES_3351,3304557,2313,True,978,1.0,-43.24930438233113,-22.849228149999995,-43.249495,-22.8492979993242
RES_3352,3304557,135,True,63,1.0,-43.25474480672014,-22.841697500000002,-43.254404,-22.8416529993243
RES_3353,3304557,269,True,115,1.0,-43.25139877818568,-22.8500057,-43.251407,-22.8498709993242
RES_3354,3304557,245,True,100,1.0,-43.25006688074187,-22.8541119,-43.250239,-22.854191999324
RES_3355,3304557,459,True,197,1.0,-43.25020505,-22.850984,-43.250265,-22.8510099993241
RES_3356,3304557,484,True,195,1.0,-43.253993098553295,-22.85423565,-43.254,-22.854134999324
RES_3357,3304557,2839,True,1266,1.0,-43.278740350677154,-22.852215700000002,-43.278807,-22.8519469993241
RES_3358,3304557,6885,True,3067,1.0,-43.27422583927813,-22.853143299999992,-43.273782,-22.8525859993241
RES_3359,3304557,8385,True,3680,1.0,-43.272781008214174,-22.8480948,-43.272567,-22.8485099993242
RES_3360,3304557,5476,True,2577,1.0,-43.26771691671007,-22.8538693,-43.267261,-22.8535529993241
RES_3361,3304557,9652,True,4904,1.0,-43.26465703807379,-22.847114549999993,-43.264597,-22.8466389993242
RES_3362,3304557,3712,True,1797,1.0,-43.264188700000005,-22.840622449999998,-43.264593,-22.8401329993244
RES_3363,3304557,1899,True,928,1.0,-43.25913905,-22.844045799999996,-43.259782,-22.8446509993243
RES_3364,3304557,2525,True,1209,1.0,-43.259236645010354,-22.842242350000003,-43.25946,-22.8410299993244
RES_3365,3304557,1193,True,484,1.0,-43.2771599,-22.848700600000004,-43.27796,-22.8488689993242
RES_3366,3304557,2440,True,1037,1.0,-43.27654435,-22.847039699999996,-43.275914,-22.8470529993242
RES_3367,3304557,309,True,107,1.0,-43.27148665,-22.847887550000003,-43.271462,-22.8479679993242
RES_3368,3304557,928,True,377,1.0,-43.280802699999995,-22.85115464999999,-43.281411,-22.8511639993241
RES_3369,3304557,1690,True,738,1.0,-43.281154428597915,-22.849252500000002,-43.280751,-22.8498209993242
RES_3370,3304557,1530,True,586,1.0,-43.28747722754747,-22.8507915,-43.287288,-22.8511319993241
RES_3371,3304557,1759,True,718,1.0,-43.28440658167183,-22.851526749999998,-43.284555,-22.8513239993241
RES_3372,3304557,5651,True,2510,1.0,-43.288162089069615,-22.8461797,-43.28854,-22.8461989993242
RES_3373,3304557,1821,True,849,1.0,-43.28671441689052,-22.8422885,-43.286359,-22.8413409993243
RES_3374,3304557,3298,True,1491,2.0,-43.282449683761094,-22.84458,-43.282106,-22.8451159993243
RES_3375,3304557,5964,True,3121,1.0,-43.282111043538016,-22.839372549999993,-43.281142,-22.8398749993244
RES_3376,3304557,1735,True,958,1.0,-43.27931791046875,-22.8338168,-43.279083,-22.8341679993245
RES_3377,3304557,260,True,134,1.0,-43.272081158290824,-22.84352135,-43.272069,-22.8432139993243
RES_3378,3304557,11894,True,5528,1.0,-43.274217679254946,-22.839369849999997,-43.273961,-22.8390539993244
RES_3379,3304557,3395,True,1933,2.0,-43.273431007595576,-22.8325836,-43.273513,-22.8327769993246
RES_3380,3304557,2237,True,997,2.0,-43.26778227734782,-22.839483799999996,-43.267651,-22.8380759993244
RES_3381,3304557,417,True,251,1.0,-43.266123730342926,-22.8348534,-43.270054,-22.8346569993245
RES_3382,3304557,1416,True,774,1.0,-43.29619548407748,-22.84637745,-43.296233,-22.8467389993242
RES_3383,3304557,1134,True,369,1.0,-43.28928900467173,-22.843870449999994,-43.290208,-22.8439439993243
RES_3384,3304557,276,True,150,1.0,-43.28885655,-22.842793949999997,-43.288889,-22.8430139993243
RES_3385,3304557,2414,True,991,1.0,-43.27883567818955,-22.8464434,-43.278656,-22.8469359993242
RES_3386,3304557,141,True,52,1.0,-43.2931732,-22.84649665,-43.293044,-22.8464219993242
RES_3387,3304557,1059,True,510,1.0,-43.29144553538461,-22.8453176,-43.291909,-22.8456139993243
RES_3388,3304557,345,True,218,1.0,-43.29298235195898,-22.848816349999993,-43.292971,-22.8489349993242
RES_3389,3304557,541,True,259,1.0,-43.2914724,-22.849648799999997,-43.291193,-22.8494459993242
RES_3390,3304557,5730,True,2263,1.0,-43.281982981163196,-22.84812925,-43.282526,-22.8481829993242
RES_3391,3304557,7605,True,3320,1.0,-43.28635982165375,-22.84888085,-43.286389,-22.8487929993242
RES_3392,3304557,56,True,27,3.0,-43.28399515,-22.850659949999997,-43.28045,-22.8522969993241
RES_3393,3304557,1127,True,536,1.0,-43.28455033113133,-22.848751649999997,-43.284404,-22.8491259993242
RES_3394,3304557,3852,True,2003,2.0,-43.30352565540147,-22.845282749999996,-43.303054,-22.8451179993243
RES_3395,3304557,1569,True,806,1.0,-43.30170532635135,-22.840291800000003,-43.301502,-22.8413889993244
RES_3396,3304557,3545,True,1699,1.0,-43.29990385927978,-22.847724300000003,-43.299042,-22.8469079993242
RES_3397,3304557,7210,True,3720,1.0,-43.296675300000004,-22.8401906,-43.29657,-22.8399419993244
RES_3398,3304557,3021,True,1662,1.0,-43.29051216835434,-22.83841365,-43.289946,-22.8386449993244
RES_3399,3304557,3786,True,1947,1.0,-43.2865866,-22.833390499999997,-43.286515,-22.8346129993245
RES_3400,3304557,4182,True,2135,1.0,-43.282891810335414,-22.83072465,-43.282147,-22.8317019993246
RES_3401,3304557,1358,True,751,1.0,-43.27997089527027,-22.8270475,-43.280367,-22.8272339993247
RES_3402,3304557,463,True,234,1.0,-43.2766415,-22.827585550000002,-43.277068,-22.8277549993247
RES_3403,3304557,3497,True,863,1.0,-43.2720216,-22.81952845,-43.270575,-22.8200969993249
RES_3404,3304557,12,False,0,,-43.275352757947516,-22.8138407,-43.275352757947516,-22.8138407
RES_3405,3304557,775,True,350,1.0,-43.272565750000005,-22.821563549999997,-43.272036,-22.8216149993248
RES_3406,3304557,530,True,306,1.0,-43.27345434396212,-22.820264749999996,-43.271702,-22.8213329993248
RES_3407,3304557,191,True,128,1.0,-43.29596851517003,-22.843718699999997,-43.295862,-22.8437369993243
RES_3408,3304557,1165,True,412,1.0,-43.2984643,-22.852350100000002,-43.298492,-22.8520479993241
RES_3409,3304557,901,True,456,1.0,-43.29057729534152,-22.840858749999995,-43.289848,-22.8414859993244
RES_3410,3304557,312,True,164,1.0,-43.296823431216396,-22.84553635,-43.296917,-22.8453359993243
RES_3411,3304557,356,True,134,1.0,-43.29342576888766,-22.842143349999997,-43.293453,-22.8423779993243
RES_3412,3304557,1182,True,575,1.0,-43.31694788657498,-22.834016849999998,-43.317081,-22.8347409993245
RES_3413,3304557,1533,True,701,1.0,-43.31229753602349,-22.83659535,-43.312037,-22.8370509993245
RES_3414,3304557,4567,True,2057,1.0,-43.31125764250041,-22.834567550000003,-43.312274,-22.8348139993245
RES_3415,3304557,1273,True,592,1.0,-43.305266267264756,-22.837793849999997,-43.304885,-22.8377309993245
RES_3416,3304557,7162,True,3545,1.0,-43.30366654736254,-22.8321874,-43.303066,-22.8333289993245
RES_3417,3304557,1046,True,484,1.0,-43.29988455025438,-22.8369613,-43.298358,-22.8368849993245
RES_3418,3304557,7970,True,3839,1.0,-43.29549885,-22.833324899999994,-43.296589,-22.8332809993246
RES_3419,3304557,1575,True,821,1.0,-43.29737871648936,-22.828105049999998,-43.296888,-22.8287209993246
RES_3420,3304557,4599,True,2437,1.0,-43.28945352730213,-22.83285395,-43.290122,-22.8320349993246
RES_3421,3304557,3306,True,1747,1.0,-43.28879296659931,-22.825605349999996,-43.288652,-22.8260419993247
RES_3422,3304557,2716,True,1449,1.0,-43.28422745,-22.82611365,-43.283374,-22.8252749993247
RES_3423,3304557,1617,True,683,1.0,-43.28658817994214,-22.822594249999995,-43.286586,-22.8224299993248
RES_3424,3304557,1224,True,640,1.0,-43.2864133,-22.820771799999992,-43.28606,-22.8209969993248
RES_3425,3304557,1197,True,574,1.0,-43.28344559950001,-22.82236525,-43.283578,-22.8228279993248
RES_3426,3304557,474,True,254,1.0,-43.28463524584026,-22.821621999999998,-43.284734,-22.8215809993248
RES_3427,3304557,344,False,0,,-43.3012343252324,-22.8334458,-43.3012343252324,-22.8334458
RES_3428,3304557,764,True,338,1.0,-43.3001666968085,-22.8340125,-43.300099,-22.8339769993245
RES_3429,3304557,1277,True,634,1.0,-43.297107700000005,-22.834104200000002,-43.296987,-22.8346749993245
RES_3430,3304557,1222,True,649,1.0,-43.29463854099775,-22.8345282,-43.2946,-22.8343479993245
RES_3431,3304557,911,True,486,1.0,-43.30946937271742,-22.830489399999998,-43.310296,-22.8299159993246
RES_3432,3304557,2664,True,1374,1.0,-43.30984794999999,-22.826711099999997,-43.310935,-22.8271159993247
RES_3433,3304557,825,True,396,1.0,-43.30322659461794,-22.829735499999998,-43.305096,-22.8295199993246
RES_3434,3304557,6996,True,3513,1.0,-43.303899984375,-22.826105199999997,-43.30426,-22.8255369993247
RES_3435,3304557,362,True,176,1.0,-43.3012262,-22.82111895,-43.301673,-22.8214299993248
RES_3436,3304557,4099,True,2055,1.0,-43.2976101,-22.824920300000002,-43.297478,-22.8237349993247
RES_3437,3304557,5631,True,2666,2.0,-43.29463112828027,-22.81926995,-43.294704,-22.8190539993249
RES_3438,3304557,1598,True,732,1.0,-43.29060554432594,-22.82482755,-43.291377,-22.8243589993248
RES_3439,3304557,5883,True,2822,1.0,-43.29213823778055,-22.817899299999997,-43.291815,-22.8183849993249
RES_3440,3304557,515,True,241,1.0,-43.28699683024692,-22.811866799999997,-43.290477,-22.8162639993249
RES_3441,3304557,591,True,251,1.0,-43.30924230512821,-22.829235750000002,-43.309299,-22.8291519993247
RES_3442,3304557,196,True,104,1.0,-43.2919,-22.823256649999998,-43.291838,-22.8233239993248
RES_3443,3304557,126,True,47,1.0,-43.30184164565972,-22.827603699999997,-43.301788,-22.8273229993247
RES_3444,3304557,315,True,130,1.0,-43.302404749999994,-22.82835385,-43.300974,-22.8255519993247
RES_3445,3304557,1538,True,517,1.0,-43.28904085,-22.819781799999998,-43.288814,-22.8205399993248
RES_3446,3304557,594,True,258,1.0,-43.298910334039164,-22.8261769,-43.298821,-22.8263629993247
RES_3447,3304557,183,True,69,1.0,-43.29513332664481,-22.824145100000003,-43.295217,-22.8241229993248
RES_3448,3304557,315,True,132,1.0,-43.2950671614561,-22.820922300000007,-43.295277,-22.8209819993248
RES_3449,3304557,278,True,120,1.0,-43.30196776925801,-22.826771649999998,-43.302013,-22.8279429993247
RES_3450,3304557,508,True,182,1.0,-43.2934149,-22.82115985,-43.293187,-22.8210619993248
RES_3451,3304557,540,True,219,1.0,-43.291620347494955,-22.819358499999996,-43.291715,-22.8192969993249
RES_3452,3304557,4928,True,2949,1.0,-43.31193125,-22.822799800000006,-43.312443,-22.8233189993248
RES_3453,3304557,1446,True,725,1.0,-43.311163843844696,-22.8213449,-43.310724,-22.8214069993248
RES_3454,3304557,349,True,233,1.0,-43.30840201941734,-22.822411900000002,-43.308326,-22.8224009993248
RES_3455,3304557,3974,True,1985,1.0,-43.3048455,-22.818401349999995,-43.304179,-22.8188339993249
RES_3456,3304557,2323,True,1324,1.0,-43.29816832352941,-22.81746495,-43.296997,-22.8172549993249
RES_3457,3304557,329,True,117,1.0,-43.29684535538429,-22.811910350000005,-43.296482,-22.812381999325
RES_3458,3304557,718,True,310,1.0,-43.30091316675303,-22.809969100000004,-43.300815,-22.8101679993251
RES_3459,3304557,7673,True,3216,1.0,-43.2988576,-22.8134185,-43.298843,-22.812891999325
RES_3460,3304557,329,True,147,1.0,-43.29463967379205,-22.81387075,-43.295038,-22.813702999325
RES_3461,3304557,443,True,201,2.0,-43.31854427320442,-22.8081501,-43.318882,-22.8078709993251
RES_3462,3304557,1152,True,504,1.0,-43.31645975,-22.8075198,-43.317094,-22.8071889993251
RES_3463,3304557,2434,True,1466,1.0,-43.31344059999999,-22.8155473,-43.312814,-22.8165749993249
RES_3464,3304557,7372,True,3672,1.0,-43.31388833345116,-22.81200365,-43.312587,-22.811094999325
RES_3465,3304557,1971,True,948,1.0,-43.31306855,-22.80632265,-43.312894,-22.8063369993252
RES_3466,3304557,1487,True,715,1.0,-43.30754205,-22.81483975,-43.305837,-22.815180999325
RES_3467,3304557,6073,True,2963,2.0,-43.305660119825816,-22.812598549999993,-43.305016,-22.811750999325
RES_3468,3304557,1274,True,554,1.0,-43.30856585840768,-22.805234400000003,-43.308596,-22.8057489993252
RES_3469,3304557,1714,True,678,1.0,-43.3178808,-22.80284175,-43.317726,-22.8026569993252
RES_3470,3304557,1266,True,467,1.0,-43.3148136,-22.80251665,-43.314039,-22.8019499993252
RES_3471,3304557,3076,True,1212,1.0,-43.318199938752784,-22.804123100000005,-43.318317,-22.8045499993252
RES_3472,3304557,1523,True,595,1.0,-43.314836352725706,-22.804596350000004,-43.315129,-22.8047379993252
RES_3473,3304557,499,True,253,1.0,-43.30193979910806,-22.80781645,-43.302269,-22.8079689993251
RES_3474,3304557,4361,True,1429,3.0,-43.303060062298,-22.805043149999996,-43.303051,-22.8057289993252
RES_3475,3304557,4925,True,2488,1.0,-43.32824679355151,-22.810621000000005,-43.327142,-22.8102809993251
RES_3476,3304557,2105,True,1045,1.0,-43.32689493614532,-22.8050905,-43.325969,-22.8050899993252
RES_3477,3304557,1819,True,899,1.0,-43.318820599999995,-22.81660175,-43.319118,-22.8157619993249
RES_3478,3304557,6290,True,2999,1.0,-43.3201564346828,-22.8100157,-43.319881,-22.8110879993251
RES_3479,3304557,2403,True,1191,1.0,-43.32216925,-22.806527749999994,-43.322162,-22.8056989993252
RES_3480,3304557,799,True,305,1.0,-43.32560935,-22.802432699999997,-43.325105,-22.8021809993253
RES_3481,3304557,1517,True,642,1.0,-43.32272503651026,-22.802697349999995,-43.322989,-22.8026419993252
RES_3482,3304557,286,True,169,1.0,-43.33097765,-22.808808799999994,-43.330827,-22.8100419993251
RES_3483,3304557,100,True,44,1.0,-43.32876419250857,-22.80588455,-43.329901,-22.8072109993251
RES_3484,3304557,759,True,389,1.0,-43.2466881,-22.904414949999996,-43.246307,-22.9041799993229
RES_3485,3304557,178,True,104,2.0,-43.239299461501204,-22.90853215,-43.239061,-22.9082099993228
RES_3486,3304557,4094,True,1829,1.0,-43.24332305402639,-22.903830499999998,-43.243237,-22.9043979993229
RES_3487,3304557,445,True,239,1.0,-43.24339229854617,-22.89890975,-43.243328,-22.899239999323
RES_3488,3304557,188,True,79,1.0,-43.23962386590081,-22.90658715,-43.238348,-22.9081339993228
RES_3489,3304557,565,True,246,1.0,-43.24307775,-22.897728199999996,-43.243017,-22.898095999323
RES_3490,3304557,111,False,0,,-43.24307794655227,-22.902635349999997,-43.24307794655227,-22.902635349999997
RES_3491,3304557,3752,True,1215,1.0,-43.249680600000005,-22.903426550000002,-43.249557,-22.902380999323
RES_3492,3304557,6528,True,2890,1.0,-43.25027699897048,-22.896518299999997,-43.248948,-22.8966679993231
RES_3493,3304557,4347,True,1526,1.0,-43.24870129999999,-22.892543049999993,-43.248959,-22.8923709993232
RES_3494,3304557,5794,True,2738,1.0,-43.256612626312446,-22.904527349999995,-43.256104,-22.9041169993229
RES_3495,3304557,4720,True,2158,1.0,-43.255540526273876,-22.898359449999997,-43.255285,-22.898637999323
RES_3496,3304557,1364,True,636,1.0,-43.261867800000005,-22.90271585,-43.263227,-22.9022359993229
RES_3497,3304557,1194,True,615,1.0,-43.26159429311605,-22.898644150000003,-43.261647,-22.899506999323
RES_3498,3304557,2136,True,693,1.0,-43.25867849000166,-22.903255399999995,-43.259981,-22.9027389993229
RES_3499,3304557,1083,True,474,2.0,-43.25943382232979,-22.89711655,-43.259586,-22.8972979993231
RES_3500,3304557,954,True,273,1.0,-43.26226345359649,-22.8983804,-43.262143,-22.898505999323
RES_3501,3304557,592,False,0,,-43.263218550000005,-22.905608249999997,-43.263218550000005,-22.905608249999997
RES_3502,3304557,1509,True,326,1.0,-43.26137497176724,-22.904679549999994,-43.261394,-22.9048359993229
RES_3503,3304557,11359,True,5539,1.0,-43.2713044736352,-22.912141249999998,-43.271616,-22.9117059993227
RES_3504,3304557,4757,True,1937,1.0,-43.27043463990891,-22.90564195,-43.269739,-22.9042679993229
RES_3505,3304557,1350,True,685,2.0,-43.271828645948666,-22.900113849999997,-43.27145,-22.900331999323
RES_3506,3304557,5895,True,2835,1.0,-43.26458730743711,-22.91222795,-43.265462,-22.9131309993227
RES_3507,3304557,3335,True,1685,1.0,-43.26593399621248,-22.90546275,-43.266149,-22.9046519993229
RES_3508,3304557,5258,True,2457,2.0,-43.26552433324536,-22.898641049999995,-43.265549,-22.898510999323
RES_3509,3304557,630,True,242,1.0,-43.276416213617466,-22.915466799999997,-43.276517,-22.9153339993226
RES_3510,3304557,652,True,261,1.0,-43.2740880262945,-22.9152789,-43.273993,-22.9152319993226
RES_3511,3304557,1038,True,452,3.0,-43.26733805,-22.902029400000004,-43.267842,-22.901667999323
RES_3512,3304557,1399,True,509,1.0,-43.266455882211844,-22.9099219,-43.265202,-22.9100449993228
RES_3513,3304557,1015,True,420,1.0,-43.2657047,-22.906976849999996,-43.265503,-22.9074019993228
RES_3514,3304557,449,True,180,1.0,-43.268670300000004,-22.916068699999997,-43.268788,-22.9159899993226
RES_3515,3304557,488,True,195,1.0,-43.2644542,-22.90647444999999,-43.264303,-22.9060759993229
RES_3516,3304557,993,True,440,1.0,-43.2661764,-22.915911799999993,-43.265629,-22.9157059993226
RES_3517,3304557,228,True,89,1.0,-43.2656293,-22.89944885,-43.264308,-22.898939999323
RES_3518,3304557,578,True,212,1.0,-43.2749086,-22.9151405,-43.275,-22.9152619993226
RES_3519,3304557,1309,True,627,1.0,-43.29338857680034,-22.91224894999999,-43.293597,-22.9120119993227
RES_3520,3304557,6089,True,3040,1.0,-43.28676497207199,-22.910568699999992,-43.287099,-22.9107279993227
RES_3521,3304557,8748,True,3883,1.0,-43.28049276144265,-22.911158399999998,-43.280058,-22.9110679993227
RES_3522,3304557,1931,True,1047,1.0,-43.27970980153644,-22.908018149999997,-43.280441,-22.9079459993228
RES_3523,3304557,641,True,318,1.0,-43.275658615288414,-22.91190110000001,-43.27585,-22.9121469993227
RES_3524,3304557,2221,True,1074,2.0,-43.27387891634615,-22.907072050000004,-43.274589,-22.9066889993228
RES_3525,3304557,77,True,22,1.0,-43.29572327155426,-22.918785,-43.295516,-22.9186549993226
RES_3526,3304557,374,True,125,1.0,-43.2813188475788,-22.916225649999998,-43.281393,-22.9162689993226
RES_3527,3304557,1200,True,418,1.0,-43.280590000000004,-22.914594750000003,-43.281153,-22.9148249993227
RES_3528,3304557,1675,False,0,,-43.27804407474106,-22.915676449999996,-43.27804407474106,-22.915676449999996
RES_3529,3304557,578,True,205,1.0,-43.28603893678708,-22.914653899999998,-43.286145,-22.9144029993227
RES_3530,3304557,1464,True,516,1.0,-43.283108424185244,-22.916429199999996,-43.283352,-22.9166099993226
RES_3531,3304557,311,True,149,1.0,-43.28201314920933,-22.917952050000004,-43.281875,-22.9178729993226
RES_3532,3304557,1379,True,519,1.0,-43.27730722408414,-22.912297449999997,-43.278033,-22.9123159993227
RES_3533,3304557,536,True,232,1.0,-43.293023149999996,-22.913356900000004,-43.293067,-22.9135059993227
RES_3534,3304557,2377,True,943,1.0,-43.28527470562152,-22.91711075,-43.28597,-22.9173509993226
RES_3535,3304557,3157,True,1697,1.0,-43.29249730290829,-22.90611275,-43.292422,-22.9066319993229
RES_3536,3304557,1466,True,736,1.0,-43.28864124636448,-22.90931185,-43.288761,-22.9090119993228
RES_3537,3304557,12130,True,6397,1.0,-43.28787296323383,-22.90603609999999,-43.288178,-22.9049719993229
RES_3538,3304557,904,True,482,2.0,-43.28988674010296,-22.900157900000004,-43.290863,-22.901088999323
RES_3539,3304557,8247,True,4597,1.0,-43.28151775608975,-22.904289199999994,-43.280572,-22.9042659993229
RES_3540,3304557,7478,True,4015,1.0,-43.2796046,-22.896468599999995,-43.278887,-22.8973409993231
RES_3541,3304557,1758,True,1059,1.0,-43.273898349999996,-22.902936749999995,-43.274716,-22.9027879993229
RES_3542,3304557,4312,True,2241,1.0,-43.273702997298585,-22.8976516,-43.27428,-22.898144999323
RES_3543,3304557,248,True,99,1.0,-43.27850085,-22.904519999999998,-43.27851,-22.9045629993229
RES_3544,3304557,8257,True,4265,1.0,-43.28610169379881,-22.897903050000004,-43.286477,-22.897679999323
RES_3545,3304557,5272,True,2731,1.0,-43.28643232194915,-22.8896096,-43.286387,-22.8903959993232
RES_3546,3304557,4505,True,2260,2.0,-43.2827125098713,-22.896751000000002,-43.282024,-22.8968999993231
RES_3547,3304557,4559,True,2403,1.0,-43.28275334795943,-22.890616099999995,-43.28276,-22.8917649993232
RES_3548,3304557,8999,True,4796,1.0,-43.27991055,-22.890230650000003,-43.278815,-22.8902489993232
RES_3549,3304557,5016,True,2251,1.0,-43.27992606612396,-22.884810049999995,-43.279908,-22.8848449993234
RES_3550,3304557,5860,True,3078,1.0,-43.272158997386285,-22.896096599999993,-43.271362,-22.8958469993231
RES_3551,3304557,11537,True,5873,1.0,-43.2723103,-22.8905975,-43.272047,-22.8906259993232
RES_3552,3304557,1087,True,564,1.0,-43.27383813594449,-22.8860603,-43.274399,-22.8856849993233
RES_3553,3304557,468,True,287,1.0,-43.26698206651377,-22.894391949999996,-43.267198,-22.8940229993231
RES_3554,3304557,4927,True,2444,2.0,-43.26673281351492,-22.89033955,-43.266343,-22.8901999993232
RES_3555,3304557,236,True,94,1.0,-43.26399885940053,-22.8915921,-43.264115,-22.8916149993232
RES_3556,3304557,183,True,42,1.0,-43.26853888629638,-22.893487849999996,-43.26829,-22.8934689993232
RES_3557,3304557,709,True,164,1.0,-43.26583195943324,-22.890049399999995,-43.266268,-22.8898609993232
RES_3558,3304557,318,True,220,1.0,-43.300926451350335,-22.912865200000002,-43.300598,-22.9128289993227
RES_3559,3304557,4924,True,2305,1.0,-43.30154245031443,-22.90713125,-43.301139,-22.9066529993229
RES_3560,3304557,1811,True,886,1.0,-43.30107147323113,-22.899321299999997,-43.30033,-22.899153999323
RES_3561,3304557,2538,True,1015,1.0,-43.29821394999999,-22.912078049999998,-43.296896,-22.9116369993227
RES_3562,3304557,7715,True,3891,1.0,-43.29664655,-22.90545455,-43.297099,-22.9056699993229
RES_3563,3304557,6722,True,3575,1.0,-43.29593302020461,-22.8974618,-43.296489,-22.897985999323
RES_3564,3304557,2733,True,1340,1.0,-43.296343406902835,-22.891829700000002,-43.295484,-22.8915319993232
RES_3565,3304557,2373,True,1267,2.0,-43.29107605,-22.89799495,-43.289602,-22.8968809993231
RES_3566,3304557,3592,True,2152,1.0,-43.290525656937604,-22.889602099999998,-43.290539,-22.8897619993233
RES_3567,3304557,3754,True,1634,1.0,-43.288689640321806,-22.884657950000005,-43.288402,-22.8854769993233
RES_3568,3304557,436,True,265,1.0,-43.299938676201926,-22.9169106,-43.300109,-22.9168719993226
RES_3569,3304557,1385,True,635,1.0,-43.297182449624046,-22.917431999999998,-43.297908,-22.9167949993226
RES_3570,3304557,640,True,273,1.0,-43.29081523557587,-22.889054899999998,-43.290752,-22.8889909993233
RES_3571,3304557,2430,True,995,1.0,-43.288235400000005,-22.883960099999996,-43.288018,-22.8843439993234
RES_3572,3304557,449,True,153,1.0,-43.29522087448979,-22.9134482,-43.295419,-22.9134829993227
RES_3573,3304557,159,False,0,,-43.298372405229046,-22.913996649999994,-43.298372405229046,-22.913996649999994
RES_3574,3304557,847,True,314,1.0,-43.30015568604639,-22.9103373,-43.299447,-22.9102089993228
RES_3575,3304557,3279,True,1635,1.0,-43.31019335303715,-22.905938900000002,-43.31022,-22.9053479993229
RES_3576,3304557,95,False,0,,-43.30384825,-22.9087217,-43.30384825,-22.9087217
RES_3577,3304557,2280,True,815,1.0,-43.30384907395833,-22.90657735,-43.305043,-22.9060029993229
RES_3578,3304557,587,True,288,1.0,-43.3171475915744,-22.909869849999996,-43.317267,-22.9097859993228
RES_3579,3304557,178,True,91,1.0,-43.30594042793946,-22.907524400000007,-43.306543,-22.9075809993228
RES_3580,3304557,408,True,231,1.0,-43.30832734410424,-22.902444249999995,-43.308381,-22.9025779993229
RES_3581,3304557,906,True,410,1.0,-43.3075092,-22.899917950000003,-43.307691,-22.900463999323
RES_3582,3304557,1774,True,893,1.0,-43.30539820512847,-22.90146645,-43.304681,-22.9023659993229
RES_3583,3304557,4885,True,2525,1.0,-43.304347500000006,-22.8982955,-43.30486,-22.8977779993231
RES_3584,3304557,3130,True,1542,1.0,-43.301921,-22.891773500000006,-43.302868,-22.8922729993232
RES_3585,3304557,709,True,347,1.0,-43.29966852872456,-22.891549949999998,-43.299905,-22.8917099993232
RES_3586,3304557,375,True,139,1.0,-43.305255100000004,-22.90048435,-43.305953,-22.900569999323
RES_3587,3304557,218,True,80,1.0,-43.305259387853,-22.901841249999993,-43.305706,-22.9029009993229
RES_3588,3304557,371,True,244,1.0,-43.315796858626456,-22.9034386,-43.315913,-22.9032649993229
RES_3589,3304557,630,True,283,1.0,-43.315807050000004,-22.89524675,-43.315788,-22.8958799993231
RES_3590,3304557,1955,True,1097,1.0,-43.3113727,-22.902588449999996,-43.312136,-22.9028909993229
RES_3591,3304557,7975,True,4093,1.0,-43.31156235,-22.89682235,-43.312107,-22.897904999323
RES_3592,3304557,5236,True,2926,1.0,-43.31085648061668,-22.89068805,-43.310368,-22.8909009993232
RES_3593,3304557,3654,True,1932,1.0,-43.30935439928007,-22.883645750000007,-43.309394,-22.8830019993234
RES_3594,3304557,1861,True,874,1.0,-43.3105619756447,-22.879067299999996,-43.310563,-22.8778299993235
RES_3595,3304557,5013,True,2818,1.0,-43.30433515,-22.889350999999998,-43.304728,-22.8894259993233
RES_3596,3304557,5018,True,2444,1.0,-43.3055867647351,-22.88387445,-43.30524,-22.8833019993234
RES_3597,3304557,1100,True,300,1.0,-43.307032001337745,-22.876391750000003,-43.306844,-22.8763419993236
RES_3598,3304557,679,True,262,1.0,-43.31691360198246,-22.90240605,-43.316673,-22.902400999323
RES_3599,3304557,798,True,404,1.0,-43.31712483506849,-22.905120100000005,-43.316449,-22.9051569993229
RES_3600,3304557,977,True,420,1.0,-43.31592915,-22.894485049999997,-43.315909,-22.8944929993231
RES_3601,3304557,517,True,205,1.0,-43.31426770695934,-22.893164949999996,-43.314154,-22.8930589993232
RES_3602,3304557,355,True,160,1.0,-43.31732127116656,-22.899704099999994,-43.31798,-22.899456999323
RES_3603,3304557,310,False,0,,-43.308278720746806,-22.87802155,-43.308278720746806,-22.87802155
RES_3604,3304557,114,False,0,,-43.30675909672284,-22.877693450000002,-43.30675909672284,-22.877693450000002
RES_3605,3304557,341,False,0,,-43.304706,-22.878980900000002,-43.304706,-22.878980900000002
RES_3606,3304557,851,True,345,1.0,-43.310526614975934,-22.876546899999997,-43.310513,-22.8764689993235
RES_3607,3304557,426,True,169,1.0,-43.3046387625576,-22.88068585,-43.304645,-22.8805919993234
RES_3608,3304557,867,True,431,1.0,-43.30018589716282,-22.887356649999997,-43.299393,-22.8874079993233
RES_3609,3304557,3561,True,1823,1.0,-43.3008969,-22.883457750000005,-43.301591,-22.8832399993234
RES_3610,3304557,3322,True,1749,1.0,-43.29710534481001,-22.888724699999997,-43.297522,-22.8892169993232
RES_3611,3304557,1446,True,777,1.0,-43.29841242865854,-22.8842949,-43.298158,-22.8848289993233
RES_3612,3304557,1349,True,600,1.0,-43.300987044798674,-22.877802700000004,-43.300234,-22.8770909993235
RES_3613,3304557,1251,True,605,3.0,-43.29450508249292,-22.887312399999995,-43.294124,-22.8872989993233
RES_3614,3304557,6643,True,2934,1.0,-43.295228433720965,-22.883058000000002,-43.295537,-22.8825599993234
RES_3615,3304557,8180,True,3526,1.0,-43.29482335,-22.876083599999998,-43.296484,-22.8760009993235
RES_3616,3304557,806,True,329,1.0,-43.29980575105422,-22.872304649999997,-43.300274,-22.8726359993236
RES_3617,3304557,1551,True,820,1.0,-43.28923818992758,-22.881942950000003,-43.289079,-22.8811699993234
RES_3618,3304557,1226,True,619,1.0,-43.29205875236344,-22.878677199999995,-43.290737,-22.8786719993235
RES_3619,3304557,651,True,253,1.0,-43.294780886666665,-22.885418200000004,-43.294781,-22.8853099993234
RES_3620,3304557,1861,True,753,1.0,-43.30202512300104,-22.875329899999997,-43.302275,-22.8755189993236
RES_3621,3304557,1597,True,767,2.0,-43.308880450000004,-22.853816349999995,-43.309148,-22.8540299993241
RES_3622,3304557,5311,True,2125,1.0,-43.30556049511554,-22.852892450000006,-43.305214,-22.8542289993241
RES_3623,3304557,5479,True,2220,1.0,-43.303955299073166,-22.848339699999997,-43.30393,-22.8489769993242
RES_3624,3304557,753,True,354,1.0,-43.299177099999994,-22.854294599999996,-43.299085,-22.854141999324
RES_3625,3304557,1237,True,562,1.0,-43.30354114195279,-22.851632199999997,-43.30268,-22.8520239993241
RES_3626,3304557,501,True,231,1.0,-43.299268052424445,-22.8526517,-43.299756,-22.8529409993241
RES_3627,3304557,2599,True,1296,1.0,-43.3206448,-22.859838049999997,-43.320788,-22.8600449993239
RES_3628,3304557,5791,True,2922,1.0,-43.32005377884934,-22.85534884999999,-43.31978,-22.855531999324
RES_3629,3304557,785,True,349,1.0,-43.31236113217733,-22.8582236,-43.31141,-22.858287999324
RES_3630,3304557,4324,True,2079,1.0,-43.3126947420248,-22.855488049999998,-43.313561,-22.8545979993241
RES_3631,3304557,676,True,375,1.0,-43.31227805717797,-22.85055045,-43.312453,-22.8507459993241
RES_3632,3304557,2189,True,798,1.0,-43.31743845444965,-22.859726300000002,-43.317408,-22.8595669993239
RES_3633,3304557,459,True,196,1.0,-43.31585185869565,-22.8574802,-43.31635,-22.857367999324
RES_3634,3304557,3830,True,1651,1.0,-43.31072884999999,-22.8599047,-43.310877,-22.8597189993239
RES_3635,3304557,647,True,286,1.0,-43.30779601465517,-22.862024999999992,-43.308003,-22.8619029993239
RES_3636,3304557,8479,True,4220,1.0,-43.31065876719484,-22.846884349999996,-43.311129,-22.8463919993242
RES_3637,3304557,6126,True,2816,1.0,-43.31187309999999,-22.840362399999997,-43.31217,-22.8411529993244
RES_3638,3304557,1891,True,942,1.0,-43.30715500167561,-22.846168299999995,-43.307052,-22.8463219993242
RES_3639,3304557,5454,True,2623,1.0,-43.30534608443601,-22.839246249999995,-43.305951,-22.8404079993244
RES_3640,3304557,1588,True,729,1.0,-43.31835978207961,-22.83201765,-43.317743,-22.8312759993246
RES_3641,3304557,805,True,399,1.0,-43.31842585,-22.8283062,-43.318036,-22.8287299993247
RES_3642,3304557,3329,True,1536,1.0,-43.31254164787235,-22.831698249999995,-43.313497,-22.8311249993246
RES_3643,3304557,1337,True,570,1.0,-43.3159013,-22.827566550000007,-43.31532,-22.8276019993247
RES_3644,3304557,1021,True,461,1.0,-43.3344122,-22.85161625,-43.334194,-22.8522979993241
RES_3645,3304557,2998,True,1359,1.0,-43.332536190628815,-22.84767135,-43.333665,-22.8485409993242
RES_3646,3304557,549,True,247,1.0,-43.332895891171916,-22.8316115,-43.332412,-22.8311239993246
RES_3647,3304557,2884,True,1303,1.0,-43.33249715000001,-22.825120649999995,-43.332903,-22.8256059993247
RES_3648,3304557,1896,True,836,2.0,-43.33362715521042,-22.819660199999994,-43.333473,-22.8203409993248
RES_3649,3304557,4985,True,2307,1.0,-43.32663351962525,-22.8531017,-43.327869,-22.8527339993241
RES_3650,3304557,5942,True,3114,1.0,-43.32905024118357,-22.846972399999995,-43.327751,-22.8473809993242
RES_3651,3304557,6865,True,3353,1.0,-43.32666432373193,-22.841759549999995,-43.327238,-22.8405039993244
RES_3652,3304557,3468,True,1872,1.0,-43.326939901457735,-22.832754799999996,-43.327607,-22.8325929993246
RES_3653,3304557,11858,True,5833,1.0,-43.328168095040596,-22.82576005,-43.327485,-22.8255839993247
RES_3654,3304557,794,True,387,1.0,-43.328957450000004,-22.817941349999998,-43.331207,-22.8195569993248
RES_3655,3304557,2855,True,1353,1.0,-43.320336295534226,-22.851608549999995,-43.321273,-22.8515629993241
RES_3656,3304557,6434,True,2867,1.0,-43.318693950000004,-22.847585699999996,-43.319236,-22.8481879993242
RES_3657,3304557,9353,True,4412,1.0,-43.320381084433734,-22.839165949999995,-43.320242,-22.8398119993244
RES_3658,3304557,4716,True,2283,1.0,-43.32238035383773,-22.833981450000003,-43.320818,-22.8327599993245
RES_3659,3304557,8709,True,4082,1.0,-43.3208104,-22.826057499999997,-43.32083,-22.8254749993247
RES_3660,3304557,3741,True,1468,3.0,-43.315526250000005,-22.849783949999996,-43.315455,-22.8498249993242
RES_3661,3304557,975,True,461,2.0,-43.315228975232614,-22.838639200000003,-43.314802,-22.8387319993244
RES_3662,3304557,2196,True,1054,1.0,-43.315739703671085,-22.82463995,-43.315723,-22.8248639993247
RES_3663,3304557,202,True,68,1.0,-43.334221173917996,-22.8318076,-43.334391,-22.8318139993246
RES_3664,3304557,147,True,59,1.0,-43.33639655,-22.852290099999998,-43.336121,-22.8522139993241
RES_3665,3304557,191,True,69,1.0,-43.33401798249098,-22.853784700000006,-43.333764,-22.8536649993241
RES_3666,3304557,726,True,250,1.0,-43.32474999526119,-22.830308649999992,-43.324828,-22.8305329993246
RES_3667,3304557,569,True,213,1.0,-43.32451940947767,-22.8492619,-43.324523,-22.8491109993242
RES_3668,3304557,457,False,0,,-43.32386145,-22.84853575,-43.32386145,-22.84853575
RES_3669,3304557,1556,True,611,1.0,-43.3216456,-22.8480967,-43.320963,-22.8482809993242
RES_3670,3304557,301,True,108,1.0,-43.32129653753415,-22.839272749999992,-43.321245,-22.8393629993244
RES_3671,3304557,1902,True,883,1.0,-43.34200961459948,-22.845297699999996,-43.34153,-22.8459859993242
RES_3672,3304557,5032,True,2429,1.0,-43.341927350000006,-22.841038249999997,-43.341309,-22.8410309993244
RES_3673,3304557,2511,True,1222,2.0,-43.334369,-22.84522525,-43.334834,-22.8452399993243
RES_3674,3304557,3129,True,1218,3.0,-43.33365015,-22.842106349999995,-43.334568,-22.8421759993243
RES_3675,3304557,1848,True,850,1.0,-43.32894028365041,-22.837666699999993,-43.329324,-22.8367969993244
RES_3676,3304557,1611,True,798,1.0,-43.329247550000005,-22.834899200000002,-43.328397,-22.8354949993245
RES_3677,3304557,257,True,118,3.0,-43.332326240080974,-22.8418569,-43.332192,-22.8418249993244
RES_3678,3304557,836,True,292,1.0,-43.3454664,-22.839487299999995,-43.345196,-22.8395479993244
RES_3679,3304557,5067,True,1771,1.0,-43.33404075767606,-22.83899645,-43.33444,-22.8388949993244
RES_3680,3304557,4112,True,1496,1.0,-43.33275309999999,-22.835374700000003,-43.333107,-22.8356279993245
RES_3681,3304557,53,False,0,,-43.33931958889926,-22.837265449999997,-43.33931958889926,-22.837265449999997
RES_3682,3304557,1077,True,504,1.0,-43.35618370085327,-22.881082999999997,-43.355778,-22.8820899993234
RES_3683,3304557,2518,True,1227,1.0,-43.34928932902223,-22.884334850000005,-43.349998,-22.8846559993234
RES_3684,3304557,161,True,81,1.0,-43.3449365965416,-22.888103799999996,-43.344919,-22.8879969993233
RES_3685,3304557,3142,True,1634,1.0,-43.344899500000004,-22.8859505,-43.344749,-22.8855739993233
RES_3686,3304557,418,True,157,1.0,-43.34104043131879,-22.887046899999998,-43.340799,-22.8870439993233
RES_3687,3304557,228,True,72,3.0,-43.34296597217687,-22.888546299999994,-43.342988,-22.8883999993233
RES_3688,3304557,517,True,257,1.0,-43.35483777435898,-22.881304800000002,-43.354942,-22.8809599993234
RES_3689,3304557,518,True,196,1.0,-43.340719128494925,-22.88464695,-43.34073,-22.8849709993233
RES_3690,3304557,1510,True,615,1.0,-43.32468915,-22.896580099999994,-43.325034,-22.8961629993231
RES_3691,3304557,1704,True,940,1.0,-43.3253136,-22.8901064,-43.325758,-22.8894569993233
RES_3692,3304557,1393,True,641,1.0,-43.320907399999996,-22.895211850000003,-43.32099,-22.8958169993231
RES_3693,3304557,6524,True,3407,1.0,-43.318947956064534,-22.8904063,-43.319514,-22.8904739993232
RES_3694,3304557,5015,True,2500,1.0,-43.318394299999994,-22.88526675,-43.318237,-22.8846699993234
RES_3695,3304557,421,True,216,1.0,-43.31571995,-22.879781800000003,-43.31603,-22.8798979993235
RES_3696,3304557,1066,True,615,1.0,-43.31481137156548,-22.887061950000003,-43.314589,-22.8884419993233
RES_3697,3304557,4416,True,1951,2.0,-43.314698500337876,-22.883901549999997,-43.313469,-22.8839309993234
RES_3698,3304557,2067,True,730,1.0,-43.31851439559916,-22.893824600000002,-43.317745,-22.8936789993232
RES_3699,3304557,786,True,301,1.0,-43.314118,-22.881325149999995,-43.314241,-22.8810399993234
RES_3700,3304557,313,True,163,1.0,-43.321671050000006,-22.88704415,-43.321547,-22.8871379993233
RES_3701,3304557,56,False,0,,-43.32772753415625,-22.89864515,-43.32772753415625,-22.89864515
RES_3702,3304557,1519,True,810,1.0,-43.318140050000004,-22.873981649999998,-43.317586,-22.8739609993236
RES_3703,3304557,1648,True,828,1.0,-43.317940931024935,-22.8699809,-43.318475,-22.8695839993237
RES_3704,3304557,4595,True,2248,3.0,-43.3129787,-22.875899699999998,-43.313023,-22.8754939993236
RES_3705,3304557,3856,True,1813,1.0,-43.31166446133081,-22.869609699999998,-43.31233,-22.8701769993237
RES_3706,3304557,107,True,38,1.0,-43.3126089497905,-22.86773755,-43.312714,-22.8679219993238
RES_3707,3304557,1292,True,490,1.0,-43.31609105,-22.8676216,-43.316359,-22.8671129993237
RES_3708,3304557,782,True,324,1.0,-43.318109,-22.8727394,-43.318097,-22.8727989993236
RES_3709,3304557,2039,True,735,1.0,-43.32682005218721,-22.874307899999998,-43.326763,-22.8754989993236
RES_3710,3304557,1566,True,148,1.0,-43.322170970788044,-22.876003599999997,-43.321795,-22.8777639993235
RES_3711,3304557,90,False,0,,-43.32509083669912,-22.872926800000002,-43.32509083669912,-22.872926800000002
RES_3712,3304557,1505,True,468,1.0,-43.32889707206897,-22.8739024,-43.330131,-22.8733219993236
RES_3713,3304557,268,True,144,1.0,-43.33983369912687,-22.883631449999996,-43.339862,-22.8835709993234
RES_3714,3304557,115,True,59,1.0,-43.33474744403073,-22.89468655,-43.334762,-22.8947839993231
RES_3715,3304557,2659,True,1345,1.0,-43.33306315,-22.8921953,-43.333207,-22.8918949993232
RES_3716,3304557,4060,True,2109,1.0,-43.33382427558635,-22.8834368,-43.334982,-22.8832109993234
RES_3717,3304557,2124,True,1172,1.0,-43.32868631666667,-22.888705,-43.328658,-22.8885819993233
RES_3718,3304557,4615,True,2420,1.0,-43.32620479763031,-22.882856599999997,-43.326139,-22.8840069993234
RES_3719,3304557,2522,True,1430,1.0,-43.326848558113895,-22.87958675,-43.326862,-22.8790349993235
RES_3720,3304557,3784,True,1935,1.0,-43.32066163959064,-22.882186400000002,-43.321585,-22.8824209993234
RES_3721,3304557,2598,True,1293,1.0,-43.31897261457889,-22.8780973,-43.318703,-22.8784499993235
RES_3722,3304557,160,True,78,3.0,-43.32641461631985,-22.8832927,-43.32641,-22.8833029993234
RES_3723,3304557,490,False,0,,-43.33859735,-22.88651064999999,-43.33859735,-22.88651064999999
RES_3724,3304557,72,False,0,,-43.3344393,-22.88843635,-43.3344393,-22.88843635
RES_3725,3304557,503,True,236,1.0,-43.33385185,-22.8869489,-43.333366,-22.8872239993233
RES_3726,3304557,141,True,65,1.0,-43.3306668,-22.88818715,-43.330751,-22.8882039993233
RES_3727,3304557,697,True,343,1.0,-43.333635182201085,-22.891292200000002,-43.333544,-22.8909669993232
RES_3728,3304557,744,True,402,1.0,-43.32959514790676,-22.886734349999998,-43.329646,-22.8866039993233
RES_3729,3304557,447,True,210,1.0,-43.340068849999994,-22.88466224999999,-43.340018,-22.8846539993234
RES_3730,3304557,896,True,345,1.0,-43.33787715,-22.885052099999992,-43.33784,-22.8856029993233
RES_3731,3304557,1610,True,742,1.0,-43.34741735,-22.8816956,-43.347127,-22.8814559993234
RES_3732,3304557,412,True,197,1.0,-43.34781607617762,-22.87925435,-43.347408,-22.8797799993235
RES_3733,3304557,1942,True,1086,1.0,-43.34523115114732,-22.88204915,-43.345289,-22.8819379993234
RES_3734,3304557,7533,True,3995,1.0,-43.34189708950171,-22.877141950000002,-43.343282,-22.8769329993235
RES_3735,3304557,2295,True,1294,1.0,-43.342435512099186,-22.871128999999996,-43.341829,-22.8711629993237
RES_3736,3304557,904,True,483,2.0,-43.33563355,-22.88076255,-43.336643,-22.8809499993234
RES_3737,3304557,4148,True,2318,1.0,-43.332870571049945,-22.8758153,-43.334353,-22.8768659993235
RES_3738,3304557,5384,True,3019,1.0,-43.3344175,-22.869231949999996,-43.334194,-22.8686049993237
RES_3739,3304557,3544,True,1805,1.0,-43.334048499999994,-22.86324785,-43.33405,-22.8632999993238
RES_3740,3304557,1433,True,648,1.0,-43.32912522308824,-22.87706825,-43.329688,-22.8761459993236
RES_3741,3304557,297,True,133,1.0,-43.32980545,-22.867883449999994,-43.329583,-22.8678839993238
RES_3742,3304557,2186,True,775,1.0,-43.33004950330365,-22.863563749999997,-43.330214,-22.8637859993239
RES_3743,3304557,1745,True,526,1.0,-43.33512869978183,-22.861419549999994,-43.334666,-22.8611269993239
RES_3744,3304557,136,True,69,1.0,-43.334775199999996,-22.874041,-43.334918,-22.8742179993236
RES_3745,3304557,346,True,156,1.0,-43.33175135,-22.86012895,-43.332077,-22.8602229993239
RES_3746,3304557,1304,True,702,1.0,-43.327628699186874,-22.8683151,-43.327345,-22.8682509993237
RES_3747,3304557,830,True,299,1.0,-43.332919458630954,-22.872615,-43.332721,-22.8711949993237
RES_3748,3304557,2580,True,1075,1.0,-43.3362159,-22.86453935,-43.336299,-22.8645259993238
RES_3749,3304557,65,True,34,1.0,-43.3338703,-22.8745064,-43.333786,-22.8745989993236
RES_3750,3304557,905,True,416,1.0,-43.32924154748006,-22.86624965,-43.329302,-22.8661539993238
RES_3751,3304557,156,True,72,1.0,-43.32793181337065,-22.863886449999995,-43.328027,-22.8638139993238
RES_3752,3304557,133,True,68,1.0,-43.338281589809384,-22.870739199999996,-43.338391,-22.8706739993237
RES_3753,3304557,1521,True,704,2.0,-43.332567396142366,-22.856180100000003,-43.332111,-22.856394999324
RES_3754,3304557,4565,True,2464,1.0,-43.32803238521598,-22.8598364,-43.327831,-22.8598849993239
RES_3755,3304557,3742,True,1871,1.0,-43.32721795,-22.856854900000002,-43.327529,-22.856520999324
RES_3756,3304557,179,True,78,1.0,-43.33199075,-22.858587549999996,-43.331942,-22.858444999324
RES_3757,3304557,771,True,338,1.0,-43.33479874497693,-22.8568227,-43.333636,-22.856842999324
RES_3758,3304557,217,True,90,1.0,-43.3249743276387,-22.861885349999998,-43.325098,-22.8618649993239
RES_3759,3304557,884,True,402,1.0,-43.3487473,-22.86105935,-43.348826,-22.8612369993239
RES_3760,3304557,1458,True,708,1.0,-43.34325095,-22.8675845,-43.342914,-22.8670169993238
RES_3761,3304557,5724,True,2770,1.0,-43.34237335354345,-22.86127315,-43.342828,-22.8619259993239
RES_3762,3304557,1465,True,751,1.0,-43.3427507224234,-22.8579273,-43.343249,-22.858117999324
RES_3763,3304557,1590,True,722,1.0,-43.339101667526535,-22.861279049999997,-43.338723,-22.8618429993239
RES_3764,3304557,170,True,64,1.0,-43.33707534591095,-22.860126800000003,-43.337343,-22.8597159993239
RES_3765,3304557,92,True,33,1.0,-43.34095292030325,-22.857006499999997,-43.341493,-22.857083999324
RES_3766,3304557,230,True,88,1.0,-43.34120658724471,-22.860070949999994,-43.341554,-22.8598459993239
RES_3767,3304557,5019,True,2496,1.0,-43.35029834295881,-22.8547749,-43.350347,-22.855386999324
RES_3768,3304557,6210,True,3175,1.0,-43.350225547292354,-22.8472967,-43.35095,-22.8481129993242
RES_3769,3304557,2228,True,1076,1.0,-43.35009199039041,-22.840947,-43.350195,-22.8411529993243
RES_3770,3304557,6782,True,3237,1.0,-43.34376837736954,-22.8536491,-43.34409,-22.8538989993241
RES_3771,3304557,8118,True,3814,1.0,-43.344418950000005,-22.847986799999997,-43.344577,-22.8479169993242
RES_3772,3304557,2984,True,1308,1.0,-43.34625210045624,-22.841728899999996,-43.346344,-22.8421069993243
RES_3773,3304557,1261,True,461,1.0,-43.339073417975214,-22.852504000000003,-43.338532,-22.8518559993241
RES_3774,3304557,1605,True,768,1.0,-43.33890505,-22.8485736,-43.338335,-22.8478339993242
RES_3775,3304557,1154,True,443,1.0,-43.34118152338722,-22.856036850000002,-43.340612,-22.855162999324
RES_3776,3304557,556,True,209,1.0,-43.338160550000005,-22.853581799999994,-43.338165,-22.8536259993241
RES_3777,3304557,443,True,177,1.0,-43.35311733234493,-22.847131249999997,-43.353217,-22.8470339993242
RES_3778,3304557,4467,True,2069,1.0,-43.358185746125,-22.8543024,-43.358622,-22.8537619993241
RES_3779,3304557,4145,True,1977,1.0,-43.35687735,-22.84810515,-43.356996,-22.8471349993242
RES_3780,3304557,1600,True,755,2.0,-43.355906149999996,-22.841903100000003,-43.356833,-22.8415899993243
RES_3781,3304557,1894,True,884,1.0,-43.35309412445295,-22.844731799999995,-43.354128,-22.8459459993243
RES_3782,3304557,1485,True,669,1.0,-43.35430235258504,-22.84180525,-43.354288,-22.8411569993244
RES_3783,3304557,1407,True,544,1.0,-43.35289890104765,-22.843656449999994,-43.352877,-22.8425369993243
RES_3784,3304557,1008,True,449,1.0,-43.358187190671,-22.83773705000001,-43.358838,-22.8379669993244
RES_3785,3304557,295,True,153,1.0,-43.3596416,-22.836859549999996,-43.359568,-22.8368539993244
RES_3786,3304557,1450,True,621,1.0,-43.35853245,-22.8396488,-43.358284,-22.8394369993244
RES_3787,3304557,462,True,218,1.0,-43.35538298296263,-22.849212749999996,-43.355352,-22.8493299993242
RES_3788,3304557,2474,True,1113,1.0,-43.35543238383052,-22.8757625,-43.355252,-22.8753849993236
RES_3789,3304557,1037,True,501,1.0,-43.356253049695795,-22.872096299999995,-43.355522,-22.8716569993237
RES_3790,3304557,1733,True,580,1.0,-43.35071827585803,-22.88283775,-43.349997,-22.8821539993234
RES_3791,3304557,8333,True,3858,1.0,-43.349912849999996,-22.8761827,-43.350913,-22.8758059993236
RES_3792,3304557,7468,True,3571,1.0,-43.351262649999995,-22.86941655,-43.35066,-22.8693539993237
RES_3793,3304557,4084,True,1858,1.0,-43.3509174,-22.862216749999995,-43.350681,-22.8631949993238
RES_3794,3304557,3569,True,1748,1.0,-43.34482480507099,-22.871047999999995,-43.344887,-22.8705699993237
RES_3795,3304557,317,True,127,1.0,-43.35337285,-22.868898949999995,-43.353638,-22.8688899993237
RES_3796,3304557,570,True,243,1.0,-43.35280282128427,-22.8664975,-43.352738,-22.8663859993238
RES_3797,3304557,128,True,52,1.0,-43.352448,-22.8654309,-43.352695,-22.8654129993238
RES_3798,3304557,106,True,42,1.0,-43.35513132484617,-22.880202599999997,-43.354903,-22.8802179993235
RES_3799,3304557,3106,True,1400,1.0,-43.365575115823106,-22.87473755,-43.365453,-22.8752659993236
RES_3800,3304557,6800,True,3220,1.0,-43.36611255,-22.870686699999997,-43.366026,-22.8700869993237
RES_3801,3304557,1970,True,930,1.0,-43.36470515,-22.86285175,-43.364802,-22.8633359993239
RES_3802,3304557,581,True,266,1.0,-43.36330625,-22.8583133,-43.363228,-22.858060999324
RES_3803,3304557,3220,True,1589,1.0,-43.3597668,-22.87603495,-43.360051,-22.8761669993235
RES_3804,3304557,6601,True,3230,1.0,-43.35988835095405,-22.870047749999998,-43.359175,-22.8695489993237
RES_3805,3304557,6925,True,3522,1.0,-43.3586578833181,-22.862812050000002,-43.358471,-22.8624329993239
RES_3806,3304557,4776,True,2147,1.0,-43.3594561799511,-22.857774299999996,-43.358966,-22.858010999324
RES_3807,3304557,412,True,205,1.0,-43.354406902859125,-22.867754700000006,-43.354314,-22.8679069993237
RES_3808,3304557,1827,True,841,1.0,-43.35409889937017,-22.861025299999994,-43.353612,-22.8605699993239
RES_3809,3304557,224,True,81,3.0,-43.364475,-22.862710599999993,-43.364473,-22.8625099993239
RES_3810,3304557,242,True,103,1.0,-43.361667505629555,-22.859093799999997,-43.361698,-22.859014999324
RES_3811,3304557,78,True,39,1.0,-43.366449349999996,-22.875919449999998,-43.366247,-22.8760769993235
RES_3812,3304557,28,True,18,1.0,-43.353415839510234,-22.86462975,-43.353296,-22.8647549993238
RES_3813,3304557,307,True,126,1.0,-43.3658154,-22.8768142,-43.365329,-22.8767999993235
RES_3814,3304557,209,True,124,1.0,-43.353097899999995,-22.86421565,-43.353152,-22.8640379993238
RES_3815,3304557,1361,True,838,1.0,-43.3718720943351,-22.875085149999997,-43.37203,-22.8750979993236
RES_3816,3304557,6353,True,3124,1.0,-43.37297810224675,-22.869114399999994,-43.37319,-22.8693529993237
RES_3817,3304557,3124,True,1449,1.0,-43.375003952831264,-22.86321224999999,-43.374276,-22.8633659993238
RES_3818,3304557,3820,True,1854,1.0,-43.373684897419096,-22.855421399999997,-43.373533,-22.855611999324
RES_3819,3304557,415,True,178,1.0,-43.37161025,-22.851027449999993,-43.371543,-22.8511629993241
RES_3820,3304557,475,True,214,1.0,-43.3699753,-22.874239149999994,-43.369887,-22.8743219993236
RES_3821,3304557,1095,True,497,1.0,-43.36987999800363,-22.868274900000003,-43.371012,-22.8671169993238
RES_3822,3304557,4082,True,1620,2.0,-43.3689208,-22.8639586,-43.367711,-22.8619359993239
RES_3823,3304557,7580,True,3716,1.0,-43.36581100590568,-22.8539546,-43.366682,-22.8546749993241
RES_3824,3304557,2198,True,1006,1.0,-43.3668559,-22.85098915,-43.365767,-22.8503879993241
RES_3825,3304557,1207,True,457,1.0,-43.36203462585011,-22.8476853,-43.362252,-22.8479989993242
RES_3826,3304557,54,True,23,1.0,-43.3694677,-22.875672849999997,-43.369613,-22.8759699993236
RES_3827,3304557,539,True,196,1.0,-43.37906875,-22.856239549999998,-43.379282,-22.855850999324
RES_3828,3304557,673,True,288,1.0,-43.37815705,-22.855408349999998,-43.378072,-22.855520999324
RES_3829,3304557,161,True,58,1.0,-43.36830862307692,-22.875795600000004,-43.368182,-22.8757599993236
RES_3830,3304557,109,True,40,1.0,-43.36003549762856,-22.848876849999996,-43.360435,-22.8490489993242
RES_3831,3304557,740,True,320,1.0,-43.36353495553417,-22.849160649999998,-43.363473,-22.8491569993242
RES_3832,3304557,306,True,130,1.0,-43.37077777350075,-22.871598999999996,-43.370694,-22.8715599993237
RES_3833,3304557,2306,True,909,1.0,-43.365273491092935,-22.848709649999996,-43.36531,-22.8486749993242
RES_3834,3304557,308,True,141,1.0,-43.378327426615144,-22.850753250000004,-43.378309,-22.8507669993241
RES_3835,3304557,1914,True,798,1.0,-43.37650320036521,-22.852045149999995,-43.376393,-22.8517979993241
RES_3836,3304557,1420,True,635,1.0,-43.37389237105748,-22.850655699999997,-43.373999,-22.8507879993241
RES_3837,3304557,585,True,263,1.0,-43.36971304788287,-22.876314700000002,-43.369794,-22.8763429993235
RES_3838,3304557,682,True,260,1.0,-43.36791034402428,-22.863510149999996,-43.367997,-22.8634339993238
RES_3839,3304557,685,False,0,,-43.43553623269231,-22.9299758,-43.43553623269231,-22.9299758
RES_3840,3304557,49,True,30,1.0,-43.43717746892828,-22.919960849999995,-43.437037,-22.9198779993225
RES_3841,3304557,491,True,213,1.0,-43.42369924720508,-22.970601649999995,-43.423442,-22.9706679993214
RES_3842,3304557,1738,True,762,1.0,-43.42863245214682,-22.92794325,-43.428565,-22.9278799993224
RES_3843,3304557,559,True,191,1.0,-43.42838605,-22.916064950000003,-43.429472,-22.9159739993226
RES_3844,3304557,3041,True,1414,1.0,-43.41803245,-22.969891000000004,-43.419088,-22.9694099993214
RES_3845,3304557,293,True,132,1.0,-43.41727973312325,-22.965554600000004,-43.416622,-22.9670819993215
RES_3846,3304557,174,True,71,1.0,-43.418273857502086,-22.922471749999996,-43.416249,-22.9192949993226
RES_3847,3304557,439,False,0,,-43.41669388602868,-22.915313700000002,-43.41669388602868,-22.915313700000002
RES_3848,3304557,8323,True,4648,2.0,-43.41259276792014,-22.9713971,-43.411998,-22.9710319993214
RES_3849,3304557,5103,True,2281,1.0,-43.4115728,-22.9650896,-43.411092,-22.9657459993215
RES_3850,3304557,1140,True,396,1.0,-43.4143077196571,-22.920935699999998,-43.413313,-22.9206209993225
RES_3851,3304557,3667,True,1970,1.0,-43.40555269149445,-22.96472919999999,-43.405915,-22.9644469993215
RES_3852,3304557,71,True,25,1.0,-43.4029355237525,-22.9564921,-43.396223,-22.9578359993217
RES_3853,3304557,87,True,29,1.0,-43.405172050000004,-22.942004949999998,-43.405048,-22.9420159993221
RES_3854,3304557,1202,True,525,1.0,-43.40302845,-22.9273538,-43.403448,-22.9277129993224
RES_3855,3304557,2613,True,1042,1.0,-43.403408999999996,-22.9197372,-43.404609,-22.9195589993226
RES_3856,3304557,8446,True,4113,1.0,-43.39497616023026,-22.969141300000004,-43.394908,-22.9696259993214
RES_3857,3304557,3288,True,1903,1.0,-43.39542915323126,-22.964205849999992,-43.396592,-22.9654229993215
RES_3858,3304557,484,True,173,1.0,-43.3962664,-22.9456876,-43.39599,-22.944666999322
RES_3859,3304557,990,True,366,1.0,-43.39767952205128,-22.9406045,-43.395622,-22.9403529993221
RES_3860,3304557,625,False,0,,-43.39783498932323,-22.936522099999998,-43.39783498932323,-22.936522099999998
RES_3861,3304557,2590,True,1149,1.0,-43.39429952324493,-22.9268218,-43.395725,-22.9270909993224
RES_3862,3304557,1357,True,555,1.0,-43.39360047141776,-22.92381455,-43.39817,-22.9230929993225
RES_3863,3304557,11751,True,5201,1.0,-43.38839044033334,-22.969379100000005,-43.388442,-22.9691709993214
RES_3864,3304557,5681,True,2304,2.0,-43.38692905,-22.965113799999997,-43.386646,-22.9654429993215
RES_3865,3304557,574,True,242,1.0,-43.39124870785672,-22.938668199999995,-43.390992,-22.9388629993221
RES_3866,3304557,6885,True,2605,3.0,-43.39055675,-22.93390375,-43.390639,-22.9341749993222
RES_3867,3304557,249,True,122,1.0,-43.392640195085036,-22.92701475,-43.392554,-22.9270109993224
RES_3868,3304557,819,True,340,1.0,-43.38330962506345,-22.9675754,-43.383769,-22.9674469993215
RES_3869,3304557,3318,True,1344,2.0,-43.3836877,-22.965187200000003,-43.384227,-22.9646319993215
RES_3870,3304557,772,True,339,1.0,-43.3775946,-22.953006,-43.377581,-22.9527749993218
RES_3871,3304557,792,True,330,1.0,-43.37736024659202,-22.951088799999997,-43.377276,-22.9510429993218
RES_3872,3304557,793,True,364,1.0,-43.38466875,-22.934255399999998,-43.384534,-22.9344419993222
RES_3873,3304557,879,True,384,2.0,-43.37399213289793,-22.975987349999997,-43.374108,-22.9762289993213
RES_3874,3304557,2032,True,1006,1.0,-43.37119835,-22.96989385,-43.366654,-22.9683559993214
RES_3875,3304557,2,True,2,1.0,-43.37502963725366,-22.955335599999998,-43.375114,-22.9575999993217
RES_3876,3304557,2336,True,1039,1.0,-43.37074567471056,-22.94970675,-43.371347,-22.9499219993218
RES_3877,3304557,3592,True,1237,1.0,-43.36515436650116,-22.9533615,-43.36497,-22.9537219993218
RES_3878,3304557,3082,True,1130,1.0,-43.36588928059126,-22.952302200000002,-43.365941,-22.9519879993218
RES_3879,3304557,2659,True,1479,2.0,-43.358207500000006,-22.9722847,-43.357982,-22.9724869993213
RES_3880,3304557,655,True,309,1.0,-43.3538619217833,-22.965092200000004,-43.351633,-22.9649009993215
RES_3881,3304557,997,True,354,1.0,-43.361256362532345,-22.953261749999996,-43.361711,-22.9530789993218
RES_3882,3304557,5492,True,2557,1.0,-43.34929296547619,-22.964404949999995,-43.349609,-22.9646649993215
RES_3883,3304557,6639,True,2893,1.0,-43.3353382,-22.970304299999995,-43.335313,-22.9706899993214
RES_3884,3304557,1208,True,413,1.0,-43.3324749,-22.963382549999995,-43.3319,-22.9645819993215
RES_3885,3304557,465,True,202,1.0,-43.332186549999996,-22.958921899999993,-43.3323,-22.9590689993216
RES_3886,3304557,1009,True,462,1.0,-43.32231196707336,-22.97069344999999,-43.326044,-22.9710319993214
RES_3887,3304557,289,True,121,1.0,-43.32891825,-22.961940399999992,-43.329242,-22.9618529993216
RES_3888,3304557,3376,True,1402,1.0,-43.3291526,-22.957149199999996,-43.329219,-22.9566909993217
RES_3889,3304557,284,True,119,1.0,-43.32883159806077,-22.947428449999997,-43.329131,-22.9474449993219
RES_3890,3304557,1010,True,408,1.0,-43.32677149772728,-22.94380565,-43.327906,-22.942871999322
RES_3891,3304557,184,True,89,1.0,-43.32331363741468,-22.92708195,-43.32233,-22.9255579993224
RES_3892,3304557,62,True,38,1.0,-43.3172584,-22.9622501,-43.317377,-22.9633609993216
RES_3893,3304557,400,True,163,1.0,-43.322341225686785,-22.9353797,-43.32365,-22.9355099993222
RES_3894,3304557,336,True,163,1.0,-43.3182216,-22.927725099999996,-43.317964,-22.9282739993224
RES_3895,3304557,12,True,7,1.0,-43.29873679205671,-22.931679300000006,-43.284276,-22.9217849993225
RES_3896,3304557,74,True,35,1.0,-43.28810102697916,-22.924717,-43.286368,-22.9246799993224
RES_3897,3304557,110,True,37,1.0,-43.281850229388716,-22.9231377,-43.281807,-22.9230119993225
RES_3898,3304557,9335,True,3352,1.0,-43.3333257,-22.971324950000003,-43.333487,-22.9712009993214
RES_3899,3304557,809,True,321,1.0,-43.3941858,-22.96275994999999,-43.394841,-22.9629459993216
RES_3900,3304557,365,True,150,1.0,-43.392961892359054,-22.9458767,-43.39241,-22.945674999322
RES_3901,3304557,2968,True,1307,1.0,-43.390432768348674,-22.9464145,-43.390912,-22.946207999322
RES_3902,3304557,1407,True,614,1.0,-43.392281968849645,-22.942607000000002,-43.39238,-22.943456999322
RES_3903,3304557,3319,True,1383,1.0,-43.39402520908604,-22.965054300000006,-43.393803,-22.9650829993215
RES_3904,3304557,323,True,157,1.0,-43.3921231572563,-22.962569450000004,-43.392756,-22.9626989993216
RES_3905,3304557,261,True,124,1.0,-43.391929350679646,-22.936864449999995,-43.391886,-22.9372559993222
RES_3906,3304557,143,True,57,1.0,-43.40616405,-22.93792415,-43.406311,-22.9381569993221
RES_3907,3304557,248,True,97,1.0,-43.43876892429006,-22.918503799999996,-43.439064,-22.9182729993226
RES_3908,3304557,1528,True,653,1.0,-43.35052975,-22.96968155,-43.350533,-22.9702519993214
RES_3909,3304557,4034,True,1970,1.0,-43.34922188330241,-22.9658323,-43.349013,-22.9658059993215
RES_3910,3304557,437,True,211,1.0,-43.3970586,-22.924498599999996,-43.397123,-22.9244669993224
RES_3911,3304557,588,True,318,1.0,-43.378589374564726,-22.9580766,-43.378067,-22.9580939993217
RES_3912,3304557,882,True,419,1.0,-43.3760842,-22.9568946,-43.376442,-22.9575279993217
RES_3913,3304557,140,True,38,1.0,-43.396074880316704,-22.9575312,-43.396201,-22.9574789993217
RES_3914,3304557,140,True,53,1.0,-43.323845945783795,-22.924355399999996,-43.323782,-22.9242709993224
RES_3915,3304557,2199,True,840,1.0,-43.3903543,-22.9411713,-43.390873,-22.9407029993221
RES_3916,3304557,87,True,37,1.0,-43.426519549999995,-22.915848699999998,-43.426555,-22.9157239993226
RES_3917,3304557,755,True,360,1.0,-43.32467512825758,-22.96733135,-43.323409,-22.9673749993215
RES_3918,3304557,242,True,121,1.0,-43.32153405,-22.966373249999997,-43.321072,-22.9657459993215
RES_3919,3304557,789,True,337,1.0,-43.374799732904194,-22.95875995,-43.374272,-22.9583129993217
RES_3920,3304557,5436,True,2277,1.0,-43.39404510433826,-22.952090849999998,-43.393895,-22.9516269993218
RES_3921,3304557,2226,True,996,1.0,-43.391904100000005,-22.950430849999996,-43.392124,-22.9502569993219
RES_3922,3304557,459,True,173,1.0,-43.38748478812869,-22.934888899999997,-43.387561,-22.9348999993222
RES_3923,3304557,211,True,66,1.0,-43.44291755825256,-22.9308707,-43.442616,-22.9310859993223
RES_3924,3304557,208,True,77,1.0,-43.39899662004893,-22.9223773,-43.398953,-22.9224149993225
RES_3925,3304557,14948,True,6935,1.0,-43.33992972632317,-22.9780151,-43.339617,-22.9778849993212
RES_3926,3304557,23073,True,10756,1.0,-43.334475600000005,-22.976009949999998,-43.334651,-22.9758529993213
RES_3927,3304557,7291,True,3443,1.0,-43.33258919179673,-22.973472749999996,-43.332458,-22.9730719993213
RES_3928,3304557,1054,True,457,1.0,-43.33040829110978,-22.9587234,-43.330523,-22.9585469993217
RES_3929,3304557,2574,True,1240,1.0,-43.42000462195572,-22.914986900000002,-43.419963,-22.9148519993227
RES_3930,3304557,633,True,281,1.0,-43.40412448848258,-22.966043600000003,-43.404135,-22.9661649993215
RES_3931,3304557,421,True,178,1.0,-43.42388630000001,-22.96840735,-43.42396,-22.9682579993215
RES_3932,3304557,680,True,372,1.0,-43.323239192511366,-22.9396257,-43.323779,-22.9395769993221
RES_3933,3304557,813,True,296,1.0,-43.366457060318446,-22.95103585,-43.36591,-22.9513809993218
RES_3934,3304557,954,True,409,1.0,-43.384386199999994,-22.938158049999995,-43.384227,-22.9377249993221
RES_3935,3304557,863,True,389,1.0,-43.38851340069139,-22.938965949999996,-43.387775,-22.9388109993221
RES_3936,3304557,1315,True,536,1.0,-43.385954104387665,-22.937283349999998,-43.386768,-22.9371559993221
RES_3937,3304557,464,True,192,1.0,-43.384489909265874,-22.936279099999993,-43.384556,-22.9364729993222
RES_3938,3304557,64,True,40,1.0,-43.356357303396756,-22.95720764999999,-43.356444,-22.9572039993217
RES_3939,3304557,618,True,228,1.0,-43.36418849894011,-22.954092399999993,-43.363884,-22.9540999993218
RES_3940,3304557,863,True,299,1.0,-43.40037908707013,-22.963772799999994,-43.400326,-22.9639249993215
RES_3941,3304557,127,True,56,1.0,-43.4000958,-22.920552799999996,-43.399935,-22.9205469993225
RES_3942,3304557,319,True,141,1.0,-43.37797532642881,-22.950158,-43.3783,-22.9509879993218
RES_3943,3304557,3133,True,1208,1.0,-43.375328217041115,-22.9498435,-43.375017,-22.9499719993218
RES_3944,3304557,1111,True,432,1.0,-43.3709550612545,-22.955512749999997,-43.370673,-22.9568769993217
RES_3945,3304557,332,True,96,1.0,-43.39914148611193,-22.96355405,-43.399035,-22.9633439993216
RES_3946,3304557,5105,True,2522,1.0,-43.34829492402622,-22.956502250000003,-43.348412,-22.9559089993217
RES_3947,3304557,4,True,2,1.0,-43.33881905,-22.968547349999994,-43.338645,-22.9687529993214
RES_3948,3304557,4912,True,1951,2.0,-43.34262165,-22.96323689999999,-43.342827,-22.9635139993216
RES_3949,3304557,5336,True,2438,1.0,-43.34138276951673,-22.9549187,-43.341974,-22.9554999993217
RES_3950,3304557,1321,True,503,1.0,-43.340068995406,-22.9502021,-43.340893,-22.9503709993219
RES_3951,3304557,1837,True,900,1.0,-43.33737979728107,-22.96275444999999,-43.337211,-22.9627419993216
RES_3952,3304557,2524,True,1007,1.0,-43.33560192347683,-22.954780950000007,-43.334541,-22.9550769993217
RES_3953,3304557,5248,True,2178,1.0,-43.33447475,-22.94757805,-43.334777,-22.9472939993219
RES_3954,3304557,1418,True,598,1.0,-43.333193663198756,-22.9444024,-43.333903,-22.944026999322
RES_3955,3304557,710,True,287,1.0,-43.330129,-22.952781200000004,-43.330443,-22.9527809993218
RES_3956,3304557,2432,True,1047,1.0,-43.33214617621226,-22.955489949999997,-43.332131,-22.9558529993217
RES_3957,3304557,416,True,146,1.0,-43.345585059765,-22.96741544999999,-43.34572,-22.9677669993215
RES_3958,3304557,632,True,261,1.0,-43.3297619,-22.955826249999998,-43.329169,-22.9553919993217
RES_3959,3304557,1928,True,1018,1.0,-43.35424369757907,-22.961432,-43.354782,-22.9615989993216
RES_3960,3304557,4805,True,2368,1.0,-43.35018675,-22.961427999999998,-43.350779,-22.9613499993216
RES_3961,3304557,2400,True,1212,1.0,-43.351264471415874,-22.955839950000005,-43.350913,-22.9577269993217
RES_3962,3304557,2049,True,796,1.0,-43.348149451266295,-22.962041999999997,-43.347795,-22.9623129993216
RES_3963,3304557,1088,True,626,1.0,-43.3446745240699,-22.958571900000003,-43.344563,-22.9583339993217
RES_3964,3304557,302,True,142,1.0,-43.34805746867552,-22.9634061,-43.347945,-22.9634749993215
RES_3965,3304557,1046,True,427,1.0,-43.34522534889827,-22.960609149999996,-43.344789,-22.9604869993216
RES_3966,3304557,5402,True,2422,1.0,-43.35505063563286,-22.957096199999995,-43.354715,-22.9568909993217
RES_3967,3304557,1470,True,727,1.0,-43.3532733,-22.9570447,-43.353393,-22.9573559993217
RES_3968,3304557,690,True,300,1.0,-43.3703743,-22.947254750000006,-43.36982,-22.9476189993219
RES_3969,3304557,600,True,250,1.0,-43.37097115,-22.9433079,-43.370407,-22.942352999322
RES_3970,3304557,10574,True,4538,1.0,-43.36594575,-22.947680049999992,-43.365275,-22.9479899993219
RES_3971,3304557,2259,True,699,1.0,-43.36647365,-22.944434099999995,-43.365837,-22.944025999322
RES_3972,3304557,2939,True,1360,1.0,-43.35645427825769,-22.952980099999998,-43.356504,-22.9525739993218
RES_3973,3304557,10390,True,4106,1.0,-43.357578641974065,-22.949853850000004,-43.358278,-22.9502879993219
RES_3974,3304557,450,True,200,1.0,-43.36051447820313,-22.94448945,-43.360511,-22.944824999322
RES_3975,3304557,181,True,79,1.0,-43.35354817573008,-22.952315199999994,-43.355081,-22.9522809993218
RES_3976,3304557,263,False,0,,-43.36904667638889,-22.94280155,-43.36904667638889,-22.94280155
RES_3977,3304557,192,True,75,1.0,-43.362359304936646,-22.942443349999998,-43.36261,-22.943375999322
RES_3978,3304557,176,True,57,1.0,-43.367939388084764,-22.944632349999992,-43.367887,-22.944331999322
RES_3979,3304557,12,False,0,,-43.354282115362324,-22.951542299999996,-43.354282115362324,-22.951542299999996
RES_3980,3304557,145,True,56,1.0,-43.35347783766625,-22.951281100000006,-43.353543,-22.9514629993218
RES_3981,3304557,323,True,151,1.0,-43.357036193156674,-22.949158949999998,-43.357046,-22.9491249993219
RES_3982,3304557,1382,True,305,1.0,-43.37030486142693,-22.943835099999994,-43.370391,-22.943770999322
RES_3983,3304557,30,True,12,1.0,-43.39819304774609,-22.960115050000002,-43.395927,-22.9579939993217
RES_3984,3304557,4018,True,1859,1.0,-43.38943485,-22.955931300000003,-43.388904,-22.9566859993217
RES_3985,3304557,4060,True,2003,1.0,-43.3886746,-22.948675899999998,-43.387461,-22.9485479993219
RES_3986,3304557,915,True,439,1.0,-43.3855778,-22.9446274,-43.386131,-22.944853999322
RES_3987,3304557,3205,True,1641,2.0,-43.38221065,-22.95541695,-43.381701,-22.9551189993217
RES_3988,3304557,4817,True,2272,1.0,-43.38041745644284,-22.950231449999997,-43.381615,-22.9502489993219
RES_3989,3304557,5896,True,2677,1.0,-43.38084169240536,-22.94312995,-43.380912,-22.942353999322
RES_3990,3304557,1442,True,696,1.0,-43.38519711039224,-22.949235849999997,-43.385251,-22.9494639993219
RES_3991,3304557,170,True,77,1.0,-43.383613273982746,-22.94946145,-43.383697,-22.9495639993219
RES_3992,3304557,249,True,112,1.0,-43.3793607,-22.946222449999993,-43.379263,-22.9463479993219
RES_3993,3304557,546,True,229,1.0,-43.378371562577556,-22.940093199999996,-43.37848,-22.9405349993221
RES_3994,3304557,462,True,172,1.0,-43.37655882965117,-22.9457325,-43.376549,-22.945943999322
RES_3995,3304557,557,True,202,1.0,-43.39448722406206,-22.959304649999996,-43.394485,-22.9593079993216
RES_3996,3304557,1117,True,497,1.0,-43.394367047831,-22.958051949999998,-43.3946,-22.9578569993217
RES_3997,3304557,1554,True,680,1.0,-43.3909412,-22.9549897,-43.39119,-22.9547349993217
RES_3998,3304557,2759,True,1065,1.0,-43.35546309874738,-22.945920449999996,-43.355148,-22.946225999322
RES_3999,3304557,3530,True,1424,1.0,-43.355763363893445,-22.942347449999996,-43.355784,-22.941887999322
RES_4000,3304557,5814,True,2685,1.0,-43.35084521082244,-22.94812675,-43.350444,-22.9486089993219
RES_4001,3304557,3420,True,1277,1.0,-43.34928907133169,-22.9433245,-43.349638,-22.942467999322
RES_4002,3304557,3942,True,1812,1.0,-43.34872085482995,-22.9366859,-43.348957,-22.9359849993222
RES_4003,3304557,444,True,320,1.0,-43.34548913316955,-22.9524589,-43.345541,-22.9522689993218
RES_4004,3304557,2480,True,1155,1.0,-43.34116072455468,-22.945466700000004,-43.341426,-22.9461579993219
RES_4005,3304557,6964,True,3114,1.0,-43.340425408431926,-22.940850799999996,-43.340452,-22.941992999322
RES_4006,3304557,6389,True,2815,1.0,-43.3422647,-22.9348058,-43.342101,-22.9356979993222
RES_4007,3304557,2052,True,838,1.0,-43.341079793732526,-22.92887145,-43.340541,-22.9276979993224
RES_4008,3304557,660,True,287,1.0,-43.342064,-22.92295825,-43.342675,-22.9233009993225
RES_4009,3304557,300,True,150,1.0,-43.33775796357272,-22.94517775,-43.337697,-22.945162999322
RES_4010,3304557,9938,True,4516,1.0,-43.33483545414659,-22.94059245,-43.335122,-22.9410689993221
RES_4011,3304557,13722,True,5915,1.0,-43.334645243874306,-22.934754249999997,-43.333671,-22.9348199993222
RES_4012,3304557,1744,True,599,1.0,-43.33607734019496,-22.9291761,-43.336387,-22.9281129993224
RES_4013,3304557,809,True,350,1.0,-43.32862897669199,-22.93788755,-43.330896,-22.9387879993221
RES_4014,3304557,4897,True,2091,1.0,-43.3278654,-22.9360443,-43.328262,-22.9353079993222
RES_4015,3304557,638,False,0,,-43.329154056076426,-22.930072300000003,-43.329154056076426,-22.930072300000003
RES_4016,3304557,357,True,159,1.0,-43.3593318,-22.94262825,-43.359431,-22.942707999322
RES_4017,3304557,600,True,255,1.0,-43.33967805114452,-22.916218,-43.339871,-22.9163069993226
RES_4018,3304557,350,True,192,1.0,-43.351021147942184,-22.945124200000002,-43.351096,-22.945062999322
RES_4019,3304557,739,True,288,1.0,-43.342403420346315,-22.9176589,-43.342947,-22.9177559993226
RES_4020,3304557,485,True,195,1.0,-43.354800754038145,-22.94865635,-43.35491,-22.9487129993219
RES_4021,3304557,188,True,81,1.0,-43.35441875,-22.9487108,-43.353949,-22.9486839993219
RES_4022,3304557,256,True,67,1.0,-43.349831200128534,-22.942181400000003,-43.349717,-22.942223999322
RES_4023,3304557,525,True,228,1.0,-43.34739085,-22.93343495,-43.347319,-22.9333199993222
RES_4024,3304557,153,False,0,,-43.34795580533621,-22.94432915,-43.34795580533621,-22.94432915
RES_4025,3304557,1757,True,1030,1.0,-43.32845825,-22.9393271,-43.328454,-22.9386109993221
RES_4026,3304557,3580,True,1580,1.0,-43.364025319479076,-22.935277449999994,-43.363192,-22.9343479993222
RES_4027,3304557,479,True,290,2.0,-43.36193418040786,-22.9302457,-43.361947,-22.9305199993223
RES_4028,3304557,3503,True,1626,2.0,-43.356716947132384,-22.939644199999996,-43.357687,-22.9392179993221
RES_4029,3304557,6111,True,2469,1.0,-43.35900931368317,-22.9353285,-43.3584,-22.9343539993222
RES_4030,3304557,6501,True,3154,1.0,-43.35714815,-22.927338899999995,-43.356425,-22.9278349993224
RES_4031,3304557,1687,True,778,1.0,-43.35570665,-22.92266445,-43.356279,-22.9233449993225
RES_4032,3304557,4869,True,2312,1.0,-43.35083405,-22.932986749999998,-43.350906,-22.9326959993223
RES_4033,3304557,7006,True,3310,1.0,-43.349107584001594,-22.927653199999998,-43.349683,-22.9271509993224
RES_4034,3304557,365,False,0,,-43.34993681094302,-22.92213805,-43.34993681094302,-22.92213805
RES_4035,3304557,1259,True,577,1.0,-43.34556015,-22.924090449999998,-43.345562,-22.9242519993224
RES_4036,3304557,461,True,160,1.0,-43.3453318763458,-22.92220255,-43.345195,-22.9225289993225
RES_4037,3304557,761,True,320,1.0,-43.3577841,-22.9306695,-43.357761,-22.9305879993223
RES_4038,3304557,366,True,141,1.0,-43.353798000000005,-22.9322958,-43.353244,-22.9323019993223
RES_4039,3304557,539,True,262,1.0,-43.355201327997605,-22.93091315,-43.355457,-22.9310709993223
RES_4040,3304557,12,False,0,,-43.40937716244285,-22.917772900000003,-43.40937716244285,-22.917772900000003
RES_4041,3304557,2036,True,1046,1.0,-43.41277524031887,-22.915478499999992,-43.41138,-22.9154669993227
RES_4042,3304557,695,True,353,1.0,-43.4145272,-22.909090149999994,-43.413791,-22.9094079993228
RES_4043,3304557,1642,True,853,1.0,-43.4077082,-22.917665049999997,-43.40646,-22.9175909993226
RES_4044,3304557,3114,True,1443,1.0,-43.40339213169375,-22.914714399999998,-43.403889,-22.9146919993227
RES_4045,3304557,188,True,114,1.0,-43.40749815,-22.9063192,-43.406286,-22.9065069993229
RES_4046,3304557,1078,True,468,1.0,-43.3955957,-22.917579999999994,-43.394675,-22.9178249993226
RES_4047,3304557,3828,True,1640,1.0,-43.39702873194656,-22.911815149999995,-43.395909,-22.9134349993227
RES_4048,3304557,756,True,321,1.0,-43.38668620666667,-22.9311172,-43.387289,-22.9309519993223
RES_4049,3304557,6004,True,2665,1.0,-43.389391,-22.9279949,-43.388772,-22.9271579993224
RES_4050,3304557,7153,True,3012,1.0,-43.38921997477422,-22.9190818,-43.38999,-22.9195459993226
RES_4051,3304557,7164,True,3253,1.0,-43.38907114129502,-22.914386899999997,-43.389133,-22.9147369993227
RES_4052,3304557,1005,True,371,1.0,-43.388865746306905,-22.908950349999998,-43.387961,-22.9085509993228
RES_4053,3304557,2435,True,798,1.0,-43.378748249999994,-22.933839499999998,-43.379126,-22.9321299993223
RES_4054,3304557,7704,True,3251,1.0,-43.38120134300956,-22.928317749999998,-43.380459,-22.9273729993224
RES_4055,3304557,4067,True,1924,1.0,-43.38101365,-22.920867799999996,-43.380813,-22.9190499993226
RES_4056,3304557,4096,True,1784,1.0,-43.383353325303645,-22.913986499999996,-43.382445,-22.9135609993227
RES_4057,3304557,341,True,144,1.0,-43.38061627237515,-22.909171050000005,-43.380278,-22.9090709993228
RES_4058,3304557,2177,True,1006,1.0,-43.37056565,-22.940123799999995,-43.371305,-22.941997999322
RES_4059,3304557,3894,True,1843,2.0,-43.370609651273725,-22.93572555,-43.370892,-22.9355109993222
RES_4060,3304557,7455,True,3432,1.0,-43.3754373,-22.927545649999995,-43.373262,-22.9280159993224
RES_4061,3304557,5694,True,2913,1.0,-43.3746395,-22.918799449999998,-43.37367,-22.9196139993226
RES_4062,3304557,438,True,227,1.0,-43.37588015,-22.915896599999996,-43.375434,-22.9157129993227
RES_4063,3304557,4521,True,2538,1.0,-43.363458003415886,-22.94169015,-43.365105,-22.9395039993221
RES_4064,3304557,9399,True,4627,2.0,-43.36690276177272,-22.935150299999997,-43.366885,-22.9349529993222
RES_4065,3304557,7083,True,3312,1.0,-43.36544931118621,-22.926847450000004,-43.366434,-22.9271799993224
RES_4066,3304557,3698,True,1931,1.0,-43.366266100000004,-22.92099624999999,-43.36685,-22.9211509993225
RES_4067,3304557,421,False,0,,-43.4100065,-22.917791649999998,-43.4100065,-22.917791649999998
RES_4068,3304557,1522,True,636,1.0,-43.38658595,-22.929268099999994,-43.386763,-22.9295309993223
RES_4069,3304557,989,True,398,1.0,-43.376569614207014,-22.933365000000002,-43.376635,-22.9334349993222
RES_4070,3304557,496,True,223,1.0,-43.40109059477797,-22.916402700000003,-43.401028,-22.9163849993226
RES_4071,3304557,718,True,338,1.0,-43.400121073513446,-22.916582599999995,-43.400231,-22.9166119993226
RES_4072,3304557,75,True,33,1.0,-43.41238462478468,-22.90737695,-43.412458,-22.9074809993228
RES_4073,3304557,102,True,51,1.0,-43.4106960246928,-22.907095050000002,-43.410218,-22.9074319993228
RES_4074,3304557,261,True,131,1.0,-43.38159655,-22.906784700000003,-43.381249,-22.9065059993229
RES_4075,3304557,852,True,391,1.0,-43.38279060000001,-22.9154858,-43.382643,-22.9155869993226
RES_4076,3304557,441,True,174,1.0,-43.39144725,-22.91221855,-43.391426,-22.9122369993227
RES_4077,3304557,346,True,153,1.0,-43.4026082056473,-22.912004149999998,-43.402884,-22.9118899993227
RES_4078,3304557,1082,True,384,1.0,-43.3634897,-22.942875100000002,-43.363193,-22.942847999322
RES_4079,3304557,54,True,26,1.0,-43.39625462035593,-22.916054899999995,-43.396625,-22.9160809993226
RES_4080,3304557,375,True,167,1.0,-43.375095900000005,-22.917045350000002,-43.375205,-22.9168069993226
RES_4081,3304557,483,True,192,1.0,-43.375131293579585,-22.91634935,-43.375101,-22.9163419993226
RES_4082,3304557,451,True,228,1.0,-43.40749614740608,-22.9162745,-43.407168,-22.9164109993226
RES_4083,3304557,285,True,131,1.0,-43.382944808471066,-22.936192650000002,-43.383392,-22.9372879993222
RES_4084,3304557,207,True,88,1.0,-43.383129918409594,-22.926428849999994,-43.383096,-22.9265249993224
RES_4085,3304557,928,True,401,1.0,-43.37467090510752,-22.932218750000004,-43.37472,-22.9325359993223
RES_4086,3304557,44,True,31,1.0,-43.37793786568849,-22.918550799999995,-43.377796,-22.9187239993226
RES_4087,3304557,2643,True,1280,1.0,-43.37827452326931,-22.91350924999999,-43.378637,-22.9136229993227
RES_4088,3304557,664,True,307,1.0,-43.370967718185554,-22.91817825,-43.371167,-22.9178759993226
RES_4089,3304557,3341,True,1658,1.0,-43.37205283421639,-22.913148550000003,-43.372828,-22.9127899993227
RES_4090,3304557,688,True,318,1.0,-43.37663561366803,-22.90838145,-43.375246,-22.9074999993228
RES_4091,3304557,850,True,362,1.0,-43.362125824979664,-22.924089549999998,-43.362553,-22.9253639993224
RES_4092,3304557,2601,True,945,1.0,-43.3627696,-22.9205669,-43.365279,-22.9182739993226
RES_4093,3304557,3986,True,1943,1.0,-43.36651169746385,-22.914733350000002,-43.367292,-22.9137029993227
RES_4094,3304557,945,True,400,1.0,-43.364982313620686,-22.908103949999997,-43.364102,-22.9093109993228
RES_4095,3304557,1132,True,570,1.0,-43.360305849999996,-22.925389799999998,-43.359762,-22.9255759993224
RES_4096,3304557,5485,True,2611,1.0,-43.358700450675826,-22.920966849999996,-43.358269,-22.9204319993225
RES_4097,3304557,1803,True,833,1.0,-43.359350899999995,-22.914650199999993,-43.358374,-22.9148199993227
RES_4098,3304557,1977,True,847,1.0,-43.35145695,-22.917023550000003,-43.352061,-22.9170829993226
RES_4099,3304557,622,True,262,1.0,-43.350860299999994,-22.9151697,-43.352595,-22.9154789993227
RES_4100,3304557,1009,True,438,1.0,-43.34447937045298,-22.92029435,-43.34378,-22.9196359993226
RES_4101,3304557,939,True,392,1.0,-43.3436789,-22.914601950000005,-43.344568,-22.9152969993227
RES_4102,3304557,368,True,158,1.0,-43.3511424,-22.91397665,-43.351077,-22.9136119993227
RES_4103,3304557,171,True,91,1.0,-43.358370799999996,-22.913611849999995,-43.358351,-22.9137799993227
RES_4104,3304557,2356,True,1105,1.0,-43.362561850000006,-22.915518449999997,-43.362937,-22.9158549993226
RES_4105,3304557,556,True,269,1.0,-43.346826837219595,-22.915879750000002,-43.346799,-22.9156519993227
RES_4106,3304557,523,True,261,1.0,-43.37421225,-22.912366499999997,-43.374218,-22.9124889993227
RES_4107,3304557,707,True,311,1.0,-43.35689775,-22.9139408,-43.357117,-22.9137859993227
RES_4108,3304557,531,True,279,1.0,-43.344436573029895,-22.91772989999999,-43.344481,-22.9178179993226
RES_4109,3304557,146,False,0,,-43.35532024352453,-22.912350900000003,-43.35532024352453,-22.912350900000003
RES_4110,3304557,2174,True,938,1.0,-43.37113555449638,-22.90688135,-43.371458,-22.9084729993228
RES_4111,3304557,194,True,76,1.0,-43.35734079309236,-22.91067525,-43.357636,-22.9107769993228
RES_4112,3304557,2481,True,1226,1.0,-43.355216129761686,-22.904114999999997,-43.356,-22.9042549993229
RES_4113,3304557,5942,True,2799,1.0,-43.35572264999999,-22.89800885,-43.35648,-22.8980669993231
RES_4114,3304557,4603,True,2238,2.0,-43.35695110909805,-22.893259449999995,-43.357681,-22.8919989993232
RES_4115,3304557,5494,True,2696,1.0,-43.3512805,-22.903122449999998,-43.350183,-22.9034599993229
RES_4116,3304557,8596,True,4405,1.0,-43.35004052011705,-22.8989978,-43.350407,-22.8982079993231
RES_4117,3304557,4678,True,2408,1.0,-43.34978232392751,-22.891707899999993,-43.349933,-22.8905469993232
RES_4118,3304557,2620,True,1284,1.0,-43.3507218,-22.88587915,-43.351645,-22.8863109993233
RES_4119,3304557,1843,True,924,1.0,-43.34456675,-22.904048749999994,-43.345492,-22.9033539993229
RES_4120,3304557,4470,True,2197,1.0,-43.34496620437234,-22.89743155,-43.344892,-22.8972219993231
RES_4121,3304557,1796,True,884,1.0,-43.34450752227087,-22.892188449999992,-43.344858,-22.8924259993232
RES_4122,3304557,1642,True,753,1.0,-43.34398780115701,-22.905113749999998,-43.343675,-22.9040549993229
RES_4123,3304557,986,True,447,1.0,-43.342685552845666,-22.901172250000002,-43.342988,-22.901162999323
RES_4124,3304557,563,True,239,1.0,-43.355048097101445,-22.909408999999997,-43.355048,-22.9092919993228
RES_4125,3304557,888,True,334,1.0,-43.35273105,-22.909014149999997,-43.352478,-22.9088089993228
RES_4126,3304557,2351,True,957,1.0,-43.3587223,-22.90441135,-43.358289,-22.9039939993229
RES_4127,3304557,3295,True,1499,1.0,-43.36656775,-22.897640949999996,-43.36627,-22.8978709993231
RES_4128,3304557,759,True,321,1.0,-43.3647966,-22.90285869999999,-43.364487,-22.9027879993229
RES_4129,3304557,848,True,329,1.0,-43.36440365,-22.900739499999993,-43.363673,-22.900394999323
RES_4130,3304557,835,True,364,1.0,-43.36085227325472,-22.9026033,-43.361289,-22.902176999323
RES_4131,3304557,755,True,342,1.0,-43.36064914121247,-22.901006599999995,-43.360622,-22.901128999323
RES_4132,3304557,279,True,100,1.0,-43.3520994,-22.891922449999996,-43.351983,-22.8920949993232
RES_4133,3304557,1064,True,482,1.0,-43.343398808509036,-22.89047245,-43.34398,-22.8906009993232
RES_4134,3304557,1079,True,480,1.0,-43.35505340140232,-22.906292250000007,-43.355064,-22.9073319993228
RES_4135,3304557,3235,True,1259,1.0,-43.35312760000001,-22.90758125,-43.353043,-22.9071719993228
RES_4136,3304557,704,True,246,1.0,-43.35939256206896,-22.8942919,-43.359494,-22.8943279993231
RES_4137,3304557,530,True,219,1.0,-43.33984610517179,-22.89523965,-43.340142,-22.8959749993231
RES_4138,3304557,628,True,294,1.0,-43.3422070917059,-22.89398585,-43.342571,-22.8940429993231
RES_4139,3304557,909,True,361,1.0,-43.371305955981796,-22.889631899999998,-43.372148,-22.8885869993233
RES_4140,3304557,4853,True,2214,1.0,-43.37192925726744,-22.884961649999997,-43.371717,-22.8838869993234
RES_4141,3304557,2249,True,1153,1.0,-43.37279440288967,-22.878899550000003,-43.372458,-22.8785209993235
RES_4142,3304557,3676,True,1132,1.0,-43.365518792973376,-22.893638600000003,-43.365376,-22.8923349993232
RES_4143,3304557,6950,True,3319,1.0,-43.36492110714484,-22.884024949999997,-43.366086,-22.8841569993234
RES_4144,3304557,2304,True,1187,1.0,-43.365681,-22.879800350000004,-43.366133,-22.8792889993235
RES_4145,3304557,2425,True,1085,1.0,-43.361358300000006,-22.890258299999996,-43.361244,-22.8907109993232
RES_4146,3304557,4894,True,2396,1.0,-43.3583320990312,-22.88391375,-43.358636,-22.8839909993234
RES_4147,3304557,1488,True,694,1.0,-43.35974526630248,-22.879111950000002,-43.360217,-22.8794949993235
RES_4148,3304557,717,True,305,1.0,-43.368883175382265,-22.8982892,-43.36869,-22.8980169993231
RES_4149,3304557,1809,True,840,1.0,-43.35821303864504,-22.889247999999995,-43.358275,-22.8894259993233
RES_4150,3304557,448,True,189,1.0,-43.3569506,-22.888322999999993,-43.356783,-22.8883839993233
RES_4151,3304557,683,True,305,1.0,-43.35639159039296,-22.887395750000003,-43.356511,-22.8874259993233
RES_4152,3304557,537,True,248,1.0,-43.3634428,-22.894465249999996,-43.363353,-22.8945039993231
RES_4153,3304557,82,True,43,1.0,-43.3583038,-22.886394800000005,-43.358291,-22.8865309993233
RES_4154,3304557,426,True,179,1.0,-43.3961718,-22.8479798,-43.395993,-22.8486999993242
RES_4155,3304557,1365,True,585,1.0,-43.3912703,-22.855243599999998,-43.390029,-22.854835999324
RES_4156,3304557,1167,True,408,1.0,-43.3830781605529,-22.866586099999996,-43.383028,-22.8660799993238
RES_4157,3304557,2102,True,802,1.0,-43.38141486453014,-22.8539564,-43.381712,-22.8534459993241
RES_4158,3304557,3853,True,1646,1.0,-43.38114327611421,-22.849487450000005,-43.381298,-22.8491329993242
RES_4159,3304557,985,True,411,1.0,-43.38789188984393,-22.85271915,-43.387595,-22.8525399993241
RES_4160,3304557,504,True,204,1.0,-43.38105092759815,-22.851636300000003,-43.381139,-22.8515679993241
RES_4161,3304557,2194,True,1018,1.0,-43.40618405,-22.883423999999998,-43.406155,-22.8829599993234
RES_4162,3304557,3408,True,1463,1.0,-43.4061046,-22.878408900000004,-43.405658,-22.8787719993235
RES_4163,3304557,630,True,211,1.0,-43.40720145,-22.869559649999996,-43.408398,-22.8700549993237
RES_4164,3304557,66,True,23,1.0,-43.40336845,-22.856353949999992,-43.406163,-22.857071999324
RES_4165,3304557,630,True,322,1.0,-43.39951341711799,-22.882418100000002,-43.403951,-22.8808979993234
RES_4166,3304557,999,True,406,1.0,-43.4002471,-22.863210000000002,-43.396606,-22.8595559993239
RES_4167,3304557,762,True,265,1.0,-43.39596792412218,-22.853143849999995,-43.395685,-22.8527839993241
RES_4168,3304557,2874,True,1069,1.0,-43.39730085000001,-22.85063615,-43.39657,-22.8510179993241
RES_4169,3304557,317,True,118,1.0,-43.38988609317836,-22.86920475,-43.395941,-22.8655339993238
RES_4170,3304557,522,True,234,1.0,-43.391931918971366,-22.8619165,-43.392567,-22.8625859993239
RES_4171,3304557,554,True,217,1.0,-43.40748918841983,-22.880571349999997,-43.407457,-22.8806189993235
RES_4172,3304557,904,True,294,2.0,-43.385220648873116,-22.886316399999995,-43.3854,-22.8860769993233
RES_4173,3304557,600,True,198,1.0,-43.37738015000001,-22.88196655,-43.377469,-22.8819339993234
RES_4174,3304557,602,True,263,1.0,-43.376398270077864,-22.878651000000005,-43.375421,-22.8791969993235
RES_4175,3304557,493,True,174,1.0,-43.4033529,-22.889796000000004,-43.405362,-22.8922269993232
RES_4176,3304557,3301,True,1579,1.0,-43.39909792172037,-22.8918225,-43.397877,-22.8913539993232
RES_4177,3304557,1609,True,834,1.0,-43.3985289,-22.886837399999994,-43.397084,-22.8870829993233
RES_4178,3304557,648,True,304,1.0,-43.38846690165119,-22.8991122,-43.388636,-22.898315999323
RES_4179,3304557,2076,True,874,1.0,-43.390153876744925,-22.88927275,-43.390027,-22.8898489993232
RES_4180,3304557,1414,True,605,1.0,-43.38999268669443,-22.887512549999997,-43.391804,-22.8865929993233
RES_4181,3304557,69,True,31,1.0,-43.380359350000006,-22.904670949999996,-43.380187,-22.9045499993229
RES_4182,3304557,1872,True,790,1.0,-43.38085135,-22.8879201,-43.381255,-22.8892309993232
RES_4183,3304557,745,True,270,2.0,-43.381545700000004,-22.886230349999998,-43.382126,-22.8864379993233
RES_4184,3304557,1789,True,775,1.0,-43.37522080104905,-22.884539349999997,-43.375613,-22.8851209993234
RES_4185,3304557,380,True,136,1.0,-43.3804671,-22.906231149999996,-43.380441,-22.9062409993229
RES_4186,3304557,1400,True,671,2.0,-43.4181867,-22.874901899999998,-43.418571,-22.8755909993236
RES_4187,3304557,910,True,420,1.0,-43.4178097,-22.86931324999999,-43.41779,-22.8687919993237
RES_4188,3304557,1151,True,526,1.0,-43.410470849999996,-22.88090775,-43.410314,-22.8808149993234
RES_4189,3304557,7175,True,3192,1.0,-43.41253909869758,-22.876167699999996,-43.413032,-22.8765589993236
RES_4190,3304557,3441,True,1620,1.0,-43.412370249999995,-22.872038449999998,-43.413411,-22.8717399993237
RES_4191,3304557,89,True,32,1.0,-43.41385097832736,-22.866305599999993,-43.41593,-22.8680579993237
RES_4192,3304557,2180,True,961,1.0,-43.408044700000005,-22.87556635,-43.407924,-22.8753529993236
RES_4193,3304557,666,True,274,1.0,-43.41378910741023,-22.873954149999996,-43.413879,-22.8746209993236
RES_4194,3304557,1501,True,624,1.0,-43.4086679,-22.877714899999994,-43.408597,-22.8780979993235
RES_4195,3304557,379,True,154,1.0,-43.41782847639671,-22.877683949999998,-43.417746,-22.8776519993235
RES_4196,3304557,1744,True,717,1.0,-43.4175142,-22.871481750000004,-43.41809,-22.8715839993236
RES_4197,3304557,581,True,226,1.0,-43.447908054277946,-22.8950514,-43.447691,-22.8951099993231
RES_4198,3304557,702,True,277,2.0,-43.4484226,-22.856927549999998,-43.447999,-22.857002999324
RES_4199,3304557,3573,True,1427,1.0,-43.4431674,-22.897692749999997,-43.442998,-22.898350999323
RES_4200,3304557,6970,True,3039,1.0,-43.44345363770205,-22.893740450000003,-43.442905,-22.8924269993232
RES_4201,3304557,1924,True,912,1.0,-43.44114852946299,-22.879477899999998,-43.441913,-22.8786279993235
RES_4202,3304557,1331,True,625,1.0,-43.44082495,-22.86947345,-43.440727,-22.8693779993237
RES_4203,3304557,5978,True,2502,1.0,-43.44242810262915,-22.86130635,-43.444428,-22.8625349993239
RES_4204,3304557,5144,True,2088,1.0,-43.44610295,-22.858598200000003,-43.445951,-22.8583029993239
RES_4205,3304557,3565,True,1512,1.0,-43.43907889213929,-22.897941850000002,-43.438367,-22.8974999993231
RES_4206,3304557,11474,True,4982,1.0,-43.436375106694975,-22.890982649999998,-43.436223,-22.8915759993232
RES_4207,3304557,7012,True,2786,1.0,-43.43663622597897,-22.8838098,-43.436916,-22.8851909993233
RES_4208,3304557,3434,True,1743,1.0,-43.43702275146967,-22.878723,-43.436876,-22.8781189993235
RES_4209,3304557,5029,True,2258,1.0,-43.435970870421514,-22.869540650000005,-43.43598,-22.8700139993237
RES_4210,3304557,4731,True,1816,1.0,-43.43736894502503,-22.86244095,-43.438469,-22.8629379993239
RES_4211,3304557,567,True,221,1.0,-43.4398001,-22.858184,-43.43965,-22.858210999324
RES_4212,3304557,29,True,37,1.0,-43.4317303114904,-22.901169899999992,-43.428787,-22.901491999323
RES_4213,3304557,5688,True,2534,1.0,-43.42871889222188,-22.8908288,-43.428457,-22.8908259993232
RES_4214,3304557,14916,True,6547,2.0,-43.42806750026739,-22.884220200000005,-43.427854,-22.8846199993234
RES_4215,3304557,4626,True,2148,1.0,-43.4276019,-22.87750535,-43.428345,-22.8776289993235
RES_4216,3304557,5037,True,2336,1.0,-43.43128707448473,-22.8709882,-43.430446,-22.8697569993237
RES_4217,3304557,3975,True,1540,1.0,-43.428825899835644,-22.863377549999996,-43.428386,-22.8621999993239
RES_4218,3304557,478,True,201,1.0,-43.41828635,-22.9116218,-43.418211,-22.9118279993227
RES_4219,3304557,1073,True,501,1.0,-43.42036105421785,-22.906678549999995,-43.420583,-22.9076259993228
RES_4220,3304557,1354,True,629,1.0,-43.421547316282506,-22.89663895,-43.420943,-22.8959519993231
RES_4221,3304557,6676,True,3122,1.0,-43.41954648513088,-22.890579499999998,-43.420273,-22.8916439993232
RES_4222,3304557,10400,True,4640,1.0,-43.41991345000001,-22.885622750000003,-43.420115,-22.8849539993233
RES_4223,3304557,5311,True,2449,1.0,-43.42269075,-22.877170699999997,-43.421957,-22.8771419993235
RES_4224,3304557,6453,True,2851,1.0,-43.423172503584226,-22.867766749999994,-43.422111,-22.8689709993237
RES_4225,3304557,2051,True,924,1.0,-43.421938350000005,-22.864372099999997,-43.423042,-22.8631549993239
RES_4226,3304557,2939,True,1310,1.0,-43.41408231367219,-22.891120300000004,-43.41491,-22.8904519993232
RES_4227,3304557,7526,True,3326,1.0,-43.41309138317051,-22.88401785,-43.413411,-22.8845609993234
RES_4228,3304557,577,True,272,1.0,-43.416395154232994,-22.87993025,-43.415979,-22.8800429993235
RES_4229,3304557,916,True,410,1.0,-43.40898290669807,-22.8849006,-43.408601,-22.8852029993234
RES_4230,3304557,482,True,206,1.0,-43.41949255,-22.908043,-43.419466,-22.9082029993228
RES_4231,3304557,153,False,0,,-43.434515950000005,-22.8616875,-43.434515950000005,-22.8616875
RES_4232,3304557,970,True,387,1.0,-43.42032295,-22.884425399999998,-43.420538,-22.8844879993234
RES_4233,3304557,3405,True,1395,1.0,-43.4259065,-22.862643600000002,-43.42655,-22.8622939993239
RES_4234,3304557,97,True,49,1.0,-43.42374994649973,-22.866437499999996,-43.423888,-22.8666359993238
RES_4235,3304557,211,True,87,1.0,-43.43515240806285,-22.891068249999996,-43.434866,-22.8910699993232
RES_4236,3304557,30,True,14,1.0,-43.437131949999994,-22.899939549999996,-43.436886,-22.899863999323
RES_4237,3304557,697,True,262,1.0,-43.416926756658484,-22.911677850000004,-43.41701,-22.9115219993227
RES_4238,3304557,326,True,149,3.0,-43.41804085,-22.8960546,-43.41792,-22.8959829993231
RES_4239,3304557,582,True,227,1.0,-43.41639105,-22.895117999999997,-43.416192,-22.8948739993231
RES_4240,3304557,675,True,222,3.0,-43.4343452,-22.885510199999995,-43.434208,-22.8856659993233
RES_4241,3304557,307,True,123,1.0,-43.41931440326433,-22.892896349999997,-43.419266,-22.8928079993232
RES_4242,3304557,767,True,315,1.0,-43.423679250000006,-22.897485,-43.423463,-22.8975559993231
RES_4243,3304557,555,True,191,1.0,-43.419939600000006,-22.897173499999994,-43.419617,-22.8971719993231
RES_4244,3304557,369,True,151,1.0,-43.43152995,-22.882811600000004,-43.431511,-22.8829369993234
RES_4245,3304557,388,True,148,1.0,-43.425415650000005,-22.888680899999997,-43.425361,-22.8887929993233
RES_4246,3304557,567,True,263,1.0,-43.40804940573683,-22.886784049999996,-43.40804,-22.8868489993233
RES_4247,3304557,347,True,162,1.0,-43.4436116,-22.875236199999996,-43.443795,-22.8753409993236
RES_4248,3304557,1054,True,408,1.0,-43.42251695368247,-22.86081315,-43.422393,-22.8614009993239
RES_4249,3304557,215,False,0,,-43.42983762588901,-22.86289955,-43.42983762588901,-22.86289955
RES_4250,3304557,749,True,313,1.0,-43.42232579545455,-22.9057957,-43.422296,-22.9064129993228
RES_4251,3304557,546,True,221,1.0,-43.41280383104575,-22.888875849999998,-43.412962,-22.8888269993233
RES_4252,3304557,420,True,156,1.0,-43.43496792505319,-22.874291349999996,-43.434981,-22.8743609993236
RES_4253,3304557,696,True,268,1.0,-43.41143791223976,-22.888110299999997,-43.41129,-22.8880879993233
RES_4254,3304557,1567,True,597,1.0,-43.4116658229113,-22.887657349999998,-43.411118,-22.8873319993233
RES_4255,3304557,333,True,138,1.0,-43.445537961950166,-22.86146325,-43.445392,-22.8615489993239
RES_4256,3304557,435,True,222,1.0,-43.43305534628395,-22.866219299999997,-43.432517,-22.8663509993238
RES_4257,3304557,692,True,264,1.0,-43.429040150000006,-22.865845199999995,-43.428784,-22.8658669993238
RES_4258,3304557,658,True,294,1.0,-43.41380595,-22.89237695,-43.413865,-22.8922839993232
RES_4259,3304557,205,True,92,1.0,-43.43919395,-22.862442449999996,-43.439202,-22.8623869993239
RES_4260,3304557,530,True,140,1.0,-43.43213456192129,-22.88496885,-43.432081,-22.8846889993234
RES_4261,3304557,1128,True,414,1.0,-43.4257071,-22.8920291,-43.426086,-22.8922679993232
RES_4262,3304557,501,True,209,1.0,-43.44068302609023,-22.874079300000002,-43.440729,-22.8740699993236
RES_4263,3304557,865,True,352,1.0,-43.441492499999995,-22.872128100000005,-43.441228,-22.8723599993236
RES_4264,3304557,791,True,310,1.0,-43.43804365,-22.874228600000002,-43.438116,-22.8743039993236
RES_4265,3304557,2674,True,1114,1.0,-43.43866772454082,-22.872384150000002,-43.438619,-22.8723799993236
RES_4266,3304557,6001,True,2634,1.0,-43.45066585,-22.891987250000003,-43.451199,-22.8923439993232
RES_4267,3304557,5973,True,2460,1.0,-43.450705891512484,-22.8847435,-43.450969,-22.8850659993234
RES_4268,3304557,4127,True,2093,1.0,-43.4512241,-22.876975699999996,-43.452369,-22.8775529993235
RES_4269,3304557,4222,True,2073,2.0,-43.45034928063341,-22.87332835,-43.450125,-22.8720799993237
RES_4270,3304557,4585,True,2160,1.0,-43.452060847396034,-22.8640063,-43.450693,-22.8641169993238
RES_4271,3304557,3958,True,1860,1.0,-43.452085749999995,-22.858836699999998,-43.451669,-22.858160999324
RES_4272,3304557,2150,True,891,1.0,-43.44720982527663,-22.891164449999998,-43.446007,-22.8902899993232
RES_4273,3304557,9449,True,3663,1.0,-43.445061,-22.884843349999997,-43.444044,-22.8846369993233
RES_4274,3304557,2553,True,1187,1.0,-43.44595518188203,-22.878739799999998,-43.445677,-22.8787039993235
RES_4275,3304557,2449,True,1112,1.0,-43.444481251511256,-22.86898575,-43.445444,-22.8687379993237
RES_4276,3304557,826,True,396,1.0,-43.4478623,-22.863787449999997,-43.447843,-22.8640349993238
RES_4277,3304557,129,True,48,1.0,-43.450299392535975,-22.895035349999993,-43.450503,-22.8951709993231
RES_4278,3304557,1408,True,284,1.0,-43.4501097,-22.88782825,-43.44986,-22.8878259993233
RES_4279,3304557,2604,True,632,1.0,-43.45154745057136,-22.889188999999995,-43.452405,-22.8897509993233
RES_4280,3304557,225,True,81,1.0,-43.455147049999994,-22.895114099999994,-43.455301,-22.8951379993231
RES_4281,3304557,148,True,72,1.0,-43.44902012713093,-22.877091299999996,-43.449091,-22.8771669993235
RES_4282,3304557,294,False,0,,-43.44818382316841,-22.881372,-43.44818382316841,-22.881372
RES_4283,3304557,2193,True,713,1.0,-43.44358930381098,-22.874207050000006,-43.443861,-22.8738589993236
RES_4284,3304557,7116,True,2654,1.0,-43.445586980133186,-22.872204099999998,-43.445164,-22.8722889993236
RES_4285,3304557,722,True,355,1.0,-43.511051716899445,-22.8631867,-43.51075,-22.8632349993239
RES_4286,3304557,119,True,40,1.0,-43.51132872182475,-22.839761249999995,-43.513462,-22.8429249993243
RES_4287,3304557,1941,True,608,1.0,-43.50666405,-22.862809899999995,-43.507312,-22.8634329993238
RES_4288,3304557,633,True,258,1.0,-43.503445938628545,-22.857396450000003,-43.503007,-22.856931999324
RES_4289,3304557,946,True,365,1.0,-43.510539017996564,-22.8448537,-43.507346,-22.8420499993243
RES_4290,3304557,1479,True,607,1.0,-43.49696362122412,-22.858444650000003,-43.496291,-22.857241999324
RES_4291,3304557,807,True,344,1.0,-43.49554545,-22.851600750000003,-43.495569,-22.8515609993241
RES_4292,3304557,323,True,131,1.0,-43.49526125,-22.842258249999997,-43.495353,-22.8422419993243
RES_4293,3304557,1514,True,590,1.0,-43.49000942243052,-22.861013000000003,-43.490654,-22.8617209993239
RES_4294,3304557,208,False,0,,-43.49495044141791,-22.8591042,-43.49495044141791,-22.8591042
RES_4295,3304557,4647,True,1823,1.0,-43.4904775046091,-22.85002395,-43.489956,-22.8498249993242
RES_4296,3304557,1561,True,572,1.0,-43.49119674680057,-22.844618599999997,-43.491082,-22.8432219993243
RES_4297,3304557,4,True,3,1.0,-43.488427404868105,-22.8370155,-43.499833,-22.8364519993245
RES_4298,3304557,1603,True,723,1.0,-43.480476625163185,-22.88515685,-43.479856,-22.8850799993233
RES_4299,3304557,2085,True,932,1.0,-43.48022146532567,-22.877135399999993,-43.480488,-22.8771959993235
RES_4300,3304557,4637,True,1806,1.0,-43.4812580887994,-22.869404249999995,-43.482466,-22.8699299993237
RES_4301,3304557,195,True,71,1.0,-43.48364853272727,-22.8592624,-43.483432,-22.8596149993239
RES_4302,3304557,5134,True,2171,1.0,-43.48362082941476,-22.850490800000003,-43.484231,-22.8516949993241
RES_4303,3304557,1468,True,620,1.0,-43.47196332172619,-22.896258449999998,-43.473412,-22.8960359993231
RES_4304,3304557,9109,True,3388,1.0,-43.47495945,-22.8908837,-43.475178,-22.8914819993232
RES_4305,3304557,7086,True,3316,1.0,-43.475371800000005,-22.884694749999994,-43.475154,-22.8849209993233
RES_4306,3304557,5366,True,2280,1.0,-43.47601232021277,-22.8776012,-43.475667,-22.8780479993235
RES_4307,3304557,6612,True,2585,1.0,-43.47807046186797,-22.871397699999996,-43.477542,-22.8710559993237
RES_4308,3304557,6693,True,2460,2.0,-43.4752565,-22.86344245,-43.475005,-22.8640249993238
RES_4309,3304557,2067,True,932,1.0,-43.47374669567452,-22.85436145,-43.474679,-22.8542789993241
RES_4310,3304557,3311,True,1207,1.0,-43.473977999999995,-22.850828,-43.473536,-22.8499779993241
RES_4311,3304557,5034,True,2009,1.0,-43.4684478,-22.892343699999998,-43.468233,-22.8923359993232
RES_4312,3304557,7210,True,3162,1.0,-43.467354303616844,-22.88440335,-43.468045,-22.8849809993234
RES_4313,3304557,2485,True,804,1.0,-43.4695646,-22.878429299999993,-43.46881,-22.8759859993236
RES_4314,3304557,4880,True,2335,1.0,-43.4686252662635,-22.86950125,-43.467453,-22.8701269993237
RES_4315,3304557,4494,True,2151,2.0,-43.46761078666667,-22.863178799999993,-43.467766,-22.8631069993239
RES_4316,3304557,6017,True,2447,2.0,-43.46671559872266,-22.8537689,-43.467073,-22.855070999324
RES_4317,3304557,9730,True,3883,1.0,-43.46746675,-22.847679399999997,-43.467173,-22.8482229993242
RES_4318,3304557,3621,True,1441,1.0,-43.467929057786634,-22.8443816,-43.468103,-22.8437729993243
RES_4319,3304557,5331,True,2343,1.0,-43.4600854,-22.8839861,-43.460257,-22.8841399993234
RES_4320,3304557,4283,True,1994,1.0,-43.459362,-22.878427349999995,-43.458883,-22.8782279993235
RES_4321,3304557,10188,True,4572,2.0,-43.46020543666667,-22.86908125,-43.460407,-22.8696559993237
RES_4322,3304557,5205,True,2275,1.0,-43.46007255,-22.8635496,-43.459798,-22.8636659993238
RES_4323,3304557,4404,True,1743,1.0,-43.460605449730025,-22.855073749999995,-43.459416,-22.854936999324
RES_4324,3304557,6986,True,2665,1.0,-43.460716946064785,-22.849197749999995,-43.461081,-22.8494149993242
RES_4325,3304557,736,True,282,1.0,-43.45533233774532,-22.892884849999994,-43.455244,-22.8920199993232
RES_4326,3304557,1376,True,548,1.0,-43.45301953923445,-22.884379499999994,-43.453846,-22.8850809993234
RES_4327,3304557,9066,True,4210,2.0,-43.45351075,-22.868431200000003,-43.453416,-22.8688499993237
RES_4328,3304557,3978,True,1687,2.0,-43.45484780621257,-22.864231650000004,-43.454357,-22.8647419993238
RES_4329,3304557,2603,True,1053,1.0,-43.45400188530499,-22.8544025,-43.454203,-22.855030999324
RES_4330,3304557,1742,True,667,1.0,-43.48249655832838,-22.8617265,-43.483218,-22.8616939993239
RES_4331,3304557,1507,True,548,1.0,-43.47860421797888,-22.858829299999996,-43.477971,-22.858650999324
RES_4332,3304557,524,True,225,1.0,-43.50032604267046,-22.859223850000006,-43.500149,-22.859303999324
RES_4333,3304557,422,True,142,1.0,-43.45714300672749,-22.875427350000002,-43.457278,-22.8755619993236
RES_4334,3304557,238,False,0,,-43.47857068543996,-22.869,-43.47857068543996,-22.869
RES_4335,3304557,4067,True,1557,1.0,-43.474029200000004,-22.871905799999997,-43.473545,-22.8719749993236
RES_4336,3304557,277,True,173,1.0,-43.4793609,-22.89339659999998,-43.47947,-22.8933819993232
RES_4337,3304557,2198,True,580,1.0,-43.460959537577,-22.8858442,-43.46077,-22.8858309993233
RES_4338,3304557,966,True,354,1.0,-43.47431337620405,-22.897082950000005,-43.474112,-22.8968279993231
RES_4339,3304557,3082,True,1098,1.0,-43.47303865,-22.868186199999997,-43.473169,-22.8682209993237
RES_4340,3304557,68,True,33,1.0,-43.47236751467493,-22.8583061,-43.472334,-22.858485999324
RES_4341,3304557,463,True,197,1.0,-43.47430415,-22.858290599999997,-43.474241,-22.858183999324
RES_4342,3304557,786,True,334,1.0,-43.50634860529776,-22.8673522,-43.506892,-22.8677559993237
RES_4343,3304557,427,True,218,1.0,-43.50684309348019,-22.866554549999996,-43.507724,-22.8674239993238
RES_4344,3304557,253,False,0,,-43.495083349999994,-22.8577267,-43.495083349999994,-22.8577267
RES_4345,3304557,729,True,303,1.0,-43.49436073901861,-22.861721949999996,-43.494327,-22.8617399993239
RES_4346,3304557,397,True,164,1.0,-43.45819926921626,-22.865178199999995,-43.458195,-22.8652769993238
RES_4347,3304557,404,True,167,1.0,-43.47615707737643,-22.874697499999996,-43.476319,-22.8749309993236
RES_4348,3304557,2782,True,1115,1.0,-43.49715727220709,-22.854948,-43.497123,-22.854464999324
RES_4349,3304557,395,True,163,1.0,-43.46460055,-22.895053449999995,-43.464561,-22.8951379993231
RES_4350,3304557,213,True,98,1.0,-43.46276665940731,-22.894233099999997,-43.462913,-22.8941599993232
RES_4351,3304557,816,True,310,1.0,-43.4558705,-22.89037995,-43.455894,-22.8910429993232
RES_4352,3304557,579,True,251,1.0,-43.50105830478074,-22.860324899999995,-43.500777,-22.8602809993239
RES_4353,3304557,480,False,0,,-43.47981539999999,-22.865735149999992,-43.47981539999999,-22.865735149999992
RES_4354,3304557,799,True,313,1.0,-43.48147157551755,-22.8679317,-43.481143,-22.8677859993238
RES_4355,3304557,1065,True,351,1.0,-43.48174767540103,-22.866400199999998,-43.481349,-22.8665089993238
RES_4356,3304557,1673,True,628,1.0,-43.49190740251453,-22.862974850000004,-43.490571,-22.8628169993239
RES_4357,3304557,1480,True,583,1.0,-43.48035860937097,-22.883336749999994,-43.4803,-22.8832669993234
RES_4358,3304557,334,True,150,1.0,-43.48938126755319,-22.846530449999996,-43.489659,-22.8468139993242
RES_4359,3304557,755,True,326,1.0,-43.478384468206144,-22.896948050000006,-43.47799,-22.8970819993231
RES_4360,3304557,1026,True,326,1.0,-43.47823926328465,-22.8945044,-43.478287,-22.8950469993231
RES_4361,3304557,154,True,73,1.0,-43.46893085,-22.868816100000004,-43.46882,-22.8688299993237
RES_4362,3304557,294,True,105,1.0,-43.481990111824324,-22.8732658,-43.482158,-22.8728819993236
RES_4363,3304557,612,True,217,1.0,-43.48098430591013,-22.866334949999995,-43.48106,-22.8664639993238
RES_4364,3304557,146,True,69,1.0,-43.480775432468604,-22.870770250000007,-43.480919,-22.8710009993237
RES_4365,3304557,404,True,135,1.0,-43.4727021056119,-22.865990000000004,-43.472486,-22.8657899993238
RES_4366,3304557,894,True,384,1.0,-43.47231334468354,-22.849232799999996,-43.472485,-22.8494149993242
RES_4367,3304557,1995,True,775,1.0,-43.47056479738709,-22.848800949999998,-43.470998,-22.8486309993242
RES_4368,3304557,2210,True,853,1.0,-43.46896157844486,-22.865350899999996,-43.468658,-22.8652179993238
RES_4369,3304557,756,True,317,1.0,-43.46916612918503,-22.867879099999996,-43.46915,-22.8679889993237
RES_4370,3304557,197,True,90,1.0,-43.47154105,-22.86005885,-43.471616,-22.8601269993239
RES_4371,3304557,747,True,264,1.0,-43.461524600000004,-22.866887299999995,-43.461505,-22.8668839993238
RES_4372,3304557,878,True,335,1.0,-43.49681595,-22.860471999999994,-43.49646,-22.8604309993239
RES_4373,3304557,456,True,179,1.0,-43.49495746794355,-22.860843349999996,-43.495026,-22.8609569993239
RES_4374,3304557,715,True,279,1.0,-43.45818305497188,-22.862872699999997,-43.458225,-22.8632149993239
RES_4375,3304557,2376,True,897,1.0,-43.50470850000001,-22.88396615,-43.503698,-22.8834009993234
RES_4376,3304557,2001,True,851,1.0,-43.50536712849926,-22.88009385,-43.504993,-22.8797809993235
RES_4377,3304557,308,True,121,1.0,-43.50679383505744,-22.870923399999995,-43.506879,-22.8706439993237
RES_4378,3304557,802,True,323,1.0,-43.496262,-22.896947849999997,-43.495495,-22.8976199993231
RES_4379,3304557,2335,True,951,1.0,-43.49670440562044,-22.8945845,-43.496482,-22.8946789993231
RES_4380,3304557,4030,True,1661,1.0,-43.5000866397737,-22.882874049999998,-43.49995,-22.8836519993234
RES_4381,3304557,7576,True,3009,1.0,-43.4981387,-22.878033699999996,-43.49746,-22.8785369993235
RES_4382,3304557,3861,True,1534,1.0,-43.4912096,-22.89803225,-43.490723,-22.8980509993231
RES_4383,3304557,8081,True,3275,1.0,-43.490367395102055,-22.89345935,-43.490655,-22.8933659993232
RES_4384,3304557,5933,True,2592,1.0,-43.488688272407174,-22.8839178,-43.48904,-22.8832799993234
RES_4385,3304557,7825,True,2955,1.0,-43.48976279263171,-22.878590849999995,-43.48985,-22.8790329993235
RES_4386,3304557,4150,True,1811,1.0,-43.48979879710626,-22.870242849999997,-43.490434,-22.8701189993237
RES_4387,3304557,910,True,386,1.0,-43.48642929443263,-22.8970063,-43.486316,-22.8972609993231
RES_4388,3304557,7045,True,3080,1.0,-43.484207632720356,-22.8925855,-43.483719,-22.8922029993232
RES_4389,3304557,5178,True,2231,1.0,-43.483787899999996,-22.883791499999997,-43.48401,-22.8847199993233
RES_4390,3304557,3620,True,1571,1.0,-43.48446832418738,-22.8794725,-43.483987,-22.8788329993235
RES_4391,3304557,4830,True,1899,1.0,-43.484993582533114,-22.873349049999995,-43.485207,-22.8719739993237
RES_4392,3304557,170,True,70,1.0,-43.48635168916913,-22.866553149999998,-43.486391,-22.8666209993238
RES_4393,3304557,1314,True,596,1.0,-43.48305263136331,-22.896094999999995,-43.482886,-22.8968249993231
RES_4394,3304557,1950,True,806,1.0,-43.480527249999994,-22.894576500000003,-43.481377,-22.8943509993231
RES_4395,3304557,1088,True,443,1.0,-43.50713534122928,-22.869683950000002,-43.506796,-22.8692269993237
RES_4396,3304557,169,False,0,,-43.49744670101285,-22.876240149999997,-43.49744670101285,-22.876240149999997
RES_4397,3304557,3386,True,1461,1.0,-43.4919790081633,-22.877223799999996,-43.491978,-22.8769509993235
RES_4398,3304557,1445,True,472,1.0,-43.48726479590744,-22.886398949999993,-43.487783,-22.8867979993233
RES_4399,3304557,230,True,77,1.0,-43.5040225,-22.875764750000002,-43.503823,-22.8756289993236
RES_4400,3304557,989,True,364,1.0,-43.50355291502707,-22.873518349999998,-43.50329,-22.8734029993236
RES_4401,3304557,2573,True,1046,1.0,-43.4997730519143,-22.875074150000003,-43.500045,-22.8751339993236
RES_4402,3304557,6869,True,3298,1.0,-43.49886412692503,-22.871459199999997,-43.498689,-22.8723679993237
RES_4403,3304557,2127,True,831,1.0,-43.492685125283714,-22.875725749999994,-43.492471,-22.8750609993236
RES_4404,3304557,5138,True,2088,1.0,-43.493015549999996,-22.872690099999993,-43.492455,-22.8725989993236
RES_4405,3304557,2315,True,928,1.0,-43.503432063384466,-22.87798665,-43.50408,-22.8776779993235
RES_4406,3304557,2515,True,902,1.0,-43.50119343792568,-22.8786614,-43.500945,-22.8781739993235
RES_4407,3304557,1659,True,700,1.0,-43.49725490312669,-22.868397799999997,-43.497615,-22.8686049993237
RES_4408,3304557,27,True,28,1.0,-43.484374154123444,-22.875608449999994,-43.484364,-22.8755589993236
RES_4409,3304557,632,True,170,1.0,-43.48619600988849,-22.888633449999997,-43.485848,-22.8882929993233
RES_4410,3304557,162,True,73,1.0,-43.4857882,-22.898664499999995,-43.485772,-22.898282999323
RES_4411,3304557,235,True,78,1.0,-43.48701737614692,-22.887877250000003,-43.487256,-22.8881709993233
RES_4412,3304557,394,True,145,1.0,-43.48302477741865,-22.889901349999995,-43.483504,-22.8902289993232
RES_4413,3304557,875,True,323,1.0,-43.48441760756768,-22.888805099999995,-43.484484,-22.8888569993233
RES_4414,3304557,144,True,92,1.0,-43.48242160831409,-22.8729544,-43.482512,-22.8731449993236
RES_4415,3304557,1188,True,549,1.0,-43.53428984443592,-22.875353549999996,-43.534206,-22.8756689993236
RES_4416,3304557,708,True,292,1.0,-43.53481284196904,-22.873859449999994,-43.535084,-22.8736059993236
RES_4417,3304557,947,True,405,1.0,-43.53580067360974,-22.864123049999996,-43.539621,-22.8640299993238
RES_4418,3304557,5749,True,2286,1.0,-43.529380200000006,-22.87840955,-43.529931,-22.8774709993235
RES_4419,3304557,5459,True,2415,1.0,-43.52893681248256,-22.872268700000003,-43.529051,-22.8720819993236
RES_4420,3304557,413,True,158,1.0,-43.522651100000004,-22.883905499999997,-43.522761,-22.8839619993234
RES_4421,3304557,2866,True,1145,1.0,-43.523362633049274,-22.875739999999997,-43.522888,-22.8765149993235
RES_4422,3304557,4127,True,1626,1.0,-43.522577220560876,-22.871678350000003,-43.521845,-22.8721109993237
RES_4423,3304557,1859,True,552,1.0,-43.52564209671053,-22.863883349999995,-43.523435,-22.8649689993238
RES_4424,3304557,2269,True,613,1.0,-43.515538980902775,-22.8825105,-43.513954,-22.8821059993234
RES_4425,3304557,3979,True,1622,1.0,-43.51528175043908,-22.8775155,-43.514175,-22.8775789993235
RES_4426,3304557,4655,True,1989,1.0,-43.51450866875699,-22.870909599999997,-43.514151,-22.8712509993237
RES_4427,3304557,3168,True,1234,1.0,-43.51316239827895,-22.864774950000005,-43.513667,-22.8649669993238
RES_4428,3304557,2081,True,910,1.0,-43.50907394910693,-22.882925049999997,-43.508677,-22.8835129993234
RES_4429,3304557,816,True,349,1.0,-43.50884795,-22.87955315,-43.508173,-22.8803899993234
RES_4430,3304557,1167,True,513,1.0,-43.51007712954521,-22.868619649999992,-43.509913,-22.8694969993237
RES_4431,3304557,189,True,100,1.0,-43.50941622618265,-22.877313150000003,-43.509356,-22.8771329993235
RES_4432,3304557,121,False,0,,-43.519903695690175,-22.887194849999997,-43.519903695690175,-22.887194849999997
RES_4433,3304557,573,True,218,1.0,-43.50587594891975,-22.875504549999995,-43.505621,-22.8757269993236
RES_4434,3304557,675,True,277,1.0,-43.5094142,-22.872515049999997,-43.50922,-22.8718779993237
RES_4435,3304557,163,True,61,1.0,-43.52377468525877,-22.881859,-43.523702,-22.8819539993234
RES_4436,3304557,1214,True,420,1.0,-43.52433981070561,-22.881038949999997,-43.524261,-22.8807229993235
RES_4437,3304557,330,True,110,1.0,-43.51108406233577,-22.885508100000006,-43.511125,-22.8851839993233
RES_4438,3304557,895,True,328,1.0,-43.523055390946844,-22.882358999999994,-43.523238,-22.8828889993234
RES_4439,3304557,229,True,82,1.0,-43.50748759510235,-22.873979400000003,-43.507442,-22.8745779993236
RES_4440,3304557,196,True,72,1.0,-43.50662857457496,-22.883294699999997,-43.506741,-22.8832579993234
RES_4441,3304557,460,True,185,1.0,-43.512885703724926,-22.8734563,-43.512915,-22.8734049993236
RES_4442,3304557,532,True,186,1.0,-43.511526294404334,-22.87294755,-43.511645,-22.8729909993236
RES_4443,3304557,1159,True,437,1.0,-43.52286300448052,-22.87669585,-43.522683,-22.8772819993235
RES_4444,3304557,2366,True,902,1.0,-43.6163322,-22.884133999999992,-43.615951,-22.8836159993234
RES_4445,3304557,5355,True,2102,1.0,-43.61575408851202,-22.88025495000001,-43.615277,-22.8809879993234
RES_4446,3304557,443,True,215,1.0,-43.60617215,-22.884530199999997,-43.605416,-22.8844879993234
RES_4447,3304557,904,True,408,1.0,-43.60478205,-22.882023749999995,-43.607241,-22.8797139993235
RES_4448,3304557,3549,True,1689,1.0,-43.59892578700018,-22.886081549999993,-43.599486,-22.8853289993233
RES_4449,3304557,404,True,387,1.0,-43.59882470226785,-22.87995405,-43.610578,-22.8759579993235
RES_4450,3304557,7,True,5,1.0,-43.60108373724493,-22.866994749999996,-43.608129,-22.8726659993236
RES_4451,3304557,2234,True,1071,1.0,-43.58856941105587,-22.892976849999997,-43.588873,-22.8933739993232
RES_4452,3304557,6217,True,3092,1.0,-43.59099551733433,-22.887019849999998,-43.591979,-22.8865819993233
RES_4453,3304557,5663,True,2272,1.0,-43.591583799999995,-22.878210799999998,-43.59202,-22.8797119993235
RES_4454,3304557,130,True,56,1.0,-43.5914064,-22.87196805,-43.589656,-22.8716379993237
RES_4455,3304557,613,True,292,1.0,-43.58629634651912,-22.929601599999994,-43.585837,-22.9292039993223
RES_4456,3304557,1174,True,538,1.0,-43.5804637004109,-22.917891249999997,-43.580317,-22.9171009993226
RES_4457,3304557,1838,True,961,1.0,-43.58158197422327,-22.9086876,-43.581046,-22.9094589993228
RES_4458,3304557,663,True,324,1.0,-43.581773600000005,-22.897558100000005,-43.581712,-22.8977249993231
RES_4459,3304557,5372,True,2621,1.0,-43.584110757245426,-22.89404815,-43.584663,-22.8932279993232
RES_4460,3304557,8150,True,3703,1.0,-43.58618924142161,-22.886239050000007,-43.584788,-22.8859949993233
RES_4461,3304557,5097,True,2212,1.0,-43.5843128191797,-22.879597750000002,-43.584281,-22.8789759993235
RES_4462,3304557,3726,True,1739,1.0,-43.58382522478528,-22.871502399999997,-43.58399,-22.8721429993236
RES_4463,3304557,348,True,196,1.0,-43.5815559,-22.864224699999994,-43.581218,-22.8637819993238
RES_4464,3304557,2434,True,1125,1.0,-43.574688746624645,-22.942381499999996,-43.573685,-22.941795999322
RES_4465,3304557,4381,True,2113,1.0,-43.57481095,-22.9375389,-43.574933,-22.9372649993221
RES_4466,3304557,1890,True,876,1.0,-43.57624495,-22.927862649999998,-43.576012,-22.9291499993223
RES_4467,3304557,38,False,0,,-43.57245752377844,-22.921796049999998,-43.57245752377844,-22.921796049999998
RES_4468,3304557,3572,True,1656,1.0,-43.57699802386816,-22.912278700000005,-43.577476,-22.9130529993227
RES_4469,3304557,2360,True,1125,1.0,-43.57762547810535,-22.91020125,-43.577138,-22.9087009993228
RES_4470,3304557,5248,True,2653,1.0,-43.575292339699175,-22.898690499999997,-43.575767,-22.899698999323
RES_4471,3304557,6755,True,3045,1.0,-43.577279013089004,-22.892179699999993,-43.576422,-22.8928649993232
RES_4472,3304557,4293,True,1930,1.0,-43.575552479725076,-22.88681175,-43.576378,-22.8859349993233
RES_4473,3304557,6170,True,2700,1.0,-43.57809447011763,-22.8784949,-43.577965,-22.8789609993235
RES_4474,3304557,3916,True,1578,1.0,-43.57713003442329,-22.873644249999998,-43.576439,-22.8728689993236
RES_4475,3304557,514,True,232,1.0,-43.58010557189947,-22.86400775,-43.581409,-22.8638459993238
RES_4476,3304557,535,True,238,1.0,-43.576841577703185,-22.85473245,-43.569448,-22.8417809993243
RES_4477,3304557,945,True,496,1.0,-43.571088950000004,-22.942611049999996,-43.571172,-22.943127999322
RES_4478,3304557,3604,True,1638,1.0,-43.56877722446461,-22.935533299999996,-43.568587,-22.9357799993222
RES_4479,3304557,3599,True,1387,2.0,-43.56671020434783,-22.929119399999998,-43.567396,-22.9288599993224
RES_4480,3304557,2163,True,366,1.0,-43.56675018234529,-22.924781000000003,-43.570499,-22.9245089993224
RES_4481,3304557,2563,True,1199,1.0,-43.568170036561995,-22.91463325,-43.566697,-22.9143529993227
RES_4482,3304557,4247,True,1980,1.0,-43.569085602260344,-22.90656225,-43.569116,-22.9072549993228
RES_4483,3304557,4778,True,2447,1.0,-43.568404001709546,-22.900085899999993,-43.569494,-22.900454999323
RES_4484,3304557,4276,True,2139,1.0,-43.56860418658537,-22.894372699999998,-43.568561,-22.8937019993231
RES_4485,3304557,5757,True,2931,1.0,-43.56824410555129,-22.886601549999995,-43.569269,-22.8856389993233
RES_4486,3304557,6698,True,3572,1.0,-43.56858607968565,-22.878870799999994,-43.569492,-22.8783609993235
RES_4487,3304557,4193,True,1685,1.0,-43.56933647315586,-22.871419300000003,-43.569863,-22.8719369993237
RES_4488,3304557,1292,True,578,1.0,-43.560420008229016,-22.940852,-43.559198,-22.9409049993221
RES_4489,3304557,2677,True,1450,3.0,-43.5623293,-22.938308049999996,-43.56101,-22.9377479993221
RES_4490,3304557,5867,True,2683,1.0,-43.558942147737156,-22.929335000000002,-43.560538,-22.9292589993223
RES_4491,3304557,5853,True,2615,1.0,-43.559741191877876,-22.9225748,-43.560267,-22.9221539993225
RES_4492,3304557,5285,True,2503,1.0,-43.56200246413103,-22.914974199999996,-43.561089,-22.9143829993227
RES_4493,3304557,2264,True,1493,1.0,-43.56087395544107,-22.908637999999996,-43.560629,-22.9086299993228
RES_4494,3304557,1890,True,1157,2.0,-43.5618361,-22.898231699999997,-43.561413,-22.899341999323
RES_4495,3304557,4227,True,2088,1.0,-43.56215029452914,-22.892472800000004,-43.561434,-22.8920729993232
RES_4496,3304557,3858,True,1818,1.0,-43.561641723659214,-22.886503499999996,-43.561472,-22.8854069993233
RES_4497,3304557,4738,True,2051,1.0,-43.56184561113821,-22.8777628,-43.561608,-22.8790239993235
RES_4498,3304557,6203,True,2908,1.0,-43.561852420146835,-22.87139775,-43.561601,-22.8711419993237
RES_4499,3304557,1625,True,773,1.0,-43.55844854708246,-22.86641724999999,-43.558795,-22.8665929993238
RES_4500,3304557,1049,True,496,1.0,-43.55998562099839,-22.858809299999997,-43.561185,-22.855711999324
RES_4501,3304557,487,True,225,1.0,-43.56120111619792,-22.847241749999995,-43.560495,-22.8467589993242
RES_4502,3304557,459,True,208,1.0,-43.556279599999996,-22.944064849999997,-43.555885,-22.943614999322
RES_4503,3304557,1027,True,424,1.0,-43.55478155698534,-22.934820649999995,-43.552955,-22.9355539993222
RES_4504,3304557,4936,True,2284,1.0,-43.55316950748988,-22.931012199999998,-43.553343,-22.9289739993223
RES_4505,3304557,4405,True,1937,1.0,-43.5536563,-22.92324565,-43.551827,-22.9227909993225
RES_4506,3304557,4258,True,2041,1.0,-43.551977410157576,-22.913978099999998,-43.552724,-22.9138819993227
RES_4507,3304557,3847,True,1920,1.0,-43.552907399999995,-22.905020450000006,-43.553156,-22.9068039993228
RES_4508,3304557,1682,True,742,1.0,-43.55595317476313,-22.8998189,-43.55487,-22.899866999323
RES_4509,3304557,1688,True,608,1.0,-43.550648017092456,-22.896385699999996,-43.55182,-22.8961349993231
RES_4510,3304557,5792,True,2731,1.0,-43.55326558518259,-22.885838650000004,-43.552858,-22.8857339993233
RES_4511,3304557,5232,True,2383,1.0,-43.55196098084336,-22.8804281,-43.553269,-22.8780359993235
RES_4512,3304557,4645,True,2046,1.0,-43.5533723769684,-22.87070025,-43.553263,-22.8718919993237
RES_4513,3304557,3161,True,1677,2.0,-43.5519628,-22.86740485,-43.552582,-22.8672049993238
RES_4514,3304557,117,True,48,1.0,-43.550981524880015,-22.8550227,-43.551043,-22.8545749993241
RES_4515,3304557,185,True,96,1.0,-43.5540707,-22.838056799999997,-43.553697,-22.8375759993244
RES_4516,3304557,32,True,3,1.0,-43.55175351986345,-22.829647249999997,-43.552384,-22.8295139993246
RES_4517,3304557,3081,True,1118,1.0,-43.54600767468724,-22.9285463,-43.546179,-22.9282839993223
RES_4518,3304557,5522,True,2679,1.0,-43.54644029967189,-22.92266945,-43.545028,-22.9219179993225
RES_4519,3304557,2636,True,1747,1.0,-43.54679525920649,-22.915099849999997,-43.545783,-22.9130639993227
RES_4520,3304557,6059,True,2976,1.0,-43.54461167547619,-22.907032799999996,-43.54516,-22.9068299993229
RES_4521,3304557,2661,True,1086,1.0,-43.54715139173615,-22.9011273,-43.546524,-22.901808999323
RES_4522,3304557,469,True,194,1.0,-43.54649130384615,-22.895373300000003,-43.546419,-22.8954349993231
RES_4523,3304557,3992,True,1621,1.0,-43.54646122506481,-22.884761100000002,-43.546349,-22.8849699993234
RES_4524,3304557,2735,True,1206,1.0,-43.54455632815092,-22.877833099999997,-43.544101,-22.8789179993235
RES_4525,3304557,2877,True,1243,1.0,-43.54783796528606,-22.871337049999998,-43.546913,-22.8694469993237
RES_4526,3304557,934,True,502,1.0,-43.542372569527785,-22.864381299999998,-43.545581,-22.8635279993238
RES_4527,3304557,3387,True,1736,1.0,-43.544061052186194,-22.857064750000003,-43.545125,-22.857252999324
RES_4528,3304557,1592,True,747,1.0,-43.5425021,-22.850887200000003,-43.543991,-22.8515239993241
RES_4529,3304557,2025,True,1085,1.0,-43.5370677299907,-22.926252799999997,-43.535759,-22.9261489993224
RES_4530,3304557,2042,True,910,1.0,-43.53741977366505,-22.921606649999994,-43.537514,-22.9207379993225
RES_4531,3304557,4871,True,2213,1.0,-43.536388650000006,-22.9141368,-43.537479,-22.9141719993227
RES_4532,3304557,6046,True,2648,1.0,-43.53691521684435,-22.908655549999995,-43.537813,-22.9082669993228
RES_4533,3304557,1173,True,449,1.0,-43.54132129732386,-22.882060949999996,-43.540647,-22.8825539993234
RES_4534,3304557,7433,True,3119,1.0,-43.53721824460587,-22.879166899999994,-43.537464,-22.8789189993235
RES_4535,3304557,672,True,251,1.0,-43.53466727414706,-22.86038785,-43.531173,-22.8603899993239
RES_4536,3304557,3854,True,1550,1.0,-43.538595024470894,-22.8571826,-43.538149,-22.856971999324
RES_4537,3304557,3241,True,1284,1.0,-43.53914200990454,-22.851318449999997,-43.538204,-22.8510329993241
RES_4538,3304557,675,True,282,1.0,-43.54082321601016,-22.844229999999996,-43.538155,-22.8451909993243
RES_4539,3304557,14,True,6,1.0,-43.5364019,-22.837885549999996,-43.534231,-22.8375959993244
RES_4540,3304557,740,True,330,1.0,-43.52939655,-22.92704525,-43.530595,-22.9269409993224
RES_4541,3304557,5906,True,2688,1.0,-43.53017202126359,-22.922060699999996,-43.530352,-22.9213949993225
RES_4542,3304557,4269,True,1707,1.0,-43.52998598782709,-22.915746900000002,-43.530318,-22.9143389993227
RES_4543,3304557,249,True,89,1.0,-43.5334991,-22.879266299999998,-43.533772,-22.8793039993235
RES_4544,3304557,4254,True,1588,1.0,-43.5313576,-22.855222750000003,-43.531119,-22.856317999324
RES_4545,3304557,5987,True,2214,1.0,-43.53178150219499,-22.84978419999999,-43.531969,-22.8495629993241
RES_4546,3304557,74,True,31,1.0,-43.52851815,-22.840648599999994,-43.528627,-22.8404959993244
RES_4547,3304557,758,True,206,1.0,-43.52183717358411,-22.934698249999997,-43.521725,-22.9349859993222
RES_4548,3304557,425,True,199,1.0,-43.52209068069767,-22.9253602,-43.522435,-22.9247829993224
RES_4549,3304557,818,True,366,1.0,-43.52017337549505,-22.922690899999996,-43.520449,-22.9227339993225
RES_4550,3304557,2833,True,932,1.0,-43.52325000624268,-22.91302235,-43.522613,-22.9136379993227
RES_4551,3304557,1341,True,543,1.0,-43.525619250000005,-22.859342499999997,-43.526665,-22.8596919993239
RES_4552,3304557,1619,True,578,1.0,-43.526363711202436,-22.848468499999996,-43.524616,-22.8477679993242
RES_4553,3304557,1037,True,439,1.0,-43.52168705756239,-22.840971699999997,-43.522876,-22.8417179993244
RES_4554,3304557,421,False,0,,-43.51394684435715,-22.927907449999992,-43.51394684435715,-22.927907449999992
RES_4555,3304557,1150,True,555,1.0,-43.51281142569284,-22.923250950000003,-43.513945,-22.9227649993225
RES_4556,3304557,1057,True,423,1.0,-43.514428093613226,-22.912887100000006,-43.51372,-22.9154489993226
RES_4557,3304557,405,True,181,1.0,-43.51442832905572,-22.90930065,-43.514943,-22.9103979993228
RES_4558,3304557,4,False,0,,-43.51787402522277,-22.857425349999996,-43.51787402522277,-22.857425349999996
RES_4559,3304557,10,True,4,3.0,-43.50527270407068,-22.931525549999993,-43.515686,-22.9416129993221
RES_4560,3304557,510,True,198,1.0,-43.50894994951622,-22.918703649999998,-43.5118,-22.9190849993226
RES_4561,3304557,199,True,77,1.0,-43.56885166432569,-22.931106800000002,-43.568916,-22.9310089993223
RES_4562,3304557,3053,True,1155,1.0,-43.56164284929022,-22.934633200000004,-43.561847,-22.9340619993222
RES_4563,3304557,457,True,191,1.0,-43.553035094591934,-22.93654225,-43.553248,-22.9365949993222
RES_4564,3304557,400,True,168,1.0,-43.5892965,-22.8955344,-43.589387,-22.8955219993231
RES_4565,3304557,373,True,148,1.0,-43.54868321318182,-22.9294639,-43.548674,-22.9293039993223
RES_4566,3304557,217,True,98,1.0,-43.57664386083489,-22.943026499999995,-43.57652,-22.943012999322
RES_4567,3304557,216,True,79,1.0,-43.566477389224644,-22.844472349999997,-43.567169,-22.8439049993243
RES_4568,3304557,205,True,106,1.0,-43.56827075313423,-22.842533799999998,-43.568349,-22.8424679993243
RES_4569,3304557,358,True,140,1.0,-43.59220535,-22.887170249999997,-43.592481,-22.8870899993233
RES_4570,3304557,273,True,132,1.0,-43.545011542130254,-22.9282982,-43.544966,-22.9281209993224
RES_4571,3304557,352,True,120,1.0,-43.54517760559973,-22.864546049999994,-43.544964,-22.8646289993238
RES_4572,3304557,134,False,0,,-43.5685863427416,-22.919998699999994,-43.5685863427416,-22.919998699999994
RES_4573,3304557,136,True,56,1.0,-43.590551012244894,-22.93131725,-43.590573,-22.9313869993223
RES_4574,3304557,217,True,79,1.0,-43.57064115,-22.841063799999997,-43.57083,-22.8409449993244
RES_4575,3304557,79,True,31,1.0,-43.55637628477653,-22.920993699999997,-43.556303,-22.9208369993225
RES_4576,3304557,251,True,110,1.0,-43.54908089768067,-22.89389155,-43.549132,-22.8936709993232
RES_4577,3304557,136,True,58,1.0,-43.546116504371795,-22.875490049999996,-43.546163,-22.8755399993236
RES_4578,3304557,403,True,147,1.0,-43.56746327393968,-22.936395200000003,-43.567364,-22.9364919993222
RES_4579,3304557,304,True,110,1.0,-43.56913870214005,-22.940262949999997,-43.569228,-22.9402869993221
RES_4580,3304557,460,True,183,1.0,-43.56758787753893,-22.93793825,-43.56787,-22.9384109993221
RES_4581,3304557,305,True,99,1.0,-43.5267390922841,-22.854506800000003,-43.526941,-22.8545959993241
RES_4582,3304557,259,True,98,1.0,-43.52764338271065,-22.85163385,-43.527779,-22.8518069993241
RES_4583,3304557,47,True,20,1.0,-43.52361493477612,-22.8502513,-43.523669,-22.8501609993242
RES_4584,3304557,140,True,41,1.0,-43.52058796862305,-22.848286499999993,-43.520672,-22.8485749993242
RES_4585,3304557,532,True,169,1.0,-43.52352303529412,-22.846233499999997,-43.52332,-22.8460009993242
RES_4586,3304557,596,True,202,1.0,-43.52486400516076,-22.845644399999998,-43.524726,-22.8455519993242
RES_4587,3304557,437,True,201,1.0,-43.521967700000005,-22.843640450000002,-43.522043,-22.8437999993243
RES_4588,3304557,400,True,138,1.0,-43.53533660657361,-22.8591628,-43.535486,-22.8591479993239
RES_4589,3304557,121,True,53,1.0,-43.57935523126911,-22.9182201,-43.57941,-22.9181579993226
RES_4590,3304557,129,True,53,1.0,-43.5606962,-22.8785648,-43.56066,-22.8783319993235
RES_4591,3304557,810,True,337,1.0,-43.58444794933024,-22.8766284,-43.584569,-22.8770789993235
RES_4592,3304557,342,True,118,1.0,-43.5585430896195,-22.927354299999998,-43.558689,-22.9271119993224
RES_4593,3304557,542,True,206,1.0,-43.57181559455959,-22.9114085,-43.571991,-22.9115099993227
RES_4594,3304557,1103,True,456,1.0,-43.57197907084677,-22.909530350000008,-43.571603,-22.9094299993228
RES_4595,3304557,403,True,200,1.0,-43.547076849999996,-22.8921793,-43.546943,-22.8921949993232
RES_4596,3304557,72,True,29,1.0,-43.54934949436453,-22.877202999999994,-43.549268,-22.8773759993235
RES_4597,3304557,1158,True,429,1.0,-43.57894617521299,-22.876625949999998,-43.578592,-22.8762349993236
RES_4598,3304557,306,True,119,1.0,-43.60374479217407,-22.8813162,-43.603763,-22.8814879993234
RES_4599,3304557,181,False,0,,-43.566184083978584,-22.93015175,-43.566184083978584,-22.93015175
RES_4600,3304557,78,True,40,1.0,-43.58175655,-22.919576400000004,-43.581723,-22.9194989993225
RES_4601,3304557,1236,True,451,1.0,-43.5289289,-22.914317100000005,-43.529403,-22.9138639993227
RES_4602,3304557,2458,True,966,1.0,-43.53167692584798,-22.909537299999997,-43.530609,-22.9095069993228
RES_4603,3304557,317,True,114,1.0,-43.566669045276804,-22.878035499999996,-43.566618,-22.8782149993235
RES_4604,3304557,341,True,150,1.0,-43.55554378909986,-22.917457000000002,-43.555468,-22.9176589993226
RES_4605,3304557,1999,True,783,1.0,-43.55541905416789,-22.921421349999996,-43.555405,-22.9208499993225
RES_4606,3304557,2154,True,668,1.0,-43.541648950559946,-22.90088215,-43.541988,-22.902021999323
RES_4607,3304557,2549,True,1141,1.0,-43.54367359096395,-22.893010549999996,-43.543638,-22.8942139993231
RES_4608,3304557,2394,True,996,1.0,-43.535731319764864,-22.90468215,-43.536211,-22.9049039993229
RES_4609,3304557,5428,True,2246,1.0,-43.53726996873215,-22.900328400000006,-43.537892,-22.900540999323
RES_4610,3304557,4253,True,1848,1.0,-43.53982597142473,-22.89459265,-43.538399,-22.8930929993232
RES_4611,3304557,1123,True,450,1.0,-43.53182654824498,-22.906171849999996,-43.531848,-22.9059419993229
RES_4612,3304557,380,True,172,1.0,-43.53323142709227,-22.8965387,-43.533304,-22.8969229993231
RES_4613,3304557,2612,True,1102,1.0,-43.52958400732315,-22.89113475,-43.530204,-22.8908829993232
RES_4614,3304557,2730,True,1079,1.0,-43.52852060237592,-22.887535149999998,-43.528735,-22.8874199993233
RES_4615,3304557,2332,True,1003,1.0,-43.51905188979103,-22.891166700000003,-43.520682,-22.8905479993232
RES_4616,3304557,1572,True,624,1.0,-43.5248576256775,-22.887333200000004,-43.524626,-22.8874999993233
RES_4617,3304557,78,True,40,1.0,-43.53267310471202,-22.891526799999994,-43.532625,-22.8914859993232
RES_4618,3304557,183,True,68,1.0,-43.53481173478174,-22.88854,-43.534747,-22.8886929993233
RES_4619,3304557,2059,True,796,1.0,-43.53342277961602,-22.901990750000003,-43.532853,-22.901504999323
RES_4620,3304557,335,True,143,1.0,-43.535400100000004,-22.889638149999996,-43.535112,-22.8896979993232
RES_4621,3304557,158,True,74,1.0,-43.53460088731343,-22.891484,-43.534805,-22.8916379993232
RES_4622,3304557,338,True,138,1.0,-43.53366473007876,-22.891348449999995,-43.533871,-22.8914299993232
RES_4623,3304557,393,True,170,1.0,-43.51916718186546,-22.89276565,-43.519756,-22.8927779993232
RES_4624,3304557,506,True,154,1.0,-43.532137500000005,-22.88707219999999,-43.532046,-22.8871279993233
RES_4625,3304557,79,True,33,1.0,-43.53297481697372,-22.890747700000002,-43.532818,-22.8908119993232
RES_4626,3304557,640,True,247,1.0,-43.53231766671085,-22.888930350000003,-43.532739,-22.8897389993232
RES_4627,3304557,208,False,0,,-43.60438612386615,-22.92659954999999,-43.60438612386615,-22.92659954999999
RES_4628,3304557,2805,True,1043,1.0,-43.60614122468153,-22.921001099999998,-43.605294,-22.9209579993225
RES_4629,3304557,3083,True,1138,1.0,-43.60557376561542,-22.91574165,-43.605386,-22.9151609993227
RES_4630,3304557,1796,True,679,1.0,-43.602767754671824,-22.927814199999997,-43.602638,-22.9270279993224
RES_4631,3304557,5569,True,2067,1.0,-43.60215401495793,-22.922762449999993,-43.601212,-22.9227969993225
RES_4632,3304557,5243,True,2010,1.0,-43.600871850000004,-22.916597349999996,-43.600716,-22.9162159993226
RES_4633,3304557,6038,True,2494,1.0,-43.600276702067205,-22.908259099999995,-43.60082,-22.9082149993228
RES_4634,3304557,3331,True,1349,1.0,-43.59744664567781,-22.901557049999994,-43.597886,-22.901490999323
RES_4635,3304557,916,True,298,1.0,-43.596752151917705,-22.895638149999996,-43.596687,-22.8953149993231
RES_4636,3304557,3814,True,1416,1.0,-43.592060700000005,-22.910841449999996,-43.591832,-22.9099329993228
RES_4637,3304557,2652,True,1070,1.0,-43.590934950000005,-22.8983864,-43.591187,-22.898163999323
RES_4638,3304557,3080,True,1245,1.0,-43.592422756611555,-22.8928832,-43.59362,-22.8935499993232
RES_4639,3304557,4542,True,1859,1.0,-43.58371491241514,-22.915413200000003,-43.583714,-22.9140349993227
RES_4640,3304557,4028,True,1505,1.0,-43.58502232523843,-22.908633299999998,-43.585508,-22.9086229993228
RES_4641,3304557,2561,True,1189,2.0,-43.58530648482298,-22.898004949999997,-43.585181,-22.898060999323
RES_4642,3304557,679,True,340,1.0,-43.57877297067347,-22.90324425,-43.578683,-22.9032529993229
RES_4643,3304557,311,True,116,1.0,-43.596470574571796,-22.8966367,-43.596505,-22.8965389993231
RES_4644,3304557,334,True,154,1.0,-43.596088158625605,-22.907745799999997,-43.59601,-22.9073569993228
RES_4645,3304557,5880,True,2257,1.0,-43.59212220611671,-22.9053208,-43.592403,-22.9058939993229
RES_4646,3304557,7312,True,2555,1.0,-43.59110957327678,-22.901891749999997,-43.591467,-22.901671999323
RES_4647,3304557,1179,True,436,1.0,-43.586353124437295,-22.9048806,-43.586435,-22.9050149993229
RES_4648,3304557,1875,True,662,1.0,-43.58650804618174,-22.902815749999995,-43.586644,-22.902229999323
RES_4649,3304557,249,True,99,1.0,-43.59636365,-22.91198525,-43.59622,-22.9118979993227
RES_4650,3304557,435,True,176,1.0,-43.596297343141444,-22.910927349999998,-43.596368,-22.9110249993228
RES_4651,3304557,210,True,79,1.0,-43.58334945,-22.9192283,-43.582771,-22.9191199993226
RES_4652,3304557,439,False,0,,-43.60434893048452,-22.928998,-43.60434893048452,-22.928998
RES_4653,3304557,1043,True,430,1.0,-43.60498989911782,-22.92430005,-43.605093,-22.9247869993224
RES_4654,3304557,213,False,0,,-43.6041959,-22.911955199999994,-43.6041959,-22.911955199999994
RES_4655,3304557,1062,True,495,1.0,-43.60262758148201,-22.912300749999996,-43.603046,-22.9122189993227
RES_4656,3304557,1254,True,442,1.0,-43.59924971820611,-22.92159505,-43.598991,-22.9207829993225
RES_4657,3304557,524,True,260,1.0,-43.619514801659875,-22.9263314,-43.620554,-22.9261439993224
RES_4658,3304557,3330,True,1447,1.0,-43.619381019147724,-22.924839050000003,-43.619818,-22.9247649993224
RES_4659,3304557,9053,True,3994,1.0,-43.62272204183733,-22.915271349999998,-43.621902,-22.9149389993227
RES_4660,3304557,4802,True,1894,1.0,-43.623223550000006,-22.90837315,-43.622621,-22.9086629993228
RES_4661,3304557,5358,True,2377,1.0,-43.6166419,-22.920941049999996,-43.615692,-22.9204039993225
RES_4662,3304557,7679,True,3658,2.0,-43.6162703,-22.916990699999996,-43.615044,-22.9169149993226
RES_4663,3304557,7340,True,3190,1.0,-43.61604330199195,-22.908634949999993,-43.615544,-22.9078099993228
RES_4664,3304557,2449,True,885,1.0,-43.6136993,-22.901737100000005,-43.614772,-22.900878999323
RES_4665,3304557,4749,True,1945,1.0,-43.612404403010174,-22.892590650000002,-43.613536,-22.8927109993232
RES_4666,3304557,4023,True,1585,1.0,-43.61549115139849,-22.886749750000003,-43.616206,-22.8872549993233
RES_4667,3304557,1794,True,813,1.0,-43.607913625100124,-22.92456665,-43.607952,-22.9226769993225
RES_4668,3304557,1779,True,772,1.0,-43.608128251221984,-22.914800650000004,-43.60868,-22.9167579993226
RES_4669,3304557,5694,True,2422,1.0,-43.60727182468989,-22.90624965,-43.607458,-22.9064759993229
RES_4670,3304557,4582,True,1855,1.0,-43.60833397400843,-22.900829799999993,-43.607588,-22.901263999323
RES_4671,3304557,7150,True,2923,1.0,-43.60849101150443,-22.893137499999998,-43.607441,-22.8931299993232
RES_4672,3304557,3890,True,1669,1.0,-43.60778251958689,-22.887536349999998,-43.608376,-22.8877779993233
RES_4673,3304557,2317,True,939,1.0,-43.600540501779705,-22.900239549999995,-43.60054,-22.899774999323
RES_4674,3304557,4822,True,2066,1.0,-43.599663899999996,-22.8928697,-43.600509,-22.8925189993232
RES_4675,3304557,1840,True,863,1.0,-43.60174460615953,-22.88821665,-43.601565,-22.8883799993233
RES_4676,3304557,1270,True,492,1.0,-43.61805810193798,-22.891877949999998,-43.618433,-22.8917129993232
RES_4677,3304557,193,False,0,,-43.6150692,-22.898111249999996,-43.6150692,-22.898111249999996
RES_4678,3304557,486,True,214,1.0,-43.60723887519036,-22.90462535,-43.60732,-22.9045639993229
RES_4679,3304557,1165,True,436,1.0,-43.606365798587944,-22.903122000000003,-43.60682,-22.9031789993229
RES_4680,3304557,374,True,143,1.0,-43.619316100000006,-22.9214176,-43.619326,-22.9215409993225
RES_4681,3304557,340,True,136,1.0,-43.6096901261502,-22.91676375,-43.609596,-22.9168849993226
RES_4682,3304557,597,True,265,1.0,-43.61258174832935,-22.91350165,-43.612363,-22.9130709993227
RES_4683,3304557,2492,True,1024,1.0,-43.60904585177465,-22.91230865,-43.608887,-22.9126669993227
RES_4684,3304557,357,True,139,1.0,-43.61659,-22.891034050000002,-43.616667,-22.8910329993232
RES_4685,3304557,1591,True,653,1.0,-43.6162283051282,-22.889324849999994,-43.616136,-22.8885619993233
RES_4686,3304557,3444,True,1367,1.0,-43.607344674811586,-22.91043175,-43.608137,-22.9094609993228
RES_4687,3304557,1210,True,494,1.0,-43.65936764999999,-22.909677849999994,-43.659177,-22.9093869993228
RES_4688,3304557,358,True,208,1.0,-43.658611424023775,-22.87768575,-43.659625,-22.8780149993235
RES_4689,3304557,3139,True,1316,1.0,-43.653078650000005,-22.91433755,-43.65349,-22.9131999993227
RES_4690,3304557,3096,True,1191,1.0,-43.65281865,-22.910853350000004,-43.653345,-22.9105349993228
RES_4691,3304557,296,True,51,1.0,-43.646457049999995,-22.921040950000005,-43.651006,-22.9203549993225
RES_4692,3304557,710,True,312,1.0,-43.64386050511203,-22.91702945,-43.644144,-22.9169559993226
RES_4693,3304557,62,True,36,1.0,-43.64873162681364,-22.9061728,-43.648836,-22.9063909993229
RES_4694,3304557,1071,True,448,1.0,-43.643943670574444,-22.890437249999998,-43.644634,-22.8922349993232
RES_4695,3304557,475,True,213,1.0,-43.64601447234848,-22.87635345,-43.64604,-22.8756929993236
RES_4696,3304557,952,True,473,1.0,-43.64475879794162,-22.871634549999996,-43.645882,-22.8719039993237
RES_4697,3304557,4732,True,2102,1.0,-43.63759635234036,-22.930359149999997,-43.637556,-22.9300109993223
RES_4698,3304557,4277,True,1711,1.0,-43.63916142713093,-22.921256249999992,-43.63933,-22.9225569993225
RES_4699,3304557,3277,True,1586,1.0,-43.63754444085899,-22.914862999999997,-43.638257,-22.9156919993226
RES_4700,3304557,3264,True,1566,2.0,-43.63964229204577,-22.891982799999994,-43.639523,-22.8924889993232
RES_4701,3304557,6529,True,2839,1.0,-43.63761175930657,-22.886649750000004,-43.638596,-22.8859799993233
RES_4702,3304557,753,True,307,1.0,-43.642527293342425,-22.876051349999997,-43.642733,-22.8769759993235
RES_4703,3304557,8,True,2,1.0,-43.636887897012144,-22.875340499999997,-43.617002,-22.8772879993235
RES_4704,3304557,1265,True,498,1.0,-43.630537149999995,-22.936196699999996,-43.631497,-22.9359599993222
RES_4705,3304557,3782,True,1619,1.0,-43.63289050208179,-22.930761000000004,-43.632681,-22.9305779993223
RES_4706,3304557,6020,True,2391,1.0,-43.62964064842954,-22.92414135,-43.630404,-22.9229729993225
RES_4707,3304557,6453,True,2987,1.0,-43.63071883567568,-22.913682500000004,-43.630644,-22.9156239993227
RES_4708,3304557,816,True,330,1.0,-43.62976727057797,-22.91127335,-43.629195,-22.9110699993227
RES_4709,3304557,1882,True,798,1.0,-43.634010399999994,-22.891197499999997,-43.633376,-22.8913469993232
RES_4710,3304557,4799,True,2662,1.0,-43.629422203148806,-22.886078749999996,-43.629267,-22.8851639993234
RES_4711,3304557,1298,True,538,1.0,-43.63308359999999,-22.877043549999996,-43.631595,-22.8767719993235
RES_4712,3304557,4510,True,1806,1.0,-43.63110338701675,-22.874455749999996,-43.631456,-22.8738409993236
RES_4713,3304557,1752,True,703,1.0,-43.624282672452836,-22.927552149999997,-43.624911,-22.9274369993224
RES_4714,3304557,5135,True,2054,1.0,-43.623988039312266,-22.922404649999997,-43.624243,-22.9223169993225
RES_4715,3304557,718,True,306,1.0,-43.625731191451834,-22.9178504,-43.625924,-22.9180079993226
RES_4716,3304557,384,True,183,1.0,-43.626871300000005,-22.8921433,-43.626627,-22.8928289993232
RES_4717,3304557,1904,True,925,1.0,-43.62425633343139,-22.884498899999997,-43.624248,-22.8853319993233
RES_4718,3304557,1004,True,465,1.0,-43.620356693456124,-22.8806893,-43.620588,-22.8803139993235
RES_4719,3304557,2482,True,946,1.0,-43.62674649183833,-22.87223795,-43.626189,-22.8723339993236
RES_4720,3304557,1457,True,603,1.0,-43.61390875,-22.8782193,-43.613403,-22.8776959993235
RES_4721,3304557,1377,True,516,1.0,-43.62265938858059,-22.927690749999996,-43.622835,-22.9277079993224
RES_4722,3304557,704,True,261,1.0,-43.6219495,-22.925522800000003,-43.622239,-22.9252359993224
RES_4723,3304557,591,True,267,1.0,-43.62680490862424,-22.930247199999997,-43.626819,-22.9301199993223
RES_4724,3304557,279,True,96,1.0,-43.64329449936859,-22.91504095,-43.643433,-22.9152069993227
RES_4725,3304557,772,True,314,1.0,-43.62918128299748,-22.933136299999997,-43.629119,-22.9332169993222
RES_4726,3304557,435,True,196,1.0,-43.6352971016056,-22.91864125,-43.635494,-22.9188249993226
RES_4727,3304557,617,True,239,1.0,-43.640739799361235,-22.926464799999998,-43.640532,-22.9264059993224
RES_4728,3304557,3599,True,1279,1.0,-43.638304149999996,-22.92225095,-43.63941,-22.9233519993225
RES_4729,3304557,369,True,204,1.0,-43.6376098074967,-22.918572849999997,-43.637698,-22.9185109993226
RES_4730,3304557,1916,True,762,1.0,-43.63205152702582,-22.871464999999993,-43.631846,-22.8713239993237
RES_4731,3304557,816,True,313,1.0,-43.626625250000004,-22.869860499999994,-43.626592,-22.8699079993237
RES_4732,3304557,671,True,270,1.0,-43.633171441236925,-22.8894171,-43.633175,-22.8892799993233
RES_4733,3304557,1346,True,615,1.0,-43.63594487577346,-22.89261505,-43.636554,-22.8922919993232
RES_4734,3304557,284,True,113,1.0,-43.63590579585337,-22.89475305,-43.63619,-22.8948279993231
RES_4735,3304557,455,True,196,1.0,-43.63154463069337,-22.89240745,-43.63218,-22.8926239993232
RES_4736,3304557,1108,True,419,1.0,-43.62086373561104,-22.8874972,-43.623714,-22.8879619993233
RES_4737,3304557,663,True,237,1.0,-43.6264319,-22.874728150000003,-43.626188,-22.8748059993236
RES_4738,3304557,4434,True,1663,1.0,-43.62837870769368,-22.929214549999998,-43.629413,-22.9288349993223
RES_4739,3304557,1445,True,508,1.0,-43.63103475512618,-22.9254381,-43.629173,-22.9257269993224
RES_4740,3304557,1138,True,422,1.0,-43.64544915,-22.922613999999996,-43.64512,-22.9229969993225
RES_4741,3304557,2399,True,954,1.0,-43.6528874,-22.90916515,-43.653905,-22.9091309993228
RES_4742,3304557,413,True,169,1.0,-43.650209645369685,-22.907235500000006,-43.65039,-22.9072979993229
RES_4743,3304557,4,True,3,1.0,-43.749267194747645,-22.910436849999996,-43.713893,-22.9047309993229
RES_4744,3304557,88,True,85,1.0,-43.737352092745695,-22.886034149999993,-43.724774,-22.8873259993233
RES_4745,3304557,1834,True,745,1.0,-43.72473151418205,-22.899166549999997,-43.724424,-22.899088999323
RES_4746,3304557,1439,True,582,1.0,-43.72242349569977,-22.895975500000006,-43.722576,-22.8972549993231
RES_4747,3304557,628,True,237,1.0,-43.713384250000004,-22.902791799999996,-43.713189,-22.9028329993229
RES_4748,3304557,1379,True,557,1.0,-43.71535958761096,-22.8947154,-43.716522,-22.8940989993232
RES_4749,3304557,2043,True,793,1.0,-43.71894725,-22.88751355,-43.718782,-22.8883709993233
RES_4750,3304557,140,True,82,1.0,-43.71130445,-22.9289668,-43.704364,-22.9256219993224
RES_4751,3304557,757,True,340,1.0,-43.70572874999999,-22.90537655,-43.706061,-22.9056229993229
RES_4752,3304557,7208,True,2645,1.0,-43.708315850000005,-22.901486849999998,-43.70858,-22.901521999323
RES_4753,3304557,116,True,49,1.0,-43.71119535,-22.89402055,-43.713178,-22.8963079993231
RES_4754,3304557,2574,True,1136,1.0,-43.69775404379118,-22.937627099999997,-43.700097,-22.9366349993222
RES_4755,3304557,2346,True,875,1.0,-43.70264050067688,-22.930557249999996,-43.700758,-22.9291459993223
RES_4756,3304557,3067,True,1397,1.0,-43.701321026965466,-22.923965100000004,-43.700158,-22.9237759993225
RES_4757,3304557,2080,True,843,1.0,-43.6977473,-22.917987150000002,-43.698843,-22.9184759993226
RES_4758,3304557,3536,True,1583,1.0,-43.70082834507606,-22.906117249999998,-43.700353,-22.9061259993229
RES_4759,3304557,4617,True,1747,1.0,-43.7013958065082,-22.90376024999999,-43.701406,-22.9027529993229
RES_4760,3304557,59,True,53,1.0,-43.7052361,-22.879147599999996,-43.685502,-22.8782649993235
RES_4761,3304557,2537,True,1071,1.0,-43.691591294086024,-22.942417399999997,-43.691644,-22.942376999322
RES_4762,3304557,2755,True,1041,1.0,-43.693651849999995,-22.936214550000003,-43.693453,-22.9374619993222
RES_4763,3304557,3618,True,1648,1.0,-43.693190099999995,-22.93103450000001,-43.692116,-22.9319369993223
RES_4764,3304557,3319,True,1482,1.0,-43.69408836229205,-22.924935299999998,-43.695075,-22.9229669993225
RES_4765,3304557,6389,True,3099,1.0,-43.69379495,-22.915558449999995,-43.693544,-22.9148499993227
RES_4766,3304557,5479,True,2712,1.0,-43.69572190558375,-22.90815035,-43.695469,-22.9078799993228
RES_4767,3304557,390,True,174,1.0,-43.6932953,-22.899939349999997,-43.693148,-22.899922999323
RES_4768,3304557,1636,True,588,1.0,-43.68196153402111,-22.955736699999996,-43.682062,-22.9562349993217
RES_4769,3304557,3184,True,1412,1.0,-43.68446379517094,-22.94408275,-43.684813,-22.945058999322
RES_4770,3304557,4988,True,2310,1.0,-43.6841018018163,-22.937113100000005,-43.684889,-22.9371999993222
RES_4771,3304557,5474,True,2539,1.0,-43.68508138673916,-22.929786599999996,-43.685305,-22.9307769993223
RES_4772,3304557,2340,True,1256,1.0,-43.68602797206171,-22.923309499999995,-43.684659,-22.9237939993225
RES_4773,3304557,2862,True,1617,1.0,-43.68580675,-22.914075699999998,-43.684112,-22.9151419993227
RES_4774,3304557,3401,True,1663,1.0,-43.686084208814414,-22.906632349999995,-43.686456,-22.9073569993228
RES_4775,3304557,2103,True,1049,2.0,-43.68304603083849,-22.9014272,-43.683728,-22.901059999323
RES_4776,3304557,108,False,0,,-43.68244025000001,-22.876673250000003,-43.68244025000001,-22.876673250000003
RES_4777,3304557,2879,True,988,1.0,-43.67854875,-22.957786699999996,-43.678497,-22.9573539993217
RES_4778,3304557,3135,True,1169,1.0,-43.67866990023527,-22.95173045,-43.679094,-22.9516549993218
RES_4779,3304557,2896,True,1082,1.0,-43.676521300000005,-22.94458815,-43.679623,-22.944283999322
RES_4780,3304557,5104,True,2207,1.0,-43.677562177705525,-22.936843,-43.677627,-22.9367929993222
RES_4781,3304557,4433,True,2059,1.0,-43.67821635,-22.930973549999997,-43.677604,-22.9302399993223
RES_4782,3304557,3657,True,1754,1.0,-43.678411800000006,-22.92209545,-43.677113,-22.9231709993225
RES_4783,3304557,2766,True,1149,1.0,-43.67682355,-22.916384099999995,-43.676685,-22.9159789993226
RES_4784,3304557,2935,True,1373,1.0,-43.67867080626486,-22.910618200000002,-43.677422,-22.9099509993228
RES_4785,3304557,6361,True,3391,1.0,-43.677853925783694,-22.900606099999997,-43.678078,-22.900299999323
RES_4786,3304557,862,True,429,1.0,-43.68138083321584,-22.897470549999994,-43.68128,-22.8968659993231
RES_4787,3304557,1899,True,886,1.0,-43.67490575,-22.888004950000003,-43.677031,-22.8866839993233
RES_4788,3304557,695,True,83,1.0,-43.6770262,-22.877084749999998,-43.67382,-22.8821129993234
RES_4789,3304557,303,True,239,1.0,-43.6687091,-22.959622649999993,-43.666618,-22.9614999993216
RES_4790,3304557,3447,True,1720,1.0,-43.66984843030721,-22.953026499999996,-43.669607,-22.9525019993218
RES_4791,3304557,3287,True,949,1.0,-43.66924429037002,-22.941423849999993,-43.66787,-22.941789999322
RES_4792,3304557,3669,True,1748,1.0,-43.67036857116992,-22.938695699999997,-43.669716,-22.9377779993222
RES_4793,3304557,6265,True,2865,1.0,-43.66944785,-22.931017399999998,-43.670516,-22.9309909993223
RES_4794,3304557,3196,True,1479,1.0,-43.670517882093655,-22.923178150000002,-43.67064,-22.9234239993225
RES_4795,3304557,2269,True,971,1.0,-43.67041443041623,-22.9140735,-43.671562,-22.9160889993226
RES_4796,3304557,2969,True,1702,2.0,-43.671716,-22.90742005,-43.671198,-22.9077589993228
RES_4797,3304557,947,True,416,1.0,-43.67105825,-22.904474300000004,-43.672066,-22.9041849993229
RES_4798,3304557,1575,True,743,1.0,-43.669745,-22.88984875,-43.670458,-22.8862559993233
RES_4799,3304557,1262,True,62,1.0,-43.6686787,-22.872350299999994,-43.673744,-22.8682719993237
RES_4800,3304557,397,True,205,1.0,-43.66059655,-22.95272614999999,-43.663045,-22.9518589993218
RES_4801,3304557,1339,True,697,1.0,-43.66031805,-22.942505599999997,-43.662038,-22.942415999322
RES_4802,3304557,6764,True,2708,1.0,-43.6635967,-22.937281600000006,-43.662685,-22.9372319993222
RES_4803,3304557,5971,True,2175,1.0,-43.663477150000006,-22.9301487,-43.662578,-22.9301019993223
RES_4804,3304557,2510,True,984,1.0,-43.66313553881841,-22.920785599999988,-43.662064,-22.9200439993225
RES_4805,3304557,1442,True,529,1.0,-43.6614097,-22.918875899999996,-43.661338,-22.9187349993226
RES_4806,3304557,1757,True,713,1.0,-43.6632903,-22.907509049999994,-43.663511,-22.9072969993228
RES_4807,3304557,7,True,11,1.0,-43.66037865,-22.902991550000003,-43.66153,-22.901040999323
RES_4808,3304557,6503,True,2929,2.0,-43.66324192860357,-22.88407455,-43.661919,-22.8842969993234
RES_4809,3304557,2178,True,1172,1.0,-43.6606065,-22.881604250000002,-43.660823,-22.8819819993234
RES_4810,3304557,249,False,0,,-43.6642178982793,-22.869827599999994,-43.6642178982793,-22.869827599999994
RES_4811,3304557,618,True,338,1.0,-43.6536251,-22.95302145,-43.653604,-22.9524829993218
RES_4812,3304557,757,True,462,1.0,-43.651258175473515,-22.941069449999993,-43.653308,-22.944584999322
RES_4813,3304557,6232,True,2552,1.0,-43.656925858798445,-22.936505,-43.655651,-22.9363859993222
RES_4814,3304557,5153,True,1710,1.0,-43.653809150618486,-22.931515249999997,-43.65345,-22.9313489993223
RES_4815,3304557,4212,True,1550,1.0,-43.655230683618456,-22.919910199999997,-43.656117,-22.9205869993225
RES_4816,3304557,2071,True,806,1.0,-43.65429618486063,-22.915272700000003,-43.654732,-22.9153629993226
RES_4817,3304557,639,True,70,1.0,-43.656919900000005,-22.901429649999997,-43.655447,-22.9037509993229
RES_4818,3304557,714,True,355,2.0,-43.65815774061042,-22.885456199999993,-43.658276,-22.8854819993233
RES_4819,3304557,2393,True,1179,3.0,-43.64474427398649,-22.950065549999998,-43.645511,-22.9501219993219
RES_4820,3304557,2005,True,1215,1.0,-43.64402975,-22.942757499999995,-43.645538,-22.944834999322
RES_4821,3304557,2238,True,753,1.0,-43.64887815,-22.93570045,-43.64972,-22.9350859993222
RES_4822,3304557,955,True,328,1.0,-43.64964996378448,-22.93132565,-43.649735,-22.9317449993223
RES_4823,3304557,148,True,56,1.0,-43.649880822691,-22.924831699999995,-43.649632,-22.9272659993224
RES_4824,3304557,317,False,0,,-43.64664915392282,-22.881818099999993,-43.64664915392282,-22.881818099999993
RES_4825,3304557,1899,True,906,2.0,-43.640315903892414,-22.945166449999995,-43.640211,-22.944926999322
RES_4826,3304557,1977,True,1590,1.0,-43.637787450000005,-22.938231849999994,-43.636613,-22.9368269993222
RES_4827,3304557,621,True,274,1.0,-43.69366105,-22.907231850000002,-43.694073,-22.9072009993228
RES_4828,3304557,2171,True,727,1.0,-43.65935269646876,-22.915388450000002,-43.659841,-22.9160959993226
RES_4829,3304557,1970,True,761,1.0,-43.65733823679882,-22.915391549999992,-43.657583,-22.9153939993226
RES_4830,3304557,522,True,205,1.0,-43.654703046004,-22.943676399999994,-43.654527,-22.943580999322
RES_4831,3304557,838,True,362,1.0,-43.69084447394802,-22.918713249999996,-43.691106,-22.9185259993226
RES_4832,3304557,322,True,114,1.0,-43.68931542171615,-22.917988700000002,-43.689462,-22.9178709993226
RES_4833,3304557,750,True,330,1.0,-43.666212952143425,-22.91463985,-43.666176,-22.9140819993227
RES_4834,3304557,825,True,357,1.0,-43.662520907753205,-22.911375149999998,-43.662704,-22.9113839993228
RES_4835,3304557,249,True,116,1.0,-43.674415079250025,-22.879746449999992,-43.674589,-22.8796959993235
RES_4836,3304557,1246,True,602,1.0,-43.67289724170999,-22.88081805,-43.67218,-22.8818409993234
RES_4837,3304557,88,True,49,1.0,-43.66240380000001,-22.918226599999997,-43.662423,-22.9182649993226
RES_4838,3304557,64,True,48,1.0,-43.65254375,-22.91950145,-43.653051,-22.9195209993226
RES_4839,3304557,109,False,0,,-43.65786431415728,-22.918815249999994,-43.65786431415728,-22.918815249999994
RES_4840,3304557,182,True,84,1.0,-43.68835544964611,-22.912755900000004,-43.688517,-22.9127169993227
RES_4841,3304557,483,True,229,1.0,-43.728039602023884,-22.899552149999998,-43.728089,-22.899462999323
RES_4842,3304557,561,True,287,1.0,-43.715066839810426,-22.904081099999996,-43.716441,-22.9035189993229
RES_4843,3304557,1028,True,317,1.0,-43.663674799999995,-22.9135383,-43.663671,-22.9135839993227
RES_4844,3304557,404,False,0,,-43.666515496630396,-22.88714655,-43.666515496630396,-22.88714655
RES_4845,3304557,281,True,103,1.0,-43.640684050000004,-22.931001599999995,-43.640734,-22.9312239993223
RES_4846,3304557,1847,True,739,1.0,-43.721623550000004,-22.893708299999993,-43.722053,-22.8936629993231
RES_4847,3304557,878,True,346,1.0,-43.72080734824134,-22.890879849999997,-43.720787,-22.8910479993232
RES_4848,3304557,661,True,273,1.0,-43.7196335598753,-22.89009519999999,-43.719432,-22.8903379993232
RES_4849,3304557,221,True,123,1.0,-43.730666799999995,-22.895203549999998,-43.730463,-22.8951339993231
RES_4850,3304557,1602,True,629,1.0,-43.67953883663682,-22.908086349999998,-43.678888,-22.9080089993228
RES_4851,3304557,474,True,177,1.0,-43.673988351093186,-22.9531664,-43.674116,-22.9530909993218
RES_4852,3304557,290,True,127,1.0,-43.6727085242191,-22.9529446,-43.672508,-22.9529579993218
RES_4853,3304557,976,True,487,1.0,-43.65953506195549,-22.900676349999998,-43.660433,-22.899867999323
RES_4854,3304557,974,True,404,1.0,-43.642872832276936,-22.930982399999998,-43.642806,-22.9302649993223
RES_4855,3304557,560,True,227,1.0,-43.65802560786119,-22.941146149999994,-43.658102,-22.9410419993221
RES_4856,3304557,838,True,209,1.0,-43.69899375809659,-22.9355771,-43.698939,-22.9355209993222
RES_4857,3304557,686,True,255,1.0,-43.69910000257238,-22.933355349999992,-43.698695,-22.9336659993222
RES_4858,3304557,1217,True,496,1.0,-43.69681302362175,-22.931934750000003,-43.696941,-22.9319419993223
RES_4859,3304557,1062,True,441,1.0,-43.653168172025346,-22.92177495,-43.65296,-22.9221299993225
RES_4860,3304557,1786,True,769,1.0,-43.69199953921638,-22.909258649999998,-43.691986,-22.9088889993228
RES_4861,3304557,635,True,297,1.0,-43.669362973452806,-22.911931250000002,-43.669245,-22.9120239993227
RES_4862,3304557,1119,True,458,1.0,-43.667981805332644,-22.910045049999997,-43.668533,-22.9091809993228
RES_4863,3304557,144,True,56,1.0,-43.6794892391182,-22.8959063,-43.679431,-22.8958189993231
RES_4864,3304557,274,False,0,,-43.65341523996139,-22.92590135,-43.65341523996139,-22.92590135
RES_4865,3304557,442,True,175,1.0,-43.65485505,-22.940885549999997,-43.654896,-22.9410039993221
RES_4866,3304557,238,True,100,1.0,-43.66110470895801,-22.92100765,-43.661135,-22.9209699993225
RES_4867,3304557,179,True,102,1.0,-43.65063992421784,-22.929099599999994,-43.650535,-22.9292869993224
RES_4868,3304557,2856,True,1189,1.0,-43.646419527276336,-22.927550199999995,-43.646518,-22.9273559993224
RES_4869,3304557,1447,True,605,1.0,-43.647875308280256,-22.9254373,-43.647173,-22.9249219993224
RES_4870,3304557,1102,True,448,1.0,-43.700268129136525,-22.917273950000002,-43.700184,-22.9174599993226
RES_4871,3304557,309,True,131,1.0,-43.66655427757411,-22.919863549999995,-43.666723,-22.9199119993226
RES_4872,3304557,623,True,238,1.0,-43.6653546,-22.92040295,-43.66545,-22.9203469993225
RES_4873,3304557,222,False,0,,-43.69239035645984,-22.93874984999999,-43.69239035645984,-22.93874984999999
RES_4874,3304557,1904,True,954,1.0,-43.7064662,-22.972480900000004,-43.705866,-22.9724279993214
RES_4875,3304557,1599,True,841,1.0,-43.7066107,-22.96562685,-43.707062,-22.9664529993215
RES_4876,3304557,493,True,239,1.0,-43.70474980239837,-22.95869025,-43.704672,-22.9586139993217
RES_4877,3304557,3328,True,1948,1.0,-43.70026983665501,-22.981339099999996,-43.69993,-22.9807019993211
RES_4878,3304557,4957,True,2637,1.0,-43.69892448629668,-22.9750424,-43.699766,-22.9742889993213
RES_4879,3304557,3538,True,1897,1.0,-43.7000037,-22.965384200000003,-43.700227,-22.9671549993215
RES_4880,3304557,2069,True,962,1.0,-43.70301018045113,-22.962061499999997,-43.702716,-22.9605409993216
RES_4881,3304557,204,True,172,1.0,-43.7010578,-22.95311945,-43.70179,-22.9547709993217
RES_4882,3304557,1314,True,962,1.0,-43.69033978833929,-22.98560775,-43.690954,-22.986022999321
RES_4883,3304557,4499,True,2733,1.0,-43.69216234485633,-22.9811532,-43.692635,-22.9809429993212
RES_4884,3304557,3482,True,1708,1.0,-43.69370975,-22.972594649999998,-43.692849,-22.9737819993213
RES_4885,3304557,5596,True,2421,1.0,-43.693765238408304,-22.966696299999995,-43.692491,-22.9664759993215
RES_4886,3304557,4880,True,1837,1.0,-43.69082885,-22.9594597,-43.692084,-22.9586479993217
RES_4887,3304557,1824,True,716,1.0,-43.69169529030032,-22.955169649999995,-43.690799,-22.9542559993218
RES_4888,3304557,381,True,246,1.0,-43.68855101820175,-22.98605029999999,-43.68817,-22.985638999321
RES_4889,3304557,2982,True,1719,1.0,-43.68560902265101,-22.979771200000002,-43.685635,-22.9808019993212
RES_4890,3304557,3523,True,1636,1.0,-43.68418095,-22.973336599999996,-43.684992,-22.9733279993213
RES_4891,3304557,1763,True,799,1.0,-43.68652704418296,-22.968029999999995,-43.685177,-22.9670149993215
RES_4892,3304557,4612,True,1624,1.0,-43.68529536275253,-22.9597429,-43.686202,-22.9589339993217
RES_4893,3304557,2133,True,926,1.0,-43.6862517,-22.9534587,-43.686393,-22.9519869993218
RES_4894,3304557,240,False,0,,-43.67655612197508,-22.978409900000003,-43.67655612197508,-22.978409900000003
RES_4895,3304557,1379,True,700,1.0,-43.67715814731165,-22.97322405,-43.677396,-22.9735479993213
RES_4896,3304557,316,True,128,1.0,-43.67799569825965,-22.968060499999993,-43.677972,-22.9679449993214
RES_4897,3304557,758,True,276,1.0,-43.709794562940765,-22.965307949999996,-43.709456,-22.9663389993215
RES_4898,3304557,178,True,83,1.0,-43.702609499999994,-22.970959099999998,-43.702603,-22.9711339993214
RES_4899,3304557,149,True,58,1.0,-43.7095026,-22.969435899999993,-43.709337,-22.9696009993214
RES_4900,3304557,318,True,139,1.0,-43.680168017329024,-22.97913705,-43.680189,-22.9793919993212
RES_4901,3304557,85,True,40,1.0,-43.68111745,-22.977462849999995,-43.681602,-22.9775159993212
RES_4902,3304557,124,True,54,1.0,-43.70801034658672,-22.96374475,-43.707909,-22.9638809993215
RES_4903,3304557,110,True,60,1.0,-43.705991560864454,-22.959791699999997,-43.705874,-22.9598329993216
RES_4904,3304557,943,True,468,1.0,-43.17131365658437,-22.828416599999997,-43.172418,-22.8267609993247
RES_4905,3304557,2023,True,949,1.0,-43.17209631760082,-22.82307435,-43.171161,-22.8233889993248
RES_4906,3304557,508,True,256,1.0,-43.1662183899936,-22.8204481,-43.169488,-22.8229409993248
RES_4907,3304557,727,True,326,1.0,-43.17673391929219,-22.82082955,-43.176809,-22.8207279993248
RES_4908,3304557,324,True,161,1.0,-43.178013403396136,-22.819703099999998,-43.177711,-22.8197249993248
RES_4909,3304557,766,True,366,1.0,-43.174823950000004,-22.821331799999996,-43.17525,-22.8221529993248
RES_4910,3304557,3345,True,1520,1.0,-43.185317049999995,-22.8150549,-43.186771,-22.8163409993249
RES_4911,3304557,1403,True,730,1.0,-43.1860037260699,-22.811196350000003,-43.186393,-22.811743999325
RES_4912,3304557,373,True,175,2.0,-43.1831896,-22.8254229,-43.187203,-22.8179909993249
RES_4913,3304557,1325,True,584,1.0,-43.18289326731508,-22.813382049999998,-43.183211,-22.814022999325
RES_4914,3304557,1639,True,819,1.0,-43.18230575,-22.811797499999997,-43.181748,-22.812649999325
RES_4915,3304557,80,True,36,1.0,-43.18334820252542,-22.814649199999998,-43.183021,-22.814585999325
RES_4916,3304557,2227,True,955,1.0,-43.17922936904638,-22.822455249999997,-43.17875,-22.8229699993248
RES_4917,3304557,1018,True,427,1.0,-43.1851449,-22.81701675,-43.184697,-22.8178589993249
RES_4918,3304557,3574,True,1646,1.0,-43.178688317448106,-22.81669095,-43.179149,-22.8169709993249
RES_4919,3304557,977,True,403,1.0,-43.18480486030903,-22.817160849999997,-43.184157,-22.8173629993249
RES_4920,3304557,4673,True,1857,1.0,-43.182436419822565,-22.8167478,-43.182791,-22.8168679993249
RES_4921,3304557,5153,True,2441,1.0,-43.17985987940743,-22.810285849999993,-43.179835,-22.8105279993251
RES_4922,3304557,1582,True,709,1.0,-43.18238364999999,-22.806851400000006,-43.181426,-22.8075649993251
RES_4923,3304557,3439,True,1614,1.0,-43.18075195522205,-22.801311999999996,-43.181344,-22.8026069993252
RES_4924,3304557,1131,True,494,1.0,-43.18577515,-22.789428049999998,-43.184364,-22.7890549993256
RES_4925,3304557,973,True,454,1.0,-43.17708044999999,-22.79880810000001,-43.177715,-22.7991619993253
RES_4926,3304557,2571,True,1339,1.0,-43.17837406050464,-22.793722200000005,-43.178653,-22.7940649993255
RES_4927,3304557,466,True,257,1.0,-43.182542462847984,-22.7900906,-43.182605,-22.7899539993255
RES_4928,3304557,845,True,362,1.0,-43.17463394133888,-22.797158250000003,-43.174865,-22.7970409993254
RES_4929,3304557,645,True,246,1.0,-43.178143599838194,-22.797020299999996,-43.178423,-22.7969229993254
RES_4930,3304557,807,True,350,1.0,-43.1757025,-22.7980636,-43.175789,-22.7981719993253
RES_4931,3304557,426,True,178,1.0,-43.1744233986465,-22.79637065,-43.174437,-22.7965609993254
RES_4932,3304557,3198,True,1372,1.0,-43.18544084999999,-22.788325199999992,-43.185644,-22.7882849993256
RES_4933,3304557,781,True,318,1.0,-43.17774025156028,-22.791877,-43.17825,-22.7915399993255
RES_4934,3304557,2229,True,847,1.0,-43.17878587285237,-22.789000849999994,-43.178798,-22.7891629993256
RES_4935,3304557,2849,True,1310,1.0,-43.174089699999996,-22.793561750000002,-43.172658,-22.7933389993255
RES_4936,3304557,3117,True,1579,1.0,-43.172054050894246,-22.789566999999998,-43.172158,-22.7898099993256
RES_4937,3304557,2088,True,763,1.0,-43.16648335781193,-22.7896208,-43.166309,-22.7904409993255
RES_4938,3304557,2739,True,1157,1.0,-43.17415370314033,-22.787664400000004,-43.173705,-22.7874599993256
RES_4939,3304557,280,True,128,1.0,-43.17323237768913,-22.789203950000005,-43.173093,-22.7891229993256
RES_4940,3304557,476,True,190,1.0,-43.17689186266715,-22.787536850000002,-43.176828,-22.7873159993256
RES_4941,3304557,415,True,253,1.0,-43.17732977575758,-22.789573599999997,-43.177169,-22.7895959993256
RES_4942,3304557,255,True,124,1.0,-43.17499250065477,-22.791361000000002,-43.175181,-22.7914259993255
RES_4943,3304557,671,True,269,1.0,-43.181184651348865,-22.787300499999997,-43.18093,-22.7876449993256
RES_4944,3304557,751,True,408,2.0,-43.20880399968876,-22.813909999999996,-43.208176,-22.814573999325
RES_4945,3304557,6212,True,2897,1.0,-43.20949885,-22.811381949999998,-43.210738,-22.8105999993251
RES_4946,3304557,5637,True,2766,2.0,-43.20355765,-22.8157725,-43.203261,-22.8160339993249
RES_4947,3304557,4495,True,1993,1.0,-43.20226298780739,-22.8090523,-43.203307,-22.8093989993251
RES_4948,3304557,732,True,352,2.0,-43.20336189605818,-22.80558099999999,-43.203556,-22.8056519993252
RES_4949,3304557,3848,True,1710,1.0,-43.196296425767066,-22.816170299999996,-43.195558,-22.8164659993249
RES_4950,3304557,3000,True,1387,1.0,-43.196095154422224,-22.810074550000003,-43.196543,-22.811005999325
RES_4951,3304557,1890,True,888,1.0,-43.189461796809226,-22.816008749999998,-43.190278,-22.815452999325
RES_4952,3304557,519,True,220,1.0,-43.18939786256125,-22.81851975,-43.18927,-22.8184869993249
RES_4953,3304557,782,True,314,1.0,-43.20089823469203,-22.803257250000005,-43.200108,-22.8030949993252
RES_4954,3304557,2442,True,1173,1.0,-43.19424415,-22.80895925,-43.193566,-22.8084469993251
RES_4955,3304557,4602,True,2212,1.0,-43.19649461426383,-22.802569650000002,-43.196265,-22.8032659993252
RES_4956,3304557,5287,True,2467,1.0,-43.18894244640069,-22.8077349,-43.189043,-22.8085139993251
RES_4957,3304557,2656,True,1392,1.0,-43.186989751581734,-22.804567300000002,-43.187787,-22.8047499993252
RES_4958,3304557,2599,True,981,1.0,-43.19221065,-22.804015549999995,-43.192412,-22.8041599993252
RES_4959,3304557,2006,True,954,1.0,-43.19140811551282,-22.8028666,-43.190816,-22.8034439993252
RES_4960,3304557,669,True,286,1.0,-43.19582219949814,-22.800375699999996,-43.195856,-22.8003639993253
RES_4961,3304557,589,True,277,2.0,-43.194181362821965,-22.798490499999993,-43.194253,-22.7983709993253
RES_4962,3304557,3196,True,1390,1.0,-43.18877680725681,-22.80069165,-43.187472,-22.8016059993253
RES_4963,3304557,5027,True,2281,1.0,-43.18678219044068,-22.79728445,-43.186535,-22.7963689993254
RES_4964,3304557,1045,True,466,2.0,-43.186961350000004,-22.791058949999993,-43.186549,-22.7907619993255
RES_4965,3304557,2063,True,997,1.0,-43.18089165000001,-22.79588485,-43.182302,-22.7957799993254
RES_4966,3304557,1336,True,513,1.0,-43.1903089,-22.796091149999995,-43.189768,-22.7959969993254
RES_4967,3304557,961,True,363,1.0,-43.1803231947938,-22.79702845,-43.180427,-22.7968599993254
RES_4968,3304557,545,True,229,1.0,-43.1886672,-22.802866450000003,-43.188807,-22.8029329993252
RES_4969,3304557,208,True,88,1.0,-43.182992998770104,-22.79676005,-43.183162,-22.7969629993254
RES_4970,3304557,6702,True,2737,1.0,-43.18538995,-22.8023831,-43.1857,-22.8022459993253
RES_4971,3304557,1604,True,530,1.0,-43.1833064377597,-22.801795499999997,-43.183546,-22.8020659993252
RES_4972,3304557,724,True,295,1.0,-43.1818555904603,-22.799107100000004,-43.182058,-22.7990729993253
RES_4973,3304557,1747,True,545,1.0,-43.188292205847446,-22.79424455,-43.188485,-22.7942549993254
RES_4974,3304557,66,True,26,1.0,-43.18467081190239,-22.80457055,-43.184807,-22.8046159993252
RES_4975,3304557,2047,True,753,1.0,-43.19966052781466,-22.79594335,-43.200176,-22.7969899993254
RES_4976,3304557,394,True,166,1.0,-43.19872228661794,-22.799077699999998,-43.198504,-22.7993629993253
RES_4977,3304557,3282,True,1462,1.0,-43.19563679280303,-22.7970105,-43.196163,-22.7968639993254
RES_4978,3304557,4686,True,2099,3.0,-43.21027953886147,-22.80232815,-43.209797,-22.8016449993252
RES_4979,3304557,2980,True,1384,2.0,-43.20905195,-22.79802315,-43.209096,-22.7977139993254
RES_4980,3304557,4356,True,1841,1.0,-43.203864100000004,-22.800436249999997,-43.204585,-22.8008249993253
RES_4981,3304557,2550,True,1160,1.0,-43.205268095659406,-22.79762925,-43.205352,-22.7981369993253
RES_4982,3304557,5259,True,2048,1.0,-43.209938737920794,-22.7941948,-43.209404,-22.7943859993254
RES_4983,3304557,894,True,322,1.0,-43.244385981288985,-22.818794299999997,-43.233351,-22.8183649993249
RES_4984,3304557,553,True,261,1.0,-43.233415949999994,-22.81428025,-43.233729,-22.814407999325
RES_4985,3304557,1645,True,644,1.0,-43.23654095,-22.813617049999998,-43.235352,-22.813015999325
RES_4986,3304557,577,True,193,1.0,-43.23182877460509,-22.802671699999998,-43.224285,-22.812538999325
RES_4987,3304557,1004,True,351,1.0,-43.227399373857295,-22.8184629,-43.227107,-22.8179389993249
RES_4988,3304557,296,True,112,1.0,-43.224552507168255,-22.809618,-43.224509,-22.8102919993251
RES_4989,3304557,1772,True,701,1.0,-43.2273805987909,-22.786169650000005,-43.227578,-22.7857169993256
RES_4990,3304557,491,True,195,1.0,-43.2258663,-22.7847273,-43.225931,-22.7848819993256
RES_4991,3304557,520,True,186,1.0,-43.218208149999995,-22.81434875,-43.219755,-22.8160379993249
RES_4992,3304557,232,True,111,1.0,-43.22297510818777,-22.80854635,-43.222842,-22.8085329993251
RES_4993,3304557,2541,True,1145,3.0,-43.231168318762286,-22.815702,-43.23151,-22.815267999325
RES_4994,3304557,1222,True,514,1.0,-43.231347859948606,-22.81291255,-43.231268,-22.813127999325
RES_4995,3304557,2365,True,1050,1.0,-43.22986779642375,-22.816391249999995,-43.229947,-22.8161069993249
RES_4996,3304557,4034,True,1874,1.0,-43.22897004709866,-22.812196549999996,-43.229373,-22.812410999325
RES_4997,3304557,1011,True,404,1.0,-43.23598695,-22.810626749999997,-43.235869,-22.8106089993251
RES_4998,3304557,1659,True,685,1.0,-43.225600598433246,-22.810971750000004,-43.225873,-22.811647999325
RES_4999,3304557,48,True,21,1.0,-43.22978158623188,-22.853404499999996,-43.218843,-22.8678999993237
RES_5000,3304557,1183,True,501,1.0,-43.21792674949339,-22.8696184,-43.218135,-22.8693559993237
RES_5001,3304557,72,True,48,1.0,-43.213792075478295,-22.85916485,-43.212464,-22.858786999324
RES_5002,3304557,551,True,262,1.0,-43.37869616939163,-22.847895299999998,-43.378891,-22.8481809993242
RES_5003,3304557,4775,True,2144,1.0,-43.38024460133721,-22.84101505,-43.380001,-22.8407019993244
RES_5004,3304557,6036,True,2470,1.0,-43.38128665564676,-22.833692349999996,-43.381804,-22.8339109993245
RES_5005,3304557,7139,True,3499,1.0,-43.3739416,-22.847113849999996,-43.374059,-22.8468199993242
RES_5006,3304557,6379,True,2874,1.0,-43.37556705722146,-22.840722799999995,-43.37512,-22.8405169993244
RES_5007,3304557,4414,True,1893,1.0,-43.37687376952256,-22.832872149999993,-43.376269,-22.8339159993245
RES_5008,3304557,3277,True,1466,1.0,-43.366856568607304,-22.845074600000004,-43.366842,-22.8457489993243
RES_5009,3304557,2225,True,1065,1.0,-43.36720706490453,-22.843502949999994,-43.367162,-22.8428919993243
RES_5010,3304557,47,True,31,1.0,-43.3816894,-22.830886200000002,-43.381599,-22.8307659993246
RES_5011,3304557,433,True,201,1.0,-43.37904867419897,-22.834494449999994,-43.379028,-22.8347469993245
RES_5012,3304557,92,True,40,1.0,-43.37073785,-22.84845035,-43.3708,-22.8485659993242
RES_5013,3304557,692,True,324,1.0,-43.36599935,-22.839364099999997,-43.365794,-22.8395139993244
RES_5014,3304557,3203,True,1299,1.0,-43.38427249333303,-22.826452899999996,-43.38311,-22.8274349993247
RES_5015,3304557,176,True,120,1.0,-43.367308536355225,-22.8471171,-43.367317,-22.8469779993242
RES_5016,3304557,1265,True,505,1.0,-43.38017833066003,-22.831968550000003,-43.379951,-22.8312409993246
RES_5017,3304557,116,True,53,1.0,-43.3639632306661,-22.846892749999995,-43.363721,-22.8466669993242
RES_5018,3304557,1994,True,848,1.0,-43.41260000607075,-22.831738449999996,-43.411755,-22.8319259993246
RES_5019,3304557,7556,True,3190,1.0,-43.413065700000004,-22.826713599999998,-43.413224,-22.8266349993247
RES_5020,3304557,1456,True,673,1.0,-43.412608,-22.8227763,-43.411902,-22.8222089993248
RES_5021,3304557,1309,True,516,1.0,-43.4087853048089,-22.831640450000002,-43.408503,-22.8310879993246
RES_5022,3304557,5102,True,2245,1.0,-43.407266899999996,-22.826058299999996,-43.40602,-22.8262089993247
RES_5023,3304557,2826,True,1307,1.0,-43.40550914613888,-22.821607900000004,-43.405844,-22.8215849993248
RES_5024,3304557,115,True,59,1.0,-43.395225861822084,-22.830588249999995,-43.395091,-22.8303129993246
RES_5025,3304557,4105,True,1713,1.0,-43.39931068862661,-22.826950500000002,-43.397954,-22.8262349993247
RES_5026,3304557,6396,True,2701,1.0,-43.398412707091374,-22.818703300000003,-43.39779,-22.8192049993249
RES_5027,3304557,3707,True,1321,1.0,-43.3902660815632,-22.825290349999996,-43.39067,-22.8245849993247
RES_5028,3304557,7146,True,2981,1.0,-43.39173515,-22.81942515,-43.390864,-22.8188269993249
RES_5029,3304557,1236,True,502,1.0,-43.38507637724472,-22.824346749999997,-43.383786,-22.8245969993247
RES_5030,3304557,561,True,242,1.0,-43.38587733761432,-22.821144499999996,-43.385735,-22.8211219993248
RES_5031,3304557,1012,True,444,1.0,-43.38969013875594,-22.8158314,-43.389979,-22.8157109993249
RES_5032,3304557,50,True,23,1.0,-43.39066415165094,-22.814875049999998,-43.391322,-22.814302999325
RES_5033,3304557,506,True,187,1.0,-43.41136555,-22.820857850000003,-43.412878,-22.8209119993248
RES_5034,3304557,200,True,64,1.0,-43.38350162994399,-22.8225963,-43.383484,-22.8224459993248
RES_5035,3304557,134,True,48,1.0,-43.39109109831905,-22.82501355,-43.391044,-22.8249529993247
RES_5036,3304557,380,True,160,1.0,-43.4113348,-22.827131,-43.411289,-22.8270229993247
RES_5037,3304557,1138,True,424,1.0,-43.38864589490349,-22.826471850000004,-43.388006,-22.8268049993247
RES_5038,3304557,265,True,113,1.0,-43.388883380797104,-22.818279949999997,-43.388745,-22.8185319993249
RES_5039,3304557,126,True,58,1.0,-43.398308400000005,-22.816845949999998,-43.397607,-22.8166689993249
RES_5040,3304557,81,True,53,1.0,-43.416930244640945,-22.82519785,-43.41672,-22.8246259993247
RES_5041,3304557,214,True,91,1.0,-43.38654109326277,-22.827874899999998,-43.386886,-22.8280439993247
RES_5042,3304557,2077,True,674,1.0,-43.39560645,-22.825814449999996,-43.395358,-22.8249919993247
RES_5043,3304557,1402,True,376,1.0,-43.3927473101502,-22.824484399999996,-43.393554,-22.8242049993248
RES_5044,3304557,140,True,63,1.0,-43.39917835,-22.82543175,-43.399294,-22.8252879993247
RES_5045,3304557,124,True,46,1.0,-43.411368350000004,-22.828167599999993,-43.411306,-22.8280019993247
RES_5046,3304557,183,True,67,1.0,-43.412279049999995,-22.83136515,-43.412347,-22.8313729993246
RES_5047,3304557,54,True,20,1.0,-43.39466220399461,-22.815466949999994,-43.393746,-22.814997999325
RES_5048,3304557,136,True,55,1.0,-43.39437776181467,-22.822616899999996,-43.39438,-22.8225799993248
RES_5049,3304557,97,True,43,1.0,-43.41042729658655,-22.827276099999995,-43.410704,-22.8272799993247
RES_5050,3304557,272,True,113,1.0,-43.39225841265845,-22.814893999999995,-43.392238,-22.814942999325
RES_5051,3304557,469,True,117,1.0,-43.4092851105133,-22.827736500000004,-43.409009,-22.8287119993247
RES_5052,3304557,706,True,313,1.0,-43.419147300000006,-22.830483800000003,-43.419269,-22.8303519993246
RES_5053,3304557,1177,True,554,1.0,-43.41777670151297,-22.8297292,-43.417815,-22.8289419993246
RES_5054,3304557,1382,True,662,1.0,-43.41093260000001,-22.838740299999998,-43.411849,-22.8381899993244
RES_5055,3304557,5495,True,2498,1.0,-43.41406841916821,-22.835405549999997,-43.414139,-22.8341599993245
RES_5056,3304557,537,True,259,1.0,-43.41655421256111,-22.82941465,-43.416368,-22.8295749993246
RES_5057,3304557,5556,True,2683,1.0,-43.40457438994294,-22.834863,-43.404986,-22.8344029993245
RES_5058,3304557,967,True,419,1.0,-43.4036211,-22.8288484,-43.402928,-22.8283859993247
RES_5059,3304557,4912,True,2251,1.0,-43.39908414999999,-22.834349749999994,-43.399097,-22.8341299993245
RES_5060,3304557,527,True,200,1.0,-43.40132479278378,-22.836419599999996,-43.40128,-22.8364089993245
RES_5061,3304557,293,True,128,1.0,-43.4196285,-22.828599149999995,-43.419433,-22.8285529993246
RES_5062,3304557,536,True,216,1.0,-43.404679606671195,-22.845227100000002,-43.405488,-22.8453419993243
RES_5063,3304557,8312,True,3248,1.0,-43.40645739239399,-22.841336249999998,-43.406416,-22.8412799993243
RES_5064,3304557,4548,True,1737,1.0,-43.40100264819132,-22.840395449999995,-43.400128,-22.8399619993244
RES_5065,3304557,1448,True,575,1.0,-43.39490252512428,-22.832337749999997,-43.394731,-22.8332279993245
RES_5066,3304557,1153,True,508,1.0,-43.3927255,-22.837800199999997,-43.393282,-22.8384689993244
RES_5067,3304557,7895,True,3258,1.0,-43.390317819914216,-22.833027599999998,-43.390583,-22.8331769993245
RES_5068,3304557,961,True,395,1.0,-43.39172139913149,-22.828046049999998,-43.390739,-22.8278659993247
RES_5069,3304557,1687,True,739,1.0,-43.386106886729415,-22.8349622,-43.385469,-22.8343279993245
RES_5070,3304557,203,False,0,,-43.389783692897204,-22.831084099999998,-43.389783692897204,-22.831084099999998
RES_5071,3304557,1036,True,418,1.0,-43.390119549999994,-22.82877699999999,-43.389631,-22.8288079993246
RES_5072,3304557,8,True,3,1.0,-43.20826115,-22.94599445,-43.205513,-22.945276999322
RES_5073,3304557,300,True,142,1.0,-43.20950810882722,-22.938699299999996,-43.21143,-22.9391579993221
RES_5074,3304557,778,True,423,1.0,-43.2020739814606,-22.935940100000003,-43.203002,-22.9341609993222
RES_5075,3304557,275,True,109,1.0,-43.198097508237,-22.92664355,-43.197874,-22.9268259993224
RES_5076,3304557,1121,True,618,1.0,-43.1963476,-22.932045099999996,-43.199461,-22.9325029993223
RES_5077,3304557,4197,True,1983,1.0,-43.19242096149851,-22.92466515,-43.193862,-22.9255709993224
RES_5078,3304557,5348,True,2879,1.0,-43.191819792195325,-22.91750085,-43.191774,-22.9177249993226
RES_5079,3304557,720,True,450,1.0,-43.19403738463298,-22.912504799999997,-43.193384,-22.9129049993227
RES_5080,3304557,2163,True,1035,1.0,-43.185487099255155,-22.922045000000004,-43.184422,-22.9232949993225
RES_5081,3304557,5852,True,3774,1.0,-43.1866217529988,-22.918423400000002,-43.186625,-22.9176349993226
RES_5082,3304557,1173,True,689,1.0,-43.18133894972985,-22.9224677,-43.181481,-22.9222629993225
RES_5083,3304557,4624,True,2899,1.0,-43.180231983165825,-22.91889404999999,-43.180449,-22.9181989993226
RES_5084,3304557,282,True,120,1.0,-43.19450428329371,-22.913692499999996,-43.194363,-22.9136819993227
RES_5085,3304557,453,True,192,1.0,-43.1955035,-22.9284313,-43.195643,-22.9281839993224
RES_5086,3304557,317,True,140,1.0,-43.18438759085595,-22.919400099999997,-43.184461,-22.9195849993226
RES_5087,3304557,217,True,80,1.0,-43.19354829363209,-22.913353299999997,-43.19349,-22.9130599993227
RES_5088,3304557,1164,True,526,1.0,-43.201868697800336,-22.936560249999992,-43.201799,-22.9365769993222
RES_5089,3304557,132,True,48,1.0,-43.194304250966,-22.928278750000004,-43.194176,-22.9283079993224
RES_5090,3304557,2934,True,1364,1.0,-43.19394420353419,-22.92195075,-43.193931,-22.9222729993225
RES_5091,3304557,868,True,417,1.0,-43.202258399384945,-22.932103100000003,-43.202345,-22.9324179993223
RES_5092,3304557,1846,True,763,1.0,-43.2038254258287,-22.933312349999998,-43.20367,-22.9338159993222
RES_5093,3304557,520,True,255,1.0,-43.19446670333771,-22.926036,-43.194608,-22.9259869993224
RES_5094,3304557,96,True,49,1.0,-43.19139283504258,-22.9183121,-43.191357,-22.9183019993226
RES_5095,3304557,150,True,68,1.0,-43.196444292640194,-22.927662749999996,-43.196684,-22.9273639993224
RES_5096,3304557,131,True,63,1.0,-43.1930105,-22.913807750000004,-43.192967,-22.9135049993227
RES_5097,3304557,204,True,76,1.0,-43.191227838172416,-22.925748749999993,-43.191205,-22.9257479993224
RES_5098,3304557,983,True,476,1.0,-43.29012834886065,-23.01100735,-43.290488,-23.0111859993205
RES_5099,3304557,1110,True,484,1.0,-43.330200899999994,-22.988604000000006,-43.330151,-22.988332999321
RES_5100,3304557,121,True,47,1.0,-43.330592089110425,-22.987675599999996,-43.330367,-22.987787999321
RES_5101,3304557,1405,True,660,1.0,-43.3305378,-22.975794549999996,-43.329648,-22.9764679993212
RES_5102,3304557,2052,True,838,1.0,-43.324038974520036,-22.989714,-43.323338,-22.9899939993209
RES_5103,3304557,1394,True,610,1.0,-43.32422645,-22.9879198,-43.324192,-22.987364999321
RES_5104,3304557,5723,True,2597,1.0,-43.32806450170281,-22.9763373,-43.328222,-22.9762049993213
RES_5105,3304557,1502,True,694,1.0,-43.32036375,-22.996614699999995,-43.320071,-22.9968959993208
RES_5106,3304557,3252,True,1294,1.0,-43.318235042856074,-22.989826450000006,-43.318911,-22.9897549993209
RES_5107,3304557,100,True,43,1.0,-43.31745641145726,-22.988007450000005,-43.317296,-22.987930999321
RES_5108,3304557,1038,True,465,1.0,-43.311993880479456,-22.996221499999997,-43.309921,-22.9993899993207
RES_5109,3304557,289,True,122,1.0,-43.31073685,-22.989503099999993,-43.311198,-22.988654999321
RES_5110,3304557,92,True,67,1.0,-43.307427364574764,-22.984264650000007,-43.306779,-22.9842079993211
RES_5111,3304557,602,True,257,1.0,-43.30320440380491,-22.9992338,-43.303461,-23.0014749993207
RES_5112,3304557,509,True,186,1.0,-43.30101505486305,-22.99305545,-43.30061,-22.9912329993209
RES_5113,3304557,749,True,308,1.0,-43.302208496186,-22.9831369,-43.301992,-22.9841909993211
RES_5114,3304557,30,True,15,1.0,-43.298774702351444,-22.974287749999995,-43.29873,-22.9743079993213
RES_5115,3304557,632,True,54,1.0,-43.296685499999995,-22.990858000000006,-43.297111,-22.9939849993209
RES_5116,3304557,37,True,12,1.0,-43.29663336087508,-22.974667400000005,-43.29613,-22.9742499993213
RES_5117,3304557,501,True,207,1.0,-43.295505550792505,-22.9798776,-43.29539,-22.9797749993212
RES_5118,3304557,760,True,352,1.0,-43.32156672565123,-22.993110149999996,-43.32139,-22.9931849993209
RES_5119,3304557,1924,True,970,1.0,-43.322767850000005,-22.990272749999995,-43.322586,-22.9901269993209
RES_5120,3304557,515,True,206,1.0,-43.293066951012904,-22.982616050000004,-43.293126,-22.9827379993211
RES_5121,3304557,3738,True,1526,1.0,-43.29325472540249,-22.987962149999994,-43.294268,-22.988431999321
RES_5122,3304557,2341,True,1049,1.0,-43.29687111924399,-22.9878429,-43.29593,-22.987833999321
RES_5123,3304557,275,True,118,1.0,-43.295662179201685,-22.981841350000003,-43.295564,-22.9819429993211
RES_5124,3304557,526,True,276,1.0,-43.32214544283198,-22.988623799999992,-43.321906,-22.988586999321
RES_5125,3304557,4372,True,1740,1.0,-43.32049401521739,-22.990756700000002,-43.320444,-22.9908459993209
RES_5126,3304557,8084,True,3116,1.0,-43.3204841,-22.986566250000003,-43.320657,-22.987328999321
RES_5127,3304557,354,True,185,1.0,-43.329942900000006,-22.98804154999999,-43.329855,-22.988187999321
RES_5128,3304557,494,True,237,1.0,-43.328990813243244,-22.988713699999998,-43.328868,-22.988378999321
RES_5129,3304557,1968,True,864,3.0,-43.34051985,-22.98182804999999,-43.339968,-22.9815269993211
RES_5130,3304557,4234,True,1952,1.0,-43.33889135,-22.979994199999993,-43.338742,-22.9800639993212
RES_5131,3304557,4139,True,1771,1.0,-43.33661811328508,-22.97873165,-43.336728,-22.9788309993212
RES_5132,3304557,2495,True,1174,1.0,-43.31212705,-22.991069999999997,-43.311893,-22.9910769993209
RES_5133,3304557,3217,True,1617,1.0,-43.308106,-22.98892415,-43.308123,-22.988814999321
RES_5134,3304557,5557,True,2692,1.0,-43.30876619186802,-22.986736900000004,-43.30895,-22.987421999321
RES_5135,3304557,376,True,173,1.0,-43.306233699032,-22.988314749999997,-43.305913,-22.987877999321
RES_5136,3304557,549,True,310,1.0,-43.30630667418119,-22.98773725,-43.306405,-22.987437999321
RES_5137,3304557,1024,True,429,1.0,-43.314058599999996,-22.997309950000002,-43.314088,-22.9975329993208
RES_5138,3304557,457,True,206,1.0,-43.3109390975858,-22.991406249999997,-43.310822,-22.9912699993209
RES_5139,3304557,1909,True,909,1.0,-43.439410050000006,-23.0098091,-43.439058,-23.0099119993205
RES_5140,3304557,465,True,163,1.0,-43.4381098,-23.012947200000003,-43.437882,-23.0130599993204
RES_5141,3304557,3960,True,1915,2.0,-43.4361917422998,-23.009155450000005,-43.436126,-23.0094329993205
RES_5142,3304557,5770,True,3594,1.0,-43.429099589293216,-23.0072954,-43.428694,-23.0082159993205
RES_5143,3304557,2093,True,941,1.0,-43.4262507624308,-23.002533300000003,-43.426288,-23.0025379993207
RES_5144,3304557,3224,True,1322,1.0,-43.42086996805584,-23.00972939999999,-43.420323,-23.0092169993205
RES_5145,3304557,3950,True,1745,1.0,-43.418178901017136,-22.99900915,-43.418957,-22.9991239993207
RES_5146,3304557,7,True,5,1.0,-43.411022272149125,-23.015557450000003,-43.418158,-23.0162919993203
RES_5147,3304557,428,True,158,1.0,-43.4118513525753,-22.998546599999997,-43.412293,-22.9982629993208
RES_5148,3304557,447,True,153,1.0,-43.412433656163316,-22.996357950000004,-43.412326,-22.9966229993208
RES_5149,3304557,1045,True,526,1.0,-43.40311883353432,-23.002189400000002,-43.403109,-23.0016569993207
RES_5150,3304557,1461,True,635,1.0,-43.40277425315773,-22.993221300000002,-43.403021,-22.9936889993209
RES_5151,3304557,49,True,22,1.0,-43.40242415,-22.975312799999998,-43.40234,-22.9738579993213
RES_5152,3304557,250,True,103,1.0,-43.39780264022888,-23.003750299999997,-43.397799,-23.0041319993206
RES_5153,3304557,4089,True,1607,1.0,-43.394402299999996,-23.00191785,-43.393928,-22.9996769993207
RES_5154,3304557,444,True,154,1.0,-43.3962315,-22.992019,-43.395742,-22.9925429993209
RES_5155,3304557,2192,True,1082,1.0,-43.395039413666666,-22.972426749999993,-43.395307,-22.9720379993214
RES_5156,3304557,613,True,202,1.0,-43.385682700000004,-23.003865349999998,-43.384636,-23.0040269993206
RES_5157,3304557,4981,True,1959,1.0,-43.389036067747526,-23.001269650000005,-43.388309,-22.9997639993207
RES_5158,3304557,725,True,249,1.0,-43.38446705,-22.98387745,-43.383896,-22.9838049993211
RES_5159,3304557,230,False,0,,-43.38647689743327,-22.97544695,-43.38647689743327,-22.97544695
RES_5160,3304557,1802,True,715,1.0,-43.38782843192778,-22.9725804,-43.387864,-22.9730379993213
RES_5161,3304557,2035,True,843,1.0,-43.37965602549694,-23.00356635,-43.379443,-23.0032839993206
RES_5162,3304557,4882,True,2287,1.0,-43.37839985090797,-22.998553099999995,-43.380109,-22.9992339993207
RES_5163,3304557,426,True,155,1.0,-43.381889256164385,-22.9914373,-43.381847,-22.9913919993209
RES_5164,3304557,1710,True,492,1.0,-43.38285762680829,-22.98725965,-43.382747,-22.9851849993211
RES_5165,3304557,5067,True,2109,1.0,-43.38245367504439,-22.971535149999994,-43.382441,-22.9717499993214
RES_5166,3304557,2211,True,1253,1.0,-43.371933549999994,-23.005009549999997,-43.370357,-23.0089379993205
RES_5167,3304557,919,True,401,1.0,-43.37202521897502,-23.002460300000003,-43.371376,-23.0026219993207
RES_5168,3304557,3766,True,2140,1.0,-43.36539829883032,-23.009147150000004,-43.365323,-23.0090999993205
RES_5169,3304557,780,True,299,2.0,-43.362383750307075,-23.001583749999995,-43.361582,-23.0013709993207
RES_5170,3304557,1405,True,1210,1.0,-43.355700218452384,-23.008923000000003,-43.356806,-23.0090729993205
RES_5171,3304557,1004,True,553,2.0,-43.359622351348975,-23.00295515,-43.358929,-23.0013259993207
RES_5172,3304557,1975,True,838,1.0,-43.35514115124593,-22.9893844,-43.355316,-22.989607999321
RES_5173,3304557,2641,True,1185,1.0,-43.35783379940554,-22.987781449999993,-43.357344,-22.986898999321
RES_5174,3304557,6880,True,3631,1.0,-43.34892717520804,-23.005085700000002,-43.349037,-23.0047909993206
RES_5175,3304557,3599,True,1467,1.0,-43.3494867,-22.99830025,-43.349256,-22.9982509993207
RES_5176,3304557,6716,True,2559,1.0,-43.35045729731722,-22.9909957,-43.350453,-22.9901929993209
RES_5177,3304557,357,True,144,1.0,-43.35044130064709,-22.988378550000004,-43.35005,-22.988776999321
RES_5178,3304557,6489,True,3852,1.0,-43.34151444090535,-23.0084401,-43.341723,-23.0058259993206
RES_5179,3304557,1443,True,733,1.0,-43.34116279546015,-23.00196185,-43.340854,-23.0023279993206
RES_5180,3304557,1300,True,649,1.0,-43.33040772616937,-23.010278299999996,-43.330636,-23.0102989993205
RES_5181,3304557,7531,True,3604,1.0,-43.33274412202744,-23.007337399999997,-43.33309,-23.0074239993206
RES_5182,3304557,773,True,287,1.0,-43.335962231390056,-22.998396749999998,-43.337348,-22.9979369993208
RES_5183,3304557,1204,True,547,1.0,-43.32831502330153,-23.010060849999995,-43.328009,-23.0101189993205
RES_5184,3304557,20504,True,10276,1.0,-43.3257135212425,-23.006419099999995,-43.325961,-23.0068589993205
RES_5185,3304557,741,True,534,2.0,-43.327955190192476,-23.002651599999993,-43.327675,-23.0023159993207
RES_5186,3304557,3194,True,1700,1.0,-43.31702211448422,-23.011100499999998,-43.317398,-23.0111849993205
RES_5187,3304557,4293,True,2160,1.0,-43.31766994340357,-23.008198300000004,-43.318219,-23.0084369993205
RES_5188,3304557,5448,True,2779,1.0,-43.30969195,-23.01218875,-43.309688,-23.0127249993204
RES_5189,3304557,4290,True,2246,1.0,-43.3093638022927,-23.008546249999995,-43.310632,-23.0063509993205
RES_5190,3304557,808,True,429,1.0,-43.30950795,-23.00192105,-43.309121,-23.0021839993207
RES_5191,3304557,4219,True,2131,1.0,-43.30111827358919,-23.01293295,-43.302345,-23.0127279993204
RES_5192,3304557,1134,True,529,1.0,-43.304286178978984,-23.009705600000004,-43.303811,-23.0092589993205
RES_5193,3304557,425,True,181,1.0,-43.29792825,-23.009672599999995,-43.296833,-23.0099089993205
RES_5194,3304557,1082,True,515,1.0,-43.2964661,-23.008100600000002,-43.296575,-23.0077079993205
RES_5195,3304557,218,True,87,1.0,-43.419874525400246,-23.000556949999996,-43.419627,-23.0008839993207
RES_5196,3304557,118,True,53,1.0,-43.43248655,-22.985312099999994,-43.433585,-22.9833879993211
RES_5197,3304557,729,True,291,1.0,-43.427709963386754,-22.968972349999994,-43.428664,-22.9693409993214
RES_5198,3304557,277,True,370,1.0,-43.42288966316354,-22.984384199999997,-43.421509,-22.9824419993211
RES_5199,3304557,2213,True,998,1.0,-43.417056193108834,-22.979242099999993,-43.416965,-22.9798769993212
RES_5200,3304557,2368,True,1283,1.0,-43.41458877750597,-22.984291599999995,-43.414599,-22.9843919993211
RES_5201,3304557,1068,True,597,1.0,-43.41531915,-22.97980825,-43.416039,-22.9793929993212
RES_5202,3304557,264,True,129,1.0,-43.42011496501884,-22.978888399999995,-43.420074,-22.9788129993212
RES_5203,3304557,828,True,316,1.0,-43.48650497116776,-22.989023450000005,-43.486206,-22.9892509993209
RES_5204,3304557,985,True,446,1.0,-43.48579044058284,-22.990765849999995,-43.484668,-22.9902289993209
RES_5205,3304557,87,True,52,1.0,-43.48156446592198,-22.987294699999996,-43.481519,-22.987357999321
RES_5206,3304557,1264,True,1214,1.0,-43.47103885,-22.986846149999998,-43.470725,-22.986870999321
RES_5207,3304557,129,True,48,1.0,-43.47286320131811,-22.982249999999993,-43.472865,-22.9817399993211
RES_5208,3304557,3637,True,1688,1.0,-43.46456534969883,-22.98414355,-43.465529,-22.9845129993211
RES_5209,3304557,255,True,110,1.0,-43.46920247288894,-22.980576299999996,-43.470192,-22.9800139993212
RES_5210,3304557,1178,True,588,1.0,-43.45712255,-22.991508849999995,-43.457778,-22.9918759993209
RES_5211,3304557,1374,True,590,1.0,-43.45962661441019,-22.9880781,-43.459377,-22.986855999321
RES_5212,3304557,1027,True,486,1.0,-43.46053675,-22.9815599,-43.460639,-22.9812219993211
RES_5213,3304557,1341,True,555,1.0,-43.45256510012087,-22.993055449999996,-43.451925,-22.9926949993209
RES_5214,3304557,534,False,0,,-43.454560150512265,-22.985012999999995,-43.454560150512265,-22.985012999999995
RES_5215,3304557,534,True,212,1.0,-43.45429027173101,-22.979433599999997,-43.452706,-22.9786849993212
RES_5216,3304557,931,True,390,1.0,-43.44400180359928,-22.9919488,-43.444261,-22.9925899993209
RES_5217,3304557,11119,True,4419,1.0,-43.4346892,-22.99133790000001,-43.434474,-22.9913599993209
RES_5218,3304557,682,True,245,1.0,-43.43047216405464,-22.991168299999995,-43.430557,-22.9911739993209
RES_5219,3304557,70,True,39,1.0,-43.43060266970343,-22.988730249999996,-43.429743,-22.988941999321
RES_5220,3304557,1559,True,676,1.0,-43.46372052498437,-22.979664399999997,-43.46397,-22.9794799993212
RES_5221,3304557,849,True,267,1.0,-43.42856355,-22.991386900000002,-43.428753,-22.9909989993209
RES_5222,3304557,156,True,71,1.0,-43.467924300971006,-22.9810298,-43.467836,-22.9809189993211
RES_5223,3304557,1314,True,655,1.0,-43.460772899999995,-22.989789449999996,-43.460304,-22.9902719993209
RES_5224,3304557,473,True,185,1.0,-43.47730260689837,-22.992213050000004,-43.477285,-22.9920399993209
RES_5225,3304557,879,True,431,1.0,-43.47299337204969,-22.989531999999997,-43.472802,-22.989439999321
RES_5226,3304557,102,True,50,1.0,-43.44144369232322,-22.99417925,-43.441578,-22.9942489993209
RES_5227,3304557,15,True,10,1.0,-43.51406999835926,-23.014741349999998,-43.516633,-23.0114229993205
RES_5228,3304557,180,True,88,1.0,-43.50909207425816,-23.005478949999997,-43.510739,-23.0057729993206
RES_5229,3304557,100,True,49,1.0,-43.51202624567039,-23.001017649999994,-43.512483,-23.0022679993207
RES_5230,3304557,99,True,58,1.0,-43.50192485376135,-23.01681075,-43.501653,-23.0173919993203
RES_5231,3304557,458,True,239,1.0,-43.505111883115674,-22.99853675,-43.504866,-22.9992559993207
RES_5232,3304557,555,True,277,1.0,-43.508854300502875,-22.992273299999994,-43.509216,-22.9925859993209
RES_5233,3304557,785,True,360,1.0,-43.50193884049978,-22.98259,-43.501742,-22.9808889993212
RES_5234,3304557,14,False,0,,-43.5069299,-22.97095035,-43.5069299,-22.97095035
RES_5235,3304557,166,True,120,1.0,-43.49570105,-23.019768999999997,-43.495594,-23.0201119993203
RES_5236,3304557,60,True,30,1.0,-43.5010517857404,-23.017900899999997,-43.498143,-23.0174739993203
RES_5237,3304557,1650,True,807,1.0,-43.49791260000001,-22.992940249999997,-43.498469,-22.9947569993208
RES_5238,3304557,1266,True,541,1.0,-43.50026500508845,-22.988342699999997,-43.498793,-22.987369999321
RES_5239,3304557,429,True,189,1.0,-43.49551104972781,-22.980142249999997,-43.494783,-22.9807099993212
RES_5240,3304557,1708,True,400,1.0,-43.49527244903105,-22.974559300000003,-43.495375,-22.9731139993213
RES_5241,3304557,36,True,23,1.0,-43.50142449109839,-22.962076649999997,-43.50164,-22.9588329993216
RES_5242,3304557,687,True,307,1.0,-43.49335945,-22.99119665,-43.493221,-22.9915489993209
RES_5243,3304557,1541,True,722,2.0,-43.49306733871004,-22.987296699999998,-43.491645,-22.986666999321
RES_5244,3304557,971,True,430,1.0,-43.492376150000005,-22.976271899999997,-43.491007,-22.9777459993212
RES_5245,3304557,1142,True,475,1.0,-43.48778672305588,-22.973653800000005,-43.489811,-22.9735429993213
RES_5246,3304557,484,True,229,1.0,-43.49260945,-22.965288299999997,-43.489958,-22.9647259993215
RES_5247,3304557,316,False,0,,-43.487643208789066,-22.958981650000005,-43.487643208789066,-22.958981650000005
RES_5248,3304557,588,True,248,1.0,-43.48365982215808,-22.977128599999993,-43.484008,-22.9768409993212
RES_5249,3304557,396,True,202,1.0,-43.482001384066436,-22.970223350000005,-43.481059,-22.9706899993214
RES_5250,3304557,580,True,262,1.0,-43.5109366272779,-23.01300715,-43.511277,-23.0126289993204
RES_5251,3304557,1417,True,546,1.0,-43.496773450000006,-22.993016150000003,-43.496086,-22.9945869993209
RES_5252,3304557,1237,True,491,1.0,-43.48217175,-22.979296050000002,-43.481811,-22.9791819993212
RES_5253,3304557,468,True,207,1.0,-43.504242166271446,-22.987647949999996,-43.504289,-22.987578999321
RES_5254,3304557,627,True,277,1.0,-43.4990798770972,-23.018970699999997,-43.49897,-23.0190289993203
RES_5255,3304557,219,True,101,1.0,-43.5115462822735,-23.0099424,-43.511906,-23.0096829993205
RES_5256,3304557,176,True,99,1.0,-43.518359998891526,-23.01017125,-43.518713,-23.0102119993205
RES_5257,3304557,1087,True,454,1.0,-43.49734319946721,-22.985331700000003,-43.497274,-22.986281999321
RES_5258,3304557,1269,True,589,1.0,-43.5121663934042,-23.013693899999996,-43.512078,-23.0137549993204
RES_5259,3304557,624,True,295,1.0,-43.50632289561629,-23.001056350000006,-43.506724,-23.0009559993207
RES_5260,3304557,200,True,83,1.0,-43.52404125711429,-23.02705675,-43.523492,-23.0264019993201
RES_5261,3304557,855,True,387,1.0,-43.52195634430953,-23.0215655,-43.52079,-23.0234729993202
RES_5262,3304557,117,True,75,1.0,-43.5159825718563,-23.02776194999999,-43.518562,-23.0281049993201
RES_5263,3304557,6667,True,2793,1.0,-43.511578216589,-23.022458099999994,-43.511488,-23.0223839993202
RES_5264,3304557,202,True,82,1.0,-43.50485985,-23.026554199999996,-43.504737,-23.0264059993201
RES_5265,3304557,45,True,16,1.0,-43.50190697442029,-23.024293249999992,-43.502067,-23.0243139993202
RES_5266,3304557,1640,True,693,1.0,-43.4994968,-23.027642999999998,-43.498174,-23.0283109993201
RES_5267,3304557,1152,True,299,1.0,-43.497168920498396,-23.024307299999997,-43.496673,-23.0245689993201
RES_5268,3304557,137,True,57,1.0,-43.49177342986286,-23.0340679,-43.489398,-23.0341069993199
RES_5269,3304557,375,True,122,1.0,-43.4898782,-23.027490299999997,-43.489545,-23.0274249993201
RES_5270,3304557,9301,True,4118,1.0,-43.48847796578386,-23.022593449999995,-43.488509,-23.0226969993202
RES_5271,3304557,1866,True,821,1.0,-43.489711549999996,-23.017102149999992,-43.489521,-23.0163199993203
RES_5272,3304557,283,True,156,1.0,-43.49072239476618,-23.005375199999996,-43.490182,-23.0056679993206
RES_5273,3304557,325,True,144,1.0,-43.486307810106155,-23.004197150000003,-43.48607,-23.0041649993206
RES_5274,3304557,3198,True,2029,1.0,-43.47933506705188,-23.02730185,-43.47984,-23.0279889993201
RES_5275,3304557,6704,True,3357,1.0,-43.48085097207765,-23.023895449999998,-43.480943,-23.0231389993202
RES_5276,3304557,2348,True,968,1.0,-43.48242809305761,-23.016936700000002,-43.481393,-23.0156449993204
RES_5277,3304557,5573,True,2258,1.0,-43.48339129034603,-23.0054458,-43.483907,-23.0058429993206
RES_5278,3304557,2444,True,1009,1.0,-43.48255394621772,-23.0035701,-43.482974,-23.0033879993206
RES_5279,3304557,5345,True,2931,3.0,-43.47343670725974,-23.02971805,-43.47351,-23.02919999932
RES_5280,3304557,6488,True,3047,1.0,-43.4746646,-23.0210351,-43.473841,-23.0206219993202
RES_5281,3304557,4352,True,1850,1.0,-43.47251747749459,-23.015123149999994,-43.471942,-23.0152199993204
RES_5282,3304557,2430,True,929,1.0,-43.475079949999994,-23.0108191,-43.473946,-23.0106849993205
RES_5283,3304557,1345,True,684,1.0,-43.467109444844056,-23.026913299999997,-43.466215,-23.0272559993201
RES_5284,3304557,6505,True,3046,1.0,-43.465785705057314,-23.0213112,-43.464758,-23.0212299993202
RES_5285,3304557,3865,True,1581,1.0,-43.46579645,-23.015618649999997,-43.466227,-23.0168369993203
RES_5286,3304557,1687,True,764,2.0,-43.4668303,-23.00935895,-43.466943,-23.0092429993205
RES_5287,3304557,255,True,143,2.0,-43.46138605,-23.025902699999996,-43.461871,-23.0262389993201
RES_5288,3304557,8189,True,4136,1.0,-43.459294342717904,-23.021238000000004,-43.458319,-23.0218469993202
RES_5289,3304557,6252,True,3106,1.0,-43.45891372810881,-23.01625995,-43.457734,-23.0157999993204
RES_5290,3304557,3779,True,1608,1.0,-43.458256899999995,-23.00773935,-43.458006,-23.0082409993205
RES_5291,3304557,2039,True,1127,1.0,-43.4518629,-23.021377899999997,-43.451964,-23.0214379993202
RES_5292,3304557,8333,True,3839,1.0,-43.45019991452702,-23.014834949999994,-43.450906,-23.0145069993204
RES_5293,3304557,2373,True,871,1.0,-43.45179748457848,-23.008001299999997,-43.451488,-23.0085949993205
RES_5294,3304557,624,True,381,1.0,-43.44797741354634,-23.002924999999998,-43.447491,-23.0036629993206
RES_5295,3304557,3965,True,1874,1.0,-43.44251367832311,-23.007379299999997,-43.4426,-23.0078019993205
RES_5296,3304557,1784,True,831,1.0,-43.44640752114505,-23.002763699999996,-43.444313,-23.0026549993206
RES_5297,3304557,3119,True,1382,1.0,-43.43473315482276,-23.000895149999998,-43.434299,-23.0012829993207
RES_5298,3304557,498,True,261,1.0,-43.43013445320952,-22.9998455,-43.429537,-22.9993139993207
RES_5299,3304557,755,True,285,1.0,-43.44788971476917,-22.999195649999997,-43.448572,-22.9992399993207
RES_5300,3304557,217,True,90,1.0,-43.447981150000004,-22.99518395,-43.448274,-22.9954559993208
RES_5301,3304557,661,True,239,1.0,-43.44595162037743,-22.996752100000002,-43.446421,-22.9969699993208
RES_5302,3304557,333,True,138,1.0,-43.444991099999996,-22.9946934,-43.445237,-22.9949369993208
RES_5303,3304557,158,True,58,1.0,-43.48066868188719,-23.0290805,-43.480467,-23.02896099932
RES_5304,3304557,341,True,159,1.0,-43.51653929789032,-23.020513049999998,-43.516661,-23.0196589993203
RES_5305,3304557,111,True,53,1.0,-43.508675276063826,-23.024455249999995,-43.508396,-23.0244249993202
RES_5306,3304557,1894,True,711,1.0,-43.48507830551183,-23.026060750000003,-43.484831,-23.0261519993201
RES_5307,3304557,3789,True,1928,1.0,-43.4808821708413,-23.025239199999994,-43.480865,-23.0251369993201
RES_5308,3304557,288,True,163,1.0,-43.47632150532675,-23.024624699999997,-43.476244,-23.0245239993202
RES_5309,3304557,3535,True,1607,1.0,-43.4493432,-23.003561200000004,-43.449957,-23.0033619993207
RES_5310,3304557,2765,True,1235,1.0,-43.44413469210714,-23.001343050000003,-43.442707,-23.0013149993207
RES_5311,3304557,328,True,172,1.0,-43.435766202812445,-22.9995268,-43.434795,-22.9994379993207
RES_5312,3304557,4962,True,3278,1.0,-43.47292935,-23.027608099999995,-43.472945,-23.0280599993201
RES_5313,3304557,187,True,111,1.0,-43.48402960325319,-23.018018299999998,-43.484145,-23.0178419993203
RES_5314,3304557,1319,True,511,1.0,-43.484634549999996,-23.029404899999996,-43.484947,-23.02947599932
RES_5315,3304557,1200,True,603,1.0,-43.476900414171816,-23.0252397,-43.476991,-23.0252919993201
RES_5316,3304557,216,True,90,1.0,-43.482564254482355,-23.014476799999997,-43.482285,-23.0145269993204
RES_5317,3304557,719,True,324,1.0,-43.448258147441344,-23.008295599999997,-43.448274,-23.0084429993205
RES_5318,3304557,20,True,11,1.0,-43.53681686304101,-23.04992225,-43.539988,-23.0506939993196
RES_5319,3304557,164,True,70,1.0,-43.535031450000005,-23.043206050000002,-43.536222,-23.0435969993197
RES_5320,3304557,594,True,273,1.0,-43.35654602588653,-22.8374748,-43.356394,-22.8375619993244
RES_5321,3304557,1104,True,504,1.0,-43.356047071281,-22.835962000000002,-43.357188,-22.8370709993245
RES_5322,3304557,781,True,416,1.0,-43.35619395,-22.829092350000003,-43.355562,-22.8268649993247
RES_5323,3304557,2698,True,991,1.0,-43.3516174,-22.83764229999999,-43.350407,-22.8379329993244
RES_5324,3304557,6565,True,2819,1.0,-43.35199930529794,-22.83300845,-43.350078,-22.8321919993246
RES_5325,3304557,7041,True,3493,1.0,-43.35078569106699,-22.82769755,-43.352057,-22.8271449993247
RES_5326,3304557,631,True,278,1.0,-43.34367260911527,-22.837235649999997,-43.344024,-22.8373459993244
RES_5327,3304557,4046,True,1906,1.0,-43.34506775,-22.8346893,-43.344453,-22.8341129993245
RES_5328,3304557,214,True,103,1.0,-43.34486089234566,-22.830194399999996,-43.345086,-22.8304269993246
RES_5329,3304557,558,True,222,1.0,-43.347513388692434,-22.837348050000006,-43.34754,-22.8376099993244
RES_5330,3304557,1828,True,684,1.0,-43.3464348062143,-22.83814405,-43.346376,-22.8381859993244
RES_5331,3304557,372,True,168,1.0,-43.34691404476347,-22.836743350000006,-43.34695,-22.8367819993245
RES_5332,3304557,39,False,0,,-43.35238014328763,-22.837009100000003,-43.35238014328763,-22.837009100000003
RES_5333,3304557,309,True,125,1.0,-43.35261474968754,-22.835916150000003,-43.352387,-22.8363929993245
RES_5334,3304557,38,True,21,1.0,-43.3490467,-22.82271945,-43.34925,-22.8228869993248
RES_5335,3304557,2302,True,992,1.0,-43.346269643846256,-22.823258349999996,-43.346458,-22.8238519993248
RES_5336,3304557,2101,True,639,2.0,-43.338951888054254,-22.825394499999994,-43.338429,-22.8245639993247
RES_5337,3304557,5122,True,2120,1.0,-43.34395514288693,-22.82471605,-43.344313,-22.8246299993247
RES_5338,3304557,1288,True,510,1.0,-43.34574534750635,-22.8212,-43.345639,-22.8212109993248
RES_5339,3304557,1518,True,384,1.0,-43.3400387447918,-22.824551900000003,-43.340176,-22.8240449993248
RES_5340,3304557,5215,True,1728,1.0,-43.336981550000004,-22.823533949999995,-43.337238,-22.8238899993247
RES_5341,3304557,8285,True,3235,1.0,-43.3421914946815,-22.826090299999994,-43.342383,-22.8258959993247
RES_5342,3304557,420,True,154,1.0,-43.33995786808051,-22.8221403,-43.340038,-22.8223169993248
RES_5343,3304557,3384,True,1277,1.0,-43.33809868282978,-22.82100285,-43.337397,-22.8217369993248
RES_5344,3304557,586,True,241,1.0,-43.36306254837615,-22.83944295,-43.362864,-22.8394089993244
RES_5345,3304557,4645,True,1236,1.0,-43.368582599999996,-22.83310245,-43.367864,-22.8323939993246
RES_5346,3304557,2584,True,1155,1.0,-43.36070415148711,-22.8421156,-43.36032,-22.8417309993244
RES_5347,3304557,119,False,0,,-43.36047412899516,-22.83582285,-43.36047412899516,-22.83582285
RES_5348,3304557,1704,True,704,1.0,-43.3636863,-22.837535599999995,-43.364419,-22.8376479993244
RES_5349,3304557,3169,True,1380,1.0,-43.36460614822558,-22.8356264,-43.364808,-22.8351659993245
RES_5350,3304557,3119,True,1305,1.0,-43.36154477537664,-22.839218900000002,-43.360847,-22.8389629993244
RES_5351,3304557,654,True,90,1.0,-43.3611206,-22.8365199,-43.362332,-22.8366839993245
RES_5352,3304557,1499,True,641,1.0,-43.362493650000005,-22.828865799999992,-43.364014,-22.8320699993245
RES_5353,3304557,653,True,257,1.0,-43.36741445,-22.8377359,-43.36759,-22.8376789993244
RES_5354,3304557,217,True,87,1.0,-43.3682143277577,-22.8366668,-43.367967,-22.8367859993245
RES_5355,3304557,1495,True,630,1.0,-43.36263588521798,-22.833751250000006,-43.362223,-22.8340219993245
RES_5356,3304557,123,True,51,1.0,-43.374021371295214,-22.8307938,-43.37352,-22.8308739993246
RES_5357,3304557,2858,True,1128,1.0,-43.37423295,-22.824908250000004,-43.37454,-22.8255009993247
RES_5358,3304557,1538,True,460,1.0,-43.3700809951212,-22.826477249999996,-43.367781,-22.8235689993248
RES_5359,3304557,4074,True,1672,1.0,-43.3673997,-22.819694999999996,-43.367433,-22.8205859993248
RES_5360,3304557,232,True,102,1.0,-43.36381865,-22.820526549999997,-43.363989,-22.8210099993248
RES_5361,3304557,262,True,117,1.0,-43.3610007,-22.8241564,-43.361188,-22.8241359993247
RES_5362,3304557,963,True,358,1.0,-43.36554855564886,-22.822538849999994,-43.365501,-22.8224999993248
RES_5363,3304557,553,True,211,1.0,-43.3635882,-22.821903749999997,-43.363565,-22.8218629993248
RES_5364,3304557,688,True,263,1.0,-43.37667097221694,-22.823918499999998,-43.376834,-22.8237519993247
RES_5365,3304557,3026,True,1234,1.0,-43.3747604,-22.82131145,-43.374773,-22.8215729993248
RES_5366,3304557,6036,True,2492,1.0,-43.36526603639008,-22.82548245,-43.36526,-22.8253739993247
RES_5367,3304557,1035,True,418,1.0,-43.362354834360474,-22.825129649999997,-43.362129,-22.8246469993247
RES_5368,3304557,95,True,37,1.0,-43.3785441,-22.825904599999994,-43.378355,-22.8259809993247
RES_5369,3304557,3349,True,1320,1.0,-43.374007353002206,-22.825893300000004,-43.373242,-22.8263509993247
RES_5370,3304557,1440,True,431,1.0,-43.3692450366063,-22.828336650000004,-43.369057,-22.8286149993247
RES_5371,3304557,332,False,0,,-43.387196,-22.816277199999995,-43.387196,-22.816277199999995
RES_5372,3304557,411,True,182,1.0,-43.37893985,-22.82289315,-43.378773,-22.8226179993248
RES_5373,3304557,6127,True,2720,1.0,-43.382034830030335,-22.81756635,-43.380423,-22.8180149993249
RES_5374,3304557,5635,True,2369,1.0,-43.3830926,-22.81431345,-43.382364,-22.814106999325
RES_5375,3304557,5080,True,2321,1.0,-43.376317189109685,-22.816935800000003,-43.376425,-22.8168779993249
RES_5376,3304557,4157,True,2016,1.0,-43.37455666763862,-22.814228749999998,-43.374752,-22.813346999325
RES_5377,3304557,1020,True,383,1.0,-43.3732385,-22.808063049999998,-43.3731,-22.8081549993251
RES_5378,3304557,5666,True,2120,1.0,-43.364984713981954,-22.8162771,-43.36578,-22.8169919993249
RES_5379,3304557,8613,True,3909,1.0,-43.36680877969445,-22.812523199999994,-43.366327,-22.811653999325
RES_5380,3304557,947,True,487,2.0,-43.36953715,-22.80761979999999,-43.369196,-22.8072119993251
RES_5381,3304557,1895,True,390,2.0,-43.35655958958836,-22.824902899999998,-43.356133,-22.8247309993247
RES_5382,3304557,6093,True,2492,1.0,-43.35987370582902,-22.81753755,-43.359497,-22.8182099993249
RES_5383,3304557,8498,True,4003,1.0,-43.35862110000001,-22.811467799999996,-43.358869,-22.811893999325
RES_5384,3304557,3318,True,1667,1.0,-43.35871675,-22.805472649999995,-43.359018,-22.8056489993252
RES_5385,3304557,391,True,160,2.0,-43.353951177203065,-22.824055599999994,-43.354219,-22.8240059993247
RES_5386,3304557,4360,True,1718,1.0,-43.35103358847366,-22.817851949999998,-43.351827,-22.8173549993249
RES_5387,3304557,3535,True,1521,1.0,-43.353218176165115,-22.8127069,-43.353599,-22.811469999325
RES_5388,3304557,2026,True,986,1.0,-43.35362547488803,-22.806991,-43.353922,-22.8060089993252
RES_5389,3304557,5,False,0,,-43.3358173120247,-22.8081836,-43.3358173120247,-22.8081836
RES_5390,3304557,129,True,52,1.0,-43.3326307,-22.807234199999996,-43.33199,-22.8054059993252
RES_5391,3304557,1252,True,429,1.0,-43.362250651669854,-22.822784549999994,-43.360564,-22.8227299993248
RES_5392,3304557,5751,True,2017,1.0,-43.35826533983604,-22.82134705,-43.358066,-22.8213049993248
RES_5393,3304557,995,True,463,1.0,-43.35425225,-22.822452600000002,-43.35369,-22.8223729993248
RES_5394,3304557,530,True,222,1.0,-43.35470946089743,-22.82164865,-43.354773,-22.8216979993248
RES_5395,3304557,212,True,96,1.0,-43.36070405153386,-22.804249399999996,-43.360682,-22.8041659993252
RES_5396,3304557,258,True,102,1.0,-43.371815350000006,-22.812177999999996,-43.371803,-22.812098999325
RES_5397,3304557,2320,True,547,1.0,-43.38058825,-22.81876125,-43.380423,-22.8189119993249
RES_5398,3304557,2745,True,1067,1.0,-43.37433768083727,-22.818933199999996,-43.37422,-22.8196949993248
RES_5399,3304557,699,True,267,1.0,-43.36908720338525,-22.812736849999993,-43.369892,-22.813406999325
RES_5400,3304557,523,True,166,1.0,-43.35562629846598,-22.81917965,-43.355862,-22.8192939993248
RES_5401,3304557,1023,True,364,1.0,-43.353207,-22.818927650000003,-43.354401,-22.8191609993249
RES_5402,3304557,168,True,70,1.0,-43.3801342,-22.8241407,-43.379772,-22.8245499993247
RES_5403,3304557,141,True,66,1.0,-43.37133752524952,-22.816827149999998,-43.3711,-22.8170849993249
RES_5404,3304557,438,True,208,1.0,-43.379312600000006,-22.815030949999997,-43.37917,-22.814236999325
RES_5405,3304557,429,True,159,1.0,-43.365795399999996,-22.808394049999997,-43.366034,-22.8087169993251
RES_5406,3304557,1077,True,205,1.0,-43.35882057477059,-22.82512334999999,-43.356946,-22.8241629993247
RES_5407,3304557,109,True,50,1.0,-43.35416105,-22.8235678,-43.354607,-22.8236629993248
RES_5408,3304557,1008,True,381,1.0,-43.35972842507465,-22.823898149999998,-43.35891,-22.8235989993248
RES_5409,3304557,1759,True,632,1.0,-43.36559641479385,-22.8179928,-43.365659,-22.8185599993249
RES_5410,3304557,83,True,30,1.0,-43.34810250023659,-22.817211,-43.34825,-22.8176429993249
RES_5411,3304557,244,True,105,1.0,-43.3473721,-22.8166076,-43.347372,-22.8167219993249
RES_5412,3304557,800,True,316,1.0,-43.33313305,-22.8039579,-43.333065,-22.8039689993252
RES_5413,3304557,326,True,129,1.0,-43.33183717225275,-22.80394055,-43.331772,-22.8038349993252
RES_5414,3304557,457,True,177,1.0,-43.37081565710143,-22.8122083,-43.37078,-22.812491999325
RES_5415,3304557,384,True,165,1.0,-43.33095495997719,-22.81106,-43.330969,-22.8111549993251
RES_5416,3304557,2558,True,824,1.0,-43.329485223439825,-22.805222350000005,-43.329984,-22.8050649993252
RES_5417,3304557,810,True,305,1.0,-43.37693308716814,-22.810980100000002,-43.37642,-22.8105869993251
RES_5418,3304557,276,True,139,1.0,-43.67450299166206,-22.974248250000002,-43.674417,-22.9743279993213
RES_5419,3304557,1068,True,687,1.0,-43.66778509684086,-22.97791515,-43.668594,-22.9792009993212
RES_5420,3304557,2365,True,1209,1.0,-43.670866950000004,-22.97478685,-43.669735,-22.9744959993213
RES_5421,3304557,444,True,296,1.0,-43.661359436080076,-22.98616595,-43.661276,-22.986592999321
RES_5422,3304557,1456,True,880,1.0,-43.66087153771802,-22.981664449999997,-43.662767,-22.9814529993211
RES_5423,3304557,785,True,343,1.0,-43.66151975,-22.976399699999995,-43.66186,-22.9764169993213
RES_5424,3304557,1292,True,531,1.0,-43.65953347887931,-22.967583149999996,-43.660753,-22.9673349993215
RES_5425,3304557,1048,True,511,1.0,-43.653759050000005,-22.98540595,-43.653605,-22.985990999321
RES_5426,3304557,5781,True,2207,1.0,-43.6518381,-22.981595299999995,-43.652448,-22.9804069993212
RES_5427,3304557,6214,True,2731,1.0,-43.65316845645508,-22.97388025,-43.652439,-22.9733489993213
RES_5428,3304557,723,True,286,1.0,-43.65266727931035,-22.968936399999997,-43.653966,-22.9687079993214
RES_5429,3304557,363,True,429,1.0,-43.65113155,-22.961769099999998,-43.650561,-22.9625729993216
RES_5430,3304557,1073,True,428,1.0,-43.642990955866196,-22.984889799999994,-43.647148,-22.985697999321
RES_5431,3304557,3199,True,1561,1.0,-43.646787139994906,-22.98048205,-43.645578,-22.9801189993211
RES_5432,3304557,6559,True,2937,1.0,-43.6466045761064,-22.97327624999999,-43.646439,-22.9732069993213
RES_5433,3304557,93,True,56,1.0,-43.646666100000004,-22.9672675,-43.647322,-22.9667759993215
RES_5434,3304557,312,False,0,,-43.6460194,-22.961282349999998,-43.6460194,-22.961282349999998
RES_5435,3304557,432,True,310,1.0,-43.63745719435393,-22.9891741,-43.637304,-22.988699999321
RES_5436,3304557,1208,True,622,1.0,-43.64093567766865,-22.976856499999993,-43.640415,-22.9783529993212
RES_5437,3304557,2988,True,1265,1.0,-43.638797999999994,-22.97330975,-43.639687,-22.9736339993213
RES_5438,3304557,758,True,379,1.0,-43.635033199999995,-22.96936305,-43.635728,-22.9679119993215
RES_5439,3304557,617,True,236,1.0,-43.6264576791844,-23.00390685,-43.62659,-23.0037889993206
RES_5440,3304557,438,True,204,1.0,-43.627147699999995,-22.99310885,-43.627251,-22.9928489993209
RES_5441,3304557,1652,True,750,1.0,-43.633384250000006,-22.986172699999997,-43.63076,-22.986484999321
RES_5442,3304557,913,False,0,,-43.624435207481795,-22.998523399999996,-43.624435207481795,-22.998523399999996
RES_5443,3304557,3317,True,1721,1.0,-43.62311795,-22.994980949999995,-43.622992,-22.9936569993209
RES_5444,3304557,1170,True,559,1.0,-43.6260974,-22.98999965,-43.626103,-22.9903949993209
RES_5445,3304557,1049,True,372,1.0,-43.61993181044177,-22.9830625,-43.621235,-22.9832009993211
RES_5446,3304557,426,False,0,,-43.620569399999994,-22.97015485,-43.620569399999994,-22.97015485
RES_5447,3304557,500,True,240,1.0,-43.6205307927072,-22.966742299999993,-43.620305,-22.9667089993215
RES_5448,3304557,780,True,346,1.0,-43.624614550000004,-22.9593523,-43.623095,-22.9595059993216
RES_5449,3304557,1642,True,687,1.0,-43.614286449999994,-22.999314249999998,-43.614946,-22.9993809993207
RES_5450,3304557,1874,True,835,1.0,-43.616644601920186,-22.996153200000002,-43.614403,-22.9955209993208
RES_5451,3304557,565,True,336,1.0,-43.6123613,-22.970430399999998,-43.612423,-22.9704289993214
RES_5452,3304557,4292,True,1856,1.0,-43.61344025,-22.9644525,-43.614193,-22.9652979993215
RES_5453,3304557,2462,True,1044,1.0,-43.614989141180985,-22.958330350000004,-43.615289,-22.9592739993217
RES_5454,3304557,4,True,4,1.0,-43.61342821885714,-22.943311799999996,-43.612646,-22.942729999322
RES_5455,3304557,1283,True,674,1.0,-43.60621365,-22.970193900000005,-43.606061,-22.9706349993214
RES_5456,3304557,4733,True,2185,1.0,-43.60788873308678,-22.965956249999998,-43.60719,-22.9648349993215
RES_5457,3304557,5921,True,2664,1.0,-43.60638147455995,-22.957360449999996,-43.605733,-22.9585599993217
RES_5458,3304557,4555,True,1979,1.0,-43.608055700784746,-22.9498686,-43.607225,-22.9513349993218
RES_5459,3304557,295,False,0,,-43.604065303522155,-22.945835900000006,-43.604065303522155,-22.945835900000006
RES_5460,3304557,640,True,275,1.0,-43.59585969352031,-22.99114575,-43.596277,-22.9910429993209
RES_5461,3304557,321,True,155,1.0,-43.59695115,-22.974776600000006,-43.596993,-22.9744639993213
RES_5462,3304557,1718,True,765,1.0,-43.6007869324356,-22.962375799999997,-43.601062,-22.9639559993215
RES_5463,3304557,2128,True,898,1.0,-43.6020608517,-22.95797855,-43.602185,-22.9587119993216
RES_5464,3304557,2786,True,1100,1.0,-43.59652212644704,-22.949941849999995,-43.598939,-22.9505429993219
RES_5465,3304557,3431,True,1528,1.0,-43.5985331,-22.94281125,-43.598749,-22.943562999322
RES_5466,3304557,8,True,8,1.0,-43.589948024521185,-22.9994402,-43.603309,-22.9959429993208
RES_5467,3304557,7,True,2,1.0,-43.591306902628205,-22.993436800000005,-43.593812,-22.9936399993208
RES_5468,3304557,1152,True,615,1.0,-43.5948398,-22.988821049999995,-43.593827,-22.988953999321
RES_5469,3304557,435,True,192,1.0,-43.59100202142857,-22.976872399999998,-43.591413,-22.9781769993212
RES_5470,3304557,2262,True,1082,1.0,-43.59123469016804,-22.97294385,-43.592094,-22.9719239993213
RES_5471,3304557,493,True,215,1.0,-43.5922728,-22.967889749999998,-43.592865,-22.9675599993215
RES_5472,3304557,97,True,43,1.0,-43.5884762,-22.957774,-43.587789,-22.9586189993217
RES_5473,3304557,1556,True,711,1.0,-43.592465832796776,-22.948562699999997,-43.592963,-22.9492939993219
RES_5474,3304557,2884,True,1069,1.0,-43.591427392450896,-22.944123400000002,-43.59254,-22.942943999322
RES_5475,3304557,801,True,387,1.0,-43.59056694488636,-22.939958649999994,-43.59075,-22.9399319993221
RES_5476,3304557,1968,True,672,1.0,-43.5805893,-22.98057395,-43.583023,-22.9812199993211
RES_5477,3304557,1165,True,560,1.0,-43.586866197050654,-22.971123300000002,-43.585396,-22.9712139993214
RES_5478,3304557,448,False,0,,-43.58572875568436,-22.9642819,-43.58572875568436,-22.9642819
RES_5479,3304557,836,True,384,1.0,-43.584589199999996,-22.9600713,-43.584305,-22.9595449993216
RES_5480,3304557,1293,True,908,1.0,-43.58325441296371,-22.948731349999996,-43.582878,-22.9484269993219
RES_5481,3304557,4153,True,2775,1.0,-43.58458469574241,-22.943517449999998,-43.585001,-22.942551999322
RES_5482,3304557,919,True,546,3.0,-43.584196920066766,-22.937594849999996,-43.58241,-22.9372619993221
RES_5483,3304557,92,True,47,1.0,-43.576448,-23.0548996,-43.574456,-23.0567559993194
RES_5484,3304557,751,True,306,1.0,-43.57791667232388,-22.9916179,-43.578464,-22.9907739993209
RES_5485,3304557,480,True,181,1.0,-43.57853,-22.98872605,-43.574743,-22.986477999321
RES_5486,3304557,740,True,388,1.0,-43.577148624155406,-22.972507249999996,-43.577998,-22.9731779993213
RES_5487,3304557,253,True,2,1.0,-43.578251603862995,-22.967949799999996,-43.580807,-22.9586589993217
RES_5488,3304557,136,True,61,1.0,-43.5775405,-22.95890635,-43.57663,-22.9597479993216
RES_5489,3304557,79,True,34,1.0,-43.578581,-22.952181700000004,-43.577715,-22.9515529993218
RES_5490,3304557,1464,True,657,1.0,-43.57963017523848,-22.944019299999994,-43.579164,-22.943101999322
RES_5491,3304557,1021,True,413,1.0,-43.579883949999996,-22.938660699999996,-43.579738,-22.9374689993222
RES_5492,3304557,544,True,160,1.0,-43.5645806243038,-22.9886102,-43.563531,-22.9908479993209
RES_5493,3304557,234,True,123,1.0,-43.5680996885703,-22.96923645,-43.570518,-22.9695969993214
RES_5494,3304557,147,True,59,1.0,-43.5682455,-22.955733350000003,-43.568681,-22.9541019993218
RES_5495,3304557,1131,True,552,1.0,-43.565058699999994,-22.94914205,-43.565051,-22.9493089993219
RES_5496,3304557,1827,True,648,1.0,-43.56163704632222,-22.990931550000006,-43.560941,-22.9910279993209
RES_5497,3304557,100,True,54,1.0,-43.55781415,-22.985652749999993,-43.559092,-22.985869999321
RES_5498,3304557,326,False,0,,-43.56234878307646,-22.9831402,-43.56234878307646,-22.9831402
RES_5499,3304557,409,True,192,1.0,-43.56362655,-22.95505035,-43.564019,-22.9549919993217
RES_5500,3304557,804,True,407,1.0,-43.56027394749022,-22.952750249999998,-43.560567,-22.9532489993218
RES_5501,3304557,285,False,0,,-43.5549024,-23.046738150000003,-43.5549024,-23.046738150000003
RES_5502,3304557,1401,True,734,1.0,-43.55054560703181,-22.992194,-43.551443,-22.9931809993209
RES_5503,3304557,502,True,291,1.0,-43.55131865570149,-22.982163700000005,-43.550772,-22.9823779993211
RES_5504,3304557,160,False,0,,-43.5509239,-22.9738228,-43.5509239,-22.9738228
RES_5505,3304557,226,True,123,1.0,-43.542013850000004,-23.00591155,-43.542468,-23.0066079993206
RES_5506,3304557,1050,True,472,1.0,-43.5425747,-23.0007625,-43.544604,-23.0002199993207
RES_5507,3304557,509,True,265,1.0,-43.54484583334208,-22.996248249999997,-43.543287,-22.9960769993208
RES_5508,3304557,493,True,215,1.0,-43.54548066591404,-22.985338400000003,-43.546071,-22.9851149993211
RES_5509,3304557,302,True,112,1.0,-43.54444074581197,-22.978966099999994,-43.544751,-22.9776429993212
RES_5510,3304557,340,True,158,1.0,-43.541183049751005,-22.97533685,-43.54255,-22.9730599993213
RES_5511,3304557,485,True,274,1.0,-43.53717978830275,-23.007766749999995,-43.537663,-23.0088439993205
RES_5512,3304557,1027,True,488,1.0,-43.5369534130257,-23.001906150000003,-43.537737,-23.0025799993207
RES_5513,3304557,463,True,211,1.0,-43.53517920849282,-22.993615749999996,-43.534579,-22.9961989993208
RES_5514,3304557,60,True,29,1.0,-43.535153196809574,-22.9814475,-43.534064,-22.9815869993211
RES_5515,3304557,61,True,35,1.0,-43.537214550554665,-22.959593649999995,-43.537978,-22.9594159993216
RES_5516,3304557,515,True,194,1.0,-43.58302055069367,-22.93713685,-43.582871,-22.9376419993221
RES_5517,3304557,263,True,112,1.0,-43.5642626,-22.95776275,-43.564272,-22.9578729993217
RES_5518,3304557,1539,True,692,1.0,-43.57378575,-22.956745299999998,-43.573268,-22.9575839993217
RES_5519,3304557,172,True,94,1.0,-43.5425843,-23.009120099999997,-43.542691,-23.0089069993205
RES_5520,3304557,2443,True,1067,1.0,-43.58237725262177,-22.95755394999999,-43.582927,-22.9564499993217
RES_5521,3304557,883,True,412,1.0,-43.57658843823779,-22.9863877,-43.577362,-22.987238999321
RES_5522,3304557,306,True,130,1.0,-43.6017674,-22.946226149999994,-43.601804,-22.9461669993219
RES_5523,3304557,220,True,82,1.0,-43.60215014803852,-22.944661249999996,-43.602215,-22.944812999322
RES_5524,3304557,68,True,31,1.0,-43.61809616108238,-22.969450849999994,-43.618026,-22.9693559993214
RES_5525,3304557,882,True,314,1.0,-43.6172751,-22.968200600000003,-43.617556,-22.9678759993214
RES_5526,3304557,1407,True,556,1.0,-43.59350079970934,-22.944811350000002,-43.592603,-22.944837999322
RES_5527,3304557,590,True,97,1.0,-43.584510494569926,-22.974179049999996,-43.582474,-22.9736009993213
RES_5528,3304557,448,True,197,1.0,-43.65297915550191,-22.98585479999999,-43.652749,-22.985933999321
RES_5529,3304557,511,True,195,1.0,-43.5446481,-23.0100537,-43.544516,-23.0100699993205
RES_5530,3304557,680,True,290,1.0,-43.57247649187357,-22.955301750000004,-43.572593,-22.9552829993217
RES_5531,3304557,194,True,74,1.0,-43.570842407498645,-22.9550597,-43.570857,-22.9552059993217
RES_5532,3304557,369,True,164,1.0,-43.65715162122642,-22.973365949999998,-43.657127,-22.9732029993213
RES_5533,3304557,117,True,60,1.0,-43.65532735000001,-22.974224099999997,-43.655416,-22.9742259993213
RES_5534,3304557,170,True,70,1.0,-43.65554712153285,-22.971769899999998,-43.655505,-22.9716139993214
RES_5535,3304557,136,True,54,1.0,-43.65377120312538,-22.97234915,-43.653907,-22.9722569993213
RES_5536,3304557,253,True,102,1.0,-43.64877080660378,-22.982204449999998,-43.64864,-22.9821379993211
RES_5537,3304557,2297,True,963,1.0,-43.600827172647236,-22.949062800000004,-43.600321,-22.9487599993219
RES_5538,3304557,180,True,60,1.0,-43.55080625,-22.98827085,-43.550793,-22.987993999321
RES_5539,3304557,227,True,87,1.0,-43.584292350000005,-22.994232499999995,-43.584224,-22.9941339993208
RES_5540,3304557,299,True,117,1.0,-43.65236161500151,-22.975629399999995,-43.651992,-22.9757839993213
RES_5541,3304557,234,True,86,1.0,-43.64590647988583,-22.97419345,-43.645977,-22.9745129993213
RES_5542,3304557,988,True,435,1.0,-43.6313847,-22.971603299999998,-43.6304,-22.9711739993214
RES_5543,3304557,365,True,163,1.0,-43.57985025,-22.958847699999993,-43.579722,-22.9589959993217
RES_5544,3304557,513,True,212,1.0,-43.57796755,-22.9613044,-43.57806,-22.9613129993216
RES_5545,3304557,1499,True,701,1.0,-43.57586825,-22.957990699999996,-43.576023,-22.9575759993217
RES_5546,3304557,379,False,0,,-43.59035865,-22.943380649999995,-43.59035865,-22.943380649999995
RES_5547,3304557,2605,True,1024,1.0,-43.6101672,-22.960152,-43.609729,-22.9595739993216
RES_5548,3304557,540,True,262,1.0,-43.64630605,-22.969720650000003,-43.645973,-22.9698229993214
RES_5549,3304557,343,True,177,1.0,-43.643758623724956,-22.983245800000002,-43.643711,-22.9831549993211
RES_5550,3304557,1671,True,704,1.0,-43.61285970354906,-22.998594699999998,-43.613291,-22.9994549993207
RES_5551,3304557,5145,True,2345,1.0,-43.613012906199266,-22.99725675,-43.612766,-22.9963959993208
RES_5552,3304557,1574,True,717,1.0,-43.6096986,-22.9957267,-43.609472,-22.9955509993208
RES_5553,3304557,812,True,353,1.0,-43.60687439696398,-22.990427499999996,-43.606611,-22.9901979993209
RES_5554,3304557,334,False,0,,-43.65367934873919,-22.976874199999997,-43.65367934873919,-22.976874199999997
RES_5555,3304557,158,True,72,1.0,-43.59588395,-22.944531849999997,-43.59591,-22.944596999322
RES_5556,3304557,692,True,290,1.0,-43.604445874353175,-22.94391745,-43.604779,-22.945355999322
RES_5557,3304557,176,True,61,1.0,-43.593652991935485,-22.943362999999998,-43.593697,-22.943389999322
RES_5558,3304557,151,True,68,1.0,-43.57864899034544,-22.937288199999998,-43.578597,-22.9371649993222
RES_5559,3304557,212,True,88,1.0,-43.5990189554559,-22.94017145,-43.598893,-22.9403459993221
RES_5560,3304557,267,True,221,1.0,-43.566797342906824,-23.071563200000003,-43.566592,-23.0712349993191
RES_5561,3304557,1014,True,974,1.0,-43.56596830947737,-23.06485655,-43.565761,-23.0652869993192
RES_5562,3304557,217,True,105,1.0,-43.56328452393679,-23.062117450000002,-43.563589,-23.0619879993193
RES_5563,3304557,538,True,383,1.0,-43.5605769,-23.05905085,-43.560092,-23.0586319993194
RES_5564,3304557,475,True,188,1.0,-43.55724592927713,-23.03704915,-43.557584,-23.0360709993199
RES_5565,3304557,396,True,272,1.0,-43.56197905,-23.029419950000005,-43.561946,-23.02934099932
RES_5566,3304557,458,True,219,1.0,-43.560641159478266,-23.0255243,-43.561215,-23.0256989993201
RES_5567,3304557,336,True,187,1.0,-43.55305957441817,-23.04667965,-43.553733,-23.0458429993197
RES_5568,3304557,353,True,194,1.0,-43.550378134848486,-23.0256688,-43.549774,-23.0248019993201
RES_5569,3304557,1037,True,517,1.0,-43.541371049999995,-23.014850699999997,-43.542237,-23.0162589993203
RES_5570,3304557,428,True,257,1.0,-43.65063000000001,-23.000084700000002,-43.65097,-23.0002019993207
RES_5571,3304557,665,True,431,1.0,-43.645107958452954,-23.000829550000006,-43.645914,-23.0007369993207
RES_5572,3304557,1903,True,929,1.0,-43.6464122455578,-22.993816349999996,-43.647026,-22.9945739993208
RES_5573,3304557,3407,True,1925,1.0,-43.63924042940401,-22.99986775,-43.638278,-23.0014219993207
RES_5574,3304557,1387,True,690,1.0,-43.6386416,-22.99731075,-43.639534,-22.9949599993208
RES_5575,3304557,2688,True,1492,1.0,-43.63100819979425,-23.00195565,-43.630961,-23.0017789993207
RES_5576,3304557,1472,True,886,1.0,-43.62999481006739,-22.997147400000003,-43.630794,-22.9954699993208
RES_5577,3304557,1206,True,498,1.0,-43.269933995130266,-22.869120349999996,-43.269989,-22.8691389993237
RES_5578,3304557,3887,True,2229,2.0,-43.26382335,-22.87458255,-43.263134,-22.8746329993236
RES_5579,3304557,2093,True,951,1.0,-43.264499233947284,-22.869550599999997,-43.264646,-22.8702349993237
RES_5580,3304557,237,True,113,1.0,-43.25764099476744,-22.87943475,-43.257414,-22.8793119993235
RES_5581,3304557,3844,True,2041,1.0,-43.25886025714496,-22.876035249999994,-43.25857,-22.8761899993235
RES_5582,3304557,1653,True,740,1.0,-43.2609347,-22.869245,-43.260024,-22.8698629993237
RES_5583,3304557,646,True,276,1.0,-43.25978710634225,-22.87781045,-43.260024,-22.8778809993235
RES_5584,3304557,661,True,309,1.0,-43.256777349584446,-22.8799913,-43.256822,-22.8799449993235
RES_5585,3304557,1918,True,944,1.0,-43.26348725,-22.89523965,-43.264031,-22.8954229993231
RES_5586,3304557,361,True,170,2.0,-43.254432625354,-22.895079350000003,-43.254874,-22.8948159993231
RES_5587,3304557,3872,True,993,1.0,-43.256562900000006,-22.89066165,-43.256872,-22.8922999993232
RES_5588,3304557,533,True,233,2.0,-43.25251301771255,-22.894726299999995,-43.25241,-22.8946259993231
RES_5589,3304557,508,True,181,3.0,-43.261608447734716,-22.896478949999995,-43.262534,-22.8970259993231
RES_5590,3304557,166,False,0,,-43.25579939172849,-22.89010355,-43.25579939172849,-22.89010355
RES_5591,3304557,586,True,220,1.0,-43.25715007470173,-22.893250549999998,-43.25695,-22.8931679993232
RES_5592,3304557,144,True,53,1.0,-43.25195705,-22.891002049999997,-43.251353,-22.8904099993232
RES_5593,3304557,1693,True,772,1.0,-43.27075177804424,-22.884759549999995,-43.270092,-22.8853519993234
RES_5594,3304557,4378,True,2151,1.0,-43.26443678670351,-22.88402165,-43.264688,-22.8827259993234
RES_5595,3304557,286,True,122,1.0,-43.26259230206158,-22.878426349999998,-43.263173,-22.8785399993235
RES_5596,3304557,852,True,522,1.0,-43.26017195131915,-22.880929549999998,-43.260265,-22.8822379993234
RES_5597,3304557,1109,True,453,1.0,-43.277995475,-22.8822446,-43.277095,-22.8823759993234
RES_5598,3304557,210,True,80,1.0,-43.27665338097717,-22.879279650000004,-43.277889,-22.8797569993235
RES_5599,3304557,3669,True,1881,1.0,-43.27254129951386,-22.882824749999997,-43.272955,-22.8826259993234
RES_5600,3304557,1770,True,850,2.0,-43.27079850263501,-22.877173899999995,-43.269834,-22.8763309993236
RES_5601,3304557,1862,True,1301,1.0,-43.26673566446895,-22.8802435,-43.265956,-22.8797239993235
RES_5602,3304557,6431,True,2611,1.0,-43.267249250000006,-22.875940049999997,-43.267539,-22.8763279993235
RES_5603,3304557,2847,True,880,1.0,-43.267885548683466,-22.88172195,-43.268309,-22.8817469993234
RES_5604,3304557,1288,True,577,1.0,-43.27414539676427,-22.879297899999997,-43.27434,-22.8790969993235
RES_5605,3304557,401,True,171,1.0,-43.28006784568649,-22.881093599999996,-43.280061,-22.8811929993234
RES_5606,3304557,871,True,375,1.0,-43.276155,-22.880539849999998,-43.275968,-22.8803559993234
RES_5607,3304557,139,True,70,1.0,-43.2802279,-22.881892799999996,-43.279895,-22.8820509993234
RES_5608,3304557,1325,True,593,2.0,-43.28463018177464,-22.880528450000003,-43.284541,-22.8807039993235
RES_5609,3304557,8267,True,3337,1.0,-43.288586300000006,-22.87717815,-43.288376,-22.8767429993235
RES_5610,3304557,4546,True,2105,1.0,-43.28549075,-22.8686205,-43.286629,-22.8678709993238
RES_5611,3304557,2044,True,966,1.0,-43.28679889899196,-22.864087650000002,-43.286898,-22.8630209993239
RES_5612,3304557,1920,True,913,1.0,-43.28327525,-22.87384315,-43.281943,-22.8744799993236
RES_5613,3304557,5711,True,2577,1.0,-43.28100558535999,-22.868817549999996,-43.281026,-22.8687329993237
RES_5614,3304557,4547,True,2097,1.0,-43.27265313222611,-22.87308735,-43.272758,-22.8735779993236
RES_5615,3304557,3694,True,1540,1.0,-43.274094094500626,-22.866075600000002,-43.273813,-22.8666979993238
RES_5616,3304557,875,True,436,1.0,-43.27583330629134,-22.86434274999999,-43.275738,-22.8637869993238
RES_5617,3304557,547,True,201,1.0,-43.274269099645494,-22.870457750000003,-43.27386,-22.8710019993237
RES_5618,3304557,133,True,77,1.0,-43.29047663115035,-22.867436049999995,-43.290913,-22.8673489993238
RES_5619,3304557,2037,True,655,1.0,-43.280219450000004,-22.879415549999997,-43.281097,-22.8800049993235
RES_5620,3304557,470,True,205,1.0,-43.28242407385986,-22.8818776,-43.281788,-22.8816939993234
RES_5621,3304557,333,True,157,1.0,-43.286482318478264,-22.8597404,-43.286569,-22.8597279993239
RES_5622,3304557,784,False,0,,-43.2707969,-22.8742084,-43.2707969,-22.8742084
RES_5623,3304557,629,True,265,1.0,-43.301290002492934,-22.866063749999995,-43.300727,-22.8660549993238
RES_5624,3304557,2856,True,1248,1.0,-43.3021616878666,-22.86453555,-43.301736,-22.8649309993238
RES_5625,3304557,518,True,195,1.0,-43.29453069199906,-22.872608149999998,-43.294495,-22.8723929993236
RES_5626,3304557,9337,True,4321,1.0,-43.296180000809,-22.867464299999995,-43.296095,-22.8684869993237
RES_5627,3304557,4757,True,1987,1.0,-43.29591617824195,-22.864479499999998,-43.295543,-22.8638449993238
RES_5628,3304557,1343,True,619,1.0,-43.291028099690465,-22.871040100000002,-43.290631,-22.8704029993237
RES_5629,3304557,2123,True,1046,1.0,-43.290119651234335,-22.86333669999999,-43.289709,-22.8632939993238
RES_5630,3304557,458,True,218,1.0,-43.29178152150635,-22.8719659,-43.291947,-22.8718329993237
RES_5631,3304557,1339,True,553,1.0,-43.29423027720115,-22.86732535,-43.293931,-22.8672159993238
RES_5632,3304557,231,True,83,1.0,-43.297940423157655,-22.87131665,-43.298111,-22.8710189993237
RES_5633,3304557,597,False,0,,-43.30018861305403,-22.8637506,-43.30018861305403,-22.8637506
RES_5634,3304557,306,True,212,1.0,-43.30897878064738,-22.873835149999998,-43.308591,-22.8737509993236
RES_5635,3304557,1513,True,847,1.0,-43.30924909932444,-22.865973200000003,-43.307925,-22.8674559993238
RES_5636,3304557,614,True,346,1.0,-43.30863141085148,-22.863556850000002,-43.308437,-22.8635149993238
RES_5637,3304557,1030,True,449,1.0,-43.3063877,-22.8728822,-43.307101,-22.8736399993236
RES_5638,3304557,7647,True,3613,2.0,-43.30382010037495,-22.870118750000003,-43.303657,-22.8697679993237
RES_5639,3304557,2877,True,1457,1.0,-43.304944899999995,-22.862561799999995,-43.305263,-22.8629389993239
RES_5640,3304557,781,True,364,2.0,-43.29886209881174,-22.870188,-43.299267,-22.8700829993237
RES_5641,3304557,313,False,0,,-43.30038975,-22.86979155,-43.30038975,-22.86979155
RES_5642,3304557,581,False,0,,-43.30961273451087,-22.862977349999994,-43.30961273451087,-22.862977349999994
RES_5643,3304557,228,True,102,1.0,-43.302987143737056,-22.8729305,-43.303562,-22.8729849993236
RES_5644,3304557,236,True,104,1.0,-43.305116081343606,-22.87551125,-43.30528,-22.8757919993235
RES_5645,3304557,1512,True,651,1.0,-43.30350321375359,-22.860357699999994,-43.304953,-22.8601569993239
RES_5646,3304557,1905,True,701,1.0,-43.31106568759441,-22.866273050000004,-43.310151,-22.8675399993237
RES_5647,3304557,145,False,0,,-43.310619200000005,-22.863386749999997,-43.310619200000005,-22.863386749999997
RES_5648,3304557,655,True,229,1.0,-43.30607284717764,-22.874867449999996,-43.306182,-22.8749179993236
RES_5649,3304557,1471,True,385,1.0,-43.185000345056956,-22.89796465,-43.184378,-22.8976009993231
RES_5650,3304557,405,True,235,1.0,-43.18198686699257,-22.897639199999993,-43.182095,-22.8981199993231
RES_5651,3304557,983,True,724,1.0,-43.10859863869616,-22.766354149999998,-43.108958,-22.7653909993261
RES_5652,3304557,684,True,542,1.0,-43.108998494032136,-22.7609146,-43.109148,-22.7592759993263
RES_5653,3304557,482,True,327,1.0,-43.10810892851545,-22.751502849999998,-43.109122,-22.7531109993264
RES_5654,3304557,243,True,232,1.0,-43.105179871360406,-22.76491165,-43.105544,-22.7651559993261
RES_5655,3304557,366,True,408,1.0,-43.10639499256043,-22.752801599999998,-43.10653,-22.7519619993264
RES_5656,3304557,227,True,117,1.0,-43.108502422552874,-22.768732049999997,-43.108636,-22.768802999326
RES_5657,3304557,216,True,114,1.0,-43.10665202887674,-22.75410515,-43.106734,-22.7541709993264
RES_5658,3304557,285,True,137,1.0,-43.10815840641741,-22.766014749999993,-43.109033,-22.7658959993261
RES_5659,3304557,613,True,256,1.0,-43.34828355785686,-22.8191953,-43.347957,-22.8186299993249
RES_5660,3304557,1696,True,808,1.0,-43.342208400000004,-22.816932099999995,-43.342834,-22.8167129993249
RES_5661,3304557,1046,True,511,1.0,-43.34375847188473,-22.811840500000002,-43.342069,-22.812564999325
RES_5662,3304557,509,True,296,1.0,-43.337339024931794,-22.81537475,-43.337329,-22.815446999325
RES_5663,3304557,893,True,428,1.0,-43.3367091389095,-22.81271675,-43.337759,-22.814136999325
RES_5664,3304557,508,True,186,1.0,-43.34655629876005,-22.815577649999994,-43.346435,-22.8157249993249
RES_5665,3304557,215,True,88,1.0,-43.33872932739362,-22.816388649999997,-43.336462,-22.8159689993249
RES_5666,3304557,1151,True,406,1.0,-43.3484704547122,-22.8198754,-43.348366,-22.8206809993248
RES_5667,3304557,1035,True,371,1.0,-43.34716385,-22.81934685,-43.346962,-22.8196819993249
RES_5668,3304557,98,True,38,1.0,-43.34697727479774,-22.817017399999997,-43.346929,-22.8169989993249
RES_5669,3304557,193,True,77,1.0,-43.344256763646996,-22.81289315,-43.344039,-22.813165999325
RES_5670,3304557,179,True,80,1.0,-43.342578052949236,-22.8117401,-43.343651,-22.811756999325
RES_5671,3304557,86,True,27,1.0,-43.3448513,-22.812213449999998,-43.344937,-22.812057999325
RES_5672,3304557,956,True,475,1.0,-43.263521762777785,-22.891016699999994,-43.262877,-22.8909869993232
RES_5673,3304557,355,True,147,1.0,-43.25590351680487,-22.88835985,-43.254121,-22.8878739993233
RES_5674,3304557,1454,True,609,1.0,-43.2532251025838,-22.885406899999992,-43.253491,-22.8864149993233
RES_5675,3304557,1060,True,492,1.0,-43.252112219836064,-22.888132199999998,-43.252547,-22.8875249993233
RES_5676,3304557,7132,True,2625,1.0,-43.262272211343344,-22.88891165,-43.262015,-22.8890579993232
RES_5677,3304557,17329,True,4847,1.0,-43.25860580662731,-22.887401399999995,-43.258217,-22.8876519993233
RES_5678,3304557,5305,True,1943,3.0,-43.25653465,-22.885146300000002,-43.256933,-22.8857529993233
RES_5679,3304557,484,True,244,1.0,-43.25179025,-22.887273699999994,-43.25208,-22.8870549993233
RES_5680,3304557,549,True,253,1.0,-43.25336210271263,-22.88902015,-43.253597,-22.8889639993233
RES_5681,3304557,342,True,179,1.0,-43.253611511868804,-22.889922950000006,-43.253707,-22.8899389993232
RES_5682,3304557,492,True,199,1.0,-43.262390492199046,-22.891766149999995,-43.262556,-22.8920119993232
RES_5683,3304557,133,True,52,1.0,-43.2513789,-22.993472649999998,-43.251511,-22.9940089993208
RES_5684,3304557,11161,True,3698,1.0,-43.25265303872135,-22.989130349999993,-43.252938,-22.989414999321
RES_5685,3304557,3441,True,1266,3.0,-43.25301851567556,-22.98741805,-43.25292,-22.987082999321
RES_5686,3304557,39762,True,12034,1.0,-43.24837691535896,-22.990041899999994,-43.248931,-22.9896709993209
RES_5687,3304557,10442,True,3755,2.0,-43.24726536853693,-22.98682045,-43.24781,-22.986310999321
RES_5688,3304557,3459,True,1362,1.0,-43.24247525,-22.988224599999995,-43.243054,-22.988413999321
RES_5689,3304557,3756,True,1469,1.0,-43.243171570474274,-22.9868088,-43.242897,-22.986652999321
RES_5690,3304557,569,True,213,1.0,-43.28497347405727,-22.8635146,-43.285062,-22.8640669993238
RES_5691,3304557,1505,True,673,2.0,-43.269621345199724,-22.865897250000003,-43.269626,-22.8659369993238
RES_5692,3304557,1056,True,422,1.0,-43.269306854939515,-22.8637127,-43.268825,-22.8633849993239
RES_5693,3304557,3656,True,1307,1.0,-43.267423050000005,-22.866867400000004,-43.266951,-22.8667459993238
RES_5694,3304557,4222,True,1723,1.0,-43.265884268294116,-22.862414549999997,-43.265527,-22.8629919993239
RES_5695,3304557,134,True,49,1.0,-43.2670646105946,-22.85751495,-43.267627,-22.857808999324
RES_5696,3304557,375,True,202,1.0,-43.25929105060203,-22.863544000000005,-43.25942,-22.8635739993238
RES_5697,3304557,1536,True,599,1.0,-43.27070142488602,-22.861888050000008,-43.270361,-22.8612749993239
RES_5698,3304557,1234,True,480,1.0,-43.277699694582815,-22.860562400000003,-43.27817,-22.8606539993239
RES_5699,3304557,4616,True,1873,1.0,-43.273346509032265,-22.860448499999997,-43.273507,-22.8603009993239
RES_5700,3304557,1472,True,501,1.0,-43.265403413244535,-22.858306900000002,-43.266138,-22.858267999324
RES_5701,3304557,1381,True,524,1.0,-43.283686349999996,-22.86389735,-43.283563,-22.8638639993238
RES_5702,3304557,595,True,257,1.0,-43.26292202241935,-22.864394499999996,-43.263383,-22.8644599993238
RES_5703,3304557,1176,True,443,1.0,-43.279827545117094,-22.859735,-43.279301,-22.8591479993239
RES_5704,3304557,880,True,395,1.0,-43.280196742223836,-22.857287699999997,-43.280017,-22.857851999324
RES_5705,3304557,4734,True,1732,1.0,-43.27198625,-22.85881665,-43.271769,-22.858669999324
RES_5706,3304557,2325,True,765,1.0,-43.272512249328514,-22.85540355,-43.272499,-22.855918999324
RES_5707,3304557,1340,True,544,1.0,-43.268008449999996,-22.858572700000003,-43.268328,-22.858763999324
RES_5708,3304557,85,True,44,1.0,-43.258867800000004,-22.865487350000002,-43.25904,-22.8654659993238
RES_5709,3304557,482,True,233,3.0,-43.260108450000004,-22.864534399999997,-43.25982,-22.8646549993238
RES_5710,3304557,783,True,230,3.0,-43.27022975,-22.86499239999999,-43.27063,-22.8652749993238
RES_5711,3304557,691,True,282,1.0,-43.2704914,-22.864614199999995,-43.270043,-22.8645789993238
RES_5712,3304557,1591,True,695,1.0,-43.278478838654664,-22.862100650000002,-43.277738,-22.8623269993239
RES_5713,3304557,1143,True,474,1.0,-43.27226615,-22.866003499999998,-43.272075,-22.8661489993238
RES_5714,3304557,7723,True,3125,1.0,-43.27343555,-22.8636445,-43.273442,-22.8631619993239
RES_5715,3304557,2554,True,1108,1.0,-43.27910655187435,-22.866670250000002,-43.278668,-22.8662779993238
RES_5716,3304557,4739,True,1974,1.0,-43.280576589757715,-22.862526849999995,-43.28131,-22.8632229993238
RES_5717,3304557,576,True,249,1.0,-43.27635759685563,-22.867018949999995,-43.276442,-22.8666679993238
RES_5718,3304557,236,False,0,,-43.27169820903497,-22.85595295,-43.27169820903497,-22.85595295
RES_5719,3304557,793,True,280,1.0,-43.283803724883725,-22.859350599999992,-43.283195,-22.8595639993239
RES_5720,3304557,1034,True,482,1.0,-43.24585492536946,-22.8601988,-43.246041,-22.8593509993239
RES_5721,3304557,264,True,104,1.0,-43.24678993935402,-22.854427,-43.246844,-22.8539189993241
RES_5722,3304557,894,True,357,1.0,-43.24648793198169,-22.845514450000003,-43.246655,-22.8436649993243
RES_5723,3304557,71,True,42,1.0,-43.25160102860825,-22.839540149999998,-43.250814,-22.8404679993244
RES_5724,3304557,10188,True,4284,1.0,-43.238871539100224,-22.87402335,-43.239375,-22.8739869993236
RES_5725,3304557,16531,True,6908,1.0,-43.240565196649385,-22.86855275,-43.240245,-22.8690379993237
RES_5726,3304557,4599,True,1699,1.0,-43.24050130253394,-22.860264199999996,-43.241344,-22.8605529993239
RES_5727,3304557,612,True,226,1.0,-43.23989555,-22.855716799999996,-43.239963,-22.855533999324
RES_5728,3304557,4097,True,1618,3.0,-43.2360321,-22.872162150000005,-43.236227,-22.8729149993236
RES_5729,3304557,16203,True,6252,1.0,-43.23572784940269,-22.8680023,-43.235931,-22.8680339993237
RES_5730,3304557,2018,True,885,1.0,-43.23638059372182,-22.864238849999992,-43.236454,-22.8638409993238
RES_5731,3304557,667,True,269,1.0,-43.23776114156821,-22.872831600000005,-43.237612,-22.8727669993236
RES_5732,3304557,212,True,109,1.0,-43.24042431511278,-22.8703845,-43.240445,-22.8704629993237
RES_5733,3304557,6850,True,2745,1.0,-43.24265814555575,-22.860388750000006,-43.24236,-22.8604099993239
RES_5734,3304557,921,True,356,1.0,-43.23379135308687,-22.866729099999993,-43.233697,-22.8667639993238
RES_5735,3304557,12224,True,4588,1.0,-43.24203427790599,-22.854928350000005,-43.242392,-22.854737999324
RES_5736,3304557,201,True,77,1.0,-43.245686245620746,-22.855652200000005,-43.245754,-22.855954999324
RES_5737,3304557,3200,True,1523,1.0,-43.24310697608108,-22.857982449999998,-43.243107,-22.857919999324
RES_5738,3304557,6299,True,2764,1.0,-43.243794728492894,-22.856134450000006,-43.243986,-22.856186999324
RES_5739,3304557,2217,True,854,1.0,-43.247626000000004,-22.843330199999993,-43.247578,-22.8432309993243
RES_5740,3304557,5369,True,1365,3.0,-43.24765685098755,-22.84168805,-43.248043,-22.8422979993243
RES_5741,3304557,259,True,123,3.0,-43.24571549276206,-22.852813299999998,-43.245559,-22.8528899993241
RES_5742,3304557,4314,True,1757,1.0,-43.24357255296829,-22.852418750000005,-43.243379,-22.8525489993241
RES_5743,3304557,2182,True,1072,1.0,-43.24639365406455,-22.850802249999994,-43.24637,-22.8509179993241
RES_5744,3304557,349,True,158,1.0,-43.2457433,-22.8498772,-43.245709,-22.8499009993242
RES_5745,3304557,7129,True,3406,1.0,-43.24343074381731,-22.8510646,-43.243468,-22.8509459993241
RES_5746,3304557,6776,True,2748,1.0,-43.2440801628735,-22.849210649999996,-43.243929,-22.8492169993242
RES_5747,3304557,637,True,311,1.0,-43.237870930523314,-22.877472600000004,-43.237653,-22.8768959993235
RES_5748,3304557,1086,True,448,1.0,-43.235712050000004,-22.874153299999993,-43.23579,-22.8739759993236
RES_5749,3304557,3004,True,929,3.0,-43.25144845,-22.841316099999997,-43.25131,-22.8412579993244
RES_5750,3304557,802,True,476,1.0,-43.24139699609499,-22.864585049999995,-43.241812,-22.8645499993238
RES_5751,3304557,3623,True,1876,1.0,-43.24104615,-22.862850399999992,-43.240592,-22.8630639993239
RES_5752,3304557,1278,True,176,1.0,-43.23146054322269,-22.889928849999993,-43.232804,-22.8902349993232
RES_5753,3304557,2208,True,1152,1.0,-43.224048,-22.894838349999993,-43.225474,-22.8948289993231
RES_5754,3304557,3081,True,1732,1.0,-43.22568800635351,-22.8914833,-43.226165,-22.8909729993232
RES_5755,3304557,3263,True,1095,1.0,-43.23000085,-22.889283000000006,-43.230149,-22.8889889993233
RES_5756,3304557,4641,True,1814,1.0,-43.228012577184835,-22.887610799999997,-43.228133,-22.8880439993233
RES_5757,3304557,2625,True,65,1.0,-43.486135349271166,-22.849113199999998,-43.486041,-22.8458179993243
RES_5758,3304557,10777,False,0,,-43.48240724454183,-22.8422906,-43.48240724454183,-22.8422906
RES_5759,3304557,1691,False,0,,-43.48106903888255,-22.837925149999993,-43.48106903888255,-22.837925149999993
RES_5760,3304557,2122,True,880,1.0,-43.4753652,-22.845994399999995,-43.475456,-22.8487699993242
RES_5761,3304557,2691,True,44,1.0,-43.47824577046686,-22.839177949999996,-43.474761,-22.8382439993244
RES_5762,3304557,3024,False,0,,-43.477251695873136,-22.837168949999995,-43.477251695873136,-22.837168949999995
RES_5763,3304557,200,True,84,1.0,-43.47519125840476,-22.85279025,-43.475238,-22.8528259993241
RES_5764,3304557,726,True,502,1.0,-43.18385494130001,-22.91460270000001,-43.183266,-22.9143699993227
RES_5765,3304557,5502,True,4035,1.0,-43.18417223613778,-22.912082999999996,-43.18413,-22.9125549993227
RES_5766,3304557,1862,True,1138,1.0,-43.1783030901764,-22.91573655,-43.17794,-22.9165299993226
RES_5767,3304557,894,True,391,1.0,-43.18125884516485,-22.91406885,-43.180716,-22.9135969993227
RES_5768,3304557,2685,True,1014,1.0,-43.49026611849059,-22.859921149999998,-43.490533,-22.8604209993239
RES_5769,3304557,10524,True,4231,1.0,-43.49118754522018,-22.856253949999996,-43.491244,-22.856372999324
RES_5770,3304557,1816,True,793,1.0,-43.492088249999995,-22.851351899999997,-43.492763,-22.8512469993241
RES_5771,3304557,2749,True,1079,1.0,-43.4835959,-22.8606907,-43.483644,-22.8605429993239
RES_5772,3304557,3975,True,1616,1.0,-43.4840688,-22.856394849999994,-43.484718,-22.856600999324
RES_5773,3304904,58,True,23,1.0,-43.01251062889408,-22.820817149999996,-43.012511,-22.8206029993248
RES_5774,3304904,347,False,0,,-43.013273541027914,-22.817419150000006,-43.013273541027914,-22.817419150000006
RES_5775,3304904,8403,True,3552,1.0,-43.00656522201258,-22.821435649999998,-43.007173,-22.8198069993249
RES_5776,3304904,919,True,384,1.0,-43.006926065571406,-22.81803455,-43.006529,-22.8181649993249
RES_5777,3304904,1555,True,832,1.0,-43.00276505834064,-22.8216154,-43.002886,-22.8220889993248
RES_5778,3304904,1830,True,851,1.0,-43.002872040568484,-22.816768899999996,-43.003314,-22.8168569993249
RES_5779,3304904,266,True,102,1.0,-43.00347560764222,-22.817840749999995,-43.003675,-22.8175999993249
RES_5780,3304904,3283,True,1357,1.0,-43.029284200000006,-22.81520944999999,-43.030179,-22.813876999325
RES_5781,3304904,357,True,149,1.0,-43.032332350000004,-22.810896649999997,-43.031883,-22.8105299993251
RES_5782,3304904,1989,True,698,1.0,-43.02666033184411,-22.814821099999996,-43.026727,-22.815278999325
RES_5783,3304904,553,True,224,1.0,-43.02619274782481,-22.810687449999996,-43.026271,-22.8109079993251
RES_5784,3304904,182,True,113,1.0,-43.05139572296588,-22.820452500000002,-43.050897,-22.8203649993248
RES_5785,3304904,3523,True,1659,1.0,-43.052818946342434,-22.8152697,-43.053544,-22.8155909993249
RES_5786,3304904,4514,True,1931,1.0,-43.054635334074646,-22.809459299999993,-43.053548,-22.8081599993251
RES_5787,3304904,2853,True,1189,1.0,-43.05413905861045,-22.802402049999998,-43.053945,-22.8012749993253
RES_5788,3304904,122,True,80,1.0,-43.05003422449422,-22.820472349999996,-43.050235,-22.8203659993248
RES_5789,3304904,6280,True,2928,1.0,-43.048332200000004,-22.815014950000002,-43.048517,-22.8153429993249
RES_5790,3304904,2267,True,952,1.0,-43.048713930434786,-22.806088199999998,-43.048082,-22.8064569993252
RES_5791,3304904,1803,True,801,1.0,-43.05019652412726,-22.80262015,-43.04993,-22.8026509993252
RES_5792,3304904,334,True,127,1.0,-43.05680355,-22.80530885,-43.056828,-22.8051529993252
RES_5793,3304904,612,True,248,1.0,-43.05730431204268,-22.809642799999992,-43.057112,-22.8096729993251
RES_5794,3304904,130,True,58,1.0,-43.0558234978211,-22.812372250000003,-43.055575,-22.812363999325
RES_5795,3304904,1385,True,681,1.0,-43.05421184691832,-22.825140900000005,-43.054006,-22.8250269993247
RES_5796,3304904,384,True,213,1.0,-43.05182070988152,-22.82754225,-43.051918,-22.8274889993247
RES_5797,3304904,304,True,142,1.0,-43.0469251536374,-22.826523799999997,-43.047626,-22.8268619993247
RES_5798,3304904,1758,True,1038,1.0,-43.046722577345534,-22.82296365,-43.047113,-22.8240129993248
RES_5799,3304904,2259,True,1041,1.0,-43.042170204566474,-22.82281325,-43.041394,-22.8236089993248
RES_5800,3304904,411,True,167,1.0,-43.028852033507675,-22.840833099999998,-43.029503,-22.8410039993244
RES_5801,3304904,786,True,353,1.0,-43.0259036,-22.84139545,-43.02439,-22.8415549993243
RES_5802,3304904,1585,True,736,1.0,-43.0240578,-22.840247899999994,-43.023853,-22.8386539993244
RES_5803,3304904,3385,True,1459,1.0,-43.02243958895036,-22.829919199999996,-43.022777,-22.8306969993246
RES_5804,3304904,3132,True,1359,1.0,-43.01550542801259,-22.850331849999996,-43.014173,-22.8506659993241
RES_5805,3304904,2187,True,986,1.0,-43.0146158452318,-22.845581949999996,-43.015295,-22.8456009993242
RES_5806,3304904,4028,True,1782,1.0,-43.015289550000006,-22.83696775,-43.015177,-22.8359059993245
RES_5807,3304904,4607,True,2099,1.0,-43.01506885242262,-22.8283067,-43.015149,-22.8290939993246
RES_5808,3304904,614,True,265,1.0,-43.010991000000004,-22.849087700000002,-43.010856,-22.8492549993242
RES_5809,3304904,2177,True,985,1.0,-43.00850980474462,-22.8448727,-43.009596,-22.8446639993243
RES_5810,3304904,2555,True,1201,2.0,-43.01021651643518,-22.83466675,-43.010042,-22.8350939993245
RES_5811,3304904,2016,True,852,1.0,-43.01200005,-22.831574449999998,-43.011116,-22.8301099993246
RES_5812,3304904,514,True,215,1.0,-43.01108694355206,-22.835517,-43.010789,-22.8352909993245
RES_5813,3304904,2574,True,1113,1.0,-43.03096760055335,-22.808582550000004,-43.029871,-22.8088009993251
RES_5814,3304904,1359,True,593,1.0,-43.02760569326312,-22.808897100000003,-43.027243,-22.8087789993251
RES_5815,3304904,693,True,321,1.0,-43.047685873558265,-22.845110000000005,-43.046973,-22.8448579993243
RES_5816,3304904,1213,True,456,1.0,-43.04004034973046,-22.842123499999996,-43.039722,-22.8428859993243
RES_5817,3304904,2590,True,1364,1.0,-43.0377371033608,-22.82175055,-43.037444,-22.8212589993248
RES_5818,3304904,640,True,311,1.0,-43.03759314149079,-22.8177568,-43.037959,-22.8180409993249
RES_5819,3304904,1021,True,512,1.0,-43.034192145497215,-22.820653799999995,-43.034638,-22.8206349993248
RES_5820,3304904,181,True,104,1.0,-43.034130652357106,-22.818532999999995,-43.034039,-22.8184919993249
RES_5821,3304904,69,True,26,1.0,-43.04439406275144,-22.780469849999992,-43.044295,-22.7810189993258
RES_5822,3304904,1066,True,386,1.0,-43.0392971175427,-22.7853001,-43.038563,-22.7856439993256
RES_5823,3304904,2420,True,1022,1.0,-43.03260013155953,-22.7837198,-43.032849,-22.7835529993257
RES_5824,3304904,1394,True,573,1.0,-43.0319445066474,-22.780341749999998,-43.031935,-22.7812769993257
RES_5825,3304904,404,True,181,1.0,-43.027653884853606,-22.78007675,-43.027608,-22.7802789993258
RES_5826,3304904,528,True,204,1.0,-43.0300952,-22.782619199999992,-43.029788,-22.7826269993257
RES_5827,3304904,1857,True,825,1.0,-43.0383448,-22.828538949999995,-43.037168,-22.8281919993247
RES_5828,3304904,1086,True,429,1.0,-43.03572145118237,-22.824979699999993,-43.0368,-22.8251219993247
RES_5829,3304904,4329,True,2164,1.0,-43.032444138309444,-22.82956475,-43.031508,-22.8293329993246
RES_5830,3304904,2855,True,1275,1.0,-43.03174843597033,-22.823940999999998,-43.03073,-22.8247769993247
RES_5831,3304904,712,True,260,1.0,-43.02559039617149,-22.833261,-43.025687,-22.8331509993245
RES_5832,3304904,1845,True,877,1.0,-43.026744744849466,-22.831498099999997,-43.02612,-22.8306049993246
RES_5833,3304904,86,True,46,1.0,-43.027534154954125,-22.824133,-43.027642,-22.8242399993247
RES_5834,3304904,433,True,92,1.0,-43.07473440302187,-22.789050549999995,-43.067425,-22.7853779993256
RES_5835,3304904,246,True,217,1.0,-43.06975489501576,-22.78047685,-43.066964,-22.7841199993257
RES_5836,3304904,391,True,250,1.0,-43.061268850000005,-22.7817586,-43.061971,-22.7796239993258
RES_5837,3304904,478,True,256,1.0,-43.06137362036728,-22.769495099999997,-43.061153,-22.769510999326
RES_5838,3304904,768,True,423,1.0,-43.05441140856807,-22.778583299999994,-43.054704,-22.7792379993258
RES_5839,3304904,1215,True,542,1.0,-43.05797270000001,-22.77117155,-43.056791,-22.771732999326
RES_5840,3304904,716,True,335,1.0,-43.0376292,-22.798345599999998,-43.037364,-22.7992659993253
RES_5841,3304904,1570,True,438,1.0,-43.036852016962875,-22.791701449999994,-43.036536,-22.7938219993254
RES_5842,3304904,1146,True,540,1.0,-43.031936649511096,-22.797763149999994,-43.031803,-22.7975799993254
RES_5843,3304904,3426,True,1595,1.0,-43.03200826548017,-22.7930146,-43.032143,-22.7932979993255
RES_5844,3304904,3646,True,1200,1.0,-43.032448249812596,-22.787709099999997,-43.032751,-22.7877709993256
RES_5845,3304904,1060,True,528,1.0,-43.0263846,-22.798626199999998,-43.025676,-22.7978089993254
RES_5846,3304904,2242,True,1052,1.0,-43.02649925015491,-22.792230850000003,-43.027205,-22.7932949993255
RES_5847,3304904,1931,True,898,1.0,-43.02580865,-22.788704249999995,-43.02697,-22.7875219993256
RES_5848,3304904,982,True,529,1.0,-43.05857524389137,-22.83429355,-43.055958,-22.8343919993245
RES_5849,3304904,532,True,207,1.0,-43.05351887394015,-22.832947499999996,-43.053642,-22.8327809993245
RES_5850,3304904,2033,True,957,1.0,-43.0219101522373,-22.795985,-43.021745,-22.7950749993254
RES_5851,3304904,356,True,158,1.0,-43.0191176,-22.797415149999996,-43.019177,-22.7973279993254
RES_5852,3304904,2148,True,1082,1.0,-43.017003849999995,-22.7937857,-43.017547,-22.7942669993255
RES_5853,3304904,1301,True,384,1.0,-43.02170516477215,-22.827239399999996,-43.021992,-22.8266129993247
RES_5854,3304904,4953,True,2232,1.0,-43.02390724284775,-22.821563750000003,-43.023756,-22.8215059993248
RES_5855,3304904,1204,True,643,2.0,-43.02019778402223,-22.81771815,-43.020477,-22.8178649993249
RES_5856,3304904,1286,True,601,1.0,-43.018511100000005,-22.826043600000002,-43.017037,-22.8263489993247
RES_5857,3304904,7074,True,3175,1.0,-43.015314907076444,-22.82202125,-43.015896,-22.8226919993248
RES_5858,3304904,2439,True,1093,2.0,-43.017014811471654,-22.8167978,-43.017235,-22.8171019993249
RES_5859,3304904,592,True,234,1.0,-43.011582667028335,-22.82358505,-43.011971,-22.8241649993247
RES_5860,3304904,1228,True,439,1.0,-43.02761460000001,-22.82178565,-43.026212,-22.8201739993249
RES_5861,3304904,897,True,424,1.0,-43.04449189053415,-22.819759850000004,-43.04482,-22.8199519993248
RES_5862,3304904,835,True,413,1.0,-43.0443306,-22.816787999999995,-43.044346,-22.8171269993249
RES_5863,3304904,936,True,416,1.0,-43.04545,-22.810349000000002,-43.044981,-22.8094469993251
RES_5864,3304904,427,True,229,1.0,-43.0430778,-22.820323399999992,-43.042842,-22.8199849993248
RES_5865,3304904,3235,True,1411,1.0,-43.039864550000004,-22.813791600000002,-43.040877,-22.814075999325
RES_5866,3304904,1582,True,718,1.0,-43.039469437642865,-22.81096435,-43.039408,-22.8102699993251
RES_5867,3304904,968,True,265,1.0,-43.03384187581726,-22.813410849999997,-43.034703,-22.812483999325
RES_5868,3304904,740,True,352,1.0,-43.033549805937525,-22.810625200000004,-43.034179,-22.810535999325
RES_5869,3304904,4616,True,1821,1.0,-43.04102007508703,-22.807129100000004,-43.04063,-22.8063429993251
RES_5870,3304904,1021,True,438,1.0,-43.03713092634932,-22.80242045,-43.037214,-22.8020379993253
RES_5871,3304904,2530,True,1160,1.0,-43.03288144877622,-22.805927,-43.033216,-22.8063269993252
RES_5872,3304904,4015,True,1712,1.0,-43.031518250000005,-22.801364400000004,-43.030736,-22.8017879993253
RES_5873,3304904,177,True,93,1.0,-43.027896350000006,-22.804255599999998,-43.028245,-22.8041049993252
RES_5874,3304904,309,True,141,1.0,-43.033693407955795,-22.806094899999998,-43.03357,-22.8059039993252
RES_5875,3304904,331,True,177,1.0,-43.032045249999996,-22.8036896,-43.032115,-22.8037589993252
RES_5876,3304904,315,True,127,1.0,-43.034956400000006,-22.800124849999996,-43.034804,-22.8000989993253
RES_5877,3304904,2964,True,1365,1.0,-43.02291112972409,-22.813813149999994,-43.023253,-22.814387999325
RES_5878,3304904,4156,True,2074,1.0,-43.025204362655344,-22.807226899999996,-43.025055,-22.8069539993251
RES_5879,3304904,3536,True,1396,1.0,-43.02484592413899,-22.802286699999996,-43.025196,-22.8011549993253
RES_5880,3304904,106,True,61,1.0,-43.03688420035574,-22.776035,-43.036687,-22.7759369993259
RES_5881,3304904,605,True,278,1.0,-43.03257830203612,-22.777758449999997,-43.032985,-22.7780119993258
RES_5882,3304904,99,False,0,,-43.02973414913927,-22.773375149999996,-43.02973414913927,-22.773375149999996
RES_5883,3304904,752,True,352,1.0,-43.02833215,-22.7771306,-43.027015,-22.7768009993258
RES_5884,3304904,379,True,168,1.0,-43.024262456170675,-22.7745778,-43.024029,-22.7751539993259
RES_5885,3304904,1480,True,915,1.0,-43.017342162963004,-22.770962549999997,-43.017655,-22.770726999326
RES_5886,3304904,447,True,258,1.0,-43.01289295,-22.768519100000002,-43.012607,-22.768549999326
RES_5887,3304904,1128,True,1083,1.0,-43.00340574894037,-22.76321455,-43.002978,-22.7636639993261
RES_5888,3304904,208,True,87,1.0,-43.02802415,-22.77870985,-43.028153,-22.7788769993258
RES_5889,3304904,1438,True,652,1.0,-43.05277347541461,-22.7948739,-43.052951,-22.7929599993255
RES_5890,3304904,3959,True,1869,1.0,-43.04676793107595,-22.800178600000002,-43.04712,-22.8002359993253
RES_5891,3304904,4587,True,2196,1.0,-43.04689525,-22.79402665,-43.047663,-22.7933399993255
RES_5892,3304904,1366,True,616,1.0,-43.04559295,-22.78710369999999,-43.045822,-22.7867999993256
RES_5893,3304904,22,True,10,1.0,-43.04481986339928,-22.781840499999994,-43.045098,-22.7817469993257
RES_5894,3304904,3854,True,1864,1.0,-43.04184907957105,-22.80054215,-43.041143,-22.8004069993253
RES_5895,3304904,2425,True,1138,1.0,-43.04109552864733,-22.79356525,-43.04092,-22.7936279993254
RES_5896,3304904,2739,True,1199,1.0,-43.04102870216789,-22.78898245,-43.041491,-22.7883019993256
RES_5897,3304904,206,True,96,1.0,-43.04595825,-22.78372865,-43.046078,-22.7837179993257
RES_5898,3304904,160,True,70,1.0,-43.05433565337349,-22.792926599999998,-43.053798,-22.7928109993255
RES_5899,3304904,90,True,42,1.0,-43.023732162282414,-22.79195585,-43.022719,-22.7916939993255
RES_5900,3304904,701,True,308,1.0,-43.02280634701844,-22.7891437,-43.023735,-22.7888659993256
RES_5901,3304904,697,True,301,1.0,-43.02017541600105,-22.79112545,-43.01915,-22.7911109993255
RES_5902,3304904,901,True,434,1.0,-43.0199508,-22.789431750000006,-43.019242,-22.7897269993256
RES_5903,3304904,254,True,115,1.0,-43.023596703443296,-22.789543149999993,-43.023855,-22.7897699993255
RES_5904,3304904,96,True,71,1.0,-43.05282329376061,-22.83222045,-43.053066,-22.8319859993246
RES_5905,3304904,1724,True,866,1.0,-43.04454710583424,-22.83477675,-43.044813,-22.8351419993245
RES_5906,3304904,4017,True,1928,1.0,-43.04713502752708,-22.8306059,-43.047459,-22.8310319993246
RES_5907,3304904,4661,True,2413,1.0,-43.03833857541861,-22.835427949999996,-43.039107,-22.8354869993245
RES_5908,3304904,4769,True,2277,1.0,-43.03997412858993,-22.830545499999996,-43.039601,-22.8310569993246
RES_5909,3304904,2091,True,1017,1.0,-43.03200077448259,-22.83338825,-43.032802,-22.8347569993245
RES_5910,3304904,528,True,260,1.0,-43.031124144268794,-22.832448249999995,-43.031043,-22.8325029993246
RES_5911,3304904,1339,True,527,1.0,-43.045489450000005,-22.828084150000002,-43.044676,-22.8273809993247
RES_5912,3304904,304,True,109,1.0,-43.04305635588622,-22.827714600000004,-43.042668,-22.8272739993247
RES_5913,3304904,68,True,40,1.0,-43.0285037797546,-22.783055600000004,-43.028256,-22.7828479993257
RES_5914,3304904,3943,True,1652,1.0,-43.02299764999999,-22.7856339,-43.023507,-22.7850999993256
RES_5915,3304904,3435,True,1446,1.0,-43.02343052958381,-22.781188999999998,-43.023532,-22.7805579993258
RES_5916,3304904,1172,True,505,1.0,-43.01877745038462,-22.784892099999997,-43.019801,-22.7848139993257
RES_5917,3304904,363,True,148,1.0,-43.020499596178794,-22.780658450000004,-43.020508,-22.7805639993258
RES_5918,3304904,154,True,66,1.0,-43.0251811,-22.778423400000005,-43.025219,-22.7787199993258
RES_5919,3304904,1520,True,736,1.0,-43.0377436,-22.815145649999998,-43.037545,-22.814987999325
RES_5920,3304904,2038,True,743,1.0,-43.032518953074735,-22.815923249999997,-43.033858,-22.8164229993249
RES_5921,3304904,1328,True,619,1.0,-43.029718349999996,-22.8522003,-43.028709,-22.8521479993241
RES_5922,3304904,202,True,116,1.0,-43.02099245000001,-22.8505295,-43.02518,-22.854889999324
RES_5923,3304904,333,True,155,1.0,-43.01876846994763,-22.84899025,-43.017967,-22.8480989993242
RES_5924,3304904,350,True,159,1.0,-43.020910650000005,-22.813103999999996,-43.0209,-22.813554999325
RES_5925,3304904,1708,True,809,1.0,-43.0214823729149,-22.80750585,-43.020851,-22.8079199993251
RES_5926,3304904,1948,True,827,1.0,-43.020566599999995,-22.8014838,-43.021277,-22.8013419993253
RES_5927,3304904,4022,True,1807,1.0,-43.01680808918287,-22.812731550000002,-43.016731,-22.813337999325
RES_5928,3304904,5553,True,2576,1.0,-43.01506045,-22.8087063,-43.01605,-22.8082369993251
RES_5929,3304904,6396,True,2931,1.0,-43.01666265,-22.80031325,-43.016424,-22.8007859993253
RES_5930,3304904,2895,True,1495,1.0,-43.010826742895205,-22.813049399999997,-43.010056,-22.813080999325
RES_5931,3304904,4162,True,1908,1.0,-43.0086943,-22.806867249999996,-43.010119,-22.8075449993251
RES_5932,3304904,1994,True,860,1.0,-43.012245517845734,-22.8019606,-43.011326,-22.8024259993253
RES_5933,3304904,392,True,176,1.0,-43.00736886259847,-22.8082158,-43.007225,-22.8080809993251
RES_5934,3304904,1074,True,541,1.0,-43.051465471858975,-22.8223561,-43.05224,-22.8221369993248
RES_5935,3304904,2663,True,1267,1.0,-43.05063166686056,-22.8240706,-43.050436,-22.8243209993247
RES_5936,3304904,684,True,341,1.0,-43.0572721943998,-22.831454350000005,-43.056452,-22.8315389993246
RES_5937,3304904,1640,True,778,1.0,-43.0074867,-22.841781500000003,-43.007326,-22.8415849993243
RES_5938,3304904,2207,True,1050,1.0,-43.00611309269789,-22.83804935,-43.006061,-22.8377509993244
RES_5939,3304904,3159,True,1513,1.0,-43.00122010932313,-22.8421418,-43.001477,-22.8414549993244
RES_5940,3304904,3449,True,1610,1.0,-43.00018859154163,-22.836019899999997,-43.000985,-22.8367769993245
RES_5941,3304904,171,True,83,1.0,-43.0032125524599,-22.8326523,-43.003042,-22.8328089993246
RES_5942,3304904,610,True,270,1.0,-42.989003458230954,-22.834619499999995,-42.98931,-22.8340719993245
RES_5943,3304904,1041,True,491,1.0,-42.990191190803685,-22.831261999999995,-42.990462,-22.8303849993246
RES_5944,3304904,3252,True,1479,1.0,-42.98451164301186,-22.834824399999995,-42.985086,-22.8347479993245
RES_5945,3304904,5099,True,2174,1.0,-42.9855522794515,-22.829942850000002,-42.984663,-22.8297089993246
RES_5946,3304904,1483,True,674,1.0,-42.97849215,-22.83240924999999,-42.978309,-22.8319349993246
RES_5947,3304904,793,True,267,1.0,-42.96972909446721,-22.851719850000002,-42.968427,-22.8521299993241
RES_5948,3304904,535,True,248,1.0,-42.96496783744039,-22.848353400000004,-42.965297,-22.8482549993242
RES_5949,3304904,1089,True,484,1.0,-42.99749119599744,-22.8627587,-42.998615,-22.8622629993239
RES_5950,3304904,1142,True,502,1.0,-43.00161695,-22.8586844,-43.001053,-22.8596669993239
RES_5951,3304904,373,True,175,1.0,-42.9941803,-22.869247600000005,-42.994329,-22.8695359993237
RES_5952,3304904,1083,True,485,1.0,-42.9936203467656,-22.863582649999998,-42.99344,-22.8633829993238
RES_5953,3304904,587,True,262,1.0,-42.995712,-22.8605053,-42.994578,-22.8609349993239
RES_5954,3304904,594,True,237,1.0,-42.9816835,-22.871311350000003,-42.981658,-22.8715019993237
RES_5955,3304904,486,True,243,1.0,-42.979514134673025,-22.87194275,-42.979422,-22.8717399993237
RES_5956,3304904,419,True,188,1.0,-42.9795722,-22.867091,-42.979685,-22.8670899993238
RES_5957,3304904,204,True,85,1.0,-43.012993699999996,-22.886778550000002,-43.012919,-22.8868709993233
RES_5958,3304904,82,True,33,1.0,-43.006398393155465,-22.891414349999998,-43.005572,-22.8916019993232
RES_5959,3304904,845,True,408,1.0,-43.00456832762586,-22.89053215,-43.00383,-22.8910019993232
RES_5960,3304904,491,True,229,1.0,-43.005802867960426,-22.878265799999994,-43.005261,-22.8790529993235
RES_5961,3304904,470,True,200,1.0,-43.005426360930414,-22.875876549999994,-43.00642,-22.8729599993236
RES_5962,3304904,57,True,27,1.0,-42.999736811522666,-22.885164599999996,-43.00201,-22.8858439993233
RES_5963,3304904,693,True,287,1.0,-43.0035913265388,-22.878512799999996,-43.001211,-22.8789559993235
RES_5964,3304904,421,True,186,1.0,-43.002163800000005,-22.87404035000001,-43.002176,-22.8740309993236
RES_5965,3304904,565,True,239,1.0,-42.99589015,-22.87462995,-42.99588,-22.8748389993236
RES_5966,3304904,413,True,192,1.0,-43.0085409,-22.888465950000004,-43.00893,-22.8885319993233
RES_5967,3304904,398,True,185,1.0,-43.00410702631703,-22.883845299999997,-43.003638,-22.8836969993234
RES_5968,3304904,479,True,200,1.0,-42.99980421219571,-22.87332455,-42.999651,-22.8727709993236
RES_5969,3304904,1632,True,727,1.0,-43.01166137461634,-22.865310599999997,-43.01399,-22.8650729993238
RES_5970,3304904,856,True,404,1.0,-43.0124967332587,-22.85612875,-43.013288,-22.857140999324
RES_5971,3304904,3523,True,1661,1.0,-43.00864325,-22.865294500000005,-43.008985,-22.8658329993238
RES_5972,3304904,3590,True,1479,1.0,-43.00752399635783,-22.859229749999997,-43.008537,-22.858387999324
RES_5973,3304904,264,True,123,1.0,-43.01040571796116,-22.8533729,-43.010392,-22.8534129993241
RES_5974,3304904,180,False,0,,-43.00370777549762,-22.869188450000003,-43.00370777549762,-22.869188450000003
RES_5975,3304904,2111,True,853,1.0,-43.00341885740043,-22.86662129999999,-43.003534,-22.8646819993238
RES_5976,3304904,743,True,290,1.0,-42.99795831273143,-22.83389365,-42.997717,-22.8350869993245
RES_5977,3304904,2584,True,1281,1.0,-42.99876294393003,-22.83067165,-42.999323,-22.8308019993246
RES_5978,3304904,173,False,0,,-42.988927375534715,-22.8487437,-42.988927375534715,-22.8487437
RES_5979,3304904,4042,True,1883,1.0,-42.99125669837477,-22.844594100000002,-42.991414,-22.8440389993243
RES_5980,3304904,3894,True,1929,1.0,-42.9919496559302,-22.836176450000004,-42.992999,-22.8360079993245
RES_5981,3304904,1856,True,855,1.0,-42.99323915285302,-22.831094849999996,-42.994095,-22.8312819993246
RES_5982,3304904,1731,True,965,1.0,-42.98841565,-22.8411078,-42.986654,-22.8417549993243
RES_5983,3304904,428,True,211,1.0,-42.98808055000001,-22.837860499999998,-42.98833,-22.8373569993244
RES_5984,3304904,1362,True,612,1.0,-42.96046245,-22.848243749999998,-42.959424,-22.8486709993242
RES_5985,3304904,675,True,265,1.0,-42.957396987257745,-22.84592635,-42.957399,-22.8460479993242
RES_5986,3304904,1764,True,748,1.0,-42.95353121416967,-22.848589999999994,-42.954923,-22.8498769993241
RES_5987,3304904,99,True,40,1.0,-42.9578564,-22.843985749999995,-42.957772,-22.8439219993243
RES_5988,3304904,40,True,14,1.0,-42.95614508710527,-22.8442073,-42.95621,-22.8442449993243
RES_5989,3304904,190,True,95,1.0,-42.952643059960494,-22.84816225,-42.95256,-22.8482829993242
RES_5990,3304904,1567,True,694,1.0,-42.98158497307453,-22.88698565,-42.981923,-22.8860409993233
RES_5991,3304904,1643,True,509,1.0,-42.981330324771946,-22.882005799999995,-42.981418,-22.8819709993234
RES_5992,3304904,1338,True,586,1.0,-42.97565054890791,-22.884663199999995,-42.977107,-22.8848509993233
RES_5993,3304904,2146,True,994,1.0,-42.976792688081936,-22.8805623,-42.977086,-22.8798289993235
RES_5994,3304904,474,True,198,1.0,-42.95201335,-22.847242699999995,-42.951607,-22.8471669993242
RES_5995,3304904,1187,True,285,1.0,-42.95047397459058,-22.844274400000003,-42.950207,-22.8438729993243
RES_5996,3304904,904,True,349,1.0,-42.94662355,-22.850211599999998,-42.947817,-22.8496499993242
RES_5997,3304904,1174,True,469,1.0,-42.94601485,-22.845847300000003,-42.946349,-22.8461149993242
RES_5998,3304904,109,True,59,1.0,-42.95171284558829,-22.8486126,-42.952056,-22.8483149993242
RES_5999,3304904,165,True,76,1.0,-42.949294597561575,-22.850162949999998,-42.948803,-22.8502779993241
RES_6000,3304904,287,True,119,1.0,-42.95485224748701,-22.844912449999995,-42.954965,-22.8450069993243
RES_6001,3304904,703,True,344,1.0,-42.98128804416329,-22.87666675,-42.981143,-22.8775029993235
RES_6002,3304904,653,True,39,1.0,-42.97842885,-22.8738592,-42.977848,-22.8757999993236
RES_6003,3304904,325,False,0,,-42.974492749999996,-22.86725059999999,-42.974492749999996,-22.86725059999999
RES_6004,3304904,142,True,66,1.0,-42.97641875000001,-22.8739273,-42.976695,-22.8743309993236
RES_6005,3304904,1109,True,335,1.0,-42.97825912486772,-22.835115499999997,-42.97824,-22.8347029993245
RES_6006,3304904,926,True,230,1.0,-43.005922850000005,-22.854686100000002,-43.005945,-22.855022999324
RES_6007,3304904,3419,True,1595,1.0,-43.00527525,-22.85078774999999,-43.006067,-22.8505739993241
RES_6008,3304904,481,True,204,1.0,-43.00629077253569,-22.845597299999994,-43.006159,-22.8455779993243
RES_6009,3304904,910,True,444,1.0,-43.00056185,-22.853604749999995,-43.002376,-22.8529799993241
RES_6010,3304904,827,True,360,1.0,-43.0029764623316,-22.846666299999995,-43.003249,-22.8461759993243
RES_6011,3304904,1632,True,712,1.0,-42.99750537409188,-22.855691800000002,-42.998044,-22.856987999324
RES_6012,3304904,4279,True,1923,1.0,-42.99752812648196,-22.8481514,-42.997885,-22.8494339993242
RES_6013,3304904,1127,True,464,1.0,-42.998600550000006,-22.845470350000003,-42.99777,-22.8461519993243
RES_6014,3304904,4055,True,1966,2.0,-42.99446764865247,-22.849221549999996,-42.994316,-22.8495679993242
RES_6015,3304904,3089,True,1441,1.0,-42.99504823827549,-22.844455950000004,-42.995641,-22.8441229993243
RES_6016,3304904,340,False,0,,-42.995509170184135,-22.839176450000004,-42.995509170184135,-22.839176450000004
RES_6017,3304904,261,False,0,,-43.002485424545455,-22.855356,-43.002485424545455,-22.855356
RES_6018,3304904,147,True,89,1.0,-43.000209149999996,-22.847419600000002,-43.000042,-22.8472939993242
RES_6019,3304904,2132,True,964,1.0,-42.97955452586705,-22.827086199999997,-42.978314,-22.8274119993247
RES_6020,3304904,1291,True,549,1.0,-42.9782836,-22.8241515,-42.978898,-22.8246169993247
RES_6021,3304904,739,True,354,1.0,-42.9146490460846,-22.8246951,-42.915591,-22.8247949993247
RES_6022,3304904,638,True,270,1.0,-42.91031859544309,-22.823989599999997,-42.910387,-22.8239309993248
RES_6023,3304904,411,True,192,1.0,-43.02713225027624,-22.875749799999994,-43.026769,-22.8755789993236
RES_6024,3304904,1293,True,505,1.0,-43.0195144945957,-22.8790106,-43.021077,-22.8797609993235
RES_6025,3304904,3752,True,1654,1.0,-43.022077917459924,-22.8735625,-43.023083,-22.8734319993236
RES_6026,3304904,394,True,211,1.0,-43.017562243835954,-22.88421115,-43.019382,-22.8839279993234
RES_6027,3304904,1117,True,500,1.0,-43.0177289,-22.879584700000002,-43.018098,-22.8791169993235
RES_6028,3304904,3137,True,957,1.0,-43.018220877731366,-22.87172075,-43.018093,-22.8724919993236
RES_6029,3304904,550,True,62,1.0,-43.017072079435486,-22.86703115,-43.014107,-22.8680879993237
RES_6030,3304904,509,True,212,1.0,-43.01095043198583,-22.870072549999996,-43.010898,-22.8698969993237
RES_6031,3304904,1115,True,465,1.0,-43.01629336512863,-22.881411999999997,-43.015222,-22.8812029993234
RES_6032,3304904,632,True,241,1.0,-43.019209849999996,-22.86982225,-43.019187,-22.8698209993237
RES_6033,3304904,836,True,381,1.0,-42.97535697524647,-22.824988549999993,-42.975147,-22.8244699993247
RES_6034,3304904,2665,True,1261,1.0,-42.97155999307546,-22.8350852,-42.970636,-22.8345649993245
RES_6035,3304904,2817,True,1312,1.0,-42.9692761702339,-22.827341349999994,-42.969834,-22.8284779993247
RES_6036,3304904,387,True,180,1.0,-42.9724247,-22.824680949999994,-42.973543,-22.8244029993248
RES_6037,3304904,412,True,213,1.0,-42.96311132709329,-22.826937800000003,-42.962758,-22.8272329993247
RES_6038,3304904,1245,True,665,1.0,-42.9985551,-22.826848749999993,-42.998336,-22.8270919993247
RES_6039,3304904,1258,True,653,1.0,-42.99903147051926,-22.82376289999999,-42.998414,-22.8241439993247
RES_6040,3304904,2887,True,1246,1.0,-42.99425299592937,-22.827940299999995,-42.99322,-22.8271989993247
RES_6041,3304904,249,True,121,1.0,-42.9883938,-22.827333499999995,-42.988348,-22.8274879993247
RES_6042,3304904,1083,True,487,1.0,-42.99957033829011,-22.887164299999995,-42.999152,-22.8874349993233
RES_6043,3304904,2913,True,1320,1.0,-42.991039345822784,-22.885549100000006,-42.990918,-22.8858729993233
RES_6044,3304904,918,True,381,1.0,-42.98891265,-22.879383849999996,-42.987942,-22.8802109993235
RES_6045,3304904,428,False,0,,-42.988458699999995,-22.875544299999994,-42.988458699999995,-22.875544299999994
RES_6046,3304904,339,True,122,1.0,-42.98502369572149,-22.89196895,-42.984805,-22.8919469993232
RES_6047,3304904,1601,True,738,1.0,-42.98640605,-22.8882736,-42.985759,-22.8878029993233
RES_6048,3304904,1646,True,630,1.0,-42.98428704380176,-22.879221650000005,-42.9842,-22.8785699993235
RES_6049,3304904,394,True,145,1.0,-42.98689525,-22.891726649999995,-42.986633,-22.8913959993232
RES_6050,3304904,550,False,0,,-42.96557440000001,-22.83360954999999,-42.96557440000001,-22.83360954999999
RES_6051,3304904,2460,True,989,1.0,-42.96257265,-22.84364345,-42.961282,-22.8433259993243
RES_6052,3304904,3259,True,1155,1.0,-42.96441101953343,-22.836198849999995,-42.96231,-22.8356809993245
RES_6053,3304904,1600,True,661,1.0,-42.96436324654043,-22.8300299,-42.963127,-22.8300609993246
RES_6054,3304904,867,True,337,1.0,-42.95649452132964,-22.8417416,-42.956573,-22.8416049993244
RES_6055,3304904,1923,True,850,1.0,-42.955550849999995,-22.83564979999999,-42.955192,-22.8356199993245
RES_6056,3304904,532,False,0,,-42.945205495285755,-22.835927299999998,-42.945205495285755,-22.835927299999998
RES_6057,3304904,575,True,261,1.0,-42.94937555191771,-22.862674699999996,-42.949777,-22.8617519993239
RES_6058,3304904,309,True,162,1.0,-42.952990400000004,-22.859837299999995,-42.952727,-22.8595949993239
RES_6059,3304904,625,True,283,1.0,-42.95340546959065,-22.8531712,-42.953108,-22.8527199993241
RES_6060,3304904,1095,True,474,1.0,-42.944917077190475,-22.86239825,-42.946336,-22.8621189993239
RES_6061,3304904,2598,True,1115,1.0,-42.94607010391791,-22.8566821,-42.945872,-22.857217999324
RES_6062,3304904,1484,True,429,1.0,-42.945067800000004,-22.852261049999992,-42.946969,-22.8515619993241
RES_6063,3304904,752,True,299,1.0,-42.94311535,-22.843950099999997,-42.943217,-22.8439879993243
RES_6064,3304904,117,True,68,1.0,-42.93404435,-22.8656802,-42.933928,-22.8654029993238
RES_6065,3304904,2357,True,979,1.0,-42.93854775,-22.85621925,-42.938414,-22.858312999324
RES_6066,3304904,1511,True,629,1.0,-42.9406035324057,-22.850922650000005,-42.940636,-22.8497519993242
RES_6067,3304904,821,True,347,1.0,-42.94152182035519,-22.840774699999997,-42.940981,-22.8426379993243
RES_6068,3304904,2492,True,518,1.0,-42.93135619445276,-22.857778700000004,-42.93097,-22.856286999324
RES_6069,3304904,422,True,184,1.0,-42.930958950000004,-22.8521626,-42.931408,-22.8523059993241
RES_6070,3304904,467,True,14,1.0,-42.920307968362835,-22.85063005,-42.919059,-22.8503159993241
RES_6071,3304904,106,True,51,1.0,-42.948406924001816,-22.850794449999995,-42.948327,-22.8508849993241
RES_6072,3304904,1650,True,759,1.0,-42.97478767509826,-22.828139900000004,-42.974505,-22.8287819993246
RES_6073,3304904,331,True,159,1.0,-42.97298605,-22.82862255,-42.973157,-22.8288179993246
RES_6074,3304904,538,True,279,1.0,-43.019805950000006,-22.858380699999994,-43.019667,-22.858920999324
RES_6075,3304904,121,True,82,1.0,-43.02005028361397,-22.854441100000003,-43.019399,-22.8534719993241
RES_6076,3304904,2619,True,1208,1.0,-43.0175567,-22.8585024,-43.017008,-22.858198999324
RES_6077,3304904,212,True,91,1.0,-43.0184213,-22.854654549999992,-43.018432,-22.8543069993241
RES_6078,3304904,255,True,112,1.0,-43.0166987,-22.861309399999996,-43.016355,-22.8608889993239
RES_6079,3304904,858,True,389,1.0,-42.98166827514913,-22.9066988,-42.983808,-22.9072039993228
RES_6080,3304904,529,True,267,1.0,-42.9844481,-22.9044879,-42.983265,-22.9031349993229
RES_6081,3304904,242,True,104,1.0,-42.9848059,-22.8972198,-42.984939,-22.8969099993231
RES_6082,3304904,514,True,258,1.0,-42.973780000000005,-22.9032268,-42.976455,-22.9035059993229
RES_6083,3304904,634,True,296,1.0,-42.96520185,-22.900915549999993,-42.96505,-22.901271999323
RES_6084,3304904,140,True,68,1.0,-42.98513374314791,-22.898277650000004,-42.985079,-22.898134999323
RES_6085,3304904,514,True,229,1.0,-42.98107520000001,-22.902940650000005,-42.980142,-22.9037799993229
RES_6086,3304904,354,True,197,1.0,-42.98429615,-22.847360449999996,-42.984484,-22.8470939993242
RES_6087,3304904,456,False,0,,-42.9814121,-22.84556835,-42.9814121,-22.84556835
RES_6088,3304904,304,True,149,1.0,-42.98021814920098,-22.84697105,-42.980371,-22.8467469993242
RES_6089,3304904,2075,True,909,1.0,-42.958874800000004,-22.827271999999997,-42.958793,-22.8280149993247
RES_6090,3304904,1892,True,856,1.0,-42.96229653480901,-22.8220037,-42.962288,-22.8236469993248
RES_6091,3304904,216,True,21,1.0,-42.97502159957239,-22.78401265,-42.972226,-22.7848199993257
RES_6092,3304904,871,True,504,1.0,-42.97118627124125,-22.804036050000004,-42.970331,-22.8043799993252
RES_6093,3304904,2626,True,1164,1.0,-42.969241113032595,-22.799701749999997,-42.969264,-22.7990299993253
RES_6094,3304904,2835,True,1286,1.0,-42.96872845,-22.7924376,-42.969585,-22.7932899993255
RES_6095,3304904,1869,True,87,1.0,-42.96817945,-22.783210749999995,-42.977116,-22.7886409993256
RES_6096,3304904,2452,True,764,1.0,-42.96471459999999,-22.7994889,-42.963597,-22.8005519993253
RES_6097,3304904,1863,True,882,1.0,-42.96170104536458,-22.79313345,-42.961832,-22.7942049993254
RES_6098,3304904,2067,True,708,1.0,-42.95948844092895,-22.787164149999995,-42.959937,-22.7873149993256
RES_6099,3304904,471,True,193,1.0,-42.95780038321509,-22.796591999999997,-42.957586,-22.7962969993254
RES_6100,3304904,3614,True,1369,1.0,-42.954447043327335,-22.790645400000002,-42.953975,-22.7918349993255
RES_6101,3304904,2354,True,1077,1.0,-42.954835441179235,-22.784095149999995,-42.954995,-22.7852359993257
RES_6102,3304904,364,False,0,,-42.956305842187504,-22.780189699999994,-42.956305842187504,-22.780189699999994
RES_6103,3304904,450,True,222,1.0,-42.9491649,-22.791381299999998,-42.949611,-22.7906829993255
RES_6104,3304904,748,True,303,1.0,-42.95043132429521,-22.788152299999993,-42.950536,-22.7868349993256
RES_6105,3304904,257,True,138,1.0,-42.97348205,-22.805594399999997,-42.973521,-22.8055809993252
RES_6106,3304904,378,True,136,1.0,-42.97163164846698,-22.78634185,-42.971796,-22.7856079993256
RES_6107,3304904,146,True,64,1.0,-42.97549477914534,-22.78463475,-42.975267,-22.7847979993257
RES_6108,3304904,51,True,33,1.0,-42.95999217539325,-22.7660906,-42.959747,-22.7670719993261
RES_6109,3304904,438,True,207,1.0,-42.95606034300329,-22.77078905,-42.955221,-22.771060999326
RES_6110,3304904,376,True,186,1.0,-42.963142428404105,-22.818403999999997,-42.963254,-22.8195539993249
RES_6111,3304904,330,True,165,1.0,-42.9600304,-22.8177326,-42.960392,-22.8177849993249
RES_6112,3304904,334,True,160,1.0,-42.95593985612976,-22.8181174,-42.955672,-22.8182039993249
RES_6113,3304904,2122,True,1025,2.0,-42.95639535408907,-22.815523649999996,-42.956247,-22.8161899993249
RES_6114,3304904,165,False,0,,-42.979974144627434,-22.772979999999993,-42.979974144627434,-22.772979999999993
RES_6115,3304904,2395,True,973,1.0,-42.96962157146032,-22.777764799999996,-42.969652,-22.7783449993258
RES_6116,3304904,1240,True,478,1.0,-42.966415572574164,-22.76980535,-42.968334,-22.771432999326
RES_6117,3304904,769,True,315,1.0,-42.96339025466383,-22.7761457,-42.961951,-22.7756889993259
RES_6118,3304904,13,True,18,1.0,-42.974206249999995,-22.78101155,-42.974278,-22.7813999993257
RES_6119,3304904,331,True,126,1.0,-43.013076,-22.784690349999998,-43.012568,-22.7852519993256
RES_6120,3304904,1105,True,460,1.0,-43.0049982,-22.8136327,-43.005831,-22.813546999325
RES_6121,3304904,630,True,249,1.0,-43.0049927,-22.804624699999998,-43.004809,-22.8048119993252
RES_6122,3304904,1156,True,503,1.0,-43.0052039,-22.799901749999997,-43.005813,-22.8007629993253
RES_6123,3304904,3871,True,1746,1.0,-43.008581195576554,-22.793663000000002,-43.00772,-22.7930609993255
RES_6124,3304904,3565,True,1539,1.0,-43.0082587,-22.78658505,-43.008982,-22.7861839993256
RES_6125,3304904,1880,True,802,1.0,-43.009503499999994,-22.782060649999995,-43.009361,-22.7813429993257
RES_6126,3304904,3208,True,1486,1.0,-43.00309573948202,-22.8132454,-43.00258,-22.813451999325
RES_6127,3304904,7226,True,3263,1.0,-43.00135350766606,-22.807285600000004,-43.000685,-22.8072339993251
RES_6128,3304904,6447,True,2845,1.0,-43.00048523219289,-22.799537849999997,-43.001213,-22.8002609993253
RES_6129,3304904,6937,True,3009,1.0,-43.00050470000001,-22.794032699999995,-43.001137,-22.7928329993255
RES_6130,3304904,2469,True,1005,1.0,-43.001413899323936,-22.786840799999997,-43.001768,-22.7858379993256
RES_6131,3304904,4254,True,1894,1.0,-42.99445164465732,-22.807261249999996,-42.993832,-22.8065329993251
RES_6132,3304904,6889,True,2907,1.0,-42.993650349999996,-22.80116315,-42.992926,-22.8005839993253
RES_6133,3304904,5411,True,2284,1.0,-42.99173860734767,-22.79370585,-42.993229,-22.7936129993254
RES_6134,3304904,2746,True,1146,1.0,-42.99458229379563,-22.788487249999996,-42.993951,-22.7881249993256
RES_6135,3304904,1586,True,726,1.0,-42.9888935,-22.80473045,-42.987391,-22.8047889993252
RES_6136,3304904,3821,True,1733,1.0,-42.98566514712064,-22.799775399999994,-42.986615,-22.8004719993253
RES_6137,3304904,1144,True,478,1.0,-42.98752957471257,-22.796269849999998,-42.987963,-22.7954049993254
RES_6138,3304904,223,True,101,1.0,-43.007845001527656,-22.81455835,-43.007679,-22.814480999325
RES_6139,3304904,181,True,30,1.0,-43.007191593759906,-22.8043148,-43.006402,-22.811227999325
RES_6140,3304904,178,True,68,1.0,-43.00676630004253,-22.816381399999997,-43.006735,-22.8162079993249
RES_6141,3304904,462,True,196,1.0,-42.98958035791961,-22.7921895,-42.989702,-22.7922839993255
RES_6142,3304904,558,True,243,1.0,-42.99014424155655,-22.807499349999997,-42.993298,-22.8089159993251
RES_6143,3304904,182,True,69,1.0,-42.983448300000006,-22.82546225,-42.98368,-22.8258639993247
RES_6144,3304904,1823,True,826,1.0,-42.98313788719162,-22.8225898,-42.982656,-22.8225969993248
RES_6145,3304904,2250,True,880,1.0,-42.97789900000001,-22.821347599999996,-42.979072,-22.8214649993248
RES_6146,3304904,107,True,52,1.0,-42.97758855,-22.81752975,-42.977347,-22.8177979993249
RES_6147,3304904,62,True,27,1.0,-42.978479596251944,-22.81799275,-42.977933,-22.8174349993249
RES_6148,3304904,456,True,181,1.0,-42.99760363894349,-22.815277149999993,-42.997467,-22.8155379993249
RES_6149,3304904,735,True,330,1.0,-42.990094052928725,-22.818251700000005,-42.990369,-22.8177879993249
RES_6150,3304904,4182,True,1894,1.0,-42.992673108861084,-22.8154332,-42.992809,-22.813901999325
RES_6151,3304904,722,True,336,1.0,-42.9934835,-22.8104912,-42.993909,-22.810795999325
RES_6152,3304904,1689,True,761,1.0,-42.985002582911164,-22.81843545,-42.984079,-22.8189089993249
RES_6153,3304904,4201,True,1955,2.0,-42.98610172980125,-22.81442875,-42.985653,-22.815026999325
RES_6154,3304904,3506,True,1421,1.0,-42.98437757942834,-22.8079944,-42.984952,-22.8091079993251
RES_6155,3304904,335,True,164,1.0,-42.98070152408192,-22.819033849999997,-42.980463,-22.8191669993249
RES_6156,3304904,2324,True,1086,3.0,-42.98030852920985,-22.8148805,-42.979504,-22.814332999325
RES_6157,3304904,1434,True,670,1.0,-42.97904405699292,-22.808532949999993,-42.978928,-22.8096209993251
RES_6158,3304904,224,True,116,1.0,-42.97751146094457,-22.8143209,-42.977735,-22.813867999325
RES_6159,3304904,61,True,38,1.0,-42.99608635,-22.810648799999996,-42.996489,-22.811121999325
RES_6160,3304904,126,True,65,1.0,-42.922148530602534,-22.8250101,-42.92087,-22.8246179993247
RES_6161,3304904,486,False,0,,-42.91525413952631,-22.8222248,-42.91525413952631,-22.8222248
RES_6162,3304904,1042,True,392,1.0,-42.9532195,-22.799200399999997,-42.953009,-22.7994229993253
RES_6163,3304904,918,True,463,1.0,-42.94360350603045,-22.806588150000003,-42.943319,-22.8058899993252
RES_6164,3304904,2051,True,929,1.0,-42.94701785628804,-22.797329799999996,-42.94724,-22.7995779993253
RES_6165,3304904,839,True,430,1.0,-42.94602235,-22.79590379999999,-42.944858,-22.7952019993254
RES_6166,3304904,1036,True,690,1.0,-42.94141377649425,-22.803758799999997,-42.940985,-22.8039889993252
RES_6167,3304904,922,False,0,,-42.94157645,-22.798599549999995,-42.94157645,-22.798599549999995
RES_6168,3304904,2237,True,954,1.0,-42.98932270781482,-22.820560150000002,-42.990743,-22.8208169993248
RES_6169,3304904,446,True,228,1.0,-42.987334248979494,-22.82590205,-42.987586,-22.8260309993247
RES_6170,3304904,3876,True,1535,1.0,-42.9856067,-22.822400300000005,-42.986578,-22.8230599993248
RES_6171,3304904,356,True,168,1.0,-42.9509915,-22.817327499999998,-42.950622,-22.8170799993249
RES_6172,3304904,1860,True,786,1.0,-42.951210391050836,-22.806712,-42.951305,-22.8056079993252
RES_6173,3304904,556,False,0,,-42.94255232226463,-22.820365699999996,-42.94255232226463,-22.820365699999996
RES_6174,3304904,2802,True,1541,1.0,-42.94501233170628,-22.81490995,-42.945571,-22.814444999325
RES_6175,3304904,943,True,448,1.0,-42.948422495057834,-22.808455699999996,-42.946986,-22.8084159993251
RES_6176,3304904,393,True,167,1.0,-42.94903584554396,-22.802752949999995,-42.948887,-22.8030109993252
RES_6177,3304904,72,False,0,,-42.937261050000004,-22.825534999999995,-42.937261050000004,-22.825534999999995
RES_6178,3304904,702,True,171,1.0,-42.94179372139356,-22.817786549999994,-42.940918,-22.8187149993249
RES_6179,3304904,1187,True,419,2.0,-42.94016298570058,-22.8125846,-42.940628,-22.814534999325
RES_6180,3304904,159,True,66,1.0,-42.9330523,-22.818756799999996,-42.934689,-22.8180829993249
RES_6181,3304904,919,True,444,1.0,-42.9313693,-22.8165944,-42.93246,-22.8163509993249
RES_6182,3304904,1147,True,523,1.0,-42.974377476591854,-22.821133250000003,-42.97416,-22.8213219993248
RES_6183,3304904,4484,True,2125,1.0,-42.968767962509915,-22.8201355,-42.968232,-22.8211139993248
RES_6184,3304904,282,True,148,1.0,-42.99707325,-22.8220484,-42.997038,-22.8217829993248
RES_6185,3304904,2474,True,1076,1.0,-42.99305245,-22.82434115,-42.992893,-22.8239589993248
RES_6186,3304904,504,True,232,1.0,-42.958945874886574,-22.832956449999998,-42.958942,-22.8328159993245
RES_6187,3304904,313,True,140,1.0,-42.95663734963599,-22.83303374999999,-42.956987,-22.8328509993246
RES_6188,3304904,868,True,373,1.0,-42.95621952410289,-22.829731349999996,-42.955434,-22.8298989993246
RES_6189,3304904,150,True,99,1.0,-42.94920402361811,-22.83056105,-42.948646,-22.8304029993246
RES_6190,3304904,278,True,141,1.0,-42.94100135,-22.83314985,-42.940485,-22.8333379993245
RES_6191,3304904,379,True,192,1.0,-42.98179177436636,-22.80438005,-42.981923,-22.8043439993252
RES_6192,3304904,1243,True,603,1.0,-42.98175715,-22.799800649999995,-42.982402,-22.7991909993253
RES_6193,3304904,3829,True,1675,1.0,-42.98236554046153,-22.792230949999997,-42.983598,-22.7937409993254
RES_6194,3304904,665,True,267,1.0,-42.98403005,-22.786700699999997,-42.982618,-22.7867169993256
RES_6195,3304904,1397,True,593,1.0,-42.97615506946154,-22.80554065,-42.976442,-22.8047359993252
RES_6196,3304904,5622,True,2655,1.0,-42.97816305,-22.79995485,-42.977235,-22.8002179993253
RES_6197,3304904,1444,True,638,1.0,-42.979725118104426,-22.7932389,-42.979954,-22.7939649993254
RES_6198,3304904,34,True,30,1.0,-42.97386487423398,-22.805639199999995,-42.974262,-22.8061789993252
RES_6199,3304904,350,True,148,1.0,-42.97955349559184,-22.797940299999997,-42.979651,-22.7981769993254
RES_6200,3304904,208,True,80,1.0,-42.97806035,-22.793861149999998,-42.978525,-22.7933569993255
RES_6201,3304904,671,True,320,1.0,-42.999937316895235,-22.818925699999994,-42.999263,-22.8199969993248
RES_6202,3304904,1555,True,198,1.0,-42.99941908061405,-22.816432499999998,-42.997484,-22.8182279993249
RES_6203,3304904,1329,True,432,1.0,-42.9946116,-22.820351099999996,-42.994297,-22.8196169993249
RES_6204,3304904,666,False,0,,-42.99604297022466,-22.816800549999996,-42.99604297022466,-22.816800549999996
RES_6205,3304904,803,True,477,1.0,-42.97449725,-22.819511649999995,-42.974904,-22.8192189993249
RES_6206,3304904,1509,True,589,1.0,-42.97649921226037,-22.81583235,-42.975731,-22.8157179993249
RES_6207,3304904,5661,True,2592,1.0,-42.96908937855305,-22.8139562,-42.969089,-22.814719999325
RES_6208,3304904,1743,True,797,1.0,-42.96717245,-22.80744625,-42.967984,-22.8087429993251
RES_6209,3304904,3335,True,1548,1.0,-42.96193732621586,-22.8129079,-42.962743,-22.813566999325
RES_6210,3304904,2385,True,847,1.0,-42.96251361427445,-22.80756985,-42.962123,-22.8067439993252
RES_6211,3304904,2040,True,975,1.0,-42.96130965877853,-22.80251355,-42.960495,-22.8030969993252
RES_6212,3304904,2758,True,1154,1.0,-42.95433714655871,-22.811085099999996,-42.954866,-22.811735999325
RES_6213,3304904,1340,True,442,1.0,-42.95529624930451,-22.805955349999998,-42.954555,-22.8063119993252
RES_6214,3304904,1165,True,448,1.0,-42.95632067555138,-22.80141965,-42.956309,-22.8009149993253
RES_6215,3304904,38,True,14,1.0,-42.94978768648962,-22.811116849999998,-42.948792,-22.811937999325
RES_6216,3304904,167,True,90,1.0,-42.97584786831974,-22.81048025,-42.975729,-22.810546999325
RES_6217,3304904,69,True,25,1.0,-43.08400299516022,-22.8409347,-43.083919,-22.8409789993244
RES_6218,3304904,3357,True,1346,1.0,-43.07845945,-22.842512349999996,-43.077026,-22.8429799993243
RES_6219,3304904,3007,True,1193,1.0,-43.07888320299002,-22.839286050000002,-43.077677,-22.8399149993244
RES_6220,3304904,483,True,268,1.0,-43.07351574950083,-22.84112075,-43.073258,-22.8411429993244
RES_6221,3304904,144,True,62,1.0,-43.0736169,-22.8393983,-43.074033,-22.8392719993244
RES_6222,3304904,860,False,0,,-43.077551420606824,-22.838387999999995,-43.077551420606824,-22.838387999999995
RES_6223,3304904,1222,True,374,1.0,-43.08291285,-22.8397485,-43.082232,-22.8396509993244
RES_6224,3304904,97,True,40,1.0,-43.07550395,-22.815329900000002,-43.075526,-22.8156169993249
RES_6225,3304904,2111,True,1118,1.0,-43.070381798722025,-22.815114349999995,-43.070064,-22.814074999325
RES_6226,3304904,494,True,268,1.0,-43.07080920259057,-22.80983775,-43.069194,-22.8090149993251
RES_6227,3304904,430,True,127,1.0,-43.0620020582311,-22.8199925,-43.061927,-22.8199529993248
RES_6228,3304904,4105,True,1898,1.0,-43.06190885,-22.815239,-43.062482,-22.8152679993249
RES_6229,3304904,3598,True,1645,1.0,-43.06120133814879,-22.808907499999997,-43.062384,-22.8091519993251
RES_6230,3304904,1604,True,792,1.0,-43.057382143796175,-22.81656665,-43.057307,-22.8156709993249
RES_6231,3304904,904,True,430,1.0,-43.05921507212042,-22.805461049999998,-43.058911,-22.8068939993251
RES_6232,3304904,578,True,269,1.0,-43.05833915,-22.809187899999998,-43.058103,-22.8093729993251
RES_6233,3304904,3938,True,1896,1.0,-43.05730351380784,-22.822570499999998,-43.057263,-22.8218729993248
RES_6234,3304904,1430,True,454,1.0,-43.06314315938981,-22.827311150000003,-43.063362,-22.8277629993247
RES_6235,3304904,1467,True,666,1.0,-43.06344004533183,-22.825794899999995,-43.064219,-22.8257459993247
RES_6236,3304904,2801,True,1094,1.0,-43.09120515,-22.84963245,-43.091352,-22.8503699993241
RES_6237,3304904,3457,True,1362,1.0,-43.088296126278124,-22.8532145,-43.086963,-22.8525069993241
RES_6238,3304904,199,True,78,1.0,-43.08969435,-22.84811685,-43.089627,-22.8482519993242
RES_6239,3304904,403,True,158,1.0,-43.0872318,-22.85136885,-43.087157,-22.8513969993241
RES_6240,3304904,2353,True,1231,1.0,-43.0940451,-22.828386450000004,-43.093587,-22.8288719993247
RES_6241,3304904,3585,True,1724,1.0,-43.08628225,-22.828862549999997,-43.08606,-22.8287709993246
RES_6242,3304904,3175,True,1447,1.0,-43.0849122992356,-22.8257409,-43.084612,-22.8244129993247
RES_6243,3304904,572,True,251,1.0,-43.08168451257619,-22.827257900000006,-43.081918,-22.8277619993247
RES_6244,3304904,1452,True,684,1.0,-43.08124000482058,-22.823983799999993,-43.081321,-22.8244159993247
RES_6245,3304904,299,True,132,1.0,-43.08039545511569,-22.822659949999995,-43.080586,-22.8226289993248
RES_6246,3304904,434,True,216,1.0,-43.095083849999995,-22.833506849999996,-43.095048,-22.8335299993245
RES_6247,3304904,2772,True,1454,1.0,-43.07143094513066,-22.829366800000003,-43.070472,-22.8295849993246
RES_6248,3304904,398,True,208,1.0,-43.098527000000004,-22.8559702,-43.097795,-22.855522999324
RES_6249,3304904,1247,True,511,1.0,-43.098767916610896,-22.85377224999999,-43.098424,-22.8530559993241
RES_6250,3304904,369,True,115,1.0,-43.09861550873179,-22.848441949999998,-43.098635,-22.8489039993242
RES_6251,3304904,2341,True,1138,2.0,-43.0953955223214,-22.848608050000003,-43.095056,-22.8492109993242
RES_6252,3304904,4252,True,1893,1.0,-43.09399632567237,-22.845801100000006,-43.093602,-22.8449149993243
RES_6253,3304904,1046,True,545,2.0,-43.06861516062257,-22.82906549999999,-43.067937,-22.8287109993246
RES_6254,3304904,1658,True,837,1.0,-43.0661079021789,-22.831008599999997,-43.065948,-22.8301049993246
RES_6255,3304904,80,True,28,3.0,-43.08237400598498,-22.834961149999994,-43.082197,-22.8349879993245
RES_6256,3304904,1142,True,545,1.0,-43.07976680412489,-22.834641100000002,-43.079958,-22.8345489993245
RES_6257,3304904,2978,True,1214,1.0,-43.08079254196231,-22.830445549999997,-43.080268,-22.8304389993246
RES_6258,3304904,381,True,189,1.0,-43.07668028754112,-22.8343394,-43.076753,-22.8342859993245
RES_6259,3304904,732,True,317,1.0,-43.07973857926196,-22.83615455,-43.078754,-22.8361289993245
RES_6260,3304904,2116,True,929,1.0,-43.07634695,-22.830463499999997,-43.076644,-22.8297219993246
RES_6261,3304904,770,True,376,1.0,-43.073215016423575,-22.829478299999998,-43.073903,-22.8296569993246
RES_6262,3304904,990,True,314,1.0,-43.074037144172735,-22.833792000000003,-43.073961,-22.8337669993245
RES_6263,3304904,139,True,61,1.0,-43.08344874468905,-22.851255650000002,-43.0837,-22.8515989993241
RES_6264,3304904,4169,True,1929,1.0,-43.079953,-22.850709000000002,-43.07976,-22.8506569993241
RES_6265,3304904,1640,True,700,1.0,-43.07726265000001,-22.84704585,-43.077117,-22.8468689993242
RES_6266,3304904,116,True,35,1.0,-43.0742425218227,-22.84582485,-43.07412,-22.8461929993242
RES_6267,3304904,2487,True,846,1.0,-43.084260355669315,-22.836093649999995,-43.084933,-22.8348619993245
RES_6268,3304904,3385,True,1525,1.0,-43.08604097934132,-22.8323204,-43.086283,-22.8319949993246
RES_6269,3304904,83,True,36,1.0,-43.081224146875,-22.8360724,-43.081175,-22.8361389993245
RES_6270,3304904,391,True,172,1.0,-43.080811600000004,-22.83728225,-43.080823,-22.8372369993245
RES_6271,3304904,1253,True,704,1.0,-43.07530834016767,-22.82663395,-43.075595,-22.8269269993247
RES_6272,3304904,5846,True,2787,1.0,-43.07877880339339,-22.82356085,-43.078087,-22.8224649993248
RES_6273,3304904,886,True,482,1.0,-43.0692399,-22.82646915,-43.070002,-22.8265819993247
RES_6274,3304904,4888,True,2363,1.0,-43.07077069164198,-22.82214415,-43.071116,-22.8230619993248
RES_6275,3304904,141,True,66,1.0,-43.07550905000001,-22.82016495,-43.076261,-22.8211029993248
RES_6276,3304904,683,True,335,1.0,-43.07668605,-22.819981299999995,-43.076787,-22.8200269993248
RES_6277,3304904,929,True,376,1.0,-43.06862177012077,-22.820354950000002,-43.069092,-22.8200099993249
RES_6278,3304904,1969,True,610,1.0,-43.07174195727808,-22.8179719,-43.070725,-22.8178959993249
RES_6279,3304904,5778,True,2486,1.0,-43.06300215773068,-22.822539799999994,-43.062936,-22.8218219993248
RES_6280,3304904,655,True,321,1.0,-43.06670945287587,-22.818524949999997,-43.066573,-22.8183199993249
RES_6281,3304904,241,True,130,2.0,-43.055944730450335,-22.826351499999994,-43.056185,-22.8263429993247
RES_6282,3304904,1070,True,545,1.0,-43.0574921,-22.824950249999997,-43.058525,-22.8239249993247
RES_6283,3304904,2070,True,1001,1.0,-43.0900815,-22.836256499999998,-43.090626,-22.8365989993245
RES_6284,3304904,2041,True,833,1.0,-43.092166774375,-22.831401799999995,-43.091821,-22.8319859993246
RES_6285,3304904,1120,True,487,1.0,-43.089335560200304,-22.841821149999998,-43.08923,-22.8419439993243
RES_6286,3304904,2936,True,1297,1.0,-43.0885757,-22.838777749999995,-43.088293,-22.8376219993244
RES_6287,3304904,587,True,231,1.0,-43.086780539409034,-22.83911585,-43.08665,-22.8391199993244
RES_6288,3304904,1227,True,422,1.0,-43.093116699999996,-22.835347249999998,-43.093169,-22.8363539993245
RES_6289,3304904,1083,True,540,1.0,-43.05527729730291,-22.819606849999996,-43.055282,-22.8202389993248
RES_6290,3304904,128,True,72,1.0,-43.05506570007063,-22.818177400000003,-43.055121,-22.8181629993249
RES_6291,3304904,3347,True,1662,1.0,-43.070418554980435,-22.838022350000003,-43.070425,-22.8381099993244
RES_6292,3304904,3138,True,1420,1.0,-43.06331659197198,-22.835760449999995,-43.064275,-22.8353679993245
RES_6293,3304904,310,True,184,1.0,-43.06082375,-22.8334457,-43.060746,-22.8336929993245
RES_6294,3304904,736,True,295,1.0,-43.08996705,-22.84535325,-43.090011,-22.8457739993243
RES_6295,3304904,819,True,299,1.0,-43.087228876005156,-22.84862735,-43.086768,-22.8488719993242
RES_6296,3304904,10611,True,4352,2.0,-43.08543158881081,-22.843830750000002,-43.086065,-22.8442979993243
RES_6297,3304904,1815,False,0,,-43.085961850000004,-22.8484902,-43.085961850000004,-22.8484902
RES_6298,3304904,952,True,284,1.0,-43.0870451123065,-22.847940949999998,-43.086846,-22.8478599993242
RES_6299,3304904,1667,True,693,1.0,-43.06152129249007,-22.831058300000002,-43.061534,-22.8305819993246
RES_6300,3304904,969,True,356,1.0,-43.0581346255618,-22.82829435,-43.058521,-22.8294659993246
RES_6301,3304904,3172,True,1365,1.0,-43.0713651616546,-22.84338319999999,-43.070775,-22.8432679993243
RES_6302,3304904,101,True,43,1.0,-43.06649249752162,-22.8405306,-43.066336,-22.8406679993244
RES_6303,3304904,2663,True,1263,1.0,-43.093731541101704,-22.85403405,-43.092819,-22.8537929993241
RES_6304,3304904,146,True,66,1.0,-43.08248292614351,-22.855646300000004,-43.082643,-22.855624999324
RES_6305,3304904,541,True,275,1.0,-43.08678528141387,-22.855322599999994,-43.087095,-22.854963999324
RES_6306,3304904,605,True,279,1.0,-43.078711430132934,-22.856151249999996,-43.078238,-22.856953999324
RES_6307,3304904,804,True,386,1.0,-43.08138665,-22.855060600000005,-43.080678,-22.8546829993241
RES_6308,3304904,696,True,171,1.0,-43.06712219329319,-22.84658685,-43.067481,-22.8465629993242
RES_6309,3304904,1393,True,502,1.0,-43.060414663846686,-22.845323849999996,-43.062646,-22.8452349993243
RES_6310,3304904,460,True,228,1.0,-43.052860749999994,-22.84987229999999,-43.053089,-22.8497519993242
RES_6311,3304904,2654,True,1273,1.0,-43.05464282231718,-22.84537335,-43.054626,-22.8457859993243
RES_6312,3304904,1655,True,790,1.0,-43.0504026,-22.84868825,-43.048774,-22.8501649993242
RES_6313,3304904,879,True,436,1.0,-43.05028589355639,-22.845475699999994,-43.048776,-22.8459239993242
RES_6314,3304904,3512,True,1613,1.0,-43.056143250000005,-22.836969499999995,-43.054824,-22.8367889993245
RES_6315,3304904,1979,True,913,1.0,-43.047642058284026,-22.837144099999996,-43.048457,-22.8362949993245
RES_6316,3304904,1098,True,507,1.0,-43.0367893065431,-22.87431265,-43.036959,-22.8736979993236
RES_6317,3304904,1914,True,850,1.0,-43.029860799999994,-22.87209605,-43.030185,-22.8720569993237
RES_6318,3304904,655,True,293,2.0,-43.02518387256626,-22.871046949999997,-43.025828,-22.8717019993237
RES_6319,3304904,1152,True,550,2.0,-43.022311650000006,-22.8662419,-43.023283,-22.8675929993237
RES_6320,3304904,1226,True,492,1.0,-43.07028262631357,-22.864963299999996,-43.068964,-22.8652139993238
RES_6321,3304904,2163,True,870,1.0,-43.0710962,-22.8612648,-43.07053,-22.8620709993239
RES_6322,3304904,561,True,260,1.0,-43.065868129961544,-22.865763949999998,-43.065872,-22.8656439993238
RES_6323,3304904,1006,True,87,1.0,-43.0647771,-22.862378299999996,-43.066026,-22.8605189993239
RES_6324,3304904,10,False,0,,-42.97368654759818,-22.895257799999996,-42.97368654759818,-22.895257799999996
RES_6325,3304904,302,False,0,,-42.9741971753045,-22.875611099999997,-42.9741971753045,-22.875611099999997
RES_6326,3304904,5,False,0,,-42.967721350000005,-22.858481049999995,-42.967721350000005,-22.858481049999995
RES_6327,3304904,78,True,42,1.0,-42.95075068633787,-22.867008749999997,-42.94585,-22.8667999993238
RES_6328,3304904,45,True,22,1.0,-42.93523289005737,-22.8669349,-42.937337,-22.8691099993237
RES_6329,3304904,74,False,0,,-42.92993505,-22.8429042,-42.92993505,-22.8429042
RES_6330,3304904,123,True,76,1.0,-42.92089173273964,-22.829641749999993,-42.924397,-22.8310529993246
RES_6331,3304904,22,True,9,1.0,-42.9172011,-22.850868950000002,-42.905602,-22.8451469993243
RES_6332,3304904,8,True,10,1.0,-42.90644225,-22.858631499999998,-42.905888,-22.856497999324
RES_6333,3304904,63,True,34,1.0,-42.90856649879767,-22.831931549999993,-42.908225,-22.8320099993246
RES_6334,3304904,40,True,18,1.0,-42.90284101640859,-22.839908799999996,-42.904406,-22.8385069993244
RES_6335,3304904,648,True,299,1.0,-43.097551949999996,-22.857566049999996,-43.09813,-22.857760999324
RES_6336,3304904,2394,True,1040,1.0,-43.096872672604746,-22.858901349999996,-43.096313,-22.857943999324
RES_6337,3304904,106,False,0,,-43.09623890958595,-22.8531544,-43.09623890958595,-22.8531544
RES_6338,3304904,218,True,89,1.0,-43.095183405,-22.857021399999997,-43.094692,-22.857126999324
RES_6339,3304904,355,True,183,1.0,-43.096255321766165,-22.855214550000003,-43.096158,-22.855122999324
RES_6340,3304904,62,True,33,1.0,-43.05414445,-22.871122649999997,-43.054268,-22.8710749993237
RES_6341,3304904,498,True,222,1.0,-43.043108450000005,-22.869675649999998,-43.043576,-22.8692199993237
RES_6342,3304904,538,True,268,1.0,-43.04992645,-22.86943435,-43.049853,-22.8693849993237
RES_6343,3304904,608,True,284,1.0,-43.045515051268794,-22.8699254,-43.045556,-22.8698369993237
RES_6344,3304904,919,True,404,1.0,-43.047641375105314,-22.867971799999996,-43.046688,-22.8680929993237
RES_6345,3304904,270,False,0,,-43.04258015,-22.87042135,-43.04258015,-22.87042135
RES_6346,3304904,1932,True,469,1.0,-43.07607469872994,-22.853369799999996,-43.077084,-22.8503349993242
RES_6347,3304904,2538,True,1167,1.0,-43.07326776852392,-22.848412850000003,-43.072247,-22.8495769993242
RES_6348,3304904,1106,True,513,1.0,-43.072906198713376,-22.845307899999995,-43.072897,-22.8463169993242
RES_6349,3304904,121,True,57,1.0,-43.0689146,-22.840933399999997,-43.068969,-22.8408379993244
RES_6350,3304904,934,True,449,1.0,-43.06846147236226,-22.839889200000002,-43.06767,-22.8398429993244
RES_6351,3304904,1708,True,783,1.0,-43.06198205,-22.84223505,-43.062893,-22.8424739993243
RES_6352,3304904,3238,True,1534,1.0,-43.06223319967775,-22.838046750000004,-43.062558,-22.8388149993244
RES_6353,3304904,127,True,58,1.0,-43.058762840505054,-22.836969399999997,-43.058725,-22.8370559993245
RES_6354,3304904,566,True,241,1.0,-43.08467819232711,-22.8624276,-43.084608,-22.8625219993239
RES_6355,3304904,743,True,340,1.0,-43.080158,-22.8633762,-43.076751,-22.8647729993238
RES_6356,3304904,631,True,281,1.0,-43.077899349999996,-22.86428609999999,-43.078171,-22.8642099993238
RES_6357,3304904,411,True,213,1.0,-43.08243075,-22.863095249999994,-43.082537,-22.8630519993239
RES_6358,3304904,530,True,220,1.0,-43.09386387124108,-22.85749095,-43.094081,-22.857606999324
RES_6359,3304904,511,True,262,1.0,-43.03676265,-22.864671399999995,-43.03576,-22.8632199993238
RES_6360,3304904,999,True,467,1.0,-43.03581245,-22.8601092,-43.03575,-22.8602249993239
RES_6361,3304904,775,True,340,1.0,-43.02897565,-22.863202749999996,-43.026791,-22.8631299993239
RES_6362,3304904,2316,True,1130,1.0,-43.03311459639835,-22.85827,-43.032213,-22.857964999324
RES_6363,3304904,211,True,94,1.0,-43.03258272906128,-22.853209650000004,-43.03273,-22.8540959993241
RES_6364,3304904,1664,True,331,1.0,-43.02087281501787,-22.863816949999993,-43.021058,-22.8628219993239
RES_6365,3304904,1583,True,716,1.0,-43.022323065707546,-22.85736275,-43.022582,-22.857232999324
RES_6366,3304904,520,True,202,1.0,-43.02636190000001,-22.86037185,-43.026445,-22.8600969993239
RES_6367,3304904,86,True,40,1.0,-43.02412735,-22.86249925,-43.024473,-22.8628819993239
RES_6368,3304904,232,True,105,1.0,-43.09482284612242,-22.858698799999996,-43.094851,-22.8587809993239
RES_6369,3304904,1065,True,456,1.0,-43.02571745,-22.8592775,-43.023929,-22.8599169993239
RES_6370,3304904,776,True,288,1.0,-43.028716233970975,-22.855815699999994,-43.028215,-22.855926999324
RES_6371,3304904,2583,True,1215,1.0,-43.09103628090176,-22.859038050000002,-43.091562,-22.8598219993239
RES_6372,3304904,5638,True,2405,1.0,-43.086996447122466,-22.858461199999994,-43.086993,-22.8587879993239
RES_6373,3304904,831,True,354,1.0,-43.06858165,-22.85356335,-43.069859,-22.8533689993241
RES_6374,3304904,867,True,401,1.0,-43.06202895,-22.85172699999999,-43.060999,-22.8516009993241
RES_6375,3304904,1216,True,609,1.0,-43.057919711520526,-22.851591450000004,-43.05722,-22.8504579993242
RES_6376,3304904,520,True,255,2.0,-43.00931035001544,-22.836537299999996,-43.010227,-22.8377269993244
RES_6377,3304904,2682,True,1174,1.0,-43.00632671115196,-22.829622949999997,-43.005861,-22.8292919993246
RES_6378,3304904,436,True,215,1.0,-43.00492204693764,-22.82560225,-43.004836,-22.8258689993247
RES_6379,3304904,1097,True,465,1.0,-43.00309125238649,-22.827201100000003,-43.003182,-22.8277949993247
RES_6380,3304904,793,True,369,1.0,-42.9506422,-22.7786935,-42.951133,-22.7790229993258
RES_6381,3304904,926,True,482,1.0,-42.944857118210194,-22.789689700000004,-42.945199,-22.7896169993256
RES_6382,3304904,5053,True,2318,1.0,-42.94714021597877,-22.78510505,-42.946043,-22.7845649993257
RES_6383,3304904,2952,True,1487,1.0,-42.94464104045548,-22.778889449999994,-42.946054,-22.7791299993258
RES_6384,3304904,284,True,180,1.0,-42.942481754527286,-22.7893574,-42.942498,-22.7892129993255
RES_6385,3304904,489,True,222,1.0,-42.942498349999994,-22.776890599999994,-42.942844,-22.7785449993258
RES_6386,3304904,141,True,52,1.0,-42.9406027,-22.776438249999998,-42.942346,-22.7814079993257
RES_6387,3305109,1591,True,693,1.0,-43.38843217501561,-22.794695250000004,-43.388266,-22.7954039993254
RES_6388,3305109,1650,True,651,1.0,-43.38689145000001,-22.7920586,-43.387822,-22.7919719993255
RES_6389,3305109,2121,True,860,1.0,-43.380908345304455,-22.801206599999997,-43.381483,-22.8012369993253
RES_6390,3305109,8581,True,3628,1.0,-43.38268925,-22.79668065,-43.383808,-22.7974359993254
RES_6391,3305109,1815,True,739,1.0,-43.384635118009214,-22.792481599999995,-43.385605,-22.7921759993255
RES_6392,3305109,706,True,267,1.0,-43.38058762649089,-22.770016849999998,-43.380387,-22.770006999326
RES_6393,3305109,2289,True,1028,1.0,-43.371579651058376,-22.774308249999994,-43.372599,-22.7739359993259
RES_6394,3305109,5318,True,2093,1.0,-43.37614455000001,-22.7698472,-43.375574,-22.769064999326
RES_6395,3305109,4736,True,1802,1.0,-43.36742735,-22.782153349999998,-43.366372,-22.7826339993257
RES_6396,3305109,5713,True,2370,1.0,-43.36766875,-22.776269649999993,-43.366858,-22.7760539993259
RES_6397,3305109,5428,True,2312,1.0,-43.36842215222664,-22.76835815,-43.367653,-22.769314999326
RES_6398,3305109,4457,True,1748,1.0,-43.36114705519427,-22.781603149999995,-43.360604,-22.7809029993258
RES_6399,3305109,6774,True,2742,1.0,-43.3601944,-22.77463695,-43.358901,-22.7752829993259
RES_6400,3305109,6909,True,2795,1.0,-43.3582605,-22.76879855,-43.3589,-22.7680829993261
RES_6401,3305109,1505,True,565,1.0,-43.35974183190942,-22.763492199999998,-43.359362,-22.7639479993261
RES_6402,3305109,1859,True,708,1.0,-43.351710797007556,-22.779503899999998,-43.3529,-22.7798749993258
RES_6403,3305109,6709,True,2592,1.0,-43.351548571610174,-22.7752087,-43.352259,-22.7752339993259
RES_6404,3305109,9259,True,3447,1.0,-43.35170855,-22.768159299999997,-43.351787,-22.7674199993261
RES_6405,3305109,2553,True,902,1.0,-43.35175375407533,-22.763921000000003,-43.35225,-22.7634359993261
RES_6406,3305109,1601,True,581,1.0,-43.347639349999994,-22.77507645,-43.347593,-22.7766889993259
RES_6407,3305109,1002,True,383,1.0,-43.34799973061408,-22.7684587,-43.347235,-22.768406999326
RES_6408,3305109,891,True,344,1.0,-43.34661894673175,-22.76323085,-43.347055,-22.7637979993261
RES_6409,3305109,2660,True,993,1.0,-43.370328569416344,-22.765467599999994,-43.369827,-22.7655179993261
RES_6410,3305109,385,True,157,1.0,-43.36810427939018,-22.764670149999997,-43.367928,-22.7647019993261
RES_6411,3305109,871,True,360,1.0,-43.3586046,-22.762357949999995,-43.358275,-22.7622419993262
RES_6412,3305109,688,True,285,1.0,-43.34872453902983,-22.77624505,-43.348632,-22.7765069993258
RES_6413,3305109,678,True,277,1.0,-43.36471215,-22.76655375,-43.36459,-22.7667339993261
RES_6414,3305109,420,True,167,1.0,-43.3623544516952,-22.768920050000006,-43.36246,-22.769038999326
RES_6415,3305109,749,True,277,1.0,-43.3567893,-22.770641599999998,-43.356784,-22.770467999326
RES_6416,3305109,36,True,22,1.0,-43.35567975,-22.771557499999997,-43.355185,-22.771763999326
RES_6417,3305109,806,True,325,1.0,-43.38047537612478,-22.766465949999997,-43.380498,-22.7668099993261
RES_6418,3305109,2253,True,874,1.0,-43.37569975895447,-22.765314150000002,-43.375186,-22.7660469993261
RES_6419,3305109,984,True,406,1.0,-43.3657867,-22.765674549999993,-43.365334,-22.7669509993261
RES_6420,3305109,385,True,162,1.0,-43.34998425354786,-22.776359299999996,-43.349856,-22.7765369993259
RES_6421,3305109,358,True,119,1.0,-43.35296335758643,-22.781687750000003,-43.352809,-22.7815789993257
RES_6422,3305109,980,True,329,1.0,-43.35818729845591,-22.784217499999997,-43.357392,-22.7838929993257
RES_6423,3305109,477,True,176,1.0,-43.35403150221236,-22.783611299999997,-43.354051,-22.7835599993257
RES_6424,3305109,519,True,275,1.0,-43.36946345,-22.770063199999996,-43.369358,-22.770043999326
RES_6425,3305109,514,True,188,1.0,-43.35077924702703,-22.7773618,-43.350987,-22.7776299993258
RES_6426,3305109,954,True,352,1.0,-43.34946544807107,-22.771328450000002,-43.349002,-22.770577999326
RES_6427,3305109,428,True,150,1.0,-43.3496162,-22.772553000000002,-43.349417,-22.7733269993259
RES_6428,3305109,390,True,158,1.0,-43.366654601624674,-22.76364215,-43.365942,-22.7635539993261
RES_6429,3305109,553,False,0,,-43.36416860051722,-22.763812299999998,-43.36416860051722,-22.763812299999998
RES_6430,3305109,113,True,57,1.0,-43.36378678297481,-22.76643725,-43.36332,-22.7666619993261
RES_6431,3305109,746,True,317,1.0,-43.36297672721061,-22.766426250000002,-43.362741,-22.7664359993261
RES_6432,3305109,416,True,162,1.0,-43.34887075,-22.7741405,-43.34863,-22.7738729993259
RES_6433,3305109,1114,True,433,1.0,-43.347588087357416,-22.771603449999994,-43.346888,-22.770546999326
RES_6434,3305109,334,True,138,1.0,-43.38938855314447,-22.784193700000003,-43.389274,-22.7839729993257
RES_6435,3305109,1308,True,562,1.0,-43.37274333293706,-22.7871082,-43.372541,-22.7868559993256
RES_6436,3305109,3957,True,1643,1.0,-43.37386175814045,-22.78189175,-43.373997,-22.7814859993257
RES_6437,3305109,3609,True,1583,1.0,-43.37457705,-22.777107599999997,-43.374709,-22.7770049993258
RES_6438,3305109,215,True,98,1.0,-43.3672694,-22.794113449999998,-43.367819,-22.7946549993254
RES_6439,3305109,5325,True,2240,1.0,-43.366685499999996,-22.789322649999995,-43.367586,-22.7895539993255
RES_6440,3305109,3294,True,1350,1.0,-43.36942340632547,-22.78208075,-43.36997,-22.7828179993257
RES_6441,3305109,447,True,192,1.0,-43.37066496879675,-22.7781857,-43.37057,-22.7780699993258
RES_6442,3305109,2505,True,1023,1.0,-43.36117574612559,-22.79800675,-43.361196,-22.7980959993253
RES_6443,3305109,2826,True,1099,1.0,-43.36097575,-22.791397699999994,-43.361339,-22.7906499993255
RES_6444,3305109,1170,True,458,1.0,-43.367033899999996,-22.78710445,-43.36715,-22.7869129993256
RES_6445,3305109,1168,True,450,1.0,-43.367330981084066,-22.785099699999996,-43.367156,-22.7855799993256
RES_6446,3305109,2593,True,1025,1.0,-43.40462019724162,-22.79545145,-43.403741,-22.7956319993254
RES_6447,3305109,7283,True,2840,1.0,-43.4055258,-22.790982900000003,-43.405242,-22.7904579993255
RES_6448,3305109,1121,True,459,1.0,-43.4028799,-22.78618745,-43.403552,-22.7864899993256
RES_6449,3305109,2082,True,811,1.0,-43.39741998778972,-22.801727749999998,-43.398409,-22.8020809993253
RES_6450,3305109,10090,True,3988,1.0,-43.397010954704704,-22.798203,-43.397784,-22.7978949993254
RES_6451,3305109,6943,True,2900,1.0,-43.39805438122,-22.790765850000003,-43.397991,-22.7903879993255
RES_6452,3305109,7484,True,3106,1.0,-43.398367034405744,-22.784727699999994,-43.398762,-22.7837819993257
RES_6453,3305109,4605,True,1803,1.0,-43.390788488700565,-22.796221699999997,-43.391458,-22.7972629993254
RES_6454,3305109,9382,True,3842,1.0,-43.39126055,-22.790723400000008,-43.391722,-22.7901649993255
RES_6455,3305109,4051,True,1718,1.0,-43.39177320927107,-22.783245,-43.392323,-22.7842789993257
RES_6456,3305109,558,True,209,1.0,-43.408593800000006,-22.792268899999996,-43.408665,-22.7922719993255
RES_6457,3305109,1239,True,481,1.0,-43.3797129,-22.808574999999998,-43.37992,-22.8092869993251
RES_6458,3305109,2733,True,1130,1.0,-43.38006345,-22.80413435,-43.380216,-22.8041139993252
RES_6459,3305109,587,True,258,1.0,-43.377937204041764,-22.809922800000002,-43.377925,-22.8097549993251
RES_6460,3305109,5793,True,2316,1.0,-43.37710837835051,-22.803606699999996,-43.376934,-22.8052459993252
RES_6461,3305109,1046,True,454,1.0,-43.3766363,-22.80830725,-43.376278,-22.8083639993251
RES_6462,3305109,1084,True,465,1.0,-43.38680044603473,-22.7850282,-43.387497,-22.7858299993256
RES_6463,3305109,7235,True,2997,1.0,-43.38295980080645,-22.788698199999992,-43.382276,-22.7894789993255
RES_6464,3305109,2944,True,1169,1.0,-43.38423177924635,-22.785667799999995,-43.383762,-22.7851939993257
RES_6465,3305109,695,True,301,1.0,-43.37804943393985,-22.79116295,-43.378172,-22.7906049993255
RES_6466,3305109,1984,True,806,1.0,-43.37950129661318,-22.7950376,-43.37964,-22.7959439993254
RES_6467,3305109,600,True,231,1.0,-43.38053681188031,-22.7933819,-43.380582,-22.7932209993255
RES_6468,3305109,6378,True,2623,1.0,-43.37662065000001,-22.79655935000001,-43.376315,-22.7967479993254
RES_6469,3305109,9687,True,3905,1.0,-43.37488915,-22.789735999999998,-43.374801,-22.7906799993255
RES_6470,3305109,2080,True,879,1.0,-43.37629939468525,-22.7841146,-43.3765,-22.7849769993257
RES_6471,3305109,994,True,388,1.0,-43.37058465,-22.794131699999994,-43.37058,-22.7941979993254
RES_6472,3305109,268,True,100,1.0,-43.36341085,-22.7876974,-43.363469,-22.7878859993256
RES_6473,3305109,61,False,0,,-43.3594311,-22.79606105,-43.3594311,-22.79606105
RES_6474,3305109,2981,True,1167,1.0,-43.3594193,-22.78810465,-43.35903,-22.7879839993256
RES_6475,3305109,2286,True,852,1.0,-43.36057794764571,-22.7856052,-43.360705,-22.7856359993256
RES_6476,3305109,246,True,97,1.0,-43.3524586024168,-22.793579249999993,-43.352531,-22.7937919993255
RES_6477,3305109,7726,True,2759,1.0,-43.35213879654171,-22.790149999999997,-43.352294,-22.7893959993255
RES_6478,3305109,3893,True,1444,1.0,-43.35092394161202,-22.784473900000002,-43.350191,-22.7834519993257
RES_6479,3305109,178,True,65,1.0,-43.34386642020259,-22.79865435,-43.343949,-22.7986449993253
RES_6480,3305109,4856,True,1948,1.0,-43.3434269,-22.788636749999995,-43.343282,-22.7892319993256
RES_6481,3305109,1366,True,558,1.0,-43.34564833084227,-22.784984149999996,-43.345849,-22.7845959993257
RES_6482,3305109,439,True,187,1.0,-43.339923952412846,-22.787963,-43.339778,-22.7878769993256
RES_6483,3305109,754,True,266,1.0,-43.34791766671668,-22.78100775,-43.348012,-22.7811359993257
RES_6484,3305109,188,True,73,1.0,-43.3556009462687,-22.785204049999994,-43.355608,-22.7851719993257
RES_6485,3305109,520,True,205,1.0,-43.34580697691898,-22.783140549999995,-43.346113,-22.7831529993257
RES_6486,3305109,535,True,211,1.0,-43.34902700000001,-22.78949185,-43.349278,-22.7895179993255
RES_6487,3305109,1351,True,473,1.0,-43.3447553,-22.78038075,-43.345082,-22.7804429993258
RES_6488,3305109,2866,True,1094,1.0,-43.34045987475038,-22.796395350000004,-43.341177,-22.7970299993254
RES_6489,3305109,1804,True,693,1.0,-43.34150614747573,-22.792770299999997,-43.341831,-22.7921499993255
RES_6490,3305109,5141,True,2073,1.0,-43.3378703755394,-22.796281049999994,-43.336861,-22.7967759993254
RES_6491,3305109,3274,True,1365,1.0,-43.33793655,-22.790259199999994,-43.337098,-22.7910369993255
RES_6492,3305109,3715,True,1391,1.0,-43.334792387319894,-22.7843315,-43.334217,-22.7844269993257
RES_6493,3305109,2198,True,807,1.0,-43.33091399598609,-22.797228149999995,-43.331426,-22.7958789993254
RES_6494,3305109,3061,True,1211,1.0,-43.330539972137245,-22.7894985,-43.331113,-22.7886959993256
RES_6495,3305109,1133,True,434,1.0,-43.33206483777933,-22.783293449999995,-43.331461,-22.7837999993257
RES_6496,3305109,2129,True,765,1.0,-43.336215550000006,-22.80072675,-43.335896,-22.8011929993253
RES_6497,3305109,184,True,75,1.0,-43.33150249945068,-22.80115,-43.331463,-22.8011819993253
RES_6498,3305109,2581,True,931,1.0,-43.3463333,-22.801957350000002,-43.345973,-22.8018999993253
RES_6499,3305109,894,True,336,1.0,-43.332862494774346,-22.789867099999995,-43.333345,-22.7895639993255
RES_6500,3305109,431,False,0,,-43.33822399235469,-22.78898855,-43.33822399235469,-22.78898855
RES_6501,3305109,258,True,47,1.0,-43.339044,-22.789883000000003,-43.33899,-22.7897649993255
RES_6502,3305109,906,True,364,1.0,-43.34071332852281,-22.790211650000003,-43.341013,-22.7906559993255
RES_6503,3305109,2690,True,1031,1.0,-43.3415985,-22.782101749999995,-43.342329,-22.7821749993257
RES_6504,3305109,3551,True,1308,1.0,-43.34290079510582,-22.77800465,-43.343719,-22.7769069993258
RES_6505,3305109,1727,True,646,1.0,-43.342049275771615,-22.769707349999994,-43.342816,-22.769116999326
RES_6506,3305109,558,True,207,3.0,-43.33366405,-22.800771750000003,-43.333527,-22.8007969993253
RES_6507,3305109,3695,True,1398,1.0,-43.33406965,-22.796763249999998,-43.33427,-22.7965179993254
RES_6508,3305109,3443,True,1387,1.0,-43.335668850000005,-22.79060135,-43.335333,-22.7902879993255
RES_6509,3305109,5445,True,2113,1.0,-43.33760242811161,-22.781611400000003,-43.337045,-22.7808219993257
RES_6510,3305109,5044,True,2039,1.0,-43.3374558,-22.776454999999995,-43.33673,-22.7756039993259
RES_6511,3305109,1172,True,455,1.0,-43.33317805,-22.768133050000003,-43.333156,-22.768856999326
RES_6512,3305109,521,True,248,1.0,-43.33204532223526,-22.79305825,-43.332152,-22.7932579993255
RES_6513,3305109,949,True,357,1.0,-43.331106398742044,-22.78140075,-43.331018,-22.7813319993257
RES_6514,3305109,1164,True,417,1.0,-43.331751048646325,-22.773200550000006,-43.330442,-22.7754769993259
RES_6515,3305109,2682,True,1013,1.0,-43.33129475,-22.76778695,-43.330909,-22.768841999326
RES_6516,3305109,282,True,96,1.0,-43.33979838908442,-22.780985599999998,-43.339396,-22.7813689993257
RES_6517,3305109,859,True,321,1.0,-43.34560792205616,-22.76960685,-43.344645,-22.769358999326
RES_6518,3305109,973,True,378,1.0,-43.34306418531196,-22.77363965,-43.343226,-22.7744199993259
RES_6519,3305109,2094,True,875,1.0,-43.340464333505906,-22.761896699999994,-43.340939,-22.7613319993262
RES_6520,3305109,409,True,169,1.0,-43.33525985256993,-22.774576000000003,-43.334762,-22.7736309993259
RES_6521,3305109,6256,True,2382,1.0,-43.33623222527277,-22.767491149999998,-43.336554,-22.767860999326
RES_6522,3305109,7399,True,2531,1.0,-43.33617398787554,-22.760849300000004,-43.335492,-22.7617069993262
RES_6523,3305109,845,True,343,1.0,-43.3323968935497,-22.76633175,-43.332063,-22.7658149993261
RES_6524,3305109,2224,True,853,1.0,-43.33144092001892,-22.76136985,-43.331503,-22.7619789993262
RES_6525,3305109,1209,True,430,1.0,-43.33702695023908,-22.758204099999997,-43.336538,-22.7581359993263
RES_6526,3305109,721,True,269,1.0,-43.33630730227654,-22.7730625,-43.33613,-22.7730599993259
RES_6527,3305109,1746,True,644,1.0,-43.35026542674473,-22.76195405,-43.350358,-22.7620709993262
RES_6528,3305109,2193,True,886,1.0,-43.34304222865259,-22.7655681,-43.343362,-22.7654259993261
RES_6529,3305109,3217,True,1225,1.0,-43.3446796,-22.76286139999999,-43.344944,-22.7622069993262
RES_6530,3305109,819,True,275,1.0,-43.34836699604984,-22.760268299999993,-43.348382,-22.7603709993262
RES_6531,3305109,3222,True,1245,1.0,-43.387929850000006,-22.78106909999999,-43.388608,-22.7816819993257
RES_6532,3305109,6173,True,2494,1.0,-43.390232100000006,-22.775801749999992,-43.390133,-22.7768829993258
RES_6533,3305109,1972,True,788,1.0,-43.38786786015995,-22.770303249999998,-43.388109,-22.770511999326
RES_6534,3305109,5522,True,2232,1.0,-43.38242386177829,-22.782400499999998,-43.382436,-22.7813449993257
RES_6535,3305109,12229,True,4922,1.0,-43.38269635,-22.775668399999994,-43.383023,-22.7758219993259
RES_6536,3305109,4480,True,1789,1.0,-43.38243706174158,-22.770723750000002,-43.383729,-22.769936999326
RES_6537,3305109,1077,True,442,1.0,-43.37772555,-22.782067849999997,-43.378016,-22.7812199993257
RES_6538,3305109,1826,True,821,1.0,-43.376245940292954,-22.77342625,-43.377095,-22.7735139993259
RES_6539,3305109,454,True,171,1.0,-43.3785113,-22.7716409,-43.378596,-22.771597999326
RES_6540,3305109,2526,True,993,1.0,-43.3954109,-22.804541449999995,-43.39549,-22.8054419993252
RES_6541,3305109,6717,True,2782,1.0,-43.39010626246585,-22.80277055,-43.390696,-22.8032579993252
RES_6542,3305109,1287,True,504,1.0,-43.38945110966257,-22.799967799999997,-43.389038,-22.7998099993253
RES_6543,3305109,810,True,335,1.0,-43.38621302409973,-22.802647949999994,-43.385819,-22.8023639993252
RES_6544,3305109,397,True,155,1.0,-43.386449600000006,-22.800466299999993,-43.386317,-22.8003739993253
RES_6545,3305109,6362,True,2469,1.0,-43.38872375,-22.811215299999997,-43.389282,-22.810727999325
RES_6546,3305109,1931,True,829,1.0,-43.388249599999995,-22.8064799,-43.387832,-22.8068569993252
RES_6547,3305109,3755,True,1407,1.0,-43.38359913971507,-22.811463599999996,-43.384143,-22.8107679993251
RES_6548,3305109,4270,True,1750,1.0,-43.38330938483607,-22.8043348,-43.383475,-22.8056859993252
RES_6549,3305109,2250,True,977,1.0,-43.37263135,-22.805174800000003,-43.372862,-22.8040699993252
RES_6550,3305109,4570,True,1919,1.0,-43.37383677340614,-22.7992582,-43.373564,-22.7989469993253
RES_6551,3305109,3699,True,1653,1.0,-43.36664360415391,-22.802994850000005,-43.366575,-22.8023319993252
RES_6552,3305109,7915,True,3177,1.0,-43.36883500824138,-22.798254999999997,-43.3675,-22.7982539993253
RES_6553,3305109,3685,True,1629,1.0,-43.36003075000001,-22.80218835,-43.360709,-22.8022479993253
RES_6554,3305109,1815,True,773,1.0,-43.35920407948905,-22.799724499999996,-43.360084,-22.7997859993253
RES_6555,3305109,535,True,219,1.0,-43.3544186,-22.801705199999994,-43.354992,-22.8017829993253
RES_6556,3305554,317,True,132,1.0,-43.77733986340852,-22.8047077,-43.776578,-22.8046459993252
RES_6557,3305554,521,True,216,1.0,-43.7762698,-22.803852649999996,-43.776956,-22.8033079993252
RES_6558,3305554,1671,True,799,1.0,-43.7741838,-22.8066816,-43.774668,-22.8075859993251
RES_6559,3305554,554,True,249,1.0,-43.76091912670698,-22.8092739,-43.761634,-22.8097279993251
RES_6560,3305554,1452,True,626,1.0,-43.75767584827068,-22.810440749999998,-43.757513,-22.8081279993251
RES_6561,3305554,51,True,32,1.0,-43.75944862995041,-22.803916450000003,-43.74619,-22.8031479993252
RES_6562,3305554,41,True,45,1.0,-43.75760865260559,-22.776341199999997,-43.749426,-22.768845999326
RES_6563,3305554,821,True,398,1.0,-43.752704,-22.804836349999995,-43.752896,-22.8048799993252
RES_6564,3305554,91,False,0,,-43.749535449999996,-22.73572085,-43.749535449999996,-22.73572085
RES_6565,3305554,112,False,0,,-43.750208900000004,-22.6999984,-43.750208900000004,-22.6999984
RES_6566,3305554,130,True,93,1.0,-43.74070365,-22.745286399999998,-43.740806,-22.7450179993266
RES_6567,3305554,84,True,62,1.0,-43.73352684909142,-22.821106349999997,-43.735539,-22.8204169993248
RES_6568,3305554,51,True,35,1.0,-43.731866249999996,-22.783093,-43.737757,-22.7866319993256
RES_6569,3305554,163,True,77,1.0,-43.730865066451145,-22.73443115,-43.733734,-22.7338969993268
RES_6570,3305554,130,False,0,,-43.736087600000005,-22.72529745,-43.736087600000005,-22.72529745
RES_6571,3305554,2363,True,1008,1.0,-43.73468692548305,-22.722746649999998,-43.734703,-22.7219259993271
RES_6572,3305554,71,False,0,,-43.733197000000004,-22.710369500000002,-43.733197000000004,-22.710369500000002
RES_6573,3305554,150,True,72,1.0,-43.72942635,-22.736831,-43.729292,-22.7371919993268
RES_6574,3305554,408,True,203,1.0,-43.727266450671145,-22.7213074,-43.727748,-22.7211999993271
RES_6575,3305554,777,True,390,1.0,-43.72460542534492,-22.709906549999996,-43.723736,-22.7089749993274
RES_6576,3305554,858,True,415,1.0,-43.71716595,-22.837041749999997,-43.714749,-22.8367499993245
RES_6577,3305554,88,True,63,1.0,-43.71682914286569,-22.81688975,-43.725282,-22.812746999325
RES_6578,3305554,23,True,23,1.0,-43.71535956168779,-22.770223150000003,-43.715159,-22.771373999326
RES_6579,3305554,1008,True,477,1.0,-43.7194834048077,-22.7544939,-43.718611,-22.7545809993264
RES_6580,3305554,1284,True,600,1.0,-43.72079914777778,-22.752041799999997,-43.717938,-22.7508759993264
RES_6581,3305554,149,True,77,1.0,-43.71773044457365,-22.7295221,-43.717784,-22.7295049993269
RES_6582,3305554,1696,True,650,1.0,-43.72027460061925,-22.722557749999993,-43.721208,-22.7211479993271
RES_6583,3305554,732,True,358,1.0,-43.71932208782519,-22.713680999999998,-43.719374,-22.7138269993273
RES_6584,3305554,1256,True,564,1.0,-43.71563282429164,-22.706021999999997,-43.718097,-22.7081659993274
RES_6585,3305554,241,True,139,1.0,-43.71173578288448,-22.841540199999997,-43.711652,-22.8416019993244
RES_6586,3305554,904,True,433,1.0,-43.71310700476032,-22.833147049999994,-43.711693,-22.8358979993245
RES_6587,3305554,442,True,190,1.0,-43.7102399986,-22.7567933,-43.710247,-22.7560809993263
RES_6588,3305554,2561,True,1270,1.0,-43.70983105419806,-22.748703049999996,-43.710338,-22.7495599993265
RES_6589,3305554,979,True,504,1.0,-43.70800769746134,-22.743945450000002,-43.708404,-22.7449909993266
RES_6590,3305554,12,False,0,,-43.71075625,-22.7235704,-43.71075625,-22.7235704
RES_6591,3305554,653,True,290,1.0,-43.714062600000005,-22.7079684,-43.714149,-22.7077689993274
RES_6592,3305554,99,True,63,1.0,-43.698106100000004,-22.84297135,-43.694575,-22.8473269993242
RES_6593,3305554,37,True,6,1.0,-43.70503895,-22.8284188,-43.696828,-22.8246269993247
RES_6594,3305554,1475,True,1017,1.0,-43.70402660757301,-22.748630949999992,-43.704019,-22.7488649993265
RES_6595,3305554,3265,True,2322,1.0,-43.70224315277465,-22.7433402,-43.702345,-22.7430109993266
RES_6596,3305554,2683,True,1324,1.0,-43.70048066174265,-22.736027999999997,-43.702343,-22.7364929993268
RES_6597,3305554,226,False,0,,-43.70087435,-22.679823650000003,-43.70087435,-22.679823650000003
RES_6598,3305554,409,True,196,1.0,-43.693175963066196,-22.818490599999997,-43.693462,-22.8182019993249
RES_6599,3305554,1155,True,1069,1.0,-43.69527238012135,-22.749092450000003,-43.695065,-22.7481119993265
RES_6600,3305554,3218,True,1929,1.0,-43.69610186470459,-22.7425698,-43.695326,-22.7433569993266
RES_6601,3305554,2739,True,1209,1.0,-43.69565654876444,-22.736331649999997,-43.695421,-22.7357309993268
RES_6602,3305554,388,True,189,1.0,-43.69286675935143,-22.73153005,-43.693046,-22.7320419993269
RES_6603,3305554,58,False,0,,-43.685925807885624,-22.819899999999997,-43.685925807885624,-22.819899999999997
RES_6604,3305554,64,True,25,1.0,-43.68428255233903,-22.800848499999997,-43.707435,-22.8007179993253
RES_6605,3305554,589,False,0,,-43.689324549999995,-22.767092249999997,-43.689324549999995,-22.767092249999997
RES_6606,3305554,1767,True,1423,1.0,-43.68725067958088,-22.747642399999997,-43.689399,-22.7491809993265
RES_6607,3305554,1555,True,439,1.0,-43.688202395509535,-22.74411495,-43.689657,-22.7425479993266
RES_6608,3305554,1187,True,536,1.0,-43.69068245,-22.7379446,-43.689286,-22.7380729993267
RES_6609,3305554,47,False,0,,-43.68373224344528,-22.716186899999997,-43.68373224344528,-22.716186899999997
RES_6610,3305554,67,True,63,1.0,-43.68874732689978,-22.7034493,-43.678656,-22.7008359993276
RES_6611,3305554,45,True,46,1.0,-43.68699585234735,-22.688377249999995,-43.684889,-22.684247999328
RES_6612,3305554,933,True,424,1.0,-43.67543295,-22.85980765,-43.675367,-22.8598699993239
RES_6613,3305554,52,True,51,1.0,-43.67978252830105,-22.829593749999997,-43.682349,-22.8396449993244
RES_6614,3305554,75,True,51,1.0,-43.67882131322861,-22.780501749999996,-43.67331,-22.7787089993258
RES_6615,3305554,615,True,309,1.0,-43.67565570714139,-22.762886799999997,-43.675354,-22.7625819993262
RES_6616,3305554,45,True,22,1.0,-43.67846735554131,-22.758335949999996,-43.673352,-22.7557419993263
RES_6617,3305554,60,False,0,,-43.679033604568815,-22.74164745,-43.679033604568815,-22.74164745
RES_6618,3305554,1161,True,459,1.0,-43.67319394264925,-22.855713149999996,-43.673331,-22.857043999324
RES_6619,3305554,1,True,5,1.0,-43.6744524023224,-22.7350644,-43.6767,-22.7334169993268
RES_6620,3305554,260,True,71,1.0,-43.664156504578706,-22.771067000000002,-43.664464,-22.769994999326
RES_6621,3305554,708,True,341,1.0,-43.66107875,-22.7269833,-43.660722,-22.727158999327
RES_6622,3305554,378,True,160,1.0,-43.658067121397266,-22.82632385,-43.653473,-22.8220189993248
RES_6623,3305554,863,True,329,1.0,-43.65253382613465,-22.798781249999998,-43.652461,-22.7986979993253
RES_6624,3305554,566,True,248,1.0,-43.65281554882426,-22.794441499999998,-43.652656,-22.7946429993254
RES_6625,3305554,50,True,8,1.0,-43.65365370000001,-22.77906545,-43.650222,-22.7874629993256
RES_6626,3305554,768,True,373,1.0,-43.65732628305589,-22.768014700000002,-43.657168,-22.770950999326
RES_6627,3305554,1850,True,827,1.0,-43.65659164943857,-22.7312685,-43.656163,-22.7299469993269
RES_6628,3305554,96,False,0,,-43.653451455842415,-22.710537199999997,-43.653451455842415,-22.710537199999997
RES_6629,3305554,98,True,70,1.0,-43.654458649999995,-22.668384799999995,-43.65472,-22.6693549993283
RES_6630,3305554,433,False,0,,-43.64828087423972,-22.828914399999995,-43.64828087423972,-22.828914399999995
RES_6631,3305554,758,True,357,1.0,-43.647260994709,-22.820535400000004,-43.647872,-22.8209869993248
RES_6632,3305554,2035,True,798,1.0,-43.648311,-22.813564,-43.648991,-22.814580999325
RES_6633,3305554,2975,True,1225,1.0,-43.64533419259233,-22.80677955,-43.647301,-22.8070959993251
RES_6634,3305554,2800,True,1241,1.0,-43.648882650000004,-22.800193049999997,-43.648596,-22.8000159993253
RES_6635,3305554,619,True,285,1.0,-43.6515361,-22.792894350000005,-43.651738,-22.7928349993255
RES_6636,3305554,8,True,8,1.0,-43.64485857499507,-22.748751749999997,-43.644948,-22.7511949993264
RES_6637,3305554,137,True,80,1.0,-43.6513021,-22.7426135,-43.650919,-22.7411159993267
RES_6638,3305554,177,False,0,,-43.6502776,-22.733955700000003,-43.6502776,-22.733955700000003
RES_6639,3305554,309,False,0,,-43.6518739,-22.728282200000002,-43.6518739,-22.728282200000002
RES_6640,3305554,50,False,0,,-43.652162260395684,-22.699510349999997,-43.652162260395684,-22.699510349999997
RES_6641,3305554,953,True,442,1.0,-43.638607885333606,-22.825927949999997,-43.638788,-22.8257879993247
RES_6642,3305554,608,True,237,1.0,-43.636477850000006,-22.821577849999994,-43.636541,-22.8216899993248
RES_6643,3305554,1928,True,787,1.0,-43.63842008427788,-22.813007499999998,-43.639479,-22.813117999325
RES_6644,3305554,2182,True,983,1.0,-43.640581625769435,-22.807723249999995,-43.640191,-22.8068509993251
RES_6645,3305554,3124,True,1374,1.0,-43.64210800010077,-22.79907195,-43.639977,-22.7987539993253
RES_6646,3305554,1742,True,793,1.0,-43.63961389036987,-22.791817100000003,-43.641255,-22.7924429993255
RES_6647,3305554,270,True,149,1.0,-43.64330335,-22.767043499999993,-43.642763,-22.7665769993261
RES_6648,3305554,190,True,115,1.0,-43.64328299306737,-22.663961949999994,-43.642966,-22.6631049993285
RES_6649,3305554,929,True,478,1.0,-43.633413649999994,-22.827478499999998,-43.632553,-22.8269359993247
RES_6650,3305554,1483,True,658,1.0,-43.62924820698555,-22.82016185,-43.632078,-22.8200399993248
RES_6651,3305554,1174,True,550,1.0,-43.6329126,-22.815292149999998,-43.632701,-22.813773999325
RES_6652,3305554,677,True,313,1.0,-43.635689889236204,-22.809343549999994,-43.635512,-22.8096849993251
RES_6653,3305554,645,True,245,1.0,-43.63483640405726,-22.800891800000002,-43.634263,-22.8010989993253
RES_6654,3305554,1224,True,541,1.0,-43.63538872937956,-22.8057234,-43.633936,-22.8050589993252
RES_6655,3305554,481,True,190,1.0,-43.636147896837045,-22.813106299999998,-43.636213,-22.812981999325
RES_6656,3305554,189,True,93,1.0,-43.63968690534092,-22.817024950000004,-43.639732,-22.8163749993249
