id,municipality_code,census_population,age_15_59_measured_or_suppression_proxy,census_municipal_employment_calibrated
RES_0000,3300456,3147,2148.0,1171
RES_0001,3300456,6397,4208.0,2294
RES_0002,3300456,4053,2808.0,1531
RES_0003,3300456,2814,2007.0,1094
RES_0004,3300456,5299,3547.0,1933
RES_0005,3300456,841,521.3299419990631,284
RES_0006,3300456,551,376.0,205
RES_0007,3300456,754,535.0,292
RES_0008,3300456,792,491.0,268
RES_0009,3300456,273,177.0,96
RES_0010,3300456,5613,3680.0,2006
RES_0011,3300456,2431,1594.0,869
RES_0012,3300456,1664,1063.0,579
RES_0013,3300456,724,476.0,259
RES_0014,3300456,1937,1219.0,664
RES_0015,3300456,1209,778.0,424
RES_0016,3300456,3075,1981.0,1080
RES_0017,3300456,6027,3992.0,2176
RES_0018,3300456,2628,1723.0,939
RES_0019,3300456,4281,2800.0,1526
RES_0020,3300456,1202,787.0,429
RES_0021,3300456,6680,4608.0,2512
RES_0022,3300456,6160,4077.0,2222
RES_0023,3300456,577,382.0,208
RES_0024,3300456,610,398.0,217
RES_0025,3300456,2324,1539.0,839
RES_0026,3300456,2624,1694.0,923
RES_0027,3300456,2085,1373.0,748
RES_0028,3300456,8137,5335.0,2908
RES_0029,3300456,738,477.0,260
RES_0030,3300456,1338,877.0,478
RES_0031,3300456,5119,3290.0,1793
RES_0032,3300456,446,267.0,146
RES_0033,3300456,814,517.0,282
RES_0034,3300456,1044,683.0,372
RES_0035,3300456,4916,3342.0,1822
RES_0036,3300456,4484,3039.0,1657
RES_0037,3300456,2502,1714.0,934
RES_0038,3300456,1878,1206.0,657
RES_0039,3300456,1170,748.0,408
RES_0040,3300456,4997,3259.0,1776
RES_0041,3300456,729,485.0,264
RES_0042,3300456,364,234.0,128
RES_0043,3300456,426,259.0,141
RES_0044,3300456,143,92.0,50
RES_0045,3300456,817,493.0,269
RES_0046,3300456,1541,943.0,514
RES_0047,3300456,198,137.0,75
RES_0048,3300456,206,144.0,78
RES_0049,3300456,2060,1331.0,726
RES_0050,3300456,3261,2069.0,1128
RES_0051,3300456,399,251.0,137
RES_0052,3300456,202,140.0,76
RES_0053,3300456,503,333.0,182
RES_0054,3300456,1843,1204.0,656
RES_0055,3300456,964,628.0,342
RES_0056,3300456,3642,2301.0,1254
RES_0057,3300456,2057,1319.0,719
RES_0058,3300456,969,598.0,326
RES_0059,3300456,529,366.0,200
RES_0060,3300456,506,305.0,166
RES_0061,3300456,783,470.0,256
RES_0062,3300456,255,150.0,82
RES_0063,3300456,411,240.0,131
RES_0064,3300456,528,338.0,184
RES_0065,3300456,1353,860.0,469
RES_0066,3300456,424,285.0,155
RES_0067,3300456,1442,962.0,524
RES_0068,3300456,5524,3638.0,1983
RES_0069,3300456,2624,1757.0,958
RES_0070,3300456,2196,1424.0,776
RES_0071,3300456,1517,1023.0,558
RES_0072,3300456,487,317.0,173
RES_0073,3300456,751,521.0,284
RES_0074,3300456,713,472.0,257
RES_0075,3300456,765,487.0,265
RES_0076,3300456,1124,746.0,407
RES_0077,3300456,363,235.0,128
RES_0078,3300456,390,254.0,138
RES_0079,3300456,500,339.0,185
RES_0080,3300456,2537,1626.0,886
RES_0081,3300456,1273,819.0,446
RES_0082,3300456,576,375.7951725310216,205
RES_0083,3300456,4223,2691.0,1467
RES_0084,3300456,3724,2405.0,1311
RES_0085,3300456,379,240.0,131
RES_0086,3300456,1112,706.0,385
RES_0087,3300456,740,479.0,261
RES_0088,3300456,2454,1631.0,889
RES_0089,3300456,917,607.0,331
RES_0090,3300456,669,398.0,217
RES_0091,3300456,491,329.0,179
RES_0092,3300456,4349,2953.0,1610
RES_0093,3300456,535,365.0,199
RES_0094,3300456,2156,1454.0,793
RES_0095,3300456,2176,1464.0,798
RES_0096,3300456,174,116.0,63
RES_0097,3300456,3384,2178.0,1187
RES_0098,3300456,4158,2742.0,1495
RES_0099,3300456,2602,1756.0,957
RES_0100,3300456,543,361.0,197
RES_0101,3300456,2040,1309.0,714
RES_0102,3300456,3452,2269.0,1237
RES_0103,3300456,1840,1207.0,658
RES_0104,3300456,2156,1360.0,741
RES_0105,3300456,1515,953.0,519
RES_0106,3300456,694,429.0,234
RES_0107,3300456,1080,681.0,371
RES_0108,3300456,1637,1027.0,560
RES_0109,3300456,640,424.0,231
RES_0110,3300456,732,472.0,257
RES_0111,3300456,2427,1586.0,865
RES_0112,3300456,367,241.0,131
RES_0113,3300456,505,340.0,185
RES_0114,3300456,233,142.0,77
RES_0115,3300456,144,94.0,51
RES_0116,3300456,657,426.0,232
RES_0117,3300456,533,331.0,180
RES_0118,3300456,609,398.0,217
RES_0119,3300456,1126,779.0,425
RES_0120,3300456,2500,1711.6535407934396,933
RES_0121,3300456,3958,2550.0,1390
RES_0122,3300456,4307,2847.0,1552
RES_0123,3300456,1658,1063.0,579
RES_0124,3300456,2534,1609.0,877
RES_0125,3300456,3954,2558.0,1394
RES_0126,3300456,463,309.0,168
RES_0127,3300456,512,336.0,183
RES_0128,3300456,773,504.0,275
RES_0129,3300456,4373,2837.0,1546
RES_0130,3300456,2654,1730.0,943
RES_0131,3300456,1038,760.0,414
RES_0132,3300456,1722,1100.0,600
RES_0133,3300456,3276,2220.0,1210
RES_0134,3300456,5178,3294.0,1796
RES_0135,3300456,646,377.0,205
RES_0136,3300456,2211,1401.0,764
RES_0137,3300456,2056,1388.0,757
RES_0138,3300456,4098,2723.0,1484
RES_0139,3300456,1334,889.0,485
RES_0140,3300456,410,259.0,141
RES_0141,3300456,591,374.0,204
RES_0142,3300456,698,482.0,263
RES_0143,3300456,1175,749.0,408
RES_0144,3300456,678,442.0,241
RES_0145,3300456,4948,3201.0,1745
RES_0146,3300456,2784,1759.0,959
RES_0147,3300456,934,592.0,323
RES_0148,3300456,1800,1182.0,644
RES_0149,3300456,1473,960.0,523
RES_0150,3300456,2728,1809.0,986
RES_0151,3300456,4175,2667.0,1454
RES_0152,3300456,1491,947.0,516
RES_0153,3300456,2004,1332.0,726
RES_0154,3300456,323,200.0,109
RES_0155,3300456,822,549.0,299
RES_0156,3300456,692,431.0,235
RES_0157,3300456,304,194.0,106
RES_0158,3300456,754,505.0,275
RES_0159,3300456,2105,1324.0,722
RES_0160,3300456,2696,1709.0,932
RES_0161,3300456,1147,718.0,391
RES_0162,3300456,4708,2999.0,1635
RES_0163,3300456,6562,4086.5589068129334,2228
RES_0164,3300456,952,592.0,323
RES_0165,3300456,366,240.0,131
RES_0166,3300456,462,297.0,162
RES_0167,3300456,153,101.0,55
RES_0168,3300456,481,297.0,162
RES_0169,3300456,368,225.0,123
RES_0170,3300456,1164,727.0,396
RES_0171,3300456,2821,1810.0,987
RES_0172,3300456,2698,1805.0,984
RES_0173,3300456,2731,1790.0,976
RES_0174,3300456,1427,911.0,497
RES_0175,3300456,1206,821.0,448
RES_0176,3300456,558,364.0,198
RES_0177,3300456,324,247.0,135
RES_0178,3300456,322,218.0,119
RES_0179,3300456,846,531.0,289
RES_0180,3300456,503,318.0,173
RES_0181,3300456,523,329.0,179
RES_0182,3300456,3425,2278.0,1242
RES_0183,3300456,210,131.0,71
RES_0184,3300456,1887,1215.0,662
RES_0185,3300456,3694,2397.0,1307
RES_0186,3300456,2359,1526.0,832
RES_0187,3300456,5033,3264.0,1779
RES_0188,3300456,663,433.0,236
RES_0189,3300456,2219,1451.0,791
RES_0190,3300456,2436,1564.739916170197,853
RES_0191,3300456,330,216.0,118
RES_0192,3300456,391,265.0,144
RES_0193,3300456,614,386.0,210
RES_0194,3300456,556,366.0,200
RES_0195,3300456,3029,1974.0,1076
RES_0196,3300456,457,303.0,165
RES_0197,3300456,2606,1716.0,935
RES_0198,3300456,4071,2635.0,1436
RES_0199,3300456,485,317.0,173
RES_0200,3300456,140,92.0,50
RES_0201,3300456,1787,1198.0,653
RES_0202,3300456,956,642.0,350
RES_0203,3300456,2376,1541.0,840
RES_0204,3300456,842,519.0,283
RES_0205,3300456,6443,4154.0,2264
RES_0206,3300456,437,277.0,151
RES_0207,3300456,1080,726.0,396
RES_0208,3300456,355,244.0,133
RES_0209,3300456,2960,1870.0,1019
RES_0210,3300456,2367,1519.0,828
RES_0211,3300456,72,42.0,23
RES_0212,3300456,4769,3037.0,1655
RES_0213,3300456,6021,3876.149571108154,2113
RES_0214,3300456,1599,1065.0,581
RES_0215,3300456,852,580.0,316
RES_0216,3300456,276,177.0,96
RES_0217,3300456,21,13.72435666223057,7
RES_0218,3300456,158,93.0,51
RES_0219,3300456,244,148.0,81
RES_0220,3300456,1367,871.0,475
RES_0221,3300456,3899,2465.0,1344
RES_0222,3300456,201,124.0,68
RES_0223,3300456,5398,3533.0,1926
RES_0224,3300456,2243,1510.0,823
RES_0225,3300456,528,338.0,184
RES_0226,3300456,921,609.0,332
RES_0227,3300456,2618,1677.0,914
RES_0228,3300456,913,615.0,335
RES_0229,3300456,343,223.0,122
RES_0230,3300456,165,105.0,57
RES_0231,3300456,1726,1197.0,652
RES_0232,3300456,12,7.8424895212746115,4
RES_0233,3300456,110,71.8894872783506,39
RES_0234,3300456,2909,1943.0,1059
RES_0235,3300456,2676,1737.37789745567,947
RES_0236,3300456,509,328.0,179
RES_0237,3300456,1405,905.0,493
RES_0238,3300456,2279,1499.0,817
RES_0239,3300456,2438,1600.0,872
RES_0240,3300456,2202,1460.0,796
RES_0241,3300456,564,353.0,192
RES_0242,3300456,311,192.0,105
RES_0243,3300456,423,269.0,147
RES_0244,3300456,773,519.0,283
RES_0245,3300456,2878,1968.0,1073
RES_0246,3300456,2873,2044.0,1114
RES_0247,3300456,3966,2619.0,1428
RES_0248,3300456,894,554.0,302
RES_0249,3300456,3922,2482.0,1353
RES_0250,3300456,1043,681.0,371
RES_0251,3300456,2318,1520.0,829
RES_0252,3300456,496,327.0,178
RES_0253,3300456,1145,765.0,417
RES_0254,3300456,732,521.0,284
RES_0255,3300456,503,327.0,178
RES_0256,3300456,414,278.0,152
RES_0257,3300456,749,507.0,276
RES_0258,3300456,1022,680.0,371
RES_0259,3300456,5544,3673.0,2002
RES_0260,3300456,903,632.0,344
RES_0261,3300456,685,436.0,238
RES_0262,3300456,1708,1135.0,619
RES_0263,3300456,1873,1217.0,663
RES_0264,3300456,1241,832.0,454
RES_0265,3300456,914,602.0,328
RES_0266,3300456,2158,1393.0,759
RES_0267,3300456,3329,2142.0,1168
RES_0268,3300456,1308,899.0,490
RES_0269,3300456,558,386.0,210
RES_0270,3300456,971,576.0,314
RES_0271,3300456,151,93.0,51
RES_0272,3300456,790,496.0,270
RES_0273,3300456,271,178.0,97
RES_0274,3300803,215,141.0,93
RES_0275,3300803,121,73.0,48
RES_0276,3300803,172,96.0,64
RES_0277,3300803,360,223.0,148
RES_0278,3300803,160,101.70303030303032,67
RES_0279,3300803,92,54.0,36
RES_0280,3300803,185,123.77037037037036,82
RES_0281,3300803,92,54.92407809110628,36
RES_0282,3300803,121,81.96923076923078,54
RES_0283,3300803,18,10.982817869415799,7
RES_0284,3301702,2565,1715.0,1065
RES_0285,3301702,5341,3355.0,2083
RES_0286,3301702,1402,875.0,543
RES_0287,3301702,906,597.963594001735,371
RES_0288,3301702,3072,1948.111652001487,1210
RES_0289,3301702,5460,3503.0,2175
RES_0290,3301702,4471,2836.0,1761
RES_0291,3301702,334,213.0,132
RES_0292,3301702,5262,3348.0,2079
RES_0293,3301702,720,479.0,297
RES_0294,3301702,443,252.0,156
RES_0295,3301702,1848,1110.0,689
RES_0296,3301702,2730,1755.0,1090
RES_0297,3301702,5296,3428.0,2129
RES_0298,3301702,1326,827.0,514
RES_0299,3301702,5116,3301.3349560044617,2050
RES_0300,3301702,2678,1675.0,1040
RES_0301,3301702,1852,1189.0,738
RES_0302,3301702,1825,1115.0,692
RES_0303,3301702,1524,920.0,571
RES_0304,3301702,1253,746.0,463
RES_0305,3301702,2760,1661.765777667617,1032
RES_0306,3301702,6966,4344.0,2697
RES_0307,3301702,1573,937.0,582
RES_0308,3301702,566,348.0,216
RES_0309,3301702,2362,1414.0,878
RES_0310,3301702,4709,2974.0,1847
RES_0311,3301702,1995,1307.0,812
RES_0312,3301702,363,230.0,143
RES_0313,3301702,4413,2803.0,1740
RES_0314,3301702,4154,2541.0,1578
RES_0315,3301702,2116,1327.0,824
RES_0316,3301702,7551,4966.0,3083
RES_0317,3301702,8246,5106.0,3170
RES_0318,3301702,1255,796.0,494
RES_0319,3301702,1945,1283.0,797
RES_0320,3301702,872,554.0,344
RES_0321,3301702,1359,837.0,520
RES_0322,3301702,1714,1094.0,679
RES_0323,3301702,944,604.0,375
RES_0324,3301702,3166,2049.0,1272
RES_0325,3301702,2620,1693.0,1051
RES_0326,3301702,1583,1031.0,640
RES_0327,3301702,5690,3611.0,2242
RES_0328,3301702,2447,1573.0,977
RES_0329,3301702,390,231.0,143
RES_0330,3301702,334,207.0,129
RES_0331,3301702,1382,903.0,561
RES_0332,3301702,1264,829.0,515
RES_0333,3301702,2326,1450.0,900
RES_0334,3301702,357,211.0,131
RES_0335,3301702,10253,6490.0,4030
RES_0336,3301702,2150,1364.0,847
RES_0337,3301702,1077,712.0,442
RES_0338,3301702,2956,1867.0,1159
RES_0339,3301702,549,339.0,211
RES_0340,3301702,1255,780.0,484
RES_0341,3301702,4747,3055.0,1897
RES_0342,3301702,1925,1257.0,781
RES_0343,3301702,8068,5209.0,3234
RES_0344,3301702,6190,3988.0,2476
RES_0345,3301702,253,173.0,107
RES_0346,3301702,2826,1844.0,1145
RES_0347,3301702,5119,3338.0,2073
RES_0348,3301702,1916,1246.0,774
RES_0349,3301702,28,17.975729334490026,11
RES_0350,3301702,899,560.0,348
RES_0351,3301702,923,577.0,358
RES_0352,3301702,394,254.0,158
RES_0353,3301702,1625,998.0,620
RES_0354,3301702,2671,1692.0,1051
RES_0355,3301702,4386,2749.0,1707
RES_0356,3301702,6666,4146.0,2574
RES_0357,3301702,924,625.0,388
RES_0358,3301702,1765,1128.0,700
RES_0359,3301702,6471,4061.0,2522
RES_0360,3301702,1904,1249.0,776
RES_0361,3301702,201,124.0,77
RES_0362,3301702,2824,1818.0,1129
RES_0363,3301702,501,329.0,204
RES_0364,3301702,749,497.0,309
RES_0365,3301702,4652,3126.0,1941
RES_0366,3301702,1765,1187.0,737
RES_0367,3301702,4266,2827.0,1755
RES_0368,3301702,1670,1099.0,682
RES_0369,3301702,788,508.0,315
RES_0370,3301702,1292,758.0,471
RES_0371,3301702,117,63.0,39
RES_0372,3301702,1256,868.0,539
RES_0373,3301702,301,187.0,116
RES_0374,3301702,1329,830.0,515
RES_0375,3301702,612,391.0,243
RES_0376,3301702,135,86.0,53
RES_0377,3301702,337,209.0,130
RES_0378,3301702,3399,2105.0,1307
RES_0379,3301702,4351,2756.0,1711
RES_0380,3301702,1382,870.0,540
RES_0381,3301702,3997,2489.0,1545
RES_0382,3301702,9551,6059.0,3762
RES_0383,3301702,6327,3999.0,2483
RES_0384,3301702,1260,802.0,498
RES_0385,3301702,4138,2719.0,1688
RES_0386,3301702,3991,2542.0,1578
RES_0387,3301702,467,304.0,189
RES_0388,3301702,2281,1405.0,872
RES_0389,3301702,3004,1885.0,1170
RES_0390,3301702,5572,3496.2354393357296,2171
RES_0391,3301702,5505,3386.0,2102
RES_0392,3301702,1095,656.0,407
RES_0393,3301702,5662,3600.0,2235
RES_0394,3301702,1694,1054.0,654
RES_0395,3301702,1305,980.0,609
RES_0396,3301702,1021,665.0,413
RES_0397,3301702,4281,2749.0,1707
RES_0398,3301702,1310,847.0,526
RES_0399,3301702,472,315.0,196
RES_0400,3301702,1412,887.0,551
RES_0401,3301702,8267,5370.0,3334
RES_0402,3301702,4747,3092.0,1920
RES_0403,3301702,333,219.0,136
RES_0404,3301702,2282,1431.0,889
RES_0405,3301702,638,381.0,237
RES_0406,3301702,334,204.0,127
RES_0407,3301702,1928,1195.0,742
RES_0408,3301702,827,557.0,346
RES_0409,3301702,544,377.0,234
RES_0410,3301702,883,544.0,338
RES_0411,3301702,1200,834.0,518
RES_0412,3301702,1688,1048.0,651
RES_0413,3301702,1376,871.0,541
RES_0414,3301702,795,546.0,339
RES_0415,3301702,926,588.0,365
RES_0416,3301702,4542,2896.0,1798
RES_0417,3301702,6227,3936.0,2444
RES_0418,3301702,986,624.0,387
RES_0419,3301702,4663,2954.0,1834
RES_0420,3301702,2780,1765.0,1096
RES_0421,3301702,1149,708.0,440
RES_0422,3301702,472,289.0,179
RES_0423,3301702,1559,1002.0,622
RES_0424,3301702,88,57.0,35
RES_0425,3301702,757,499.0,310
RES_0426,3301702,1393,930.0,577
RES_0427,3301702,85,59.0,37
RES_0428,3301702,1107,710.0,441
RES_0429,3301702,802,552.0,343
RES_0430,3301702,271,168.0,104
RES_0431,3301702,222,138.0,86
RES_0432,3301702,4317,2719.0,1688
RES_0433,3301702,725,456.0,283
RES_0434,3301702,4385,2844.0,1766
RES_0435,3301702,6029,3960.0,2459
RES_0436,3301702,280,170.48179700086752,106
RES_0437,3301702,5252,3421.0,2124
RES_0438,3301702,1844,1178.0,731
RES_0439,3301702,845,555.0,345
RES_0440,3301702,359,231.0,143
RES_0441,3301702,940,611.0,379
RES_0442,3301702,551,340.0,211
RES_0443,3301702,254,152.0,94
RES_0444,3301702,1427,967.0,600
RES_0445,3301702,174,110.0,68
RES_0446,3301702,6142,3920.0,2434
RES_0447,3301702,982,688.0,427
RES_0448,3301702,7297,4785.0,2971
RES_0449,3301702,2528,1656.0,1028
RES_0450,3301702,1054,693.0,430
RES_0451,3301702,4313,2777.0,1724
RES_0452,3301702,3070,2043.0,1269
RES_0453,3301702,626,381.0,237
RES_0454,3301702,1461,925.0,574
RES_0455,3301702,875,550.0,342
RES_0456,3301702,1338,896.0,556
RES_0457,3301702,349,231.0,143
RES_0458,3301702,414,268.0,166
RES_0459,3301702,571,377.0,234
RES_0460,3301702,805,537.0,333
RES_0461,3301702,1395,904.0,561
RES_0462,3301702,1940,1269.0,788
RES_0463,3301702,1284,839.0,521
RES_0464,3301702,339,208.0,129
RES_0465,3301702,3328,2167.0,1346
RES_0466,3301702,1125,694.0,431
RES_0467,3301702,217,131.0,81
RES_0468,3301702,315,200.0,124
RES_0469,3301702,119,84.0,52
RES_0470,3301702,374,231.0,143
RES_0471,3301702,613,384.0,238
RES_0472,3301702,3508,2276.0,1413
RES_0473,3301702,147,95.0,59
RES_0474,3301702,503,338.0,210
RES_0475,3301702,181,124.0,77
RES_0476,3301702,478,300.0,186
RES_0477,3301702,163,101.0,63
RES_0478,3301702,739,480.0,298
RES_0479,3301702,338,215.0,134
RES_0480,3301702,38,24.395632668236463,15
RES_0481,3301702,1574,1063.0,660
RES_0482,3301702,1291,834.0,518
RES_0483,3301702,2050,1265.0,785
RES_0484,3301702,2095,1304.0,810
RES_0485,3301702,1140,769.0,477
RES_0486,3301702,1413,943.0,586
RES_0487,3301702,263,178.0,111
RES_0488,3301702,1114,716.0,445
RES_0489,3301702,2650,1697.0,1054
RES_0490,3301702,2032,1340.0,832
RES_0491,3301702,377,243.0,151
RES_0492,3301702,242,157.0,98
RES_0493,3301702,270,176.0,109
RES_0494,3301702,1525,1008.0,626
RES_0495,3301702,2075,1414.0,878
RES_0496,3301702,1235,837.0,520
RES_0497,3301702,1150,737.0,458
RES_0498,3301702,523,348.0,216
RES_0499,3301702,3595,2367.0,1470
RES_0500,3301702,4299,2828.0,1756
RES_0501,3301702,707,521.0,324
RES_0502,3301702,2452,1629.0,1011
RES_0503,3301702,1018,710.0,441
RES_0504,3301702,5435,3654.0,2269
RES_0505,3301702,5104,3223.0,2001
RES_0506,3301702,2869,1861.0,1156
RES_0507,3301702,3724,2415.0,1500
RES_0508,3301702,4221,2742.0,1703
RES_0509,3301702,338,202.0,125
RES_0510,3301702,153,95.0,59
RES_0511,3301702,3323,2208.0,1371
RES_0512,3301702,240,142.0,88
RES_0513,3301702,1182,753.0,468
RES_0514,3301702,5419,3533.0,2194
RES_0515,3301702,948,599.0,372
RES_0516,3301702,777,505.0,314
RES_0517,3301702,2794,1822.0,1131
RES_0518,3301702,3707,2500.0,1552
RES_0519,3301702,5372,3487.0,2165
RES_0520,3301702,4412,2861.0,1776
RES_0521,3301702,2644,1658.0,1029
RES_0522,3301702,1188,742.0,461
RES_0523,3301702,4035,2654.0,1648
RES_0524,3301702,4338,2785.0,1729
RES_0525,3301702,2968,1933.0,1200
RES_0526,3301702,2554,1608.0,998
RES_0527,3301702,5667,3604.0,2238
RES_0528,3301702,2019,1288.0,800
RES_0529,3301702,701,440.0,273
RES_0530,3301702,438,285.0,177
RES_0531,3301702,1320,820.0,509
RES_0532,3301702,403,262.0,163
RES_0533,3301702,131,86.0,53
RES_0534,3301702,325,202.0,125
RES_0535,3301702,1176,707.0,439
RES_0536,3301702,312,202.0,125
RES_0537,3301702,1531,993.0,617
RES_0538,3301702,419,262.0,163
RES_0539,3301702,761,478.0,297
RES_0540,3301702,1411,946.0,587
RES_0541,3301702,788,482.0,299
RES_0542,3301702,2045,1303.0,809
RES_0543,3301702,2742,1779.0,1105
RES_0544,3301702,80,48.0,30
RES_0545,3301702,563,379.0,235
RES_0546,3301702,645,429.0,266
RES_0547,3301702,74,53.0,33
RES_0548,3301702,580,354.0,220
RES_0549,3301702,412,278.0,173
RES_0550,3301702,2163,1432.0,889
RES_0551,3301702,1448,976.0,606
RES_0552,3301702,616,407.0,253
RES_0553,3301702,2931,1928.0,1197
RES_0554,3301702,3095,2017.0,1252
RES_0555,3301702,423,263.0,163
RES_0556,3301702,1912,1213.0,753
RES_0557,3301702,584,371.0,230
RES_0558,3301702,768,547.0,340
RES_0559,3301702,712,438.0,272
RES_0560,3301702,1019,649.0,403
RES_0561,3301702,1237,755.0,469
RES_0562,3301702,2186,1379.0,856
RES_0563,3301702,384,246.0,153
RES_0564,3301702,2729,1721.0,1069
RES_0565,3301702,714,458.0,284
RES_0566,3301702,1730,1067.0,663
RES_0567,3301702,525,354.0,220
RES_0568,3301702,477,321.0,199
RES_0569,3301702,1461,961.0,597
RES_0570,3301702,3650,2336.0,1450
RES_0571,3301702,2052,1330.0,826
RES_0572,3301702,1831,1220.8034006692278,758
RES_0573,3301702,4151,2742.0,1703
RES_0574,3301702,1909,1282.0,796
RES_0575,3301702,1298,821.0,510
RES_0576,3301702,3602,2313.0,1436
RES_0577,3301702,1591,1058.0,657
RES_0578,3301702,176,116.0,72
RES_0579,3301702,426,309.0,192
RES_0580,3301702,501,313.0,194
RES_0581,3301702,360,233.0,145
RES_0582,3301702,2112,1351.0,839
RES_0583,3301702,3532,2308.0,1433
RES_0584,3301702,3403,2259.0,1403
RES_0585,3301702,817,522.0,324
RES_0586,3301702,961,629.0,391
RES_0587,3301702,3727,2370.0,1472
RES_0588,3301702,4232,2688.0,1669
RES_0589,3301702,3781,2465.0,1531
RES_0590,3301702,646,411.0,255
RES_0591,3301702,2599,1675.0,1040
RES_0592,3301702,2137,1364.0,847
RES_0593,3301702,1176,735.0,456
RES_0594,3301702,650,399.0,248
RES_0595,3301702,2851,1801.0,1118
RES_0596,3301702,17,10.913835667368943,7
RES_0597,3301702,1090,665.0,413
RES_0598,3301702,2011,1285.0,798
RES_0599,3301702,1177,766.0,476
RES_0600,3301702,2598,1665.0,1034
RES_0601,3301702,3953,2551.0,1584
RES_0602,3301702,851,546.0,339
RES_0603,3301702,589,388.0,241
RES_0604,3301702,368,248.0,154
RES_0605,3301702,1325,875.0,543
RES_0606,3301702,707,514.0,319
RES_0607,3301702,1616,1084.0,673
RES_0608,3301702,4922,3214.0,1996
RES_0609,3301702,2407,1573.0,977
RES_0610,3301702,705,464.0,288
RES_0611,3301702,3957,2511.0,1559
RES_0612,3301702,4850,3009.0,1868
RES_0613,3301702,2990,1888.5934490023546,1173
RES_0614,3301702,1454,973.0,604
RES_0615,3301702,731,443.0,275
RES_0616,3301702,714,449.0,279
RES_0617,3301702,464,317.0,197
RES_0618,3301702,2242,1399.0,869
RES_0619,3301702,1710,1107.0,687
RES_0620,3301702,1210,788.0,489
RES_0621,3301702,3996,2533.0,1573
RES_0622,3301702,2678,1720.0,1068
RES_0623,3301702,2161,1315.0,817
RES_0624,3301702,197,134.0,83
RES_0625,3301702,2198,1459.0,906
RES_0626,3301702,2482,1629.0,1011
RES_0627,3301702,511,321.0,199
RES_0628,3301702,121,73.0,45
RES_0629,3301702,1056,671.0,417
RES_0630,3301702,4125,2587.0,1606
RES_0631,3301702,2980,1922.0,1193
RES_0632,3301702,154,103.0,64
RES_0633,3301702,2043,1241.0,771
RES_0634,3301702,2043,1294.0,803
RES_0635,3301702,1355,886.0,550
RES_0636,3301702,1142,725.0,450
RES_0637,3301702,668,383.0,238
RES_0638,3301702,883,564.0,350
RES_0639,3301702,1472,947.0,588
RES_0640,3301702,2199,1353.0,840
RES_0641,3301702,3679,2398.0,1489
RES_0642,3301702,2199,1443.0,896
RES_0643,3301702,89,57.0,35
RES_0644,3301702,1671,1021.0,634
RES_0645,3301702,3665,2314.0,1437
RES_0646,3301702,898,593.0,368
RES_0647,3301702,387,256.0,159
RES_0648,3301702,1510,977.0,607
RES_0649,3301702,2539,1638.0,1017
RES_0650,3301702,2272,1480.0,919
RES_0651,3301702,1299,874.0,543
RES_0652,3301702,1183,769.0,477
RES_0653,3301702,1908,1250.4696616681126,776
RES_0654,3301702,765,487.0,302
RES_0655,3301702,182,111.0,69
RES_0656,3301702,2110,1380.0,857
RES_0657,3301702,1950,1217.0,756
RES_0658,3301702,1593,1052.0,653
RES_0659,3301702,1252,834.0,518
RES_0660,3301702,453,301.0,187
RES_0661,3301702,700,472.0,293
RES_0662,3301702,1481,987.0,613
RES_0663,3301702,319,204.0,127
RES_0664,3301702,98,64.0,40
RES_0665,3301702,352,215.0,134
RES_0666,3301702,750,439.0,273
RES_0667,3301702,819,514.0,319
RES_0668,3301702,48,35.0,22
RES_0669,3301702,185,128.0,79
RES_0670,3301702,260,151.0,94
RES_0671,3301702,804,515.0,320
RES_0672,3301702,1106,703.0,437
RES_0673,3301702,1354,867.0,538
RES_0674,3301702,1972,1257.0,781
RES_0675,3301702,1861,1205.0,748
RES_0676,3301702,479,321.0,199
RES_0677,3301702,524,322.0,200
RES_0678,3301702,146,94.0,58
RES_0679,3301702,748,468.0,291
RES_0680,3301702,784,474.0,294
RES_0681,3301702,56,39.0,24
RES_0682,3301702,12,7.703884000495725,5
RES_0683,3301702,91,56.0,35
RES_0684,3301702,128,82.1747626719544,51
RES_0685,3301702,553,343.0,213
RES_0686,3301702,238,144.0,89
RES_0687,3301702,410,328.0,204
RES_0688,3301702,1893,1257.0,781
RES_0689,3301702,2117,1402.0,871
RES_0690,3301702,788,511.0,317
RES_0691,3301702,406,252.0,156
RES_0692,3301702,462,287.0,178
RES_0693,3301702,220,157.0,98
RES_0694,3301702,2402,1480.0,919
RES_0695,3301702,195,137.0,85
RES_0696,3301702,605,362.0,225
RES_0697,3301702,273,151.0,94
RES_0698,3301702,660,405.0,251
RES_0699,3301702,796,522.0,324
RES_0700,3301702,439,315.0,196
RES_0701,3301702,294,169.16141033585328,105
RES_0702,3301702,591,378.0,235
RES_0703,3301702,185,119.30864197530863,74
RES_0704,3301702,109,87.0,54
RES_0705,3301702,127,80.51063829787233,50
RES_0706,3301702,481,317.0,197
RES_0707,3301702,613,400.0,248
RES_0708,3301702,349,221.0,137
RES_0709,3301702,2738,1793.0,1113
RES_0710,3301702,57,38.0,24
RES_0711,3301702,1329,883.0697390094241,548
RES_0712,3301702,1883,1213.0,753
RES_0713,3301702,3505,2365.0,1468
RES_0714,3301702,1768,1108.36,688
RES_0715,3301702,473,295.0,183
RES_0716,3301702,2980,1943.4579155486513,1207
RES_0717,3301702,6,3.8519420002478624,2
RES_0718,3301702,800,520.0,323
RES_0719,3301702,38,24.395632668236463,15
RES_0720,3301702,33,21.185681001363243,13
RES_0721,3301702,85,54.569178336844715,34
RES_0722,3301702,9,5.777913000371793,4
RES_0723,3301702,394,243.0,151
RES_0724,3301702,119,76.3968496715826,47
RES_0725,3301702,211,137.0,85
RES_0726,3301702,74,45.74157303370786,28
RES_0727,3301702,283,175.0,109
RES_0728,3301702,101,70.0,43
RES_0729,3301702,9,5.777913000371793,4
RES_0730,3301702,163,99.0,61
RES_0731,3301702,47,30.173545668608256,19
RES_0732,3301702,137,89.0,55
RES_0733,3301702,127,75.0,47
RES_0734,3301702,63,40.445391002602555,25
RES_0735,3301702,142,87.0,54
RES_0736,3301702,40,25.7196261682243,16
RES_0737,3301702,297,190.37362637362637,118
RES_0738,3301702,68,43.65534266947577,27
RES_0739,3301801,124,81.0,58
RES_0740,3301801,17,9.425,7
RES_0741,3301801,26,16.056440843941957,11
RES_0742,3301850,966,618.0,377
RES_0743,3301850,379,247.0,151
RES_0744,3301850,681,465.0,284
RES_0745,3301850,2402,1565.0,955
RES_0746,3301850,540,350.0,213
RES_0747,3301850,660,426.0,260
RES_0748,3301850,540,343.0,209
RES_0749,3301850,221,143.0,87
RES_0750,3301850,380,241.0,147
RES_0751,3301850,1,0.6374014518772929,0
RES_0752,3301850,541,329.0,201
RES_0753,3301850,304,180.0,110
RES_0754,3301850,240,160.0,98
RES_0755,3301850,273,169.0,103
RES_0756,3301850,252,155.0,95
RES_0757,3301850,427,272.0,166
RES_0758,3301850,510,322.4182692307692,197
RES_0759,3301850,516,316.0,193
RES_0760,3301850,873,541.0,330
RES_0761,3301850,423,262.0,160
RES_0762,3301850,185,118.0,72
RES_0763,3301850,7,4.461810163141051,3
RES_0764,3301850,233,130.0,79
RES_0765,3301850,291,176.39931153184162,108
RES_0766,3301850,476,294.0,179
RES_0767,3301850,318,182.0,111
RES_0768,3301850,10,6.374014518772929,4
RES_0769,3301850,46,33.0,20
RES_0770,3301850,360,234.0,143
RES_0771,3301850,10,6.374014518772929,4
RES_0772,3301850,278,172.0,105
RES_0773,3301850,20,12.748029037545859,8
RES_0774,3301850,14,8.923620326282101,5
RES_0775,3301850,36,22.946452267582544,14
RES_0776,3301850,30,20.206349206349202,12
RES_0777,3301900,981,662.0,418
RES_0778,3301900,387,242.0,153
RES_0779,3301900,4248,2780.0,1756
RES_0780,3301900,3886,2535.0,1602
RES_0781,3301900,194,126.0,80
RES_0782,3301900,2325,1525.0,963
RES_0783,3301900,2528,1606.0,1015
RES_0784,3301900,283,176.0,111
RES_0785,3301900,252,161.0,102
RES_0786,3301900,609,397.0,251
RES_0787,3301900,936,617.0,390
RES_0788,3301900,299,204.0,129
RES_0789,3301900,2907,2110.0,1333
RES_0790,3301900,2798,1813.0,1145
RES_0791,3301900,158,94.0,59
RES_0792,3301900,510,312.0,197
RES_0793,3301900,497,328.0,207
RES_0794,3301900,525,339.0,214
RES_0795,3301900,19,12.229014775001687,8
RES_0796,3301900,1377,947.0,598
RES_0797,3301900,466,314.0,198
RES_0798,3301900,802,504.0,318
RES_0799,3301900,645,451.0,285
RES_0800,3301900,1608,1098.0,694
RES_0801,3301900,15,9.654485348685542,6
RES_0802,3301900,620,408.0,258
RES_0803,3301900,74,49.61832061068702,31
RES_0804,3301900,57,35.24838709677418,22
RES_0805,3301900,532,350.0,221
RES_0806,3301900,397,241.0,152
RES_0807,3301900,152,102.0,64
RES_0808,3301900,866,541.0,342
RES_0809,3301900,925,591.0,373
RES_0810,3301900,369,231.0,146
RES_0811,3301900,707,418.0,264
RES_0812,3301900,7113,4563.0,2883
RES_0813,3301900,566,356.0,225
RES_0814,3301900,509,326.0,206
RES_0815,3301900,3971,2510.9604684120236,1586
RES_0816,3301900,1782,1132.12307931088,715
RES_0817,3301900,222,133.0799559223694,84
RES_0818,3301900,4,2.5745294263161447,2
RES_0819,3301900,197,118.28726471315807,75
RES_0820,3301900,1781,1169.4757505565926,739
RES_0821,3301900,1775,1225.0,774
RES_0822,3301900,1193,696.0,440
RES_0823,3301900,470,310.42148559606,196
RES_0824,3301900,434,288.4611529266082,182
RES_0825,3301900,1130,722.0,456
RES_0826,3301900,291,185.0,117
RES_0827,3301900,3426,2215.0,1399
RES_0828,3301900,55,35.39977961184699,22
RES_0829,3301900,2344,1532.0,968
RES_0830,3301900,2722,1790.0,1131
RES_0831,3301900,16,10.298117705264579,7
RES_0832,3301900,705,476.0,301
RES_0833,3301900,348,225.0,142
RES_0834,3301900,223,150.0,95
RES_0835,3301900,1006,637.0,402
RES_0836,3301900,1101,711.0,449
RES_0837,3301900,2897,1845.0,1166
RES_0838,3301900,1261,803.0,507
RES_0839,3301900,1470,940.0,594
RES_0840,3301900,2234,1363.0,861
RES_0841,3301900,1811,1159.0,732
RES_0842,3301900,2990,1970.0,1245
RES_0843,3301900,538,357.0,226
RES_0844,3301900,258,169.50542649605325,107
RES_0845,3301900,139,90.0,57
RES_0846,3301900,983,658.0,416
RES_0847,3301900,386,255.0,161
RES_0848,3301900,1749,1058.2290147750018,669
RES_0849,3301900,105,65.0,41
RES_0850,3301900,1791,1154.0,729
RES_0851,3301900,425,249.0,157
RES_0852,3301900,799,508.0,321
RES_0853,3301900,426,277.0,175
RES_0854,3301900,288,194.0,123
RES_0855,3301900,1010,661.0,418
RES_0856,3301900,766,496.0,313
RES_0857,3301900,1737,1104.0,697
RES_0858,3301900,803,520.0,329
RES_0859,3301900,1063,687.0,434
RES_0860,3301900,2047,1325.0,837
RES_0861,3301900,174,115.0,73
RES_0862,3301900,833,537.0,339
RES_0863,3301900,349,241.0,152
RES_0864,3301900,1080,705.0,445
RES_0865,3301900,2271,1448.0,915
RES_0866,3301900,670,445.0,281
RES_0867,3301900,110,69.0,44
RES_0868,3301900,117,75.0,47
RES_0869,3301900,155,103.0,65
RES_0870,3301900,1656,1097.0,693
RES_0871,3301900,1178,748.0,473
RES_0872,3301900,20,12.872647131580724,8
RES_0873,3301900,36,23.1707648368453,15
RES_0874,3301900,38,25.0,16
RES_0875,3301900,342,217.0,137
RES_0876,3301900,822,543.0,343
RES_0877,3301900,1011,654.0,413
RES_0878,3301900,234,154.2615737513212,97
RES_0879,3301900,829,535.0,338
RES_0880,3301900,689,438.0,277
RES_0881,3301900,205,135.0,85
RES_0882,3301900,780,496.0,313
RES_0883,3301900,827,626.1924708210584,396
RES_0884,3301900,292,217.0,137
RES_0885,3301900,191,112.0,71
RES_0886,3301900,1907,1191.0,752
RES_0887,3301900,803,549.0,347
RES_0888,3301900,370,225.0,142
RES_0889,3301900,384,240.0,152
RES_0890,3301900,160,109.0,69
RES_0891,3301900,100,62.0,39
RES_0892,3301900,141,84.0,53
RES_0893,3301900,428,275.0,174
RES_0894,3301900,1388,865.0,546
RES_0895,3301900,411,258.0,163
RES_0896,3301900,158,98.0,62
RES_0897,3301900,38,24.458029550003374,15
RES_0898,3301900,124,73.67619133289855,47
RES_0899,3301900,16,10.298117705264579,7
RES_0900,3301900,27,17.378073627633974,11
RES_0901,3301900,149,95.90122113027638,61
RES_0902,3301900,196,118.0,75
RES_0903,3301900,53,34.112514898688914,22
RES_0904,3301900,18,11.58538241842265,7
RES_0905,3301900,444,286.0,181
RES_0906,3301900,434,246.0,155
RES_0907,3301900,194,111.0,70
RES_0908,3301900,81,52.13422088290193,33
RES_0909,3301900,192,129.0,81
RES_0910,3301900,56,36.04341196842603,23
RES_0911,3301900,1391,896.0,566
RES_0912,3301900,1986,1260.0,796
RES_0913,3301900,136,83.0,52
RES_0914,3301900,693,431.0,272
RES_0915,3301900,1470,966.0,610
RES_0916,3301900,616,406.0,256
RES_0917,3301900,2010,1221.0,771
RES_0918,3301900,379,241.0,152
RES_0919,3301900,220,117.0,74
RES_0920,3301900,774,441.0,279
RES_0921,3301900,411,263.0,166
RES_0922,3301900,16,10.298117705264579,6
RES_0923,3301900,705,423.4580295500034,268
RES_0924,3301900,1017,647.4580295500034,409
RES_0925,3301900,656,398.0,251
RES_0926,3301900,553,341.0,215
RES_0927,3301900,2954,1857.0,1173
RES_0928,3301900,335,230.0,145
RES_0929,3301900,69,44.0,28
RES_0930,3301900,2170,1416.0,895
RES_0931,3301900,500,320.0,202
RES_0932,3301900,3,1.9308970697371084,1
RES_0933,3301900,10,6.436323565790362,4
RES_0934,3301900,113,66.0,42
RES_0935,3301900,306,199.0,126
RES_0936,3301900,181,109.0,69
RES_0937,3301900,10,6.436323565790362,4
RES_0938,3301900,693,426.0,269
RES_0939,3301900,353,216.0,136
RES_0940,3301900,64,41.192470821058315,26
RES_0941,3301900,2,1.2872647131580723,1
RES_0942,3301900,494,312.0,197
RES_0943,3301900,554,329.0,208
RES_0944,3301900,439,279.0,176
RES_0945,3301900,3660,2393.0,1512
RES_0946,3301900,837,615.0,389
RES_0947,3301900,436,303.0,191
RES_0948,3301900,3003,1925.0,1216
RES_0949,3301900,3088,2075.0,1311
RES_0950,3301900,99,59.0,37
RES_0951,3301900,165,102.0,64
RES_0952,3301900,166,108.0,68
RES_0953,3301900,1108,696.0,440
RES_0954,3301900,693,468.0,296
RES_0955,3301900,160,120.0,76
RES_0956,3301900,390,253.0,160
RES_0957,3301900,1278,860.0,543
RES_0958,3301900,1500,1015.9308970697371,642
RES_0959,3301900,348,223.0,141
RES_0960,3301900,3105,1971.0,1245
RES_0961,3301900,413,248.0,157
RES_0962,3301900,900,554.0,350
RES_0963,3301900,520,326.0,206
RES_0964,3301900,1060,712.0,450
RES_0965,3301900,2313,1421.0,898
RES_0966,3301900,2812,1788.0,1130
RES_0967,3301900,1129,728.0799559223694,460
RES_0968,3301900,854,537.0,339
RES_0969,3301900,81,55.0,35
RES_0970,3301900,2349,1576.0,996
RES_0971,3301900,2364,1487.0,939
RES_0972,3301900,413,272.0,172
RES_0973,3301900,532,345.0,218
RES_0974,3301900,3336,2329.0,1471
RES_0975,3301900,3274,2054.0,1298
RES_0976,3301900,570,344.0,217
RES_0977,3301900,2409,1559.0,985
RES_0978,3301900,2761,1784.0,1127
RES_0979,3301900,166,109.0,69
RES_0980,3301900,487,301.0,190
RES_0981,3301900,435,269.0,170
RES_0982,3301900,384,247.0,156
RES_0983,3301900,54,34.756147255267955,22
RES_0984,3301900,744,488.0,308
RES_0985,3301900,3178,1983.0,1253
RES_0986,3301900,2100,1336.0,844
RES_0987,3301900,1995,1301.0,822
RES_0988,3301900,1798,1144.0,723
RES_0989,3301900,455,326.0,206
RES_0990,3301900,66,42.47973553421639,27
RES_0991,3301900,203,115.26541554959786,73
RES_0992,3301900,44,26.5983606557377,17
RES_0993,3301900,9,5.792691209211325,4
RES_0994,3301900,322,210.0,133
RES_0995,3301900,465,269.0,170
RES_0996,3301900,1268,826.0,522
RES_0997,3301900,227,131.0,83
RES_0998,3301900,410,264.0,167
RES_0999,3301900,14,9.010852992106507,6
RES_1000,3301900,84,55.0,35
RES_1001,3301900,37,23.014084507042252,15
RES_1002,3301900,772,502.0,317
RES_1003,3301900,105,67.0,42
RES_1004,3301900,322,203.0,128
RES_1005,3301900,1049,687.5962354105292,434
RES_1006,3301900,73,46.98516203026964,30
RES_1007,3301900,492,308.0,195
RES_1008,3301900,57,43.0,27
RES_1009,3301900,317,189.0,119
RES_1010,3301900,1305,772.0,488
RES_1011,3301900,275,168.0,106
RES_1012,3301900,375,236.0,149
RES_1013,3301900,20,12.872647131580724,8
RES_1014,3301900,996,637.0,402
RES_1015,3301900,214,122.0,77
RES_1016,3301900,343,200.74529426316144,127
RES_1017,3301900,170,105.0,66
RES_1018,3301900,60,38.61794139474217,24
RES_1019,3301900,21,13.516279488159759,9
RES_1020,3301900,1,0.6436323565790362,0
RES_1021,3301900,8,5.149058852632289,3
RES_1022,3301900,12,12.0,8
RES_1023,3301900,30,19.308970697371084,12
RES_1024,3301900,101,63.0,40
RES_1025,3301900,29,18.169398907103815,11
RES_1026,3301900,2,1.1612903225806428,1
RES_1027,3301900,31,19.95260305395012,13
RES_1028,3302007,363,201.0,125
RES_1029,3302007,85,56.0,35
RES_1030,3302007,598,373.0,232
RES_1031,3302007,301,172.36217893466645,107
RES_1032,3302007,147,87.0,54
RES_1033,3302007,1190,708.0,439
RES_1034,3302007,38,24.17627995173246,15
RES_1035,3302007,1219,703.0,436
RES_1036,3302007,63,33.0,20
RES_1037,3302007,229,128.0,79
RES_1038,3302007,37,23.540062058265818,15
RES_1039,3302007,33,20.99519048439924,13
RES_1040,3302007,668,366.0,227
RES_1041,3302007,720,413.0,256
RES_1042,3302007,603,326.0,202
RES_1043,3302007,1815,1116.0,693
RES_1044,3302007,102,60.0,37
RES_1045,3302007,1802,1082.0,672
RES_1046,3302007,400,246.0,153
RES_1047,3302007,201,121.0,75
RES_1048,3302007,22,13.996793656266162,9
RES_1049,3302007,530,343.0,213
RES_1050,3302007,325,195.0,121
RES_1051,3302007,37,25.0,16
RES_1052,3302007,165,108.0,67
RES_1053,3302007,179,117.0,73
RES_1054,3302007,38,27.0,17
RES_1055,3302007,1056,672.0,417
RES_1056,3302007,1774,1177.0,731
RES_1057,3302007,1256,823.0,511
RES_1058,3302007,26,16.541665230132736,10
RES_1059,3302007,438,298.0,185
RES_1060,3302007,407,258.0,160
RES_1061,3302007,1690,1101.0,683
RES_1062,3302007,1503,1035.0,642
RES_1063,3302007,1990,1227.0,762
RES_1064,3302007,593,368.0,228
RES_1065,3302007,19,12.08813997586623,7
RES_1066,3302007,36,22.903844164799175,14
RES_1067,3302007,255,182.0,113
RES_1068,3302007,3046,1971.0,1223
RES_1069,3302007,2238,1464.0,909
RES_1070,3302007,1041,644.0,400
RES_1071,3302007,735,434.0,269
RES_1072,3302007,1294,825.0,512
RES_1073,3302007,30,19.086536803999312,12
RES_1074,3302007,370,232.0,144
RES_1075,3302007,4174,2692.0,1671
RES_1076,3302007,4061,2623.0,1628
RES_1077,3302007,1330,893.0,554
RES_1078,3302007,889,571.0,354
RES_1079,3302007,55,32.0,20
RES_1080,3302007,4,2.544871573866575,2
RES_1081,3302007,790,521.0,323
RES_1082,3302007,3561,2274.0,1412
RES_1083,3302007,4604,2903.0,1802
RES_1084,3302007,2234,1478.0,917
RES_1085,3302007,1578,984.0,611
RES_1086,3302007,597,390.0,242
RES_1087,3302007,68,37.0,23
RES_1088,3302007,500,295.0,183
RES_1089,3302007,1591,982.2612135838649,610
RES_1090,3302007,5029,3103.0,1926
RES_1091,3302007,2663,1731.0,1075
RES_1092,3302007,361,200.0,124
RES_1093,3302007,460,280.1810894673332,174
RES_1094,3302007,21,13.360575762799519,8
RES_1095,3302007,291,166.0,103
RES_1096,3302007,885,572.0,355
RES_1097,3302007,2435,1499.540062058266,931
RES_1098,3302007,3673,2332.0,1448
RES_1099,3302007,2479,1649.0,1024
RES_1100,3302007,1382,897.0,557
RES_1101,3302007,296,180.0,112
RES_1102,3302007,2449,1650.0,1024
RES_1103,3302007,4422,2946.0,1829
RES_1104,3302007,4203,2720.0,1688
RES_1105,3302007,2290,1522.0,945
RES_1106,3302007,2270,1451.0,901
RES_1107,3302007,843,531.0,330
RES_1108,3302007,1090,712.0,442
RES_1109,3302007,1299,830.0,515
RES_1110,3302007,1712,1089.0,676
RES_1111,3302007,1419,831.0,516
RES_1112,3302007,1435,926.0,575
RES_1113,3302007,2662,1728.0,1073
RES_1114,3302007,255,154.0,96
RES_1115,3302007,35,18.0,11
RES_1116,3302007,1458,902.0,560
RES_1117,3302007,41,26.08493363213239,16
RES_1118,3302007,18,11.451922082399587,7
RES_1119,3302007,74,48.0,30
RES_1120,3302007,30,19.086536803999312,12
RES_1121,3302007,320,212.0,132
RES_1122,3302007,181,105.0,65
RES_1123,3302007,117,72.0,45
RES_1124,3302007,550,343.0,213
RES_1125,3302007,27,17.17788312359938,11
RES_1126,3302007,235,152.0,94
RES_1127,3302007,349,232.0,144
RES_1128,3302007,863,558.0,346
RES_1129,3302007,1023,674.0,418
RES_1130,3302007,894,583.0,362
RES_1131,3302007,613,392.0,243
RES_1132,3302007,1228,763.0,474
RES_1133,3302007,393,244.0,151
RES_1134,3302007,544,346.0,215
RES_1135,3302007,278,169.0,105
RES_1136,3302007,330,201.0,125
RES_1137,3302007,387,260.0,161
RES_1138,3302007,240,153.0,95
RES_1139,3302007,317,218.0,135
RES_1140,3302007,183,115.0,71
RES_1141,3302007,267,172.0,107
RES_1142,3302007,207,125.0,78
RES_1143,3302007,523,309.0,192
RES_1144,3302007,455,265.0,164
RES_1145,3302007,20,12.724357869332874,8
RES_1146,3302007,81,51.53364937079814,32
RES_1147,3302007,62,39.44550939493191,24
RES_1148,3302007,114,67.0,42
RES_1149,3302007,50,31.810894673332186,20
RES_1150,3302007,49,30.0,19
RES_1151,3302007,61,38.80929150146527,24
RES_1152,3302007,123,77.0,48
RES_1153,3302270,1483,1053.0,484
RES_1154,3302270,641,399.0,183
RES_1155,3302270,1446,1011.0,465
RES_1156,3302270,226,154.0,71
RES_1157,3302270,547,371.0,170
RES_1158,3302270,698,482.0264008561247,222
RES_1159,3302270,1291,863.0,397
RES_1160,3302270,540,358.1216557628446,165
RES_1161,3302270,895,567.0,261
RES_1162,3302270,1191,790.0,363
RES_1163,3302270,581,359.0,165
RES_1164,3302270,808,522.0,240
RES_1165,3302270,1022,650.0,299
RES_1166,3302270,580,353.0,162
RES_1167,3302270,695,497.0,228
RES_1168,3302270,700,531.0,244
RES_1169,3302270,4342,2824.0,1298
RES_1170,3302270,2178,1413.0,649
RES_1171,3302270,2252,1526.0,701
RES_1172,3302270,564,342.0,157
RES_1173,3302270,153,110.0,51
RES_1174,3302270,1708,1438.0,661
RES_1175,3302270,1473,1059.0,487
RES_1176,3302270,114,76.0,35
RES_1177,3302270,715,449.0,206
RES_1178,3302270,526,399.0,183
RES_1179,3302270,1223,813.0,374
RES_1180,3302270,845,563.0,259
RES_1181,3302270,1192,763.0,351
RES_1182,3302270,455,314.0,144
RES_1183,3302270,3354,2184.0,1004
RES_1184,3302270,443,290.0,133
RES_1185,3302270,2705,1769.0,813
RES_1186,3302270,2353,1496.0,687
RES_1187,3302270,604,387.0,178
RES_1188,3302270,93,63.0,29
RES_1189,3302270,895,558.0,256
RES_1190,3302270,186,113.0,52
RES_1191,3302270,47,30.835891042684878,14
RES_1192,3302270,370,205.0,94
RES_1193,3302270,687,407.0,187
RES_1194,3302270,1627,1010.0,464
RES_1195,3302270,1938,1299.0,597
RES_1196,3302270,513,309.0,142
RES_1197,3302270,828,548.0,252
RES_1198,3302270,337,213.0,98
RES_1199,3302270,2643,1680.0,772
RES_1200,3302270,1572,1044.0,480
RES_1201,3302270,2495,1598.0,734
RES_1202,3302270,1431,926.0,426
RES_1203,3302270,1128,732.0,336
RES_1204,3302270,1388,894.0,411
RES_1205,3302270,1138,723.0,332
RES_1206,3302270,1145,718.0,330
RES_1207,3302270,546,340.0,156
RES_1208,3302270,179,126.0,58
RES_1209,3302270,321,219.0,101
RES_1210,3302270,941,649.0,298
RES_1211,3302270,2233,1531.0,704
RES_1212,3302270,475,303.0,139
RES_1213,3302270,1805,1179.0,542
RES_1214,3302270,644,421.0,193
RES_1215,3302270,696,498.0,229
RES_1216,3302270,2286,1523.0,700
RES_1217,3302270,477,333.0,153
RES_1218,3302270,3287,2076.0,954
RES_1219,3302270,555,358.0,165
RES_1220,3302270,831,522.0,240
RES_1221,3302270,4748,3080.183802032193,1415
RES_1222,3302270,562,351.0,161
RES_1223,3302270,1421,932.2936419501109,428
RES_1224,3302270,477,296.0,136
RES_1225,3302270,672,405.0,186
RES_1226,3302270,38,24.931145949404794,11
RES_1227,3302270,657,403.0,185
RES_1228,3302270,270,163.0,75
RES_1229,3302270,252,172.0,79
RES_1230,3302270,292,181.0,83
RES_1231,3302270,363,203.0,93
RES_1232,3302270,396,235.0,108
RES_1233,3302270,503,323.0,148
RES_1234,3302270,662,401.0,184
RES_1235,3302270,799,488.0,224
RES_1236,3302270,609,361.0,166
RES_1237,3302270,1363,860.0,395
RES_1238,3302270,46,31.0,14
RES_1239,3302270,58,38.05280171224942,17
RES_1240,3302270,750,552.0,254
RES_1241,3302270,148,85.0,39
RES_1242,3302270,526,319.0,147
RES_1243,3302270,758,563.0,259
RES_1244,3302270,1202,828.0,380
RES_1245,3302270,164,96.0,44
RES_1246,3302270,58,38.05280171224942,17
RES_1247,3302270,19,12.465572974702397,6
RES_1248,3302270,77,50.518374686951816,23
RES_1249,3302270,351,215.9575468055295,99
RES_1250,3302270,207,130.0,60
RES_1251,3302270,140,83.0,38
RES_1252,3302270,100,65.60827881422314,30
RES_1253,3302270,401,278.0,128
RES_1254,3302270,537,333.0,153
RES_1255,3302270,30,19.68248364426694,9
RES_1256,3302270,7,4.59257951699562,2
RES_1257,3302270,104,68.23260996679207,31
RES_1258,3302270,242,159.0,73
RES_1259,3302502,256,156.0,92
RES_1260,3302502,42,26.629386197392133,16
RES_1261,3302502,231,132.0,78
RES_1262,3302502,83,47.0,28
RES_1263,3302502,599,362.0,214
RES_1264,3302502,449,273.0,161
RES_1265,3302502,519,345.0,204
RES_1266,3302502,219,136.0,80
RES_1267,3302502,376,243.0,144
RES_1268,3302502,332,197.0,116
RES_1269,3302502,684,407.0,241
RES_1270,3302502,4,2.536132018799251,1
RES_1271,3302502,329,224.0,132
RES_1272,3302502,972,607.0,359
RES_1273,3302502,695,425.0,251
RES_1274,3302502,91,69.0,41
RES_1275,3302502,177,108.0,64
RES_1276,3302502,427,273.82518816919327,162
RES_1277,3302502,1007,648.0,383
RES_1278,3302502,1403,918.0,543
RES_1279,3302502,501,312.0,184
RES_1280,3302502,2003,1253.0,741
RES_1281,3302502,2396,1450.0,857
RES_1282,3302502,4793,3101.0,1833
RES_1283,3302502,1210,784.0,463
RES_1284,3302502,306,199.0,118
RES_1285,3302502,944,607.0,359
RES_1286,3302502,379,220.0,130
RES_1287,3302502,1394,892.0,527
RES_1288,3302502,1941,1218.0,720
RES_1289,3302502,1974,1197.0,707
RES_1290,3302502,1873,1188.0,702
RES_1291,3302502,540,327.0,193
RES_1292,3302502,400,245.0,145
RES_1293,3302502,1281,825.0,488
RES_1294,3302502,1968,1233.0,729
RES_1295,3302502,770,489.0,289
RES_1296,3302502,1830,1448.0,856
RES_1297,3302502,856,542.7322520230397,321
RES_1298,3302502,2907,1837.0,1086
RES_1299,3302502,812,527.0,311
RES_1300,3302502,521,337.0,199
RES_1301,3302502,24,15.216792112795504,9
RES_1302,3302502,835,543.0,321
RES_1303,3302502,395,220.0,130
RES_1304,3302502,102,64.6713664793809,38
RES_1305,3302502,572,359.0,212
RES_1306,3302502,721,457.0,270
RES_1307,3302502,471,314.11889112689494,186
RES_1308,3302502,51,32.33568323969045,19
RES_1309,3302502,129,76.0,45
RES_1310,3302502,249,158.0,93
RES_1311,3302502,565,361.0,213
RES_1312,3302502,323,187.0,110
RES_1313,3302502,620,397.0,235
RES_1314,3302502,1232,829.0,490
RES_1315,3302502,488,320.0,189
RES_1316,3302502,254,150.0,89
RES_1317,3302502,195,128.0,76
RES_1318,3302502,584,393.0,232
RES_1319,3302502,476,307.0,181
RES_1320,3302502,150,89.0,53
RES_1321,3302502,443,287.0,170
RES_1322,3302502,542,344.0,203
RES_1323,3302502,5,3.1701650234990635,2
RES_1324,3302502,938,541.0,320
RES_1325,3302502,594,321.0,190
RES_1326,3302502,1076,644.0,381
RES_1327,3302502,321,196.0,116
RES_1328,3302502,43,27.263419202091946,16
RES_1329,3302502,1548,905.0,535
RES_1330,3302502,330,185.0,109
RES_1331,3302502,868,474.0,280
RES_1332,3302502,2488,1472.0,870
RES_1333,3302502,574,338.0,200
RES_1334,3302502,620,358.0,212
RES_1335,3302502,432,246.0,145
RES_1336,3302502,426,258.0,152
RES_1337,3302502,387,247.0,146
RES_1338,3302502,1656,1008.0,596
RES_1339,3302502,1804,1062.0,628
RES_1340,3302502,80,40.0,24
RES_1341,3302502,301,176.0,104
RES_1342,3302502,211,137.0,81
RES_1343,3302502,125,71.0,42
RES_1344,3302502,1355,808.0,478
RES_1345,3302502,1838,1119.0,661
RES_1346,3302502,67,42.480211314887455,25
RES_1347,3302502,256,139.0,82
RES_1348,3302502,1085,616.0,364
RES_1349,3302502,1495,910.0,538
RES_1350,3302502,4,2.536132018799251,1
RES_1351,3302502,197,128.0,76
RES_1352,3302502,478,263.0,155
RES_1353,3302502,688,416.0,246
RES_1354,3302502,106,60.0,35
RES_1355,3302502,7,4.438231032898689,3
RES_1356,3302502,136,77.0,45
RES_1357,3302502,1218,720.0,426
RES_1358,3302502,349,207.0,122
RES_1359,3302502,83,53.0,31
RES_1360,3302502,161,79.0,47
RES_1361,3302502,847,484.0,286
RES_1362,3302502,1202,692.0,409
RES_1363,3302502,447,260.0,154
RES_1364,3302502,109,78.0,46
RES_1365,3302502,336,203.0,120
RES_1366,3302502,704,423.0,250
RES_1367,3302502,252,153.0,90
RES_1368,3302502,141,94.0,56
RES_1369,3302502,1444,929.0,549
RES_1370,3302502,1635,1011.0,598
RES_1371,3302502,468,287.0,170
RES_1372,3302502,548,348.0,206
RES_1373,3302502,1014,618.0,365
RES_1374,3302502,2744,1754.0,1037
RES_1375,3302502,2387,1632.0,965
RES_1376,3302502,1898,1250.0,739
RES_1377,3302502,824,516.0,305
RES_1378,3302502,561,354.0,209
RES_1379,3302502,1638,1052.0,622
RES_1380,3302502,2547,1620.0,957
RES_1381,3302502,1895,1218.0,720
RES_1382,3302502,2315,1472.0,870
RES_1383,3302502,2532,1635.0,966
RES_1384,3302502,3096,1991.0,1177
RES_1385,3302502,4458,2859.0,1690
RES_1386,3302502,275,159.0,94
RES_1387,3302502,1001,637.0,376
RES_1388,3302502,1706,1130.0,668
RES_1389,3302502,3603,2362.0,1396
RES_1390,3302502,4089,2653.0,1568
RES_1391,3302502,2383,1531.0,905
RES_1392,3302502,3340,2183.8764620657976,1291
RES_1393,3302502,3044,1963.0,1160
RES_1394,3302502,481,291.0,172
RES_1395,3302502,772,472.0,279
RES_1396,3302502,1255,832.4163805693764,492
RES_1397,3302502,192,126.0,74
RES_1398,3302502,199,119.0,70
RES_1399,3302502,3677,2353.0,1391
RES_1400,3302502,4716,3054.0,1805
RES_1401,3302502,3753,2362.0,1396
RES_1402,3302502,3016,1935.748277324287,1144
RES_1403,3302502,2955,1988.0,1175
RES_1404,3302502,677,446.0,264
RES_1405,3302502,547,321.0,190
RES_1406,3302502,11,8.04907975460121,5
RES_1407,3302502,952,600.0,355
RES_1408,3302502,1959,1238.0,732
RES_1409,3302502,4111,2643.0,1562
RES_1410,3302502,5657,3689.0,2180
RES_1411,3302502,1652,1098.0,649
RES_1412,3302502,694,421.0,249
RES_1413,3302502,382,252.0,149
RES_1414,3302502,998,643.0,380
RES_1415,3302502,2825,1826.0,1079
RES_1416,3302502,1944,1271.0,751
RES_1417,3302502,572,374.0,221
RES_1418,3302502,1709,1101.0,651
RES_1419,3302502,287,173.0,102
RES_1420,3302502,891,555.0,328
RES_1421,3302502,222,142.0,84
RES_1422,3302502,992,667.0,394
RES_1423,3302502,706,441.0,261
RES_1424,3302502,587,365.0,216
RES_1425,3302502,210,136.0,80
RES_1426,3302502,398,263.0,155
RES_1427,3302502,2538,1603.0,947
RES_1428,3302502,4,2.536132018799251,1
RES_1429,3302502,254,156.0,92
RES_1430,3302502,1,0.6340330046998127,0
RES_1431,3302502,589,380.6130790190736,225
RES_1432,3302502,558,354.0,209
RES_1433,3302502,305,197.0,116
RES_1434,3302502,16,10.144528075197004,6
RES_1435,3302502,539,317.0,187
RES_1436,3302502,207,122.0,72
RES_1437,3302502,211,128.0,76
RES_1438,3302502,29,18.38695713629457,11
RES_1439,3302502,147,101.0,60
RES_1440,3302502,758,500.0,295
RES_1441,3302502,502,298.0,176
RES_1442,3302502,789,528.7785610798968,313
RES_1443,3302502,1299,844.0,499
RES_1444,3302502,951,632.0,374
RES_1445,3302502,7,4.438231032898689,3
RES_1446,3302502,581,381.0,225
RES_1447,3302502,2657,1725.0,1020
RES_1448,3302502,1236,820.0,485
RES_1449,3302502,876,555.0,328
RES_1450,3302502,217,123.0,73
RES_1451,3302502,908,595.0,352
RES_1452,3302502,432,287.0,170
RES_1453,3302502,119,72.0,43
RES_1454,3302502,249,166.0,98
RES_1455,3302502,6,3.8041980281988765,2
RES_1456,3302502,64,40.578112300788014,24
RES_1457,3302502,524,319.0,189
RES_1458,3302502,485,320.0,189
RES_1459,3302502,379,247.0,146
RES_1460,3302502,319,219.0,129
RES_1461,3302502,606,383.0,226
RES_1462,3302502,618,401.0,237
RES_1463,3302502,436,291.0,172
RES_1464,3302502,309,208.0,123
RES_1465,3302502,106,68.0,40
RES_1466,3302502,426,270.0,160
RES_1467,3302502,438,295.0,174
RES_1468,3302502,252,167.0,99
RES_1469,3302502,885,588.0,348
RES_1470,3302502,1272,777.0,459
RES_1471,3302502,45,28.53148521149157,17
RES_1472,3302502,331,198.0,117
RES_1473,3302502,274,186.0,110
RES_1474,3302502,2010,1253.0,741
RES_1475,3302502,341,210.0,124
RES_1476,3302502,365,235.0,139
RES_1477,3302502,135,87.0,51
RES_1478,3302502,769,503.65037633838654,298
RES_1479,3302502,269,161.0,95
RES_1480,3302502,329,201.0,119
RES_1481,3302502,66,47.0,28
RES_1482,3302502,273,171.0,101
RES_1483,3302502,293,190.0,112
RES_1484,3302502,31,19.655023145694194,12
RES_1485,3302502,479,310.0,183
RES_1486,3302502,1467,885.0,523
RES_1487,3302502,115,77.0,45
RES_1488,3302502,239,149.0,88
RES_1489,3302502,356,205.0,121
RES_1490,3302502,143,72.0,43
RES_1491,3302502,76,51.0,30
RES_1492,3302502,266,164.0,97
RES_1493,3302502,120,69.0,41
RES_1494,3302502,572,334.0,197
RES_1495,3302502,202,111.0,66
RES_1496,3302502,69,43.74827732428708,26
RES_1497,3302502,937,588.0,348
RES_1498,3302502,411,253.0,149
RES_1499,3302502,314,186.0576923076923,110
RES_1500,3302502,365,241.0,142
RES_1501,3302502,268,159.5091743119266,94
RES_1502,3302502,219,145.0,86
RES_1503,3302502,600,389.0,230
RES_1504,3302502,296,183.0,108
RES_1505,3302502,394,245.0,145
RES_1506,3302601,71,45.152,30
RES_1507,3302601,12,7.524954806256385,5
RES_1508,3302601,2,1.2541591343760643,1
RES_1509,3302601,14,8.77911394063245,6
RES_1510,3302601,90,55.0,37
RES_1511,3302601,96,66.0,44
RES_1512,3302601,137,97.02127659574468,65
RES_1513,3302601,29,18.18530744845293,12
RES_1514,3302601,56,35.1164557625298,23
RES_1515,3302601,40,29.53846153846153,20
RES_1516,3302601,584,369.0598591549296,247
RES_1517,3302601,164,119.0,79
RES_1518,3302700,1,0.6290271523246433,0
RES_1519,3302700,1141,690.0,472
RES_1520,3302700,934,621.0,425
RES_1521,3302700,123,67.0,46
RES_1522,3302700,595,365.0,250
RES_1523,3302700,2964,1814.0,1242
RES_1524,3302700,1410,893.0,611
RES_1525,3302700,136,86.0,59
RES_1526,3302700,2485,1546.0,1058
RES_1527,3302700,1316,863.0,591
RES_1528,3302700,539,326.0,223
RES_1529,3302700,6,3.77416291394786,3
RES_1530,3302700,1496,928.0,635
RES_1531,3302700,1836,1145.0,784
RES_1532,3302700,35,22.015950331362518,15
RES_1533,3302700,13,8.177352980220363,6
RES_1534,3302700,304,192.0,131
RES_1535,3302700,708,441.0,302
RES_1536,3302700,899,583.0,399
RES_1537,3302700,1169,768.0,526
RES_1538,3302700,67,42.144819205751105,29
RES_1539,3302700,1266,792.0,542
RES_1540,3302700,1055,699.0,478
RES_1541,3302700,140,77.0,53
RES_1542,3302700,367,221.0,151
RES_1543,3302700,1548,981.0,672
RES_1544,3302700,33,20.75789602671323,14
RES_1545,3302700,5,3.1451357616232167,2
RES_1546,3302700,1011,657.0,450
RES_1547,3302700,2036,1236.0,846
RES_1548,3302700,427,289.0,198
RES_1549,3302700,415,251.0,172
RES_1550,3302700,1576,986.0,675
RES_1551,3302700,1054,692.0,474
RES_1552,3302700,650,424.0,290
RES_1553,3302700,163,102.0,70
RES_1554,3302700,97,68.0,47
RES_1555,3302700,119,80.0,55
RES_1556,3302700,368,226.0,155
RES_1557,3302700,474,261.0,179
RES_1558,3302700,2017,1298.0,889
RES_1559,3302700,1191,737.0,504
RES_1560,3302700,990,621.0,425
RES_1561,3302700,2294,1485.0,1017
RES_1562,3302700,2203,1414.0,968
RES_1563,3302700,83,52.2092536429454,36
RES_1564,3302700,1228,828.0,567
RES_1565,3302700,220,149.0,102
RES_1566,3302700,2,1.2580543046492867,1
RES_1567,3302700,273,169.85714285714283,116
RES_1568,3302700,1583,981.9415561177063,672
RES_1569,3302700,591,335.91269841269843,230
RES_1570,3302700,1368,843.8970379985839,578
RES_1571,3302700,420,264.20258416278466,181
RES_1572,3302700,415,249.3020232176696,171
RES_1573,3302700,445,267.93620178041544,183
RES_1574,3302700,4,1.8749999999999964,1
RES_1575,3302700,979,603.1610860929858,413
RES_1576,3302700,202,133.0,91
RES_1577,3302700,383,263.0,180
RES_1578,3302700,464,318.0,218
RES_1579,3302700,264,164.88676490110183,113
RES_1580,3302700,111,71.0,49
RES_1581,3302700,139,89.0,61
RES_1582,3302700,377,223.0,153
RES_1583,3302700,448,304.0,208
RES_1584,3302700,3506,2268.467624503467,1553
RES_1585,3302700,719,464.0,318
RES_1586,3302700,1586,1011.532058940661,692
RES_1587,3302700,54,33.96746622553074,23
RES_1588,3302700,1296,855.0,585
RES_1589,3302700,895,572.0,392
RES_1590,3302700,25,15.725678808116083,11
RES_1591,3302700,266,168.0,115
RES_1592,3302700,560,357.0,244
RES_1593,3302700,1005,661.0,452
RES_1594,3302700,470,316.0,216
RES_1595,3302700,1044,704.0,482
RES_1596,3302700,1551,963.0,659
RES_1597,3302700,409,261.0,179
RES_1598,3302700,594,378.0,259
RES_1599,3302700,648,412.0,282
RES_1600,3302700,1881,1261.0,863
RES_1601,3302700,2207,1380.0,945
RES_1602,3302700,759,516.0,353
RES_1603,3302700,1852,1153.0,789
RES_1604,3302700,1047,670.0,459
RES_1605,3302700,100,67.0,46
RES_1606,3302700,2997,1917.9346158951894,1313
RES_1607,3302700,1035,637.0,436
RES_1608,3302700,1205,696.6127602650901,477
RES_1609,3302700,29,18.241787417414656,12
RES_1610,3302700,58,36.0,25
RES_1611,3302700,1031,630.0,431
RES_1612,3302700,5292,3471.0,2376
RES_1613,3302700,1140,731.0,500
RES_1614,3302700,1070,647.0,443
RES_1615,3302700,740,434.0,297
RES_1616,3302700,680,440.0,301
RES_1617,3302700,1271,773.0,529
RES_1618,3302700,2694,1681.0,1151
RES_1619,3302700,1131,691.0,473
RES_1620,3302700,1822,1132.0,775
RES_1621,3302700,2128,1366.0,935
RES_1622,3302700,29,18.241787417414656,12
RES_1623,3302700,1540,946.0,648
RES_1624,3302700,2605,1584.0,1084
RES_1625,3302700,837,539.4676245034668,369
RES_1626,3302700,1336,815.0,558
RES_1627,3302700,1418,940.0,643
RES_1628,3302700,867,549.0,376
RES_1629,3302700,898,603.0,413
RES_1630,3302700,517,334.0,229
RES_1631,3302700,951,553.0,379
RES_1632,3302700,3304,2141.0,1466
RES_1633,3302700,555,366.0,251
RES_1634,3302700,96,65.0,44
RES_1635,3302700,327,204.0,140
RES_1636,3302700,469,279.0,191
RES_1637,3302700,1675,1024.0,701
RES_1638,3302700,2358,1464.0,1002
RES_1639,3302700,2296,1505.0,1030
RES_1640,3302700,280,182.0,125
RES_1641,3302700,237,153.0,105
RES_1642,3302700,2756,1734.0,1187
RES_1643,3302700,2575,1694.0,1160
RES_1644,3302700,891,600.0,411
RES_1645,3302700,331,195.0,133
RES_1646,3302700,86,48.0,33
RES_1647,3302700,121,75.0,51
RES_1648,3302700,1608,1031.0,706
RES_1649,3302700,1387,933.0,639
RES_1650,3302700,516,354.0,242
RES_1651,3302700,342,192.0,131
RES_1652,3302700,2527,1571.0,1075
RES_1653,3302700,1348,893.0,611
RES_1654,3302700,617,401.0,274
RES_1655,3302700,2019,1305.0,893
RES_1656,3302700,1179,776.0,531
RES_1657,3302700,212,145.0,99
RES_1658,3302700,1113,662.0,453
RES_1659,3302700,632,412.0,282
RES_1660,3302700,592,385.0,264
RES_1661,3302700,1675,1111.0,761
RES_1662,3302700,468,317.0,217
RES_1663,3302700,1041,675.0,462
RES_1664,3302700,618,398.0,272
RES_1665,3302700,685,455.0,311
RES_1666,3302809,3,2.148288973384023,2
RES_1667,3302858,2475,1560.0,878
RES_1668,3302858,5932,3743.0,2107
RES_1669,3302858,4662,2923.0,1646
RES_1670,3302858,567,349.0,196
RES_1671,3302858,95,58.0,33
RES_1672,3302858,773,501.0,282
RES_1673,3302858,6036,3801.0,2140
RES_1674,3302858,3372,2100.0,1182
RES_1675,3302858,1050,665.0,374
RES_1676,3302858,928,580.0,327
RES_1677,3302858,10198,6553.0,3689
RES_1678,3302858,7109,4573.0,2574
RES_1679,3302858,3329,2152.0,1212
RES_1680,3302858,4441,2797.0,1575
RES_1681,3302858,85,52.0,29
RES_1682,3302858,366,233.0,131
RES_1683,3302858,3593,2267.0,1276
RES_1684,3302858,5523,3486.873246018717,1963
RES_1685,3302858,1132,723.0,407
RES_1686,3302858,150,100.0,56
RES_1687,3302858,943,622.0,350
RES_1688,3302858,2541,1592.0,896
RES_1689,3302858,752,495.75453249134245,279
RES_1690,3302858,1781,1113.0,627
RES_1691,3302858,173,116.0,65
RES_1692,3302858,5504,3544.0,1995
RES_1693,3302858,3750,2477.0,1394
RES_1694,3302858,1984,1265.0,712
RES_1695,3302858,622,381.0,215
RES_1696,3302858,3896,2472.0,1392
RES_1697,3302858,9443,6019.0,3388
RES_1698,3302858,381,247.0,139
RES_1699,3302858,180,107.0,60
RES_1700,3302858,2230,1425.0,802
RES_1701,3302858,1763,1147.0,646
RES_1702,3302858,474,337.0,190
RES_1703,3302858,6563,4221.0,2376
RES_1704,3302858,888,578.0,325
RES_1705,3302858,2585,1699.0,956
RES_1706,3302858,2178,1372.0,772
RES_1707,3302858,1435,888.0,500
RES_1708,3302858,133,63.0,35
RES_1709,3302858,2809,1751.0,986
RES_1710,3302858,1005,625.0,352
RES_1711,3302858,565,380.0,214
RES_1712,3302858,991,615.0,346
RES_1713,3302858,3528,2297.0,1293
RES_1714,3302858,4603,2947.0,1659
RES_1715,3302858,777,499.0,281
RES_1716,3302858,2227,1422.0,801
RES_1717,3302858,1130,703.0,396
RES_1718,3302858,1844,1209.0,681
RES_1719,3302858,2099,1473.0,829
RES_1720,3302858,57,36.0,20
RES_1721,3302858,5799,3879.309869028076,2184
RES_1722,3302858,338,223.0,126
RES_1723,3302858,215,140.0,79
RES_1724,3302858,722,460.0,259
RES_1725,3302858,2180,1349.0,759
RES_1726,3302858,1211,849.0,478
RES_1727,3302858,807,518.0,292
RES_1728,3302858,2612,1667.0,938
RES_1729,3302858,1351,813.0,458
RES_1730,3302858,2240,1463.0,824
RES_1731,3302858,4701,2997.0,1687
RES_1732,3302858,343,218.0,123
RES_1733,3302858,3036,1932.0,1088
RES_1734,3302858,2461,1544.3138892550298,869
RES_1735,3302858,5417,3499.0,1970
RES_1736,3302858,44,28.152924400560796,16
RES_1737,3302908,295,169.0,127
RES_1738,3302908,17,11.38938053097345,9
RES_1739,3303203,2356,1380.0,844
RES_1740,3303203,3888,2415.0,1477
RES_1741,3303203,4265,2755.0,1685
RES_1742,3303203,6748,4277.0,2616
RES_1743,3303203,442,285.0,174
RES_1744,3303203,1027,672.0,411
RES_1745,3303203,1532,953.0,583
RES_1746,3303203,689,398.0,243
RES_1747,3303203,6488,4110.0,2514
RES_1748,3303203,740,484.0,296
RES_1749,3303203,460,287.0,176
RES_1750,3303203,415,258.0,158
RES_1751,3303203,827,545.0,333
RES_1752,3303203,1175,766.0,469
RES_1753,3303203,902,572.0,350
RES_1754,3303203,4245,2735.0,1673
RES_1755,3303203,663,472.0,289
RES_1756,3303203,955,625.0,382
RES_1757,3303203,5557,3530.0,2159
RES_1758,3303203,1267,817.0,500
RES_1759,3303203,834,532.0,325
RES_1760,3303203,412,240.0,147
RES_1761,3303203,798,516.0,316
RES_1762,3303203,3169,2034.0,1244
RES_1763,3303203,1824,1141.0,698
RES_1764,3303203,6048,3772.0,2307
RES_1765,3303203,813,508.0,311
RES_1766,3303203,4179,2576.0,1576
RES_1767,3303203,1231,777.0,475
RES_1768,3303203,532,341.0,209
RES_1769,3303203,3897,2512.0,1537
RES_1770,3303203,5140,3250.0,1988
RES_1771,3303203,1267,812.0,497
RES_1772,3303203,7472,4752.0,2907
RES_1773,3303203,5192,3331.0,2038
RES_1774,3303203,1211,774.0,474
RES_1775,3303203,3956,2504.0,1532
RES_1776,3303203,860,545.0,333
RES_1777,3303203,4297,2701.0,1652
RES_1778,3303203,2542,1574.0,963
RES_1779,3303203,1973,1236.0,756
RES_1780,3303203,307,179.0,110
RES_1781,3303203,393,279.0,171
RES_1782,3303203,1967,1264.0,773
RES_1783,3303203,6448,4094.0,2504
RES_1784,3303203,974,618.0,378
RES_1785,3303203,176,120.0,73
RES_1786,3303203,1793,1124.0,688
RES_1787,3303203,1400,643.0,393
RES_1788,3303203,7575,4874.0,2982
RES_1789,3303203,2759,1706.0,1044
RES_1790,3303203,3581,2262.0,1384
RES_1791,3303203,5121,3230.0,1976
RES_1792,3303203,2558,1619.0,990
RES_1793,3303203,696,449.0,275
RES_1794,3303203,433,255.0,156
RES_1795,3303203,1217,797.0,488
RES_1796,3303203,2403,1473.0,901
RES_1797,3303203,766,528.0,323
RES_1798,3303203,3919,2477.0,1515
RES_1799,3303302,2482,1582.0,1211
RES_1800,3303302,367,206.0,158
RES_1801,3303302,504,351.0,269
RES_1802,3303302,459,282.0,216
RES_1803,3303302,1202,716.0,548
RES_1804,3303302,401,254.0,194
RES_1805,3303302,617,394.0,302
RES_1806,3303302,1023,677.0,518
RES_1807,3303302,42,25.841819279533105,20
RES_1808,3303302,1945,1310.0,1003
RES_1809,3303302,21,12.920909639766553,10
RES_1810,3303302,660,416.0,318
RES_1811,3303302,1177,754.6152814114174,578
RES_1812,3303302,490,312.0,239
RES_1813,3303302,784,471.0,361
RES_1814,3303302,539,319.0764070570873,244
RES_1815,3303302,3722,2207.6916884685047,1690
RES_1816,3303302,2220,1287.3056282283492,986
RES_1817,3303302,3618,2286.0,1750
RES_1818,3303302,3306,2148.0,1645
RES_1819,3303302,100,62.0,47
RES_1820,3303302,2864,1842.0,1410
RES_1821,3303302,21,12.920909639766553,10
RES_1822,3303302,586,370.0,283
RES_1823,3303302,560,392.0,300
RES_1824,3303302,379,244.0,187
RES_1825,3303302,577,327.0,250
RES_1826,3303302,994,614.143422553163,470
RES_1827,3303302,373,219.0,168
RES_1828,3303302,103,63.37398537599785,49
RES_1829,3303302,660,413.0,316
RES_1830,3303302,1286,872.0,668
RES_1831,3303302,212,140.0,107
RES_1832,3303302,737,502.0,384
RES_1833,3303302,722,466.0,357
RES_1834,3303302,2462,1515.0,1160
RES_1835,3303302,98,74.0,57
RES_1836,3303302,1256,832.0,637
RES_1837,3303302,1113,637.0,488
RES_1838,3303302,1145,683.0,523
RES_1839,3303302,1147,693.0,531
RES_1840,3303302,2732,1700.607231501979,1302
RES_1841,3303302,42,25.841819279533105,20
RES_1842,3303302,523,361.0,276
RES_1843,3303302,899,631.0,483
RES_1844,3303302,345,200.0,153
RES_1845,3303302,542,369.4597839940967,283
RES_1846,3303302,737,454.0,348
RES_1847,3303302,197,131.0,100
RES_1848,3303302,356,230.0,176
RES_1849,3303302,1726,1096.8712685315622,840
RES_1850,3303302,922,591.0,452
RES_1851,3303302,2061,1337.0,1024
RES_1852,3303302,458,277.0,212
RES_1853,3303302,576,376.0,288
RES_1854,3303302,469,322.0,247
RES_1855,3303302,560,331.0,253
RES_1856,3303302,794,475.0,364
RES_1857,3303302,2143,1355.0,1037
RES_1858,3303302,474,312.0,239
RES_1859,3303302,1893,1203.8377943248138,922
RES_1860,3303302,494,282.9879251358422,217
RES_1861,3303302,250,177.0,135
RES_1862,3303302,83,51.068357147648754,39
RES_1863,3303302,416,277.0,212
RES_1864,3303302,349,232.0,178
RES_1865,3303302,59,36.30160327362984,28
RES_1866,3303302,455,293.0,224
RES_1867,3303302,129,86.0,66
RES_1868,3303302,358,226.0,173
RES_1869,3303302,343,211.04152411618702,162
RES_1870,3303302,2599,1668.289528409472,1277
RES_1871,3303302,4348,2847.0,2180
RES_1872,3303302,4072,2605.2225129133963,1995
RES_1873,3303302,3492,2215.3283692225127,1696
RES_1874,3303302,1028,752.0,576
RES_1875,3303302,1023,723.0,554
RES_1876,3303302,1033,681.0,521
RES_1877,3303302,873,586.0,449
RES_1878,3303302,698,395.0,302
RES_1879,3303302,3345,2068.0,1583
RES_1880,3303302,185,123.0,94
RES_1881,3303302,4382,2884.0,2208
RES_1882,3303302,1026,675.0,517
RES_1883,3303302,2664,1766.0,1352
RES_1884,3303302,1884,1200.0,919
RES_1885,3303302,2335,1390.9074931240357,1065
RES_1886,3303302,419,262.0,201
RES_1887,3303302,81,50.995975045280744,39
RES_1888,3303302,413,248.99329174213457,191
RES_1889,3303302,376,250.0,191
RES_1890,3303302,146,99.0,76
RES_1891,3303302,2896,1751.0,1341
RES_1892,3303302,3641,2219.0,1699
RES_1893,3303302,2079,1249.0,956
RES_1894,3303302,12,7.383376937009459,6
RES_1895,3303302,601,375.0,287
RES_1896,3303302,1180,724.0,554
RES_1897,3303302,537,330.0,253
RES_1898,3303302,571,368.0,282
RES_1899,3303302,898,534.0,409
RES_1900,3303302,712,438.0,335
RES_1901,3303302,1241,784.0,600
RES_1902,3303302,105,63.0,48
RES_1903,3303302,1114,681.0,521
RES_1904,3303302,458,264.0,202
RES_1905,3303302,655,409.0,313
RES_1906,3303302,39,23.99597504528074,18
RES_1907,3303302,458,272.0,208
RES_1908,3303302,126,84.0,64
RES_1909,3303302,1474,921.0,705
RES_1910,3303302,3204,2138.0,1637
RES_1911,3303302,2698,1762.7654122224458,1350
RES_1912,3303302,2071,1286.0,985
RES_1913,3303302,1308,820.0,628
RES_1914,3303302,409,264.0,202
RES_1915,3303302,708,472.0,361
RES_1916,3303302,351,234.0,179
RES_1917,3303302,5,3.076407057087274,2
RES_1918,3303302,15,9.229221171261823,7
RES_1919,3303302,2143,1451.0,1111
RES_1920,3303302,985,630.3820352854364,483
RES_1921,3303302,655,421.0,322
RES_1922,3303302,338,208.0,159
RES_1923,3303302,6663,4090.9088347756087,3132
RES_1924,3303302,1148,729.0,558
RES_1925,3303302,5530,3351.6045481988326,2566
RES_1926,3303302,3047,1920.9195679881934,1471
RES_1927,3303302,8431,5033.0,3854
RES_1928,3303302,3264,2014.0,1542
RES_1929,3303302,545,345.0,264
RES_1930,3303302,2347,1385.0,1060
RES_1931,3303302,2586,1531.1528141141746,1172
RES_1932,3303302,359,236.0,181
RES_1933,3303302,1397,898.0,688
RES_1934,3303302,764,475.9959750452807,364
RES_1935,3303302,976,626.0,479
RES_1936,3303302,560,345.0,264
RES_1937,3303302,73,50.0,38
RES_1938,3303302,279,183.0,140
RES_1939,3303302,925,591.0,452
RES_1940,3303302,473,320.0,245
RES_1941,3303302,419,252.0,193
RES_1942,3303302,313,200.0,153
RES_1943,3303302,137,81.0,62
RES_1944,3303302,572,340.0,260
RES_1945,3303302,489,306.0,234
RES_1946,3303302,588,371.0,284
RES_1947,3303302,215,130.0,100
RES_1948,3303302,2948,1865.0,1428
RES_1949,3303302,232,143.0,109
RES_1950,3303302,699,448.0,343
RES_1951,3303302,250,160.38337693700947,123
RES_1952,3303302,13733,7487.833769370094,5733
RES_1953,3303302,17543,9299.0,7120
RES_1954,3303302,20681,11487.615281411418,8796
RES_1955,3303302,3616,2400.0,1838
RES_1956,3303302,8858,5459.0,4180
RES_1957,3303302,11392,6726.532166096465,5150
RES_1958,3303302,1341,862.0,660
RES_1959,3303302,83,51.068357147648754,39
RES_1960,3303302,519,323.0,247
RES_1961,3303302,1526,901.0,690
RES_1962,3303302,1978,1226.0,939
RES_1963,3303302,1696,1095.0,838
RES_1964,3303302,12392,7405.0,5670
RES_1965,3303302,1280,788.0,603
RES_1966,3303302,534,349.0,267
RES_1967,3303302,918,635.0,486
RES_1968,3303302,411,242.0,185
RES_1969,3303302,496,256.2305628228349,196
RES_1970,3303302,1302,793.3056282283491,607
RES_1971,3303302,166,118.0,90
RES_1972,3303302,34,20.919567988193464,16
RES_1973,3303302,196,145.0,111
RES_1974,3303302,1493,912.0,698
RES_1975,3303302,1640,956.0,732
RES_1976,3303302,1717,1088.0,833
RES_1977,3303302,1721,1038.0,795
RES_1978,3303302,895,540.0,413
RES_1979,3303302,220,127.0,97
RES_1980,3303302,1391,914.0,700
RES_1981,3303302,2148,1320.0,1011
RES_1982,3303302,106,65.0,50
RES_1983,3303302,747,500.0,383
RES_1984,3303302,1100,735.0,563
RES_1985,3303302,152,91.0,70
RES_1986,3303302,871,524.0,401
RES_1987,3303302,867,569.0,436
RES_1988,3303302,683,446.0,341
RES_1989,3303302,78,47.99195009056148,37
RES_1990,3303302,320,198.0,152
RES_1991,3303302,478,326.0,250
RES_1992,3303302,1158,708.0,542
RES_1993,3303302,423,294.0,225
RES_1994,3303302,401,249.0,191
RES_1995,3303302,129,79.37130207285168,61
RES_1996,3303302,81,48.0,37
RES_1997,3303302,427,244.0,187
RES_1998,3303302,983,595.0,456
RES_1999,3303302,173,115.0,88
RES_2000,3303302,720,446.0,341
RES_2001,3303302,856,555.0,425
RES_2002,3303302,1223,776.3806936338633,594
RES_2003,3303302,1515,913.0,699
RES_2004,3303302,757,455.376668679144,349
RES_2005,3303302,358,226.0,173
RES_2006,3303302,735,453.0,347
RES_2007,3303302,850,586.0,449
RES_2008,3303302,721,475.0,364
RES_2009,3303302,590,403.0,309
RES_2010,3303302,329,220.0,168
RES_2011,3303302,592,377.0,289
RES_2012,3303302,373,245.0,188
RES_2013,3303302,796,515.0,394
RES_2014,3303302,526,346.0,265
RES_2015,3303302,272,189.0,145
RES_2016,3303302,1931,1220.0,934
RES_2017,3303302,1120,695.0,532
RES_2018,3303302,206,145.0,111
RES_2019,3303302,797,510.0,390
RES_2020,3303302,152,94.0,72
RES_2021,3303302,703,485.0,371
RES_2022,3303302,878,548.0,420
RES_2023,3303302,1198,738.0,565
RES_2024,3303302,1725,1063.0,814
RES_2025,3303302,977,597.0,457
RES_2026,3303302,559,343.0,263
RES_2027,3303302,235,157.0,120
RES_2028,3303302,211,121.0,93
RES_2029,3303302,72,44.30026162205675,34
RES_2030,3303302,279,188.0,144
RES_2031,3303302,493,317.0,243
RES_2032,3303302,673,435.0,333
RES_2033,3303302,435,287.0,220
RES_2034,3303302,589,372.0,285
RES_2035,3303302,1414,956.0,732
RES_2036,3303302,33,20.0,15
RES_2037,3303302,272,169.0,129
RES_2038,3303302,360,234.0,179
RES_2039,3303302,141,90.0,69
RES_2040,3303302,3,1.8458442342523647,1
RES_2041,3303302,239,152.0,116
RES_2042,3303302,25,15.382035285436372,12
RES_2043,3303302,1513,929.0,711
RES_2044,3303302,1776,1057.0,809
RES_2045,3303302,46,28.302944925202922,22
RES_2046,3303302,1670,1047.0,802
RES_2047,3303302,1375,775.0,593
RES_2048,3303302,90,58.0,44
RES_2049,3303302,1298,774.0,593
RES_2050,3303302,1196,724.0,554
RES_2051,3303302,1313,799.0,612
RES_2052,3303302,1580,1016.0,778
RES_2053,3303302,723,414.0,317
RES_2054,3303302,567,364.0,279
RES_2055,3303302,1372,842.0,645
RES_2056,3303302,1586,997.0,763
RES_2057,3303302,574,355.0,272
RES_2058,3303302,1034,588.0,450
RES_2059,3303302,1031,700.2292211712618,536
RES_2060,3303302,837,559.0,428
RES_2061,3303302,647,411.0,315
RES_2062,3303302,602,388.0,297
RES_2063,3303302,997,695.0,532
RES_2064,3303302,777,490.23056282283494,375
RES_2065,3303302,247,150.0,115
RES_2066,3303302,2891,1698.0,1300
RES_2067,3303302,348,227.0,174
RES_2068,3303302,1394,887.0,679
RES_2069,3303302,39,23.995975045280737,18
RES_2070,3303302,3,1.8458442342523647,1
RES_2071,3303302,767,482.0,369
RES_2072,3303302,834,516.0,395
RES_2073,3303302,292,189.0,145
RES_2074,3303302,1684,1082.0,828
RES_2075,3303302,140,91.0,70
RES_2076,3303302,343,218.45978399409674,167
RES_2077,3303302,1043,683.0,523
RES_2078,3303302,92,61.0,47
RES_2079,3303302,2088,1305.3042865767761,999
RES_2080,3303302,2366,1515.0,1160
RES_2081,3303302,233,142.0,109
RES_2082,3303302,304,196.0,150
RES_2083,3303302,1755,1062.0,813
RES_2084,3303302,3699,2339.0,1791
RES_2085,3303302,271,189.0,145
RES_2086,3303302,1088,732.0,560
RES_2087,3303302,500,287.0,220
RES_2088,3303302,9982,6142.0,4703
RES_2089,3303302,6225,3820.0,2925
RES_2090,3303302,9630,6011.075065405515,4602
RES_2091,3303302,1625,1034.3833769370094,792
RES_2092,3303302,955,577.0,442
RES_2093,3303302,2434,1483.0,1135
RES_2094,3303302,78,47.99195009056148,37
RES_2095,3303302,399,280.0,214
RES_2096,3303302,563,355.0,272
RES_2097,3303302,676,432.0,331
RES_2098,3303302,215,139.0,106
RES_2099,3303302,188,128.0,98
RES_2100,3303302,642,437.0,335
RES_2101,3303302,2056,1341.0,1027
RES_2102,3303302,655,420.0,322
RES_2103,3303302,493,320.0,245
RES_2104,3303302,991,657.0,503
RES_2105,3303302,220,136.0,104
RES_2106,3303302,266,163.0,125
RES_2107,3303302,94,48.0,37
RES_2108,3303302,262,170.0,130
RES_2109,3303302,476,220.0,168
RES_2110,3303302,3100,1684.0,1289
RES_2111,3303302,419,234.0,179
RES_2112,3303302,2322,1298.0,994
RES_2113,3303302,793,461.9892667874153,354
RES_2114,3303302,424,272.0,208
RES_2115,3303302,154,102.0,78
RES_2116,3303302,664,421.0,322
RES_2117,3303302,548,371.0,284
RES_2118,3303302,1780,1110.0,850
RES_2119,3303302,1939,1167.0,894
RES_2120,3303302,1080,652.0,499
RES_2121,3303302,1274,787.0,603
RES_2122,3303302,185,117.0,90
RES_2123,3303302,308,184.0,141
RES_2124,3303302,884,535.0,410
RES_2125,3303302,1285,811.0,621
RES_2126,3303302,459,307.0,235
RES_2127,3303302,362,234.0,179
RES_2128,3303302,477,312.0,239
RES_2129,3303302,486,313.0,240
RES_2130,3303302,569,359.0,275
RES_2131,3303302,259,162.0,124
RES_2132,3303302,273,170.0,130
RES_2133,3303302,1411,924.0,707
RES_2134,3303302,1800,1081.0,828
RES_2135,3303302,858,538.536191051184,412
RES_2136,3303302,132,87.0,67
RES_2137,3303302,241,164.0,126
RES_2138,3303302,2,1.2305628228349097,1
RES_2139,3303302,19,11.690346816931642,9
RES_2140,3303302,82,59.0,45
RES_2141,3303302,790,514.0,394
RES_2142,3303302,5,3.076407057087274,2
RES_2143,3303302,812,498.0,381
RES_2144,3303302,454,292.0,224
RES_2145,3303302,635,437.0,335
RES_2146,3303302,378,228.0,175
RES_2147,3303302,1577,985.0,754
RES_2148,3303302,243,154.38203528543636,118
RES_2149,3303302,349,215.0,165
RES_2150,3303302,314,190.4517340846582,146
RES_2151,3303302,435,303.0,232
RES_2152,3303302,344,209.0,160
RES_2153,3303302,29,17.84316093110619,14
RES_2154,3303302,398,249.0,191
RES_2155,3303302,241,148.0,113
RES_2156,3303302,70,43.06969879922184,33
RES_2157,3303302,25,15.382035285436372,12
RES_2158,3303302,670,421.3069698799222,323
RES_2159,3303302,480,309.0,237
RES_2160,3303302,123,87.0,67
RES_2161,3303302,1336,820.0,628
RES_2162,3303302,332,206.0,158
RES_2163,3303302,402,227.0,174
RES_2164,3303302,497,346.0,265
RES_2165,3303302,835,567.9222512913396,435
RES_2166,3303302,729,499.0,382
RES_2167,3303302,598,383.0,293
RES_2168,3303302,633,404.0,309
RES_2169,3303302,408,229.0,175
RES_2170,3303302,321,195.0,149
RES_2171,3303302,344,204.0,156
RES_2172,3303302,1183,722.0,553
RES_2173,3303302,633,401.0,307
RES_2174,3303302,498,292.0,224
RES_2175,3303302,1021,633.0,485
RES_2176,3303302,1080,641.0,491
RES_2177,3303302,824,451.0,345
RES_2178,3303302,229,151.0,116
RES_2179,3303302,1046,603.0,462
RES_2180,3303302,642,381.0,292
RES_2181,3303302,414,259.0,198
RES_2182,3303302,384,230.0,176
RES_2183,3303302,442,249.0,191
RES_2184,3303302,2842,1638.0,1254
RES_2185,3303302,2704,1609.0,1232
RES_2186,3303302,2409,1505.0,1152
RES_2187,3303302,1352,830.0,635
RES_2188,3303302,451,342.0,262
RES_2189,3303302,128,78.75602066143422,60
RES_2190,3303302,575,385.0,295
RES_2191,3303302,2548,1538.0,1178
RES_2192,3303302,2162,1363.0,1044
RES_2193,3303302,559,364.0,279
RES_2194,3303302,153,102.0,78
RES_2195,3303302,2738,1691.0,1295
RES_2196,3303302,533,319.0,244
RES_2197,3303302,756,464.0,355
RES_2198,3303302,10,6.152814114174548,5
RES_2199,3303302,639,352.0,269
RES_2200,3303302,521,305.0,234
RES_2201,3303500,2792,1818.0,1052
RES_2202,3303500,760,494.0,286
RES_2203,3303500,6538,4133.931190868349,2392
RES_2204,3303500,1317,806.4296140243357,467
RES_2205,3303500,3012,1830.8180207096436,1059
RES_2206,3303500,3469,2143.0,1240
RES_2207,3303500,2945,1840.0,1065
RES_2208,3303500,918,553.0,320
RES_2209,3303500,3256,1931.0,1117
RES_2210,3303500,583,359.0,208
RES_2211,3303500,216,138.0,80
RES_2212,3303500,1995,1180.0,683
RES_2213,3303500,1101,704.6971616807753,408
RES_2214,3303500,1258,780.0,451
RES_2215,3303500,309,198.91265943999693,115
RES_2216,3303500,557,330.0,191
RES_2217,3303500,1610,965.0,558
RES_2218,3303500,2830,1698.0,983
RES_2219,3303500,312,183.0,106
RES_2220,3303500,1922,1201.0,695
RES_2221,3303500,993,631.0,365
RES_2222,3303500,198,127.0,73
RES_2223,3303500,181,105.0,61
RES_2224,3303500,1631,1004.0,581
RES_2225,3303500,697,422.0,244
RES_2226,3303500,2377,1486.1742904201938,860
RES_2227,3303500,683,404.0,234
RES_2228,3303500,1475,938.0,543
RES_2229,3303500,176,117.0,68
RES_2230,3303500,1563,1004.0,581
RES_2231,3303500,1983,1266.0,733
RES_2232,3303500,3166,2079.0,1203
RES_2233,3303500,5170,3329.0,1926
RES_2234,3303500,1401,902.0,522
RES_2235,3303500,2358,1483.8990538935918,859
RES_2236,3303500,4465,2909.0,1683
RES_2237,3303500,2769,1705.0,987
RES_2238,3303500,948,592.0,343
RES_2239,3303500,2091,1351.0,782
RES_2240,3303500,345,207.0,120
RES_2241,3303500,4871,3055.0,1768
RES_2242,3303500,1594,936.0,542
RES_2243,3303500,2468,1515.0,877
RES_2244,3303500,102,59.0,34
RES_2245,3303500,196,132.0,76
RES_2246,3303500,764,485.0,281
RES_2247,3303500,1746,1144.0,662
RES_2248,3303500,4037,2604.0,1507
RES_2249,3303500,587,386.0,223
RES_2250,3303500,1118,689.0,399
RES_2251,3303500,726,464.0,268
RES_2252,3303500,1419,879.0,509
RES_2253,3303500,531,352.0,204
RES_2254,3303500,1122,713.0,413
RES_2255,3303500,1042,666.0,385
RES_2256,3303500,531,351.0,203
RES_2257,3303500,694,475.0,275
RES_2258,3303500,3919,2461.0,1424
RES_2259,3303500,430,276.0,160
RES_2260,3303500,550,322.0,186
RES_2261,3303500,982,609.0,352
RES_2262,3303500,2158,1382.0,800
RES_2263,3303500,356,217.0,126
RES_2264,3303500,5132,3310.0,1915
RES_2265,3303500,2048,1280.0,741
RES_2266,3303500,605,383.0,222
RES_2267,3303500,1910,1207.0,698
RES_2268,3303500,645,379.0,219
RES_2269,3303500,4970,3210.0,1857
RES_2270,3303500,447,270.0,156
RES_2271,3303500,1442,915.0,529
RES_2272,3303500,2165,1391.0,805
RES_2273,3303500,1613,1064.0,616
RES_2274,3303500,4879,3206.0,1855
RES_2275,3303500,994,655.0,379
RES_2276,3303500,802,629.0,364
RES_2277,3303500,3897,2468.0,1428
RES_2278,3303500,5316,3451.0,1997
RES_2279,3303500,1807,1161.0,672
RES_2280,3303500,821,549.0,318
RES_2281,3303500,782,578.0,334
RES_2282,3303500,6617,4407.0,2550
RES_2283,3303500,568,341.0,197
RES_2284,3303500,788,547.0,317
RES_2285,3303500,769,491.0,284
RES_2286,3303500,2249,1571.0,909
RES_2287,3303500,1349,837.0,484
RES_2288,3303500,1622,962.0,557
RES_2289,3303500,1713,1065.0,616
RES_2290,3303500,1939,1218.0,705
RES_2291,3303500,2120,1322.0,765
RES_2292,3303500,1497,943.0,546
RES_2293,3303500,453,290.0,168
RES_2294,3303500,4372,2735.0,1583
RES_2295,3303500,540,349.0,202
RES_2296,3303500,3295,2207.0,1277
RES_2297,3303500,719,436.0,252
RES_2298,3303500,7181,4555.0,2636
RES_2299,3303500,2229,1420.0,822
RES_2300,3303500,5563,3785.0,2190
RES_2301,3303500,361,228.0,132
RES_2302,3303500,701,448.0,259
RES_2303,3303500,3711,2459.0,1423
RES_2304,3303500,1806,1168.6926264986403,676
RES_2305,3303500,3722,2338.0,1353
RES_2306,3303500,2801,1821.0,1054
RES_2307,3303500,699,450.0,260
RES_2308,3303500,1859,1154.0,668
RES_2309,3303500,1103,719.0,416
RES_2310,3303500,518,332.0,192
RES_2311,3303500,466,320.0,185
RES_2312,3303500,1535,963.0,557
RES_2313,3303500,753,477.0,276
RES_2314,3303500,3524,2216.0,1282
RES_2315,3303500,1380,904.0,523
RES_2316,3303500,1614,1050.0,608
RES_2317,3303500,4207,2737.0,1584
RES_2318,3303500,5302,3362.0,1945
RES_2319,3303500,502,319.0,185
RES_2320,3303500,804,537.0,311
RES_2321,3303500,415,273.0,158
RES_2322,3303500,399,266.0,154
RES_2323,3303500,693,432.0,250
RES_2324,3303500,1329,803.0,465
RES_2325,3303500,5997,3917.0,2266
RES_2326,3303500,898,578.0,334
RES_2327,3303500,431,265.0,153
RES_2328,3303500,4570,2948.0,1706
RES_2329,3303500,2723,1704.0,986
RES_2330,3303500,668,424.0,245
RES_2331,3303500,180,133.0,77
RES_2332,3303500,2041,1315.0,761
RES_2333,3303500,548,345.0,200
RES_2334,3303500,646,409.0,237
RES_2335,3303500,1943,1230.0,712
RES_2336,3303500,1372,881.0,510
RES_2337,3303500,3259,2103.0,1217
RES_2338,3303500,7407,4776.0,2764
RES_2339,3303500,736,476.0,275
RES_2340,3303500,786,522.0,302
RES_2341,3303500,2639,1701.0,984
RES_2342,3303500,1113,724.0,419
RES_2343,3303500,284,182.0,105
RES_2344,3303500,459,322.0,186
RES_2345,3303500,243,160.12224052297597,93
RES_2346,3303500,458,279.0,161
RES_2347,3303500,3393,2180.0,1261
RES_2348,3303500,598,399.0,231
RES_2349,3303500,197,131.0,76
RES_2350,3303500,499,328.0,190
RES_2351,3303500,6468,4105.0,2375
RES_2352,3303500,3756,2350.0,1360
RES_2353,3303500,4350,2765.0,1600
RES_2354,3303500,3906,2405.0,1392
RES_2355,3303500,2070,1354.0,783
RES_2356,3303500,2382,1484.0,859
RES_2357,3303500,1771,1105.0,639
RES_2358,3303500,2534,1751.0,1013
RES_2359,3303500,4204,2716.0,1572
RES_2360,3303500,704,479.0,277
RES_2361,3303500,926,615.0,356
RES_2362,3303500,4607,3273.0,1894
RES_2363,3303500,1056,691.0,400
RES_2364,3303500,6833,4585.0,2653
RES_2365,3303500,787,529.0,306
RES_2366,3303500,845,522.0,302
RES_2367,3303500,565,356.0,206
RES_2368,3303500,1111,725.0,420
RES_2369,3303500,508,331.0,192
RES_2370,3303500,2675,1743.0,1009
RES_2371,3303500,173,108.0,62
RES_2372,3303500,795,506.0,293
RES_2373,3303500,665,405.0,234
RES_2374,3303500,3045,2074.0,1200
RES_2375,3303500,6886,4552.0,2634
RES_2376,3303500,3177,2064.0,1194
RES_2377,3303500,1215,785.0,454
RES_2378,3303500,2283,1486.0,860
RES_2379,3303500,674,430.0,249
RES_2380,3303500,1467,945.0,547
RES_2381,3303500,674,430.0,249
RES_2382,3303500,3729,2445.0,1415
RES_2383,3303500,4852,3059.0,1770
RES_2384,3303500,2098,1422.0,823
RES_2385,3303500,288,211.0,122
RES_2386,3303500,502,336.0,194
RES_2387,3303500,162,102.0,59
RES_2388,3303500,5429,3556.0,2058
RES_2389,3303500,716,463.0,268
RES_2390,3303500,3149,2141.0,1239
RES_2391,3303500,454,309.0,179
RES_2392,3303500,549,332.0,192
RES_2393,3303500,772,473.0,274
RES_2394,3303500,2774,1850.0,1070
RES_2395,3303500,817,550.0,318
RES_2396,3303500,4059,2697.0,1561
RES_2397,3303500,2429,1648.0,954
RES_2398,3303500,573,372.0,215
RES_2399,3303500,885,583.0,337
RES_2400,3303500,1243,788.0,456
RES_2401,3303500,1174,763.0,441
RES_2402,3303500,1376,899.0,520
RES_2403,3303500,1672,1119.7415227078307,648
RES_2404,3303500,4339,2794.0,1617
RES_2405,3303500,3065,1992.0,1153
RES_2406,3303500,1780,1142.0,661
RES_2407,3303500,4507,2918.0,1688
RES_2408,3303500,4209,2694.0,1559
RES_2409,3303500,3300,2181.0,1262
RES_2410,3303500,791,526.0,304
RES_2411,3303500,974,633.0,366
RES_2412,3303500,455,290.0,168
RES_2413,3303500,194,125.0,72
RES_2414,3303500,396,248.0,143
RES_2415,3303500,256,152.0,88
RES_2416,3303500,2535,1666.0,964
RES_2417,3303500,938,590.0,341
RES_2418,3303500,2255,1473.0,852
RES_2419,3303500,1936,1253.0,725
RES_2420,3303500,3720,2517.0,1456
RES_2421,3303500,2016,1347.0,779
RES_2422,3303500,800,509.0,295
RES_2423,3303500,84,53.0,31
RES_2424,3303500,3366,2208.0,1278
RES_2425,3303500,3046,2016.0,1167
RES_2426,3303500,2123,1397.0,808
RES_2427,3303500,2748,1767.0,1022
RES_2428,3303500,640,430.0,249
RES_2429,3303500,2143,1399.0,809
RES_2430,3303500,3431,2222.0,1286
RES_2431,3303500,1931,1241.0,718
RES_2432,3303500,4449,2797.0,1618
RES_2433,3303500,2066,1386.0,802
RES_2434,3303500,947,642.0,371
RES_2435,3303500,2244,1358.0,786
RES_2436,3303500,250,148.0,86
RES_2437,3303500,1072,666.1865144724914,385
RES_2438,3303500,458,287.0,166
RES_2439,3303500,639,392.0,227
RES_2440,3303500,185,125.0,72
RES_2441,3303500,906,603.0,349
RES_2442,3303500,557,362.0,209
RES_2443,3303500,1396,886.0,513
RES_2444,3303500,883,569.0,329
RES_2445,3303500,402,245.0,142
RES_2446,3303500,1620,1005.0,582
RES_2447,3303500,402,251.0,145
RES_2448,3303500,2125,1349.0,781
RES_2449,3303500,1056,656.0,380
RES_2450,3303500,3570,2324.0,1345
RES_2451,3303500,632,393.16660155003126,227
RES_2452,3303500,634,390.0,226
RES_2453,3303500,8,5.149842315598626,3
RES_2454,3303500,199,110.0,64
RES_2455,3303500,188,112.0,65
RES_2456,3303500,252,145.46628618122855,84
RES_2457,3303500,10,6.437302894498282,4
RES_2458,3303500,182,110.0,64
RES_2459,3303500,4,2.574921157799313,1
RES_2460,3303500,1,0.6437302894498282,0
RES_2461,3303500,564,363.0,210
RES_2462,3303500,377,241.0,139
RES_2463,3303500,228,130.0,75
RES_2464,3303500,140,79.0,46
RES_2465,3303500,646,445.0,257
RES_2466,3303500,2899,1917.0,1109
RES_2467,3303500,539,352.0,204
RES_2468,3303500,2615,1665.0,963
RES_2469,3303500,1632,1060.0,613
RES_2470,3303500,358,209.0,121
RES_2471,3303500,1085,646.0,374
RES_2472,3303500,898,559.0,323
RES_2473,3303500,85,46.0,27
RES_2474,3303500,1447,838.0,485
RES_2475,3303500,3368,2283.0,1321
RES_2476,3303500,1766,1135.0,657
RES_2477,3303500,2475,1557.0,901
RES_2478,3303500,2258,1458.0,844
RES_2479,3303500,583,379.0,219
RES_2480,3303500,530,352.0,204
RES_2481,3303500,1534,982.0,568
RES_2482,3303500,193,109.0,63
RES_2483,3303500,52,37.0,21
RES_2484,3303500,67,40.0,23
RES_2485,3303500,148,95.27208283857458,55
RES_2486,3303500,310,202.0,117
RES_2487,3303500,335,213.0,123
RES_2488,3303500,1884,1240.0,717
RES_2489,3303500,1259,834.0,483
RES_2490,3303500,2170,1451.0,840
RES_2491,3303500,3392,2167.0,1254
RES_2492,3303500,289,190.0,110
RES_2493,3303500,2666,1670.0,966
RES_2494,3303500,2242,1470.0,851
RES_2495,3303500,1617,1023.0,592
RES_2496,3303500,133,80.0,46
RES_2497,3303500,12,7.724763473397939,4
RES_2498,3303500,26,16.736987525695532,10
RES_2499,3303500,56,36.04889620919038,21
RES_2500,3303500,422,256.0,148
RES_2501,3303500,244,149.0,86
RES_2502,3303500,146,90.0,52
RES_2503,3303500,139,86.0,50
RES_2504,3303500,196,138.0,80
RES_2505,3303500,32,20.599369262394504,12
RES_2506,3303500,119,66.0,38
RES_2507,3303500,2887,1817.0,1051
RES_2508,3303500,2041,1340.0,775
RES_2509,3303500,833,556.0,322
RES_2510,3303500,1435,923.0,534
RES_2511,3303500,4375,2764.0,1599
RES_2512,3303500,3792,2410.0,1394
RES_2513,3303500,695,451.0,261
RES_2514,3303500,403,272.0,157
RES_2515,3303500,1933,1213.0,702
RES_2516,3303500,2647,1663.0,962
RES_2517,3303500,1218,796.0,461
RES_2518,3303500,631,395.0,229
RES_2519,3303500,7678,4959.0,2869
RES_2520,3303500,3194,2105.0,1218
RES_2521,3303500,2294,1435.0,830
RES_2522,3303500,676,437.0,253
RES_2523,3303500,440,255.0,148
RES_2524,3303500,627,406.0,235
RES_2525,3303500,402,260.0,150
RES_2526,3303500,660,434.0,251
RES_2527,3303500,974,623.0,360
RES_2528,3303500,303,193.0,112
RES_2529,3303500,552,355.0,205
RES_2530,3303500,2582,1687.0,976
RES_2531,3303500,2011,1300.0,752
RES_2532,3303500,1375,848.0,491
RES_2533,3303500,401,257.0,149
RES_2534,3303500,2421,1593.0,922
RES_2535,3303500,784,513.0,297
RES_2536,3303500,2779,1762.0,1020
RES_2537,3303500,1170,743.0,430
RES_2538,3303500,718,463.0,268
RES_2539,3303500,5427,3526.0,2040
RES_2540,3303500,3225,2093.0,1211
RES_2541,3303500,3893,2463.0,1425
RES_2542,3303500,520,354.0,205
RES_2543,3303500,1014,646.0,374
RES_2544,3303500,2148,1354.0,783
RES_2545,3303500,740,486.0,281
RES_2546,3303500,207,142.0,82
RES_2547,3303500,477,302.0,175
RES_2548,3303500,584,400.0,231
RES_2549,3303500,314,197.0,114
RES_2550,3303500,2850,1830.0,1059
RES_2551,3303500,810,526.0,304
RES_2552,3303500,2496,1620.0,937
RES_2553,3303500,3658,2343.0,1356
RES_2554,3303500,705,450.0,260
RES_2555,3303500,709,485.0,281
RES_2556,3303500,1516,990.0,573
RES_2557,3303500,932,592.0,343
RES_2558,3303500,647,409.0,237
RES_2559,3303500,1304,866.0,501
RES_2560,3303500,1436,932.0,539
RES_2561,3303500,848,579.2675476564395,335
RES_2562,3303500,2531,1660.0,961
RES_2563,3303500,1900,1177.0,681
RES_2564,3303500,690,437.0,253
RES_2565,3303500,336,215.0,124
RES_2566,3303500,378,250.0,145
RES_2567,3303500,217,137.0,79
RES_2568,3303500,180,117.0,68
RES_2569,3303500,410,262.0,152
RES_2570,3303500,1027,662.0,383
RES_2571,3303500,2316,1484.0,859
RES_2572,3303500,1125,694.0,402
RES_2573,3303500,112,75.0,43
RES_2574,3303500,584,380.0,220
RES_2575,3303500,869,582.0,337
RES_2576,3303500,878,585.0,338
RES_2577,3303500,168,120.0,69
RES_2578,3303500,340,214.0,124
RES_2579,3303500,169,106.0,61
RES_2580,3303500,78,50.210962577086605,29
RES_2581,3303500,1100,682.0,395
RES_2582,3303500,1156,772.0,447
RES_2583,3303500,7,4.506112026148798,3
RES_2584,3303500,312,216.0,125
RES_2585,3303500,648,418.0,242
RES_2586,3303500,1363,867.0,502
RES_2587,3303500,2019,1352.0,782
RES_2588,3303500,3338,2224.0,1287
RES_2589,3303500,66,42.48619910368866,25
RES_2590,3303500,234,140.0,81
RES_2591,3303500,1150,717.0,415
RES_2592,3303500,1490,955.0,553
RES_2593,3303500,1483,945.0,547
RES_2594,3303500,2333,1487.0,860
RES_2595,3303500,1120,693.0,401
RES_2596,3303500,2969,1963.0,1136
RES_2597,3303500,1194,770.0,446
RES_2598,3303500,1203,811.0,469
RES_2599,3303500,417,270.0,156
RES_2600,3303500,456,298.0,172
RES_2601,3303500,558,340.0,197
RES_2602,3303500,373,241.0,139
RES_2603,3303500,1889,1284.0,743
RES_2604,3303500,418,279.0,161
RES_2605,3303500,3257,2128.2675476564395,1231
RES_2606,3303500,3499,2263.0,1309
RES_2607,3303500,4347,2809.0,1625
RES_2608,3303500,502,303.0,175
RES_2609,3303500,1006,652.0,377
RES_2610,3303500,2836,1810.0,1047
RES_2611,3303500,1376,928.0,537
RES_2612,3303500,2397,1549.0,896
RES_2613,3303500,643,438.0,253
RES_2614,3303500,2191,1349.0,781
RES_2615,3303500,3470,2244.0,1298
RES_2616,3303500,741,486.0,281
RES_2617,3303500,532,334.0,193
RES_2618,3303500,660,442.0,256
RES_2619,3303500,203,118.0,68
RES_2620,3303500,257,162.0,94
RES_2621,3303500,101,69.0,40
RES_2622,3303500,591,392.0,227
RES_2623,3303500,699,443.0,256
RES_2624,3303500,1705,1123.0,650
RES_2625,3303500,3416,2213.0,1281
RES_2626,3303500,5512,3512.0,2032
RES_2627,3303500,748,467.0,270
RES_2628,3303500,1204,752.0,435
RES_2629,3303500,977,651.0,377
RES_2630,3303500,4806,3090.0,1788
RES_2631,3303500,3184,2086.0366721568926,1207
RES_2632,3303500,1137,695.0,402
RES_2633,3303500,600,380.0,220
RES_2634,3303500,60,38.6238173669897,22
RES_2635,3303500,128,78.0,45
RES_2636,3303500,666,444.0,257
RES_2637,3303500,379,242.0,140
RES_2638,3303500,754,497.0,288
RES_2639,3303500,943,618.0,358
RES_2640,3303500,909,557.0,322
RES_2641,3303500,1242,837.0,484
RES_2642,3303500,473,298.0,172
RES_2643,3303500,326,205.0,119
RES_2644,3303500,631,407.0,235
RES_2645,3303500,142,94.0,54
RES_2646,3303500,528,350.0,203
RES_2647,3303500,564,380.0,220
RES_2648,3303500,208,130.0,75
RES_2649,3303500,129,83.0,48
RES_2650,3303500,788,498.0,288
RES_2651,3303500,675,433.0,251
RES_2652,3303500,982,635.0,367
RES_2653,3303500,1312,807.0,467
RES_2654,3303500,486,308.0,178
RES_2655,3303500,272,168.0,97
RES_2656,3303500,809,513.0,297
RES_2657,3303500,255,144.0,83
RES_2658,3303500,141,94.0,54
RES_2659,3303500,1332,837.0,484
RES_2660,3303500,377,228.14984231559862,132
RES_2661,3303500,286,175.0,101
RES_2662,3303500,25,16.093257236245705,9
RES_2663,3303500,249,155.0,90
RES_2664,3303500,488,319.0,185
RES_2665,3303500,692,441.0,255
RES_2666,3303500,20,12.874605788996565,7
RES_2667,3303500,106,64.0,37
RES_2668,3303500,10,6.437302894498282,4
RES_2669,3303500,184,128.0,74
RES_2670,3303500,849,545.0,315
RES_2671,3303500,4038,2677.0,1549
RES_2672,3303500,1174,752.0,435
RES_2673,3303500,812,521.0,301
RES_2674,3303500,2938,1868.0,1081
RES_2675,3303500,3002,1903.0,1101
RES_2676,3303500,56,36.04889620919038,21
RES_2677,3303500,418,282.0,163
RES_2678,3303500,2158,1349.0,781
RES_2679,3303500,882,546.0,316
RES_2680,3303500,2978,1940.7093857330728,1123
RES_2681,3303500,339,209.0,121
RES_2682,3303500,200,130.0,75
RES_2683,3303500,418,249.0,144
RES_2684,3303500,2678,1716.0,993
RES_2685,3303500,1249,798.0,462
RES_2686,3303500,230,164.0,95
RES_2687,3303500,504,306.0,177
RES_2688,3303500,1135,735.0,425
RES_2689,3303500,2252,1488.0,861
RES_2690,3303500,3442,2234.0,1293
RES_2691,3303500,1035,655.0,379
RES_2692,3303500,1207,791.0,458
RES_2693,3303500,298,198.0,115
RES_2694,3303500,575,373.0,216
RES_2695,3303500,575,383.0,222
RES_2696,3303500,874,577.0,334
RES_2697,3303500,3319,2138.0,1237
RES_2698,3303500,1567,987.0,571
RES_2699,3303500,2419,1542.0,892
RES_2700,3303500,265,168.0,97
RES_2701,3303500,329,219.0,127
RES_2702,3303500,643,430.0,249
RES_2703,3303500,363,244.0,141
RES_2704,3303500,152,91.0,53
RES_2705,3303500,1717,1110.0,642
RES_2706,3303500,1213,790.0,457
RES_2707,3303500,1584,1045.0,605
RES_2708,3303500,2344,1517.0,878
RES_2709,3303500,412,250.0,145
RES_2710,3303500,681,445.0,257
RES_2711,3303500,71,46.0,27
RES_2712,3303500,235,151.0,87
RES_2713,3303500,338,204.0,118
RES_2714,3303500,184,115.0,67
RES_2715,3303500,78,50.0,29
RES_2716,3303500,87,53.0,31
RES_2717,3303500,760,527.0,305
RES_2718,3303500,369,230.0,133
RES_2719,3303500,79,43.0,25
RES_2720,3303500,111,78.0,45
RES_2721,3303500,503,339.0,196
RES_2722,3303500,810,492.0,285
RES_2723,3303500,544,331.0,192
RES_2724,3303500,46,29.6115933146921,17
RES_2725,3303500,185,118.0,68
RES_2726,3303500,240,151.0,87
RES_2727,3303500,421,241.0,139
RES_2728,3303500,193,117.0,68
RES_2729,3303500,985,608.8791409711316,352
RES_2730,3303500,111,70.0,40
RES_2731,3303500,186,106.0,61
RES_2732,3303500,298,174.0,101
RES_2733,3303500,114,63.0,36
RES_2734,3303500,123,66.0,38
RES_2735,3303500,74,48.0,28
RES_2736,3303500,219,135.0,78
RES_2737,3303500,80,51.49842315598626,30
RES_2738,3303500,42,27.036672156892784,16
RES_2739,3303500,183,104.0,60
RES_2740,3303500,34,21.88682984129416,13
RES_2741,3303500,181,117.0,68
RES_2742,3303500,81,52.14215344543609,30
RES_2743,3303500,197,134.0,78
RES_2744,3303500,17,10.94341492064708,6
RES_2745,3303500,474,315.0,182
RES_2746,3303500,275,160.0,93
RES_2747,3303500,103,66.0,38
RES_2748,3303500,322,203.0,117
RES_2749,3303500,191,121.0,70
RES_2750,3303500,444,273.0,158
RES_2751,3303500,1320,900.0366721568928,521
RES_2752,3303500,693,440.0,255
RES_2753,3303500,606,379.0,219
RES_2754,3303609,182,116.0,73
RES_2755,3303609,266,163.0,102
RES_2756,3303609,85,55.0,35
RES_2757,3303609,62,40.01398090413094,25
RES_2758,3303609,30,19.361603663289166,12
RES_2759,3303609,63,40.659367692907246,25
RES_2760,3303609,145,87.0,55
RES_2761,3303609,116,71.0,45
RES_2762,3303609,102,67.0,42
RES_2763,3303609,54,34.8508865939205,22
RES_2764,3303609,156,104.0,65
RES_2765,3303609,19,12.262348986749805,8
RES_2766,3303609,27,17.42544329696025,11
RES_2767,3303609,916,604.0,379
RES_2768,3303609,96,56.07865168539327,35
RES_2769,3303609,63,49.0,31
RES_2770,3303609,969,650.3900282540919,409
RES_2771,3303609,933,630.0,396
RES_2772,3303609,1326,908.0,570
RES_2773,3303609,2343,1461.0,918
RES_2774,3303609,119,68.0,43
RES_2775,3303609,3498,2284.6808018316447,1435
RES_2776,3303609,243,163.0,102
RES_2777,3303609,239,161.74464146531568,102
RES_2778,3303609,1947,1205.0,757
RES_2779,3303609,1942,1227.0,771
RES_2780,3303609,341,223.0,140
RES_2781,3303609,1108,745.0,468
RES_2782,3303609,5955,3832.0,2407
RES_2783,3303609,1414,931.0,585
RES_2784,3303609,737,448.0,281
RES_2785,3303609,2004,1196.0,751
RES_2786,3303609,1177,775.0,487
RES_2787,3303609,213,148.0,93
RES_2788,3303609,3222,2090.872320732658,1313
RES_2789,3303609,1508,932.2907735775526,586
RES_2790,3303609,78,50.0,31
RES_2791,3303609,259,157.0,99
RES_2792,3303609,2,1.290773577552611,1
RES_2793,3303609,228,149.0,94
RES_2794,3303609,1859,1205.0,757
RES_2795,3303609,10,6.453867887763055,4
RES_2796,3303609,424,287.0,180
RES_2797,3303609,147,103.0,65
RES_2798,3303609,8,5.1677852348993225,3
RES_2799,3303609,3,1.9361603663289166,1
RES_2800,3303609,187,119.0,75
RES_2801,3303609,238,165.0,104
RES_2802,3303609,596,395.0,248
RES_2803,3303609,385,264.0,166
RES_2804,3303609,415,282.0,177
RES_2805,3303609,561,351.0,220
RES_2806,3303609,496,334.0,210
RES_2807,3303609,398,298.0,187
RES_2808,3303609,594,380.0,239
RES_2809,3303906,19,12.355555555555542,9
RES_2810,3304003,1,0.6253584674798303,0
RES_2811,3304003,14,8.755018544717624,6
RES_2812,3304003,445,268.5379344635346,188
RES_2813,3304003,2022,1283.3803770121974,900
RES_2814,3304003,38,23.763621764233548,17
RES_2815,3304003,15,9.380377012197453,7
RES_2816,3304003,56,33.0,23
RES_2817,3304003,1452,894.0,627
RES_2818,3304003,24,15.008603219515926,11
RES_2819,3304003,310,199.0,140
RES_2820,3304003,169,82.0,58
RES_2821,3304003,212,124.0,87
RES_2822,3304003,92,53.0,37
RES_2823,3304003,746,485.0,340
RES_2824,3304003,125,77.63109394715711,54
RES_2825,3304003,20,12.507169349596605,9
RES_2826,3304003,254,157.0,110
RES_2827,3304003,295,180.0,126
RES_2828,3304003,129,75.0,53
RES_2829,3304003,240,150.0,105
RES_2830,3304003,342,212.0,149
RES_2831,3304003,25,15.633961686995757,11
RES_2832,3304003,153,93.14732142857142,65
RES_2833,3304003,52,32.51864030895118,23
RES_2834,3304003,124,73.2535846747983,51
RES_2835,3304003,9,5.538461538461507,4
RES_2836,3304003,533,325.0,228
RES_2837,3304003,216,137.0,96
RES_2838,3304003,238,145.0,102
RES_2839,3304003,499,317.0,222
RES_2840,3304003,113,64.0,45
RES_2841,3304003,124,72.0,51
RES_2842,3304144,657,421.0,245
RES_2843,3304144,1984,1346.0,784
RES_2844,3304144,5066,3201.0,1864
RES_2845,3304144,2453,1572.0,915
RES_2846,3304144,2212,1369.0,797
RES_2847,3304144,1478,949.0,553
RES_2848,3304144,3797,2446.0637987604814,1424
RES_2849,3304144,3483,2161.0,1258
RES_2850,3304144,5054,3192.0,1858
RES_2851,3304144,504,311.0,181
RES_2852,3304144,952,592.0,345
RES_2853,3304144,311,193.0,112
RES_2854,3304144,2340,1500.0,873
RES_2855,3304144,796,514.0,299
RES_2856,3304144,3117,2053.0,1195
RES_2857,3304144,1290,828.0,482
RES_2858,3304144,2154,1400.0,815
RES_2859,3304144,609,398.0,232
RES_2860,3304144,1213,773.0,450
RES_2861,3304144,869,572.0,333
RES_2862,3304144,363,240.36151916107312,140
RES_2863,3304144,1051,716.0,417
RES_2864,3304144,1374,900.0,524
RES_2865,3304144,491,315.0,183
RES_2866,3304144,993,663.0,386
RES_2867,3304144,1800,1252.0,729
RES_2868,3304144,644,433.0,252
RES_2869,3304144,112,77.0,45
RES_2870,3304144,327,214.0,125
RES_2871,3304144,738,492.0,286
RES_2872,3304144,82,53.0,31
RES_2873,3304144,799,520.0,303
RES_2874,3304144,465,293.0,171
RES_2875,3304144,2563,1629.2146855096396,949
RES_2876,3304144,940,596.0,347
RES_2877,3304144,221,141.0,82
RES_2878,3304144,658,400.0,233
RES_2879,3304144,1254,825.0,480
RES_2880,3304144,1052,712.0,415
RES_2881,3304144,638,434.0,253
RES_2882,3304144,62,40.0,23
RES_2883,3304144,112,73.0,43
RES_2884,3304144,199,129.0,75
RES_2885,3304144,499,309.0,180
RES_2886,3304144,471,320.0,186
RES_2887,3304144,451,298.0,173
RES_2888,3304144,516,303.0,176
RES_2889,3304144,99,64.11189980913984,37
RES_2890,3304144,1233,794.0,462
RES_2891,3304144,450,283.0,165
RES_2892,3304144,488,343.0,200
RES_2893,3304144,761,516.0,300
RES_2894,3304144,1113,731.0,426
RES_2895,3304144,1047,735.5032918015912,428
RES_2896,3304144,1652,1033.0,601
RES_2897,3304144,1016,677.0,394
RES_2898,3304144,32,20.723038322146213,12
RES_2899,3304144,524,336.0,196
RES_2900,3304144,286,198.0,115
RES_2901,3304144,145,104.0,61
RES_2902,3304144,2,1.2951898951341383,1
RES_2903,3304144,9,5.828354528103622,3
RES_2904,3304144,48,31.08455748321932,18
RES_2905,3304144,399,289.0,168
RES_2906,3304144,857,539.0,314
RES_2907,3304144,340,232.0,135
RES_2908,3304144,391,251.0,146
RES_2909,3304144,365,212.0,123
RES_2910,3304144,1503,980.0,571
RES_2911,3304144,2191,1349.0,785
RES_2912,3304144,5034,3273.0,1906
RES_2913,3304144,3705,2386.0,1389
RES_2914,3304144,654,412.0,240
RES_2915,3304144,398,247.0,144
RES_2916,3304144,630,411.0,239
RES_2917,3304144,5633,3682.0,2144
RES_2918,3304144,3515,2247.0,1308
RES_2919,3304144,3551,2300.0,1339
RES_2920,3304144,3608,2429.0,1414
RES_2921,3304144,586,380.0,221
RES_2922,3304144,3854,2507.0,1460
RES_2923,3304144,4582,2951.0,1718
RES_2924,3304144,6074,3898.0,2269
RES_2925,3304144,1680,1117.0,650
RES_2926,3304144,2081,1327.0,773
RES_2927,3304144,1119,750.0,437
RES_2928,3304144,281,165.0,96
RES_2929,3304144,2819,1865.0,1086
RES_2930,3304144,1972,1265.0,736
RES_2931,3304144,800,531.0,309
RES_2932,3304144,4016,2564.0,1493
RES_2933,3304144,2846,1926.0,1121
RES_2934,3304144,2681,1733.0,1009
RES_2935,3304144,1937,1273.0,741
RES_2936,3304144,489,308.0,179
RES_2937,3304144,1287,827.0,481
RES_2938,3304144,230,153.0,89
RES_2939,3304144,233,140.0,82
RES_2940,3304144,63,40.798481696725354,24
RES_2941,3304409,9,5.391304347826086,4
RES_2942,3304409,5,3.28125,2
RES_2943,3304409,53,33.28319646241314,21
RES_2944,3304557,3884,2528.0,1772
RES_2945,3304557,1711,1103.0,773
RES_2946,3304557,5266,3312.0,2322
RES_2947,3304557,9786,6124.0,4293
RES_2948,3304557,1357,913.1427708825157,640
RES_2949,3304557,969,660.2618975735429,463
RES_2950,3304557,225,152.5234932358907,107
RES_2951,3304557,183,124.39239349352157,87
RES_2952,3304557,305,218.0,153
RES_2953,3304557,88,55.52349323589068,39
RES_2954,3304557,1254,890.0,624
RES_2955,3304557,4243,2690.273568713689,1886
RES_2956,3304557,1456,1006.0,705
RES_2957,3304557,1636,1128.0,791
RES_2958,3304557,2252,1494.0,1047
RES_2959,3304557,575,377.0,264
RES_2960,3304557,590,392.0,275
RES_2961,3304557,6580,4186.0,2935
RES_2962,3304557,1195,752.0,527
RES_2963,3304557,800,533.0,374
RES_2964,3304557,293,205.0,144
RES_2965,3304557,273,178.0,125
RES_2966,3304557,205,153.0,107
RES_2967,3304557,839,572.0,401
RES_2968,3304557,815,577.0,404
RES_2969,3304557,653,419.0,294
RES_2970,3304557,1530,993.0,696
RES_2971,3304557,363,213.0,149
RES_2972,3304557,332,252.0,177
RES_2973,3304557,569,338.4402856988887,237
RES_2974,3304557,301,192.0,135
RES_2975,3304557,753,489.0,343
RES_2976,3304557,844,568.0,398
RES_2977,3304557,895,608.0,426
RES_2978,3304557,355,231.0,162
RES_2979,3304557,740,481.0,337
RES_2980,3304557,922,650.0,456
RES_2981,3304557,350,253.0,177
RES_2982,3304557,5745,3982.0,2792
RES_2983,3304557,1413,967.0,678
RES_2984,3304557,1058,668.0,468
RES_2985,3304557,1058,688.0,482
RES_2986,3304557,938,649.0,455
RES_2987,3304557,669,468.0,328
RES_2988,3304557,1985,1195.0,838
RES_2989,3304557,989,685.0,480
RES_2990,3304557,663,427.0,299
RES_2991,3304557,937,574.0,402
RES_2992,3304557,4319,2699.0,1892
RES_2993,3304557,274,198.0,139
RES_2994,3304557,4923,3216.0,2255
RES_2995,3304557,769,493.0,346
RES_2996,3304557,316,214.0,150
RES_2997,3304557,1502,1002.0,702
RES_2998,3304557,315,182.0,128
RES_2999,3304557,2073,1291.0,905
RES_3000,3304557,7318,4563.499849044402,3199
RES_3001,3304557,7037,4366.0,3061
RES_3002,3304557,4187,2957.0,2073
RES_3003,3304557,5146,3349.0,2348
RES_3004,3304557,413,267.0,187
RES_3005,3304557,1317,852.0,597
RES_3006,3304557,1052,690.0,484
RES_3007,3304557,1524,1033.0,724
RES_3008,3304557,487,308.0,216
RES_3009,3304557,1140,678.0,475
RES_3010,3304557,537,387.0,271
RES_3011,3304557,387,223.0,156
RES_3012,3304557,198,130.0,91
RES_3013,3304557,391,263.0,184
RES_3014,3304557,392,274.0,192
RES_3015,3304557,975,634.0,444
RES_3016,3304557,1893,1299.0,911
RES_3017,3304557,379,231.0,162
RES_3018,3304557,149,97.0,68
RES_3019,3304557,960,631.0,442
RES_3020,3304557,497,324.0,227
RES_3021,3304557,3585,2333.0,1636
RES_3022,3304557,1160,737.0,517
RES_3023,3304557,3587,2220.0,1556
RES_3024,3304557,598,376.0,264
RES_3025,3304557,5265,3530.0,2475
RES_3026,3304557,1686,1145.0,803
RES_3027,3304557,1179,774.0,543
RES_3028,3304557,264,183.0,128
RES_3029,3304557,10681,7001.940436654486,4909
RES_3030,3304557,16995,9814.402253166498,6880
RES_3031,3304557,16125,9393.974544341341,6585
RES_3032,3304557,3772,2244.0,1573
RES_3033,3304557,3503,1825.7728139357014,1280
RES_3034,3304557,1,0.630948786771485,0
RES_3035,3304557,1610,1134.0,795
RES_3036,3304557,1093,718.0,503
RES_3037,3304557,1525,926.0,649
RES_3038,3304557,5160,3241.046684560586,2272
RES_3039,3304557,435,294.0,206
RES_3040,3304557,9508,5623.0,3942
RES_3041,3304557,1707,1076.0,754
RES_3042,3304557,4017,2397.0,1680
RES_3043,3304557,12722,7415.0,5198
RES_3044,3304557,1652,904.0,634
RES_3045,3304557,8554,4890.474393385743,3428
RES_3046,3304557,538,359.0,252
RES_3047,3304557,1284,874.0,613
RES_3048,3304557,373,257.0,180
RES_3049,3304557,3588,2156.0,1511
RES_3050,3304557,12808,7897.2487168774205,5536
RES_3051,3304557,689,480.0,336
RES_3052,3304557,1423,953.0,668
RES_3053,3304557,428,288.0,202
RES_3054,3304557,2986,2097.0,1470
RES_3055,3304557,72,45.428312647546925,32
RES_3056,3304557,2330,1298.0,910
RES_3057,3304557,1140,598.0,419
RES_3058,3304557,680,439.0,308
RES_3059,3304557,779,516.0,362
RES_3060,3304557,1272,822.0,576
RES_3061,3304557,135,82.0,57
RES_3062,3304557,2557,1589.9281616919493,1115
RES_3063,3304557,12126,7278.915886729412,5103
RES_3064,3304557,2162,1334.0,935
RES_3065,3304557,1481,902.0,632
RES_3066,3304557,16505,10320.094274854757,7235
RES_3067,3304557,19988,12569.01136922895,8811
RES_3068,3304557,1368,885.0,620
RES_3069,3304557,265,186.0,130
RES_3070,3304557,9159,5698.404668456058,3995
RES_3071,3304557,454,308.0,216
RES_3072,3304557,4420,2662.0,1866
RES_3073,3304557,822,431.0,302
RES_3074,3304557,647,456.0,320
RES_3075,3304557,745,498.0,349
RES_3076,3304557,3854,2688.0,1884
RES_3077,3304557,175,118.0,83
RES_3078,3304557,1667,1026.8563233838986,720
RES_3079,3304557,2899,1689.0,1184
RES_3080,3304557,394,279.0,196
RES_3081,3304557,255,149.0,104
RES_3082,3304557,3902,2327.0,1631
RES_3083,3304557,7171,4045.0,2836
RES_3084,3304557,1702,973.0,682
RES_3085,3304557,269,173.0,121
RES_3086,3304557,235,150.0,105
RES_3087,3304557,8991,5007.189153531906,3510
RES_3088,3304557,304,188.0,132
RES_3089,3304557,1987,1382.0,969
RES_3090,3304557,962,644.0,451
RES_3091,3304557,505,288.2609918399572,202
RES_3092,3304557,17592,10016.187342064733,7022
RES_3093,3304557,19318,10775.973034785362,7554
RES_3094,3304557,8798,5143.689606398699,3606
RES_3095,3304557,3594,2280.367843568448,1599
RES_3096,3304557,368,166.0,116
RES_3097,3304557,7021,3825.6300430531855,2682
RES_3098,3304557,29587,16388.863163944923,11489
RES_3099,3304557,2534,1455.0,1020
RES_3100,3304557,8743,4921.380118530984,3450
RES_3101,3304557,15151,9035.758425594799,6334
RES_3102,3304557,248,146.72582746391998,103
RES_3103,3304557,801,570.0,400
RES_3104,3304557,706,485.0,340
RES_3105,3304557,2427,1654.0,1160
RES_3106,3304557,790,579.0,406
RES_3107,3304557,3558,2345.0,1644
RES_3108,3304557,6504,4721.0,3310
RES_3109,3304557,674,446.0,313
RES_3110,3304557,1693,939.0,658
RES_3111,3304557,11392,6144.558506656331,4308
RES_3112,3304557,14959,8387.0,5880
RES_3113,3304557,680,340.76174661794533,239
RES_3114,3304557,5675,3135.582754670209,2198
RES_3115,3304557,2993,2008.0,1408
RES_3116,3304557,729,368.0,258
RES_3117,3304557,7308,4092.0,2869
RES_3118,3304557,255,129.0,90
RES_3119,3304557,15766,8645.0,6060
RES_3120,3304557,1458,851.2134015457852,597
RES_3121,3304557,11856,6106.713854412578,4281
RES_3122,3304557,337,187.0,131
RES_3123,3304557,395,188.0,132
RES_3124,3304557,1941,1045.0,733
RES_3125,3304557,479,246.0,172
RES_3126,3304557,882,483.0,339
RES_3127,3304557,645,378.0,265
RES_3128,3304557,2397,1249.0,876
RES_3129,3304557,495,251.0,176
RES_3130,3304557,2760,1488.0,1043
RES_3131,3304557,3673,2042.7737196692872,1432
RES_3132,3304557,3672,1968.773417758092,1380
RES_3133,3304557,1337,789.0,553
RES_3134,3304557,131,74.0,52
RES_3135,3304557,1272,744.0,522
RES_3136,3304557,312,169.0,118
RES_3137,3304557,3555,1966.0,1378
RES_3138,3304557,426,247.0,173
RES_3139,3304557,4660,2749.0,1927
RES_3140,3304557,2644,1541.0,1080
RES_3141,3304557,506,311.0,218
RES_3142,3304557,1252,772.0,541
RES_3143,3304557,512,304.0,213
RES_3144,3304557,601,347.0,243
RES_3145,3304557,1646,904.0,634
RES_3146,3304557,579,316.0,222
RES_3147,3304557,5226,2906.0,2037
RES_3148,3304557,4662,2445.0,1714
RES_3149,3304557,1987,1387.0,972
RES_3150,3304557,394,266.0,186
RES_3151,3304557,2491,1652.0,1158
RES_3152,3304557,261,154.0,108
RES_3153,3304557,591,393.0,276
RES_3154,3304557,2133,1484.0,1040
RES_3155,3304557,7876,5358.0,3756
RES_3156,3304557,608,424.0,297
RES_3157,3304557,758,499.0,350
RES_3158,3304557,66,41.64261992691801,29
RES_3159,3304557,1492,838.0,587
RES_3160,3304557,469,286.0,200
RES_3161,3304557,648,360.0,252
RES_3162,3304557,2160,1055.0,740
RES_3163,3304557,2803,1627.0,1141
RES_3164,3304557,555,332.0,233
RES_3165,3304557,678,441.0,309
RES_3166,3304557,364,250.0,175
RES_3167,3304557,504,328.0,230
RES_3168,3304557,2384,1494.1837191303919,1047
RES_3169,3304557,3563,2261.0,1585
RES_3170,3304557,946,620.0,435
RES_3171,3304557,2922,1775.0,1244
RES_3172,3304557,2732,1661.0,1164
RES_3173,3304557,284,185.0,130
RES_3174,3304557,249,154.0,108
RES_3175,3304557,4330,2656.9284636031443,1863
RES_3176,3304557,2084,1343.0,941
RES_3177,3304557,1686,1170.0,820
RES_3178,3304557,267,160.0,112
RES_3179,3304557,1371,864.0,606
RES_3180,3304557,28,17.66656602960158,12
RES_3181,3304557,695,420.0,294
RES_3182,3304557,3266,2177.0,1526
RES_3183,3304557,1209,832.0,583
RES_3184,3304557,989,649.0,455
RES_3185,3304557,2297,1566.0,1098
RES_3186,3304557,1514,974.0,683
RES_3187,3304557,4607,2933.0,2056
RES_3188,3304557,2339,1470.0,1031
RES_3189,3304557,2866,1845.0,1293
RES_3190,3304557,387,248.0,174
RES_3191,3304557,1938,1242.0,871
RES_3192,3304557,824,530.0,372
RES_3193,3304557,486,342.0,240
RES_3194,3304557,2507,1683.0,1180
RES_3195,3304557,1870,1154.0,809
RES_3196,3304557,3357,2063.0,1446
RES_3197,3304557,1846,1149.0,805
RES_3198,3304557,1452,951.0,667
RES_3199,3304557,3505,2284.0460807381955,1601
RES_3200,3304557,142,100.0,70
RES_3201,3304557,186,122.0,86
RES_3202,3304557,227,148.0,104
RES_3203,3304557,2001,1299.0,911
RES_3204,3304557,773,506.0,355
RES_3205,3304557,614,398.0,279
RES_3206,3304557,159,101.0,71
RES_3207,3304557,2964,1968.0,1380
RES_3208,3304557,726,472.0,331
RES_3209,3304557,82,60.0,42
RES_3210,3304557,250,162.0,114
RES_3211,3304557,2866,1737.0,1218
RES_3212,3304557,1282,754.0,529
RES_3213,3304557,3067,1911.0,1340
RES_3214,3304557,385,252.0,177
RES_3215,3304557,1699,915.0,641
RES_3216,3304557,2436,1436.3211590078613,1007
RES_3217,3304557,4080,2453.939832832096,1720
RES_3218,3304557,8731,5318.202334228029,3728
RES_3219,3304557,1480,890.0,624
RES_3220,3304557,16742,9242.0,6479
RES_3221,3304557,9310,5348.90391367807,3750
RES_3222,3304557,6927,4075.0,2857
RES_3223,3304557,13863,7704.249320699811,5401
RES_3224,3304557,6692,3816.0,2675
RES_3225,3304557,16839,9544.630948786771,6691
RES_3226,3304557,7964,4761.7856927206285,3338
RES_3227,3304557,8549,5175.0,3628
RES_3228,3304557,16118,9132.797363860775,6402
RES_3229,3304557,414,249.0,175
RES_3230,3304557,1039,633.0,444
RES_3231,3304557,205,135.0,95
RES_3232,3304557,5378,3466.0,2430
RES_3233,3304557,1695,1123.0,787
RES_3234,3304557,619,396.0,278
RES_3235,3304557,29,18.297514816373067,13
RES_3236,3304557,377,236.0,165
RES_3237,3304557,208,138.0,97
RES_3238,3304557,614,416.0,292
RES_3239,3304557,656,402.0,282
RES_3240,3304557,1093,701.0,491
RES_3241,3304557,352,214.0,150
RES_3242,3304557,2411,1564.0,1096
RES_3243,3304557,1555,987.0475902941719,692
RES_3244,3304557,1141,733.0,514
RES_3245,3304557,1850,1227.0,860
RES_3246,3304557,1458,966.0,677
RES_3247,3304557,84,59.0,41
RES_3248,3304557,434,264.0,185
RES_3249,3304557,714,404.0,283
RES_3250,3304557,344,204.0,143
RES_3251,3304557,135,92.0,64
RES_3252,3304557,106,52.0,36
RES_3253,3304557,15,9.464231801572275,7
RES_3254,3304557,56,35.33313205920316,25
RES_3255,3304557,361,217.0,152
RES_3256,3304557,1693,1038.0,728
RES_3257,3304557,822,460.0,322
RES_3258,3304557,4,2.52379514708594,2
RES_3259,3304557,157,94.0,66
RES_3260,3304557,206,141.0,99
RES_3261,3304557,1006,662.0,464
RES_3262,3304557,1766,1096.0,768
RES_3263,3304557,176,121.0,85
RES_3264,3304557,940,599.0,420
RES_3265,3304557,7390,4336.0,3040
RES_3266,3304557,2948,1808.0,1267
RES_3267,3304557,3649,2152.0,1509
RES_3268,3304557,3661,2211.821309963459,1551
RES_3269,3304557,4091,2490.0,1746
RES_3270,3304557,236,142.0,100
RES_3271,3304557,1615,945.0,662
RES_3272,3304557,8297,4959.0,3476
RES_3273,3304557,2266,1461.0,1024
RES_3274,3304557,6440,3732.7731158468964,2617
RES_3275,3304557,8570,5130.0,3596
RES_3276,3304557,3233,1848.0,1296
RES_3277,3304557,14328,8213.0,5758
RES_3278,3304557,8692,5189.0,3638
RES_3279,3304557,402,220.0,154
RES_3280,3304557,2091,1195.0,838
RES_3281,3304557,394,235.0,165
RES_3282,3304557,751,493.0,346
RES_3283,3304557,2028,1349.1427708825156,946
RES_3284,3304557,1071,679.0,476
RES_3285,3304557,440,308.0,216
RES_3286,3304557,5172,3390.0,2377
RES_3287,3304557,1346,832.0,583
RES_3288,3304557,4818,2704.0,1896
RES_3289,3304557,224,141.33252823681264,99
RES_3290,3304557,13362,7971.0,5588
RES_3291,3304557,2389,1369.0,960
RES_3292,3304557,3829,2285.0,1602
RES_3293,3304557,637,372.0,261
RES_3294,3304557,3584,2323.0,1628
RES_3295,3304557,109,77.0,54
RES_3296,3304557,400,271.0,190
RES_3297,3304557,773,501.0,351
RES_3298,3304557,1714,1078.0,756
RES_3299,3304557,1312,909.0,637
RES_3300,3304557,79,54.0,38
RES_3301,3304557,644,357.0,250
RES_3302,3304557,6881,3973.0,2785
RES_3303,3304557,7721,4384.0,3073
RES_3304,3304557,8881,5070.0,3554
RES_3305,3304557,3961,2237.0,1568
RES_3306,3304557,498,311.0,218
RES_3307,3304557,105,66.24962261100593,46
RES_3308,3304557,155,99.0,69
RES_3309,3304557,922,614.0,430
RES_3310,3304557,869,580.0,407
RES_3311,3304557,738,478.0,335
RES_3312,3304557,904,643.0,451
RES_3313,3304557,537,344.0,241
RES_3314,3304557,567,342.0,240
RES_3315,3304557,5628,3777.0,2648
RES_3316,3304557,912,567.0,397
RES_3317,3304557,4313,2923.3331320592033,2049
RES_3318,3304557,373,254.0,178
RES_3319,3304557,4508,2849.0,1997
RES_3320,3304557,1433,971.0,681
RES_3321,3304557,1559,1035.0,726
RES_3322,3304557,898,582.0,408
RES_3323,3304557,527,326.0,229
RES_3324,3304557,2823,1785.0,1251
RES_3325,3304557,1841,1244.0,872
RES_3326,3304557,511,338.0,237
RES_3327,3304557,2619,1630.0,1143
RES_3328,3304557,343,224.0,157
RES_3329,3304557,304,186.0,130
RES_3330,3304557,508,330.77311584689664,232
RES_3331,3304557,1827,1147.0,804
RES_3332,3304557,6506,3891.0,2728
RES_3333,3304557,1874,1202.0,843
RES_3334,3304557,2576,1615.0,1132
RES_3335,3304557,1374,883.0,619
RES_3336,3304557,785,507.0,355
RES_3337,3304557,1118,754.0,529
RES_3338,3304557,3337,2055.0,1441
RES_3339,3304557,3471,2060.0,1444
RES_3340,3304557,237,128.0,90
RES_3341,3304557,2465,1464.0,1026
RES_3342,3304557,8794,5220.0,3659
RES_3343,3304557,4038,2349.0,1647
RES_3344,3304557,167,101.0,71
RES_3345,3304557,3362,2009.0,1408
RES_3346,3304557,2678,1697.0,1190
RES_3347,3304557,165,108.0,76
RES_3348,3304557,1411,959.0,672
RES_3349,3304557,177,122.0,86
RES_3350,3304557,246,156.0,109
RES_3351,3304557,2313,1556.0,1091
RES_3352,3304557,135,92.0,64
RES_3353,3304557,269,177.0,124
RES_3354,3304557,245,154.0,108
RES_3355,3304557,459,289.0,203
RES_3356,3304557,484,298.0,209
RES_3357,3304557,2839,1809.0,1268
RES_3358,3304557,6885,4207.0,2949
RES_3359,3304557,8385,5043.0,3535
RES_3360,3304557,5476,3325.0,2331
RES_3361,3304557,9652,5648.0,3959
RES_3362,3304557,3712,2202.0,1544
RES_3363,3304557,1899,1126.0,789
RES_3364,3304557,2525,1480.0,1038
RES_3365,3304557,1193,763.0,535
RES_3366,3304557,2440,1524.0,1068
RES_3367,3304557,309,195.0,137
RES_3368,3304557,928,594.0,416
RES_3369,3304557,1690,1046.0,733
RES_3370,3304557,1530,960.0,673
RES_3371,3304557,1759,1131.0,793
RES_3372,3304557,5651,3521.0,2468
RES_3373,3304557,1821,1137.0,797
RES_3374,3304557,3298,2102.0,1474
RES_3375,3304557,5964,3489.0,2446
RES_3376,3304557,1735,1037.0,727
RES_3377,3304557,260,148.0,104
RES_3378,3304557,11894,7166.0,5024
RES_3379,3304557,3395,2054.0,1440
RES_3380,3304557,2237,1237.0,867
RES_3381,3304557,417,259.0,182
RES_3382,3304557,1416,969.0,679
RES_3383,3304557,1134,732.0,513
RES_3384,3304557,276,190.0,133
RES_3385,3304557,2414,1625.0,1139
RES_3386,3304557,141,95.0,67
RES_3387,3304557,1059,656.0,460
RES_3388,3304557,345,227.0,159
RES_3389,3304557,541,372.0,261
RES_3390,3304557,5730,3728.0,2613
RES_3391,3304557,7605,4856.0,3404
RES_3392,3304557,56,38.0,27
RES_3393,3304557,1127,687.0,482
RES_3394,3304557,3852,2302.0,1614
RES_3395,3304557,1569,923.0,647
RES_3396,3304557,3545,2217.0,1554
RES_3397,3304557,7210,4253.0,2981
RES_3398,3304557,3021,1836.0,1287
RES_3399,3304557,3786,2279.0,1598
RES_3400,3304557,4182,2494.0,1748
RES_3401,3304557,1358,824.0,578
RES_3402,3304557,463,281.0,197
RES_3403,3304557,3497,2307.0,1617
RES_3404,3304557,12,7.571385441257821,5
RES_3405,3304557,775,579.0,406
RES_3406,3304557,530,358.61867382423446,251
RES_3407,3304557,191,119.0,83
RES_3408,3304557,1165,753.0,528
RES_3409,3304557,901,561.0,393
RES_3410,3304557,312,221.0,155
RES_3411,3304557,356,239.0,168
RES_3412,3304557,1182,723.0,507
RES_3413,3304557,1533,939.0,658
RES_3414,3304557,4567,2721.0,1908
RES_3415,3304557,1273,734.0,515
RES_3416,3304557,7162,4537.0,3181
RES_3417,3304557,1046,637.0,447
RES_3418,3304557,7970,4912.0,3443
RES_3419,3304557,1575,994.0,697
RES_3420,3304557,4599,2824.0,1980
RES_3421,3304557,3306,1979.0,1387
RES_3422,3304557,2716,1599.0,1121
RES_3423,3304557,1617,993.0,696
RES_3424,3304557,1224,802.0,562
RES_3425,3304557,1197,736.0,516
RES_3426,3304557,474,287.0,201
RES_3427,3304557,344,211.0,148
RES_3428,3304557,764,498.0,349
RES_3429,3304557,1277,825.0,578
RES_3430,3304557,1222,777.0,545
RES_3431,3304557,911,582.0,408
RES_3432,3304557,2664,1553.0,1089
RES_3433,3304557,825,514.0,360
RES_3434,3304557,6996,4275.0,2997
RES_3435,3304557,362,215.0,151
RES_3436,3304557,4099,2591.0,1816
RES_3437,3304557,5631,3426.4998490444023,2402
RES_3438,3304557,1598,1019.0,714
RES_3439,3304557,5883,3583.940134743291,2512
RES_3440,3304557,515,317.0,222
RES_3441,3304557,591,373.0,261
RES_3442,3304557,196,130.0,91
RES_3443,3304557,126,85.0,60
RES_3444,3304557,315,207.0,145
RES_3445,3304557,1538,1081.0,758
RES_3446,3304557,594,370.0,259
RES_3447,3304557,183,116.0,81
RES_3448,3304557,315,181.0,127
RES_3449,3304557,278,210.0,147
RES_3450,3304557,508,301.0,211
RES_3451,3304557,540,341.0,239
RES_3452,3304557,4928,3429.0,2404
RES_3453,3304557,1446,944.0,662
RES_3454,3304557,349,190.0,133
RES_3455,3304557,3974,2735.0,1917
RES_3456,3304557,2323,1419.0,995
RES_3457,3304557,329,202.0,142
RES_3458,3304557,718,460.0,322
RES_3459,3304557,7673,4952.0,3472
RES_3460,3304557,329,230.0,161
RES_3461,3304557,443,308.0,216
RES_3462,3304557,1152,719.0,504
RES_3463,3304557,2434,1498.0,1050
RES_3464,3304557,7372,4609.0,3231
RES_3465,3304557,1971,1259.0,883
RES_3466,3304557,1487,906.0,635
RES_3467,3304557,6073,3741.0,2623
RES_3468,3304557,1274,783.0,549
RES_3469,3304557,1714,1124.0,788
RES_3470,3304557,1266,808.0,566
RES_3471,3304557,3076,2042.0,1432
RES_3472,3304557,1523,981.0,688
RES_3473,3304557,499,311.0,218
RES_3474,3304557,4361,2782.0,1950
RES_3475,3304557,4925,3019.0,2116
RES_3476,3304557,2105,1262.0,885
RES_3477,3304557,1819,1114.0,781
RES_3478,3304557,6290,3889.0,2726
RES_3479,3304557,2403,1504.0,1054
RES_3480,3304557,799,509.0,357
RES_3481,3304557,1517,990.0,694
RES_3482,3304557,286,181.0,127
RES_3483,3304557,100,57.0,40
RES_3484,3304557,759,472.0,331
RES_3485,3304557,178,117.0,82
RES_3486,3304557,4094,2684.0,1882
RES_3487,3304557,445,255.0,179
RES_3488,3304557,188,139.0,97
RES_3489,3304557,565,355.0,249
RES_3490,3304557,111,81.0,57
RES_3491,3304557,3752,2210.118824779832,1549
RES_3492,3304557,6528,4188.0,2936
RES_3493,3304557,4347,2915.0,2044
RES_3494,3304557,5794,3392.0,2378
RES_3495,3304557,4720,2901.7734177580915,2034
RES_3496,3304557,1364,820.0,575
RES_3497,3304557,1194,760.0,533
RES_3498,3304557,2136,1358.0,952
RES_3499,3304557,1083,643.0,451
RES_3500,3304557,954,610.0,428
RES_3501,3304557,592,371.0,260
RES_3502,3304557,1509,977.0,685
RES_3503,3304557,11359,6910.0,4844
RES_3504,3304557,4757,2928.0,2053
RES_3505,3304557,1350,857.0,601
RES_3506,3304557,5895,3825.0,2681
RES_3507,3304557,3335,2036.0,1427
RES_3508,3304557,5258,3597.0,2522
RES_3509,3304557,630,379.0,266
RES_3510,3304557,652,405.0,284
RES_3511,3304557,1038,640.0,449
RES_3512,3304557,1399,866.0,607
RES_3513,3304557,1015,663.0,465
RES_3514,3304557,449,301.0,211
RES_3515,3304557,488,315.0,221
RES_3516,3304557,993,644.0,451
RES_3517,3304557,228,150.0,105
RES_3518,3304557,578,362.0,254
RES_3519,3304557,1309,781.0,548
RES_3520,3304557,6089,3567.0,2501
RES_3521,3304557,8748,5330.844954154947,3737
RES_3522,3304557,1931,1103.0,773
RES_3523,3304557,641,365.0,256
RES_3524,3304557,2221,1361.0,954
RES_3525,3304557,77,46.0,32
RES_3526,3304557,374,281.0,197
RES_3527,3304557,1200,790.0,554
RES_3528,3304557,1675,1284.0,900
RES_3529,3304557,578,337.0,236
RES_3530,3304557,1464,994.0,697
RES_3531,3304557,311,199.0,140
RES_3532,3304557,1379,903.0,633
RES_3533,3304557,536,398.0,279
RES_3534,3304557,2377,1606.0,1126
RES_3535,3304557,3157,1778.0,1246
RES_3536,3304557,1466,802.0,562
RES_3537,3304557,12130,6432.0,4509
RES_3538,3304557,904,502.0,352
RES_3539,3304557,8247,4679.0,3280
RES_3540,3304557,7478,4226.0,2963
RES_3541,3304557,1758,1042.0,730
RES_3542,3304557,4312,2441.0,1711
RES_3543,3304557,248,149.0,104
RES_3544,3304557,8257,4950.0,3470
RES_3545,3304557,5272,3402.0,2385
RES_3546,3304557,4505,2644.0,1854
RES_3547,3304557,4559,2736.0,1918
RES_3548,3304557,8999,5364.988026948658,3761
RES_3549,3304557,5016,3305.0,2317
RES_3550,3304557,5860,3508.0,2459
RES_3551,3304557,11537,6981.0,4894
RES_3552,3304557,1087,716.0,502
RES_3553,3304557,468,289.0,203
RES_3554,3304557,4927,2924.0,2050
RES_3555,3304557,236,149.0,104
RES_3556,3304557,183,119.0,83
RES_3557,3304557,709,498.0,349
RES_3558,3304557,318,217.0,152
RES_3559,3304557,4924,2993.0,2098
RES_3560,3304557,1811,1073.0,752
RES_3561,3304557,2538,1679.0,1177
RES_3562,3304557,7715,4366.0,3061
RES_3563,3304557,6722,3888.0,2726
RES_3564,3304557,2733,1649.0,1156
RES_3565,3304557,2373,1418.2379514708593,994
RES_3566,3304557,3592,2347.0,1645
RES_3567,3304557,3754,2406.0,1687
RES_3568,3304557,436,312.0,219
RES_3569,3304557,1385,928.0,651
RES_3570,3304557,640,416.0,292
RES_3571,3304557,2430,1578.0,1106
RES_3572,3304557,449,303.0,212
RES_3573,3304557,159,110.0,77
RES_3574,3304557,847,559.0,392
RES_3575,3304557,3279,2071.7617466179454,1452
RES_3576,3304557,95,51.0,36
RES_3577,3304557,2280,1351.0,947
RES_3578,3304557,587,429.0,301
RES_3579,3304557,178,109.0,76
RES_3580,3304557,408,263.0,184
RES_3581,3304557,906,529.0,371
RES_3582,3304557,1774,1103.0,773
RES_3583,3304557,4885,2937.0,2059
RES_3584,3304557,3130,1894.0,1328
RES_3585,3304557,709,415.0,291
RES_3586,3304557,375,251.0,176
RES_3587,3304557,218,141.0,99
RES_3588,3304557,371,239.35707816188673,168
RES_3589,3304557,630,403.0,283
RES_3590,3304557,1955,1156.0,810
RES_3591,3304557,7975,4809.0,3371
RES_3592,3304557,5236,3317.0,2325
RES_3593,3304557,3654,2154.0,1510
RES_3594,3304557,1861,1078.0,756
RES_3595,3304557,5013,3059.0,2144
RES_3596,3304557,5018,3186.0,2233
RES_3597,3304557,1100,690.0,484
RES_3598,3304557,679,460.0,322
RES_3599,3304557,798,529.0,371
RES_3600,3304557,977,711.0,498
RES_3601,3304557,517,362.0,254
RES_3602,3304557,355,227.0,159
RES_3603,3304557,310,204.0,143
RES_3604,3304557,114,73.0,51
RES_3605,3304557,341,216.0,151
RES_3606,3304557,851,556.0,390
RES_3607,3304557,426,273.0,191
RES_3608,3304557,867,534.0,374
RES_3609,3304557,3561,2153.0,1509
RES_3610,3304557,3322,1992.0,1396
RES_3611,3304557,1446,888.0,623
RES_3612,3304557,1349,790.0,554
RES_3613,3304557,1251,742.0,520
RES_3614,3304557,6643,3985.0,2794
RES_3615,3304557,8180,4999.0,3504
RES_3616,3304557,806,523.0,367
RES_3617,3304557,1551,921.0,646
RES_3618,3304557,1226,737.0,517
RES_3619,3304557,651,439.0,308
RES_3620,3304557,1861,1160.0,813
RES_3621,3304557,1597,943.0,661
RES_3622,3304557,5311,3254.0,2281
RES_3623,3304557,5479,3300.0,2313
RES_3624,3304557,753,449.8689002576309,315
RES_3625,3304557,1237,817.0,573
RES_3626,3304557,501,332.0,233
RES_3627,3304557,2599,1578.0,1106
RES_3628,3304557,5791,3552.0,2490
RES_3629,3304557,785,464.0,325
RES_3630,3304557,4324,2629.0,1843
RES_3631,3304557,676,453.0,318
RES_3632,3304557,2189,1449.0,1016
RES_3633,3304557,459,289.0,203
RES_3634,3304557,3830,2530.0,1774
RES_3635,3304557,647,434.0,304
RES_3636,3304557,8479,5002.0,3507
RES_3637,3304557,6126,3596.0,2521
RES_3638,3304557,1891,1172.0,822
RES_3639,3304557,5454,3191.0,2237
RES_3640,3304557,1588,897.0,629
RES_3641,3304557,805,465.0,326
RES_3642,3304557,3329,2006.0,1406
RES_3643,3304557,1337,758.0,531
RES_3644,3304557,1021,621.0,435
RES_3645,3304557,2998,1759.0,1233
RES_3646,3304557,549,324.0,227
RES_3647,3304557,2884,1715.0,1202
RES_3648,3304557,1896,1119.0,784
RES_3649,3304557,4985,2906.0,2037
RES_3650,3304557,5942,3590.0,2517
RES_3651,3304557,6865,4047.0,2837
RES_3652,3304557,3468,2030.9284636031446,1424
RES_3653,3304557,11858,7118.773719669287,4990
RES_3654,3304557,794,448.0,314
RES_3655,3304557,2855,1826.0,1280
RES_3656,3304557,6434,4155.0,2913
RES_3657,3304557,9353,5721.0,4011
RES_3658,3304557,4716,2729.0,1913
RES_3659,3304557,8709,5208.0,3651
RES_3660,3304557,3741,2510.0,1760
RES_3661,3304557,975,551.0,386
RES_3662,3304557,2196,1470.0,1031
RES_3663,3304557,202,128.0,90
RES_3664,3304557,147,87.0,61
RES_3665,3304557,191,122.0,86
RES_3666,3304557,726,468.0,328
RES_3667,3304557,569,352.0,247
RES_3668,3304557,457,283.0,198
RES_3669,3304557,1556,957.0,671
RES_3670,3304557,301,194.0,136
RES_3671,3304557,1902,1152.0,808
RES_3672,3304557,5032,3154.0,2211
RES_3673,3304557,2511,1559.0,1093
RES_3674,3304557,3129,2302.0,1614
RES_3675,3304557,1848,1083.0,759
RES_3676,3304557,1611,898.0,630
RES_3677,3304557,257,170.0,119
RES_3678,3304557,836,518.0,363
RES_3679,3304557,5067,3178.0,2228
RES_3680,3304557,4112,2672.0,1873
RES_3681,3304557,53,37.0,26
RES_3682,3304557,1077,633.0,444
RES_3683,3304557,2518,1488.0,1043
RES_3684,3304557,161,99.0,69
RES_3685,3304557,3142,1963.0,1376
RES_3686,3304557,418,259.0,182
RES_3687,3304557,228,142.0,100
RES_3688,3304557,517,328.0,230
RES_3689,3304557,518,353.0,247
RES_3690,3304557,1510,919.0,644
RES_3691,3304557,1704,1046.0,733
RES_3692,3304557,1393,885.0,620
RES_3693,3304557,6524,3964.0,2779
RES_3694,3304557,5015,2953.0,2070
RES_3695,3304557,421,253.0,177
RES_3696,3304557,1066,627.0,440
RES_3697,3304557,4416,2650.0,1858
RES_3698,3304557,2067,1334.0,935
RES_3699,3304557,786,498.0,349
RES_3700,3304557,313,196.0,137
RES_3701,3304557,56,35.33313205920316,25
RES_3702,3304557,1519,1007.0,706
RES_3703,3304557,1648,1020.0,715
RES_3704,3304557,4595,2877.0,2017
RES_3705,3304557,3856,2628.0,1842
RES_3706,3304557,107,68.0,48
RES_3707,3304557,1292,897.0,629
RES_3708,3304557,782,520.0,365
RES_3709,3304557,2039,1317.0,923
RES_3710,3304557,1566,978.0,686
RES_3711,3304557,90,56.78539080943365,40
RES_3712,3304557,1505,955.0,669
RES_3713,3304557,268,176.0,123
RES_3714,3304557,115,72.0,50
RES_3715,3304557,2659,1680.0,1178
RES_3716,3304557,4060,2644.0,1854
RES_3717,3304557,2124,1287.0,902
RES_3718,3304557,4615,2785.0,1952
RES_3719,3304557,2522,1436.0,1007
RES_3720,3304557,3784,2325.0,1630
RES_3721,3304557,2598,1617.0,1134
RES_3722,3304557,160,93.0,65
RES_3723,3304557,490,304.0,213
RES_3724,3304557,72,45.428312647546925,32
RES_3725,3304557,503,330.0,231
RES_3726,3304557,141,88.0,62
RES_3727,3304557,697,434.0,304
RES_3728,3304557,744,509.0,357
RES_3729,3304557,447,283.0,198
RES_3730,3304557,896,572.0,401
RES_3731,3304557,1610,936.0,656
RES_3732,3304557,412,258.0,181
RES_3733,3304557,1942,1123.0,787
RES_3734,3304557,7533,4477.0,3139
RES_3735,3304557,2295,1320.0,925
RES_3736,3304557,904,529.0,371
RES_3737,3304557,4148,2520.0,1767
RES_3738,3304557,5384,3233.0,2266
RES_3739,3304557,3544,2185.0,1532
RES_3740,3304557,1433,999.0,700
RES_3741,3304557,297,192.0,135
RES_3742,3304557,2186,1309.0,918
RES_3743,3304557,1745,1161.0,814
RES_3744,3304557,136,83.0,58
RES_3745,3304557,346,236.0,165
RES_3746,3304557,1304,834.0,585
RES_3747,3304557,830,552.0,387
RES_3748,3304557,2580,1608.0,1127
RES_3749,3304557,65,40.0,28
RES_3750,3304557,905,564.0,395
RES_3751,3304557,156,96.0,67
RES_3752,3304557,133,92.0,64
RES_3753,3304557,1521,935.0,655
RES_3754,3304557,4565,2876.0,2016
RES_3755,3304557,3742,2245.0,1574
RES_3756,3304557,179,111.0,78
RES_3757,3304557,771,513.0,360
RES_3758,3304557,217,140.0,98
RES_3759,3304557,884,549.2499245222011,385
RES_3760,3304557,1458,888.0,623
RES_3761,3304557,5724,3479.0,2439
RES_3762,3304557,1465,906.0,635
RES_3763,3304557,1590,1011.0,709
RES_3764,3304557,170,103.0,72
RES_3765,3304557,92,48.0,34
RES_3766,3304557,230,139.0,97
RES_3767,3304557,5019,2984.0,2092
RES_3768,3304557,6210,3766.0,2640
RES_3769,3304557,2228,1390.0,974
RES_3770,3304557,6782,4204.0,2947
RES_3771,3304557,8118,4921.0,3450
RES_3772,3304557,2984,1821.0,1277
RES_3773,3304557,1261,764.0,536
RES_3774,3304557,1605,933.0,654
RES_3775,3304557,1154,705.0,494
RES_3776,3304557,556,351.0,246
RES_3777,3304557,443,279.0,196
RES_3778,3304557,4467,2673.0,1874
RES_3779,3304557,4145,2488.0,1744
RES_3780,3304557,1600,980.3328301480079,687
RES_3781,3304557,1894,1151.0,807
RES_3782,3304557,1485,909.0,637
RES_3783,3304557,1407,860.0,603
RES_3784,3304557,1008,632.0,443
RES_3785,3304557,295,186.0,130
RES_3786,3304557,1450,902.0,632
RES_3787,3304557,462,303.0,212
RES_3788,3304557,2474,1457.0,1021
RES_3789,3304557,1037,592.0,415
RES_3790,3304557,1733,1013.0,710
RES_3791,3304557,8333,4957.0,3475
RES_3792,3304557,7468,4438.0,3111
RES_3793,3304557,4084,2511.0,1760
RES_3794,3304557,3569,2138.0,1499
RES_3795,3304557,317,193.0,135
RES_3796,3304557,570,336.0,236
RES_3797,3304557,128,72.0,50
RES_3798,3304557,106,63.0,44
RES_3799,3304557,3106,1873.0,1313
RES_3800,3304557,6800,4112.0,2883
RES_3801,3304557,1970,1103.0,773
RES_3802,3304557,581,329.0,231
RES_3803,3304557,3220,1890.4642318015722,1325
RES_3804,3304557,6601,3944.0,2765
RES_3805,3304557,6925,4091.0,2868
RES_3806,3304557,4776,2946.0,2065
RES_3807,3304557,412,250.0,175
RES_3808,3304557,1827,1153.0,808
RES_3809,3304557,224,126.0,88
RES_3810,3304557,242,159.0,111
RES_3811,3304557,78,49.0,34
RES_3812,3304557,28,17.66656602960158,12
RES_3813,3304557,307,196.0,137
RES_3814,3304557,209,124.0,87
RES_3815,3304557,1361,833.0,584
RES_3816,3304557,6353,3833.0,2687
RES_3817,3304557,3124,1767.0,1239
RES_3818,3304557,3820,2283.0,1600
RES_3819,3304557,415,262.0,184
RES_3820,3304557,475,305.0,214
RES_3821,3304557,1095,671.0,470
RES_3822,3304557,4082,2382.0,1670
RES_3823,3304557,7580,4586.0,3215
RES_3824,3304557,2198,1296.0,909
RES_3825,3304557,1207,748.0,524
RES_3826,3304557,54,34.07123448566019,24
RES_3827,3304557,539,322.0,226
RES_3828,3304557,673,411.0,288
RES_3829,3304557,161,102.0,72
RES_3830,3304557,109,68.0,48
RES_3831,3304557,740,471.0,330
RES_3832,3304557,306,180.0,126
RES_3833,3304557,2306,1492.0,1046
RES_3834,3304557,308,197.0,138
RES_3835,3304557,1914,1204.0,844
RES_3836,3304557,1420,929.0,651
RES_3837,3304557,585,380.0,266
RES_3838,3304557,682,443.0,311
RES_3839,3304557,685,434.0,304
RES_3840,3304557,49,30.916490551802767,22
RES_3841,3304557,491,362.0,254
RES_3842,3304557,1738,1076.0,754
RES_3843,3304557,559,378.95210779463287,266
RES_3844,3304557,3041,2129.785692720629,1493
RES_3845,3304557,293,205.0,144
RES_3846,3304557,174,125.0,88
RES_3847,3304557,439,260.07123448566017,182
RES_3848,3304557,8323,5276.0,3699
RES_3849,3304557,5103,3492.0,2448
RES_3850,3304557,1140,650.0,456
RES_3851,3304557,3667,2393.0,1678
RES_3852,3304557,71,44.797363860775434,31
RES_3853,3304557,87,53.0,37
RES_3854,3304557,1202,780.0,547
RES_3855,3304557,2613,1571.0,1101
RES_3856,3304557,8446,5791.0,4060
RES_3857,3304557,3288,2308.0,1618
RES_3858,3304557,484,334.0,234
RES_3859,3304557,990,616.0,432
RES_3860,3304557,625,399.52349323589067,280
RES_3861,3304557,2590,1581.0,1108
RES_3862,3304557,1357,891.0,625
RES_3863,3304557,11751,7680.892846360314,5385
RES_3864,3304557,5681,3778.0,2649
RES_3865,3304557,574,349.0,245
RES_3866,3304557,6885,4472.0,3135
RES_3867,3304557,249,147.0,103
RES_3868,3304557,819,512.0,359
RES_3869,3304557,3318,2157.0,1512
RES_3870,3304557,772,474.0,332
RES_3871,3304557,792,496.0,348
RES_3872,3304557,793,502.0,352
RES_3873,3304557,879,592.4046684560586,415
RES_3874,3304557,2032,1456.0,1021
RES_3875,3304557,2,1.26189757354297,1
RES_3876,3304557,2336,1521.0,1066
RES_3877,3304557,3592,2225.0,1560
RES_3878,3304557,3082,1970.0,1381
RES_3879,3304557,2659,1876.0,1315
RES_3880,3304557,655,470.4402856988887,330
RES_3881,3304557,997,630.0,442
RES_3882,3304557,5492,3965.0,2780
RES_3883,3304557,6639,4801.0,3366
RES_3884,3304557,1208,695.0,487
RES_3885,3304557,465,305.0,214
RES_3886,3304557,1009,630.0,442
RES_3887,3304557,289,176.0,123
RES_3888,3304557,3376,2485.8928463603143,1743
RES_3889,3304557,284,158.0,111
RES_3890,3304557,1010,567.0,397
RES_3891,3304557,184,112.0,79
RES_3892,3304557,62,39.118824779832075,27
RES_3893,3304557,400,260.0,182
RES_3894,3304557,336,217.0,152
RES_3895,3304557,12,7.571385441257821,5
RES_3896,3304557,74,41.0,29
RES_3897,3304557,110,71.0,50
RES_3898,3304557,9335,6813.0,4776
RES_3899,3304557,809,479.0,336
RES_3900,3304557,365,267.0,187
RES_3901,3304557,2968,2022.0,1417
RES_3902,3304557,1407,944.0,662
RES_3903,3304557,3319,2297.0,1610
RES_3904,3304557,323,229.0,161
RES_3905,3304557,261,163.0,114
RES_3906,3304557,143,89.0,62
RES_3907,3304557,248,151.0,106
RES_3908,3304557,1528,963.0,675
RES_3909,3304557,4034,2779.0,1948
RES_3910,3304557,437,286.0,200
RES_3911,3304557,588,399.0,280
RES_3912,3304557,882,586.0,411
RES_3913,3304557,140,89.0,62
RES_3914,3304557,140,84.0,59
RES_3915,3304557,2199,1403.0,984
RES_3916,3304557,87,55.0,39
RES_3917,3304557,755,485.0,340
RES_3918,3304557,242,167.0,117
RES_3919,3304557,789,482.0,338
RES_3920,3304557,5436,3651.0,2559
RES_3921,3304557,2226,1495.0,1048
RES_3922,3304557,459,319.0,224
RES_3923,3304557,211,131.0,92
RES_3924,3304557,208,151.0,106
RES_3925,3304557,14948,10786.23795147086,7562
RES_3926,3304557,23073,16536.0,11592
RES_3927,3304557,7291,5279.0,3701
RES_3928,3304557,1054,745.0,522
RES_3929,3304557,2574,1613.0,1131
RES_3930,3304557,633,412.0,289
RES_3931,3304557,421,273.0,191
RES_3932,3304557,680,457.0,320
RES_3933,3304557,813,529.0,371
RES_3934,3304557,954,638.0,447
RES_3935,3304557,863,569.0,399
RES_3936,3304557,1315,870.0,610
RES_3937,3304557,464,317.0,222
RES_3938,3304557,64,49.940436654486334,35
RES_3939,3304557,618,409.0,287
RES_3940,3304557,863,581.0,407
RES_3941,3304557,127,77.0,54
RES_3942,3304557,319,202.0,142
RES_3943,3304557,3133,2049.0,1436
RES_3944,3304557,1111,692.8093369121173,486
RES_3945,3304557,332,236.0,165
RES_3946,3304557,5105,3496.0,2451
RES_3947,3304557,4,2.52379514708594,2
RES_3948,3304557,4912,3320.0,2327
RES_3949,3304557,5336,3517.0,2466
RES_3950,3304557,1321,780.0,547
RES_3951,3304557,1837,1172.0,822
RES_3952,3304557,2524,1519.0,1065
RES_3953,3304557,5248,3076.4283126475466,2157
RES_3954,3304557,1418,925.0,648
RES_3955,3304557,710,430.0,301
RES_3956,3304557,2432,1567.0,1099
RES_3957,3304557,416,282.0,198
RES_3958,3304557,632,444.0,311
RES_3959,3304557,1928,1289.0,904
RES_3960,3304557,4805,3163.0,2217
RES_3961,3304557,2400,1510.0,1059
RES_3962,3304557,2049,1401.0,982
RES_3963,3304557,1088,805.0,564
RES_3964,3304557,302,206.0,144
RES_3965,3304557,1046,786.0,551
RES_3966,3304557,5402,3735.0,2618
RES_3967,3304557,1470,1115.0,782
RES_3968,3304557,690,437.0,306
RES_3969,3304557,600,378.0,265
RES_3970,3304557,10574,6704.0,4700
RES_3971,3304557,2259,1434.0,1005
RES_3972,3304557,2939,1860.0,1304
RES_3973,3304557,10390,6619.0,4640
RES_3974,3304557,450,305.0,214
RES_3975,3304557,181,111.0,78
RES_3976,3304557,263,165.0,116
RES_3977,3304557,192,132.0,93
RES_3978,3304557,176,95.0,67
RES_3979,3304557,12,7.571385441257821,5
RES_3980,3304557,145,97.0,68
RES_3981,3304557,323,209.0,147
RES_3982,3304557,1382,853.0,598
RES_3983,3304557,30,18.92846360314455,13
RES_3984,3304557,4018,2493.0,1748
RES_3985,3304557,4060,2649.988026948658,1858
RES_3986,3304557,915,568.0,398
RES_3987,3304557,3205,2068.0,1450
RES_3988,3304557,4817,3281.0,2300
RES_3989,3304557,5896,3582.0,2511
RES_3990,3304557,1442,1015.0,712
RES_3991,3304557,170,110.0,77
RES_3992,3304557,249,155.0,109
RES_3993,3304557,546,362.0,254
RES_3994,3304557,462,283.0,198
RES_3995,3304557,557,383.0,268
RES_3996,3304557,1117,758.0,531
RES_3997,3304557,1554,990.0,694
RES_3998,3304557,2759,1752.0,1228
RES_3999,3304557,3530,2223.0,1558
RES_4000,3304557,5814,3770.5710835300624,2643
RES_4001,3304557,3420,2158.0,1513
RES_4002,3304557,3942,2449.0,1717
RES_4003,3304557,444,310.0,217
RES_4004,3304557,2480,1452.0,1018
RES_4005,3304557,6964,3892.0,2728
RES_4006,3304557,6389,3927.0,2753
RES_4007,3304557,2052,1270.0,890
RES_4008,3304557,660,423.0,297
RES_4009,3304557,300,185.0,130
RES_4010,3304557,9938,6241.0,4375
RES_4011,3304557,13722,8808.035617242831,6175
RES_4012,3304557,1744,1059.0,742
RES_4013,3304557,809,509.0,357
RES_4014,3304557,4897,3098.3687493020334,2172
RES_4015,3304557,638,407.0,285
RES_4016,3304557,357,231.0,162
RES_4017,3304557,600,425.0,298
RES_4018,3304557,350,223.0,156
RES_4019,3304557,739,500.0,351
RES_4020,3304557,485,318.0,223
RES_4021,3304557,188,117.0,82
RES_4022,3304557,256,184.0,129
RES_4023,3304557,525,327.0,229
RES_4024,3304557,153,104.0,73
RES_4025,3304557,1757,1149.0,805
RES_4026,3304557,3580,2265.0,1588
RES_4027,3304557,479,275.0,193
RES_4028,3304557,3503,2270.0,1591
RES_4029,3304557,6111,3719.0,2607
RES_4030,3304557,6501,4011.4043665448635,2812
RES_4031,3304557,1687,969.0,679
RES_4032,3304557,4869,3132.0,2196
RES_4033,3304557,7006,4355.0,3053
RES_4034,3304557,365,216.0,151
RES_4035,3304557,1259,779.0,546
RES_4036,3304557,461,297.0,208
RES_4037,3304557,761,521.0,365
RES_4038,3304557,366,244.0,171
RES_4039,3304557,539,374.0,262
RES_4040,3304557,12,7.571385441257821,5
RES_4041,3304557,2036,1442.0,1011
RES_4042,3304557,695,497.0,348
RES_4043,3304557,1642,1017.0,713
RES_4044,3304557,3114,1996.0,1399
RES_4045,3304557,188,123.0,86
RES_4046,3304557,1078,694.0,487
RES_4047,3304557,3828,2392.0,1677
RES_4048,3304557,756,487.0,341
RES_4049,3304557,6004,3842.0,2693
RES_4050,3304557,7153,4519.0,3168
RES_4051,3304557,7164,4531.0,3176
RES_4052,3304557,1005,667.0,468
RES_4053,3304557,2435,1570.0,1101
RES_4054,3304557,7704,4835.0,3389
RES_4055,3304557,4067,2434.0,1706
RES_4056,3304557,4096,2518.0,1765
RES_4057,3304557,341,209.0,147
RES_4058,3304557,2177,1339.0,939
RES_4059,3304557,3894,2369.0,1661
RES_4060,3304557,7455,4657.595029632746,3265
RES_4061,3304557,5694,3385.809035000922,2374
RES_4062,3304557,438,257.0,180
RES_4063,3304557,4521,3041.0,2132
RES_4064,3304557,9399,5708.0,4001
RES_4065,3304557,7083,4291.0,3008
RES_4066,3304557,3698,2283.0,1600
RES_4067,3304557,421,254.0,178
RES_4068,3304557,1522,983.0,689
RES_4069,3304557,989,618.0,433
RES_4070,3304557,496,312.0,219
RES_4071,3304557,718,486.0,341
RES_4072,3304557,75,47.321159007861375,33
RES_4073,3304557,102,69.0,48
RES_4074,3304557,261,173.0,121
RES_4075,3304557,852,543.0,381
RES_4076,3304557,441,292.0,205
RES_4077,3304557,346,238.0,167
RES_4078,3304557,1082,701.3567762506915,492
RES_4079,3304557,54,40.0,28
RES_4080,3304557,375,249.0,175
RES_4081,3304557,483,307.0,215
RES_4082,3304557,451,290.0,203
RES_4083,3304557,285,195.0,137
RES_4084,3304557,207,126.0,88
RES_4085,3304557,928,612.0,429
RES_4086,3304557,44,27.76174661794534,19
RES_4087,3304557,2643,1583.0,1110
RES_4088,3304557,664,349.0,245
RES_4089,3304557,3341,2066.0,1448
RES_4090,3304557,688,446.0,313
RES_4091,3304557,850,505.9281616919493,355
RES_4092,3304557,2601,1561.0,1094
RES_4093,3304557,3986,2460.0,1725
RES_4094,3304557,945,607.0,426
RES_4095,3304557,1132,656.0,460
RES_4096,3304557,5485,3372.285541765031,2364
RES_4097,3304557,1803,1121.0,786
RES_4098,3304557,1977,1278.0,896
RES_4099,3304557,622,389.0,273
RES_4100,3304557,1009,735.0,515
RES_4101,3304557,939,612.0,429
RES_4102,3304557,368,227.0,159
RES_4103,3304557,171,96.0,67
RES_4104,3304557,2356,1614.0,1131
RES_4105,3304557,556,343.0,240
RES_4106,3304557,523,324.0,227
RES_4107,3304557,707,450.0,315
RES_4108,3304557,531,351.0,246
RES_4109,3304557,146,92.0,64
RES_4110,3304557,2174,1499.0,1051
RES_4111,3304557,194,127.0,89
RES_4112,3304557,2481,1489.0,1044
RES_4113,3304557,5942,3647.0,2557
RES_4114,3304557,4603,2924.261897573543,2050
RES_4115,3304557,5494,3377.0,2367
RES_4116,3304557,8596,5085.0,3565
RES_4117,3304557,4678,2776.38042044218,1946
RES_4118,3304557,2620,1578.0,1106
RES_4119,3304557,1843,1203.0,843
RES_4120,3304557,4470,2686.0,1883
RES_4121,3304557,1796,1093.0,766
RES_4122,3304557,1642,1078.0,756
RES_4123,3304557,986,643.0,451
RES_4124,3304557,563,346.0,243
RES_4125,3304557,888,576.0,404
RES_4126,3304557,2351,1525.0,1069
RES_4127,3304557,3295,2154.0,1510
RES_4128,3304557,759,477.0,334
RES_4129,3304557,848,537.0,376
RES_4130,3304557,835,548.0,384
RES_4131,3304557,755,477.0,334
RES_4132,3304557,279,179.0,125
RES_4133,3304557,1064,686.0,481
RES_4134,3304557,1079,698.0,489
RES_4135,3304557,3235,2067.0,1449
RES_4136,3304557,704,465.0,326
RES_4137,3304557,530,355.0,249
RES_4138,3304557,628,411.0,288
RES_4139,3304557,909,588.0,412
RES_4140,3304557,4853,2875.0,2015
RES_4141,3304557,2249,1353.0,948
RES_4142,3304557,3676,2371.0,1662
RES_4143,3304557,6950,4035.0,2829
RES_4144,3304557,2304,1336.0,937
RES_4145,3304557,2425,1521.0,1066
RES_4146,3304557,4894,3004.0,2106
RES_4147,3304557,1488,914.2253745971271,641
RES_4148,3304557,717,469.0,329
RES_4149,3304557,1809,1164.0,816
RES_4150,3304557,448,279.0,196
RES_4151,3304557,683,438.0,307
RES_4152,3304557,537,359.0,252
RES_4153,3304557,82,51.0,36
RES_4154,3304557,426,256.0,179
RES_4155,3304557,1365,901.0,632
RES_4156,3304557,1167,790.0,554
RES_4157,3304557,2102,1281.5118220957443,898
RES_4158,3304557,3853,2284.0,1601
RES_4159,3304557,985,618.0,433
RES_4160,3304557,504,305.0,214
RES_4161,3304557,2194,1344.0,942
RES_4162,3304557,3408,2158.0,1513
RES_4163,3304557,630,453.0,318
RES_4164,3304557,66,45.0,32
RES_4165,3304557,630,390.0,273
RES_4166,3304557,999,727.1427708825156,510
RES_4167,3304557,762,479.0,336
RES_4168,3304557,2874,1772.0,1242
RES_4169,3304557,317,227.0,159
RES_4170,3304557,522,395.0,277
RES_4171,3304557,554,365.0,256
RES_4172,3304557,904,615.0,431
RES_4173,3304557,600,415.0,291
RES_4174,3304557,602,438.0,307
RES_4175,3304557,493,343.0,240
RES_4176,3304557,3301,2197.0,1540
RES_4177,3304557,1609,959.0,672
RES_4178,3304557,648,423.0,297
RES_4179,3304557,2076,1169.0,820
RES_4180,3304557,1414,944.3567762506915,662
RES_4181,3304557,69,43.0,30
RES_4182,3304557,1872,1148.0,805
RES_4183,3304557,745,514.0,360
RES_4184,3304557,1789,1166.0,817
RES_4185,3304557,380,245.0,172
RES_4186,3304557,1400,846.0,593
RES_4187,3304557,910,556.0,390
RES_4188,3304557,1151,688.0,482
RES_4189,3304557,7175,4394.0,3080
RES_4190,3304557,3441,2186.0,1532
RES_4191,3304557,89,53.0,37
RES_4192,3304557,2180,1386.0,972
RES_4193,3304557,666,432.0,303
RES_4194,3304557,1501,942.0,660
RES_4195,3304557,379,239.0,168
RES_4196,3304557,1744,1131.0,793
RES_4197,3304557,581,388.0,272
RES_4198,3304557,702,525.0,368
RES_4199,3304557,3573,2287.0,1603
RES_4200,3304557,6970,4299.0,3014
RES_4201,3304557,1924,1180.0,827
RES_4202,3304557,1331,819.0,574
RES_4203,3304557,5978,3883.0,2722
RES_4204,3304557,5144,3539.0,2481
RES_4205,3304557,3565,2229.0,1563
RES_4206,3304557,11474,7222.0,5063
RES_4207,3304557,7012,4396.0,3082
RES_4208,3304557,3434,2091.0,1466
RES_4209,3304557,5029,3089.0,2165
RES_4210,3304557,4731,3033.07123448566,2126
RES_4211,3304557,567,368.0,258
RES_4212,3304557,29,18.297514816373067,13
RES_4213,3304557,5688,3413.0,2393
RES_4214,3304557,14916,9133.0,6403
RES_4215,3304557,4626,2747.0,1926
RES_4216,3304557,5037,3080.0,2159
RES_4217,3304557,3975,2516.0,1764
RES_4218,3304557,478,312.0,219
RES_4219,3304557,1073,721.0,505
RES_4220,3304557,1354,845.0,592
RES_4221,3304557,6676,4123.0,2890
RES_4222,3304557,10400,6458.0,4527
RES_4223,3304557,5311,3269.0,2292
RES_4224,3304557,6453,4061.0,2847
RES_4225,3304557,2051,1339.0,939
RES_4226,3304557,2939,1821.0,1277
RES_4227,3304557,7526,4494.0,3150
RES_4228,3304557,577,339.0,238
RES_4229,3304557,916,538.0,377
RES_4230,3304557,482,318.0,223
RES_4231,3304557,153,98.0,69
RES_4232,3304557,970,615.0,431
RES_4233,3304557,3405,2182.0,1530
RES_4234,3304557,97,69.0,48
RES_4235,3304557,211,137.0,96
RES_4236,3304557,30,18.92846360314455,13
RES_4237,3304557,697,416.0,292
RES_4238,3304557,326,219.0,154
RES_4239,3304557,582,387.0,271
RES_4240,3304557,675,440.0,308
RES_4241,3304557,307,202.0,142
RES_4242,3304557,767,490.0,344
RES_4243,3304557,555,371.0,260
RES_4244,3304557,369,239.0,168
RES_4245,3304557,388,266.0,186
RES_4246,3304557,567,387.0,271
RES_4247,3304557,347,216.0,151
RES_4248,3304557,1054,670.0,470
RES_4249,3304557,215,147.0,103
RES_4250,3304557,749,481.0,337
RES_4251,3304557,546,359.0,252
RES_4252,3304557,420,268.0,188
RES_4253,3304557,696,470.0,329
RES_4254,3304557,1567,1039.0,728
RES_4255,3304557,333,205.0,144
RES_4256,3304557,435,283.0,198
RES_4257,3304557,692,431.0,302
RES_4258,3304557,658,415.0,291
RES_4259,3304557,205,132.0,93
RES_4260,3304557,530,345.0,242
RES_4261,3304557,1128,740.0,519
RES_4262,3304557,501,311.0,218
RES_4263,3304557,865,552.0,387
RES_4264,3304557,791,496.0,348
RES_4265,3304557,2674,1709.0,1198
RES_4266,3304557,6001,3784.0,2653
RES_4267,3304557,5973,3823.0,2680
RES_4268,3304557,4127,2513.0,1762
RES_4269,3304557,4222,2548.0,1786
RES_4270,3304557,4585,2770.0,1942
RES_4271,3304557,3958,2554.0,1790
RES_4272,3304557,2150,1342.0,941
RES_4273,3304557,9449,6008.0,4212
RES_4274,3304557,2553,1578.0,1106
RES_4275,3304557,2449,1508.0,1057
RES_4276,3304557,826,477.0,334
RES_4277,3304557,129,83.0,58
RES_4278,3304557,1408,853.0,598
RES_4279,3304557,2604,1342.0,941
RES_4280,3304557,225,142.0,100
RES_4281,3304557,148,80.0,56
RES_4282,3304557,294,160.2379514708594,112
RES_4283,3304557,2193,1357.0,951
RES_4284,3304557,7116,4438.0,3111
RES_4285,3304557,722,490.0,344
RES_4286,3304557,119,72.0,50
RES_4287,3304557,1941,1362.0,955
RES_4288,3304557,633,398.0,279
RES_4289,3304557,946,591.0,414
RES_4290,3304557,1479,944.0,662
RES_4291,3304557,807,473.0,332
RES_4292,3304557,323,196.0,137
RES_4293,3304557,1514,930.0,652
RES_4294,3304557,208,127.0,89
RES_4295,3304557,4647,2827.0,1982
RES_4296,3304557,1561,1000.0,701
RES_4297,3304557,4,2.52379514708594,2
RES_4298,3304557,1603,973.0,682
RES_4299,3304557,2085,1320.0,925
RES_4300,3304557,4637,2915.0,2044
RES_4301,3304557,195,123.0,86
RES_4302,3304557,5134,3542.0,2483
RES_4303,3304557,1468,939.0,658
RES_4304,3304557,9109,5797.0,4064
RES_4305,3304557,7086,4421.940436654486,3100
RES_4306,3304557,5366,3368.0,2361
RES_4307,3304557,6612,4127.0,2893
RES_4308,3304557,6693,4348.0,3048
RES_4309,3304557,2067,1387.0,972
RES_4310,3304557,3311,2192.0,1537
RES_4311,3304557,5034,3330.0,2334
RES_4312,3304557,7210,4576.0,3208
RES_4313,3304557,2485,1556.2140053681758,1091
RES_4314,3304557,4880,2946.0,2065
RES_4315,3304557,4494,2771.0,1943
RES_4316,3304557,6017,4122.0,2890
RES_4317,3304557,9730,6350.0,4452
RES_4318,3304557,3621,2435.0,1707
RES_4319,3304557,5331,3280.0,2299
RES_4320,3304557,4283,2543.5474393385743,1783
RES_4321,3304557,10188,6231.0,4368
RES_4322,3304557,5205,3195.0,2240
RES_4323,3304557,4404,2709.0,1899
RES_4324,3304557,6986,4426.0,3103
RES_4325,3304557,736,495.0,347
RES_4326,3304557,1376,797.0,559
RES_4327,3304557,9066,5584.0,3915
RES_4328,3304557,3978,2556.0,1792
RES_4329,3304557,2603,1572.0,1102
RES_4330,3304557,1742,1175.0,824
RES_4331,3304557,1507,995.0,698
RES_4332,3304557,524,326.0,229
RES_4333,3304557,422,275.0,193
RES_4334,3304557,238,155.79736386077542,109
RES_4335,3304557,4067,2535.0,1777
RES_4336,3304557,277,177.0,124
RES_4337,3304557,2198,1657.0,1162
RES_4338,3304557,966,672.0,471
RES_4339,3304557,3082,1977.0,1386
RES_4340,3304557,68,47.0,33
RES_4341,3304557,463,307.0,215
RES_4342,3304557,786,505.0,354
RES_4343,3304557,427,264.0,185
RES_4344,3304557,253,158.0,111
RES_4345,3304557,729,471.0,330
RES_4346,3304557,397,242.0,170
RES_4347,3304557,404,232.0,163
RES_4348,3304557,2782,1731.0,1213
RES_4349,3304557,395,267.0,187
RES_4350,3304557,213,143.0,100
RES_4351,3304557,816,553.0,388
RES_4352,3304557,579,373.0,261
RES_4353,3304557,480,302.0,212
RES_4354,3304557,799,500.0,351
RES_4355,3304557,1065,682.0,478
RES_4356,3304557,1673,1155.0,810
RES_4357,3304557,1480,948.0,665
RES_4358,3304557,334,217.0,152
RES_4359,3304557,755,477.0,334
RES_4360,3304557,1026,652.0,457
RES_4361,3304557,154,92.0,64
RES_4362,3304557,294,162.0,114
RES_4363,3304557,612,378.0,265
RES_4364,3304557,146,96.0,67
RES_4365,3304557,404,273.0,191
RES_4366,3304557,894,581.0,407
RES_4367,3304557,1995,1298.0,910
RES_4368,3304557,2210,1418.0,994
RES_4369,3304557,756,481.0,337
RES_4370,3304557,197,121.0,85
RES_4371,3304557,747,481.0,337
RES_4372,3304557,878,565.0,396
RES_4373,3304557,456,289.0,203
RES_4374,3304557,715,460.0,322
RES_4375,3304557,2376,1516.0,1063
RES_4376,3304557,2001,1284.0,900
RES_4377,3304557,308,207.0,145
RES_4378,3304557,802,534.0,374
RES_4379,3304557,2335,1563.0,1096
RES_4380,3304557,4030,2619.0,1836
RES_4381,3304557,7576,4805.0,3368
RES_4382,3304557,3861,2521.0,1767
RES_4383,3304557,8081,5163.0,3619
RES_4384,3304557,5933,3760.0,2636
RES_4385,3304557,7825,5082.0,3563
RES_4386,3304557,4150,2714.0,1903
RES_4387,3304557,910,571.0,400
RES_4388,3304557,7045,4356.0,3054
RES_4389,3304557,5178,3297.0,2311
RES_4390,3304557,3620,2198.0,1541
RES_4391,3304557,4830,3014.0,2113
RES_4392,3304557,170,97.0,68
RES_4393,3304557,1314,873.0,612
RES_4394,3304557,1950,1233.0,864
RES_4395,3304557,1088,658.0,461
RES_4396,3304557,169,107.0,75
RES_4397,3304557,3386,2175.0,1525
RES_4398,3304557,1445,1016.0,712
RES_4399,3304557,230,140.0,98
RES_4400,3304557,989,631.0,442
RES_4401,3304557,2573,1686.0,1182
RES_4402,3304557,6869,4426.0,3103
RES_4403,3304557,2127,1396.0,979
RES_4404,3304557,5138,3286.0,2304
RES_4405,3304557,2315,1458.0,1022
RES_4406,3304557,2515,1579.0,1107
RES_4407,3304557,1659,1058.0,742
RES_4408,3304557,27,17.035617242830096,12
RES_4409,3304557,632,439.0,308
RES_4410,3304557,162,100.0,70
RES_4411,3304557,235,171.0,120
RES_4412,3304557,394,259.0,182
RES_4413,3304557,875,647.0,454
RES_4414,3304557,144,94.0,66
RES_4415,3304557,1188,811.0,569
RES_4416,3304557,708,401.0,281
RES_4417,3304557,947,649.0,455
RES_4418,3304557,5749,3709.0,2600
RES_4419,3304557,5459,3699.0,2593
RES_4420,3304557,413,286.0,200
RES_4421,3304557,2866,1843.0,1292
RES_4422,3304557,4127,2710.7973638607755,1900
RES_4423,3304557,1859,1299.0,911
RES_4424,3304557,2269,1384.0,970
RES_4425,3304557,3979,2499.0,1752
RES_4426,3304557,4655,2971.0,2083
RES_4427,3304557,3168,2138.0,1499
RES_4428,3304557,2081,1329.0,932
RES_4429,3304557,816,528.0,370
RES_4430,3304557,1167,793.0,556
RES_4431,3304557,189,124.0,87
RES_4432,3304557,121,78.0,55
RES_4433,3304557,573,359.0,252
RES_4434,3304557,675,424.0,297
RES_4435,3304557,163,104.0,73
RES_4436,3304557,1214,816.0,572
RES_4437,3304557,330,214.0,150
RES_4438,3304557,895,598.0,419
RES_4439,3304557,229,140.0,98
RES_4440,3304557,196,125.0,88
RES_4441,3304557,460,309.0,217
RES_4442,3304557,532,352.0,247
RES_4443,3304557,1159,766.0,537
RES_4444,3304557,2366,1496.0,1049
RES_4445,3304557,5355,3410.0,2391
RES_4446,3304557,443,271.0,190
RES_4447,3304557,904,607.0,426
RES_4448,3304557,3549,2331.0,1634
RES_4449,3304557,404,302.0,212
RES_4450,3304557,7,4.416641507400395,3
RES_4451,3304557,2234,1418.0,994
RES_4452,3304557,6217,3990.0,2797
RES_4453,3304557,5663,3805.0,2667
RES_4454,3304557,130,85.0,60
RES_4455,3304557,613,394.0,276
RES_4456,3304557,1174,717.0,503
RES_4457,3304557,1838,1116.0,782
RES_4458,3304557,663,409.0,287
RES_4459,3304557,5372,3302.0,2315
RES_4460,3304557,8150,4979.0,3490
RES_4461,3304557,5097,3306.0,2318
RES_4462,3304557,3726,2430.0,1704
RES_4463,3304557,348,248.0,174
RES_4464,3304557,2434,1576.0,1105
RES_4465,3304557,4381,3005.0,2107
RES_4466,3304557,1890,1227.0,860
RES_4467,3304557,38,23.97605389731643,17
RES_4468,3304557,3572,2132.0,1495
RES_4469,3304557,2360,1369.0,960
RES_4470,3304557,5248,3494.0,2449
RES_4471,3304557,6755,3962.0,2777
RES_4472,3304557,4293,2519.0,1766
RES_4473,3304557,6170,3981.0,2791
RES_4474,3304557,3916,2624.0,1840
RES_4475,3304557,514,341.0,239
RES_4476,3304557,535,321.0,225
RES_4477,3304557,945,676.0,474
RES_4478,3304557,3604,2380.856927206289,1669
RES_4479,3304557,3599,2282.0,1600
RES_4480,3304557,2163,1372.785692720629,962
RES_4481,3304557,2563,1536.0,1077
RES_4482,3304557,4247,2600.0,1823
RES_4483,3304557,4778,2781.630646875576,1950
RES_4484,3304557,4276,2466.0,1729
RES_4485,3304557,5757,3578.2615956623476,2508
RES_4486,3304557,6698,4317.0,3026
RES_4487,3304557,4193,2888.0,2025
RES_4488,3304557,1292,861.0,604
RES_4489,3304557,2677,1917.0,1344
RES_4490,3304557,5867,3674.5474393385743,2576
RES_4491,3304557,5853,3544.0,2484
RES_4492,3304557,5285,3316.0,2325
RES_4493,3304557,2264,1327.368447390838,931
RES_4494,3304557,1890,1085.0,761
RES_4495,3304557,4227,2495.0,1749
RES_4496,3304557,3858,2325.0,1630
RES_4497,3304557,4738,3048.0,2137
RES_4498,3304557,6203,3984.0,2793
RES_4499,3304557,1625,1017.0,713
RES_4500,3304557,1049,686.0,481
RES_4501,3304557,487,301.0,211
RES_4502,3304557,459,290.0,203
RES_4503,3304557,1027,676.0,474
RES_4504,3304557,4936,3326.0,2332
RES_4505,3304557,4405,2768.0,1940
RES_4506,3304557,4258,2522.0,1768
RES_4507,3304557,3847,2267.0,1589
RES_4508,3304557,1682,1009.0,707
RES_4509,3304557,1688,1122.5348624648418,787
RES_4510,3304557,5792,3490.0,2447
RES_4511,3304557,5232,3549.0,2488
RES_4512,3304557,4645,3049.0,2137
RES_4513,3304557,3161,2232.0,1565
RES_4514,3304557,117,80.0,56
RES_4515,3304557,185,123.0,86
RES_4516,3304557,32,20.19036117668752,14
RES_4517,3304557,3081,1919.9760538973164,1346
RES_4518,3304557,5522,3421.0,2398
RES_4519,3304557,2636,1586.6189757354296,1112
RES_4520,3304557,6059,3702.0,2595
RES_4521,3304557,2661,1515.0,1062
RES_4522,3304557,469,294.0,206
RES_4523,3304557,3992,2436.0,1708
RES_4524,3304557,2735,1822.0,1277
RES_4525,3304557,2877,2069.0,1450
RES_4526,3304557,934,658.2137034569805,461
RES_4527,3304557,3387,2387.0,1673
RES_4528,3304557,1592,1018.0,714
RES_4529,3304557,2025,1365.8332830148008,957
RES_4530,3304557,2042,1328.0,931
RES_4531,3304557,4871,3008.0,2109
RES_4532,3304557,6046,3682.0,2581
RES_4533,3304557,1173,795.0,557
RES_4534,3304557,7433,4951.0,3471
RES_4535,3304557,672,452.0,317
RES_4536,3304557,3854,2336.0,1638
RES_4537,3304557,3241,2054.0,1440
RES_4538,3304557,675,445.0,312
RES_4539,3304557,14,8.83328301480079,6
RES_4540,3304557,740,500.0,351
RES_4541,3304557,5906,3815.6309487867716,2675
RES_4542,3304557,4269,2711.0,1901
RES_4543,3304557,249,175.0,123
RES_4544,3304557,4254,2760.0,1935
RES_4545,3304557,5987,3903.0,2736
RES_4546,3304557,74,49.0,34
RES_4547,3304557,758,484.0,339
RES_4548,3304557,425,247.0,173
RES_4549,3304557,818,494.0,346
RES_4550,3304557,2833,1816.8569272062891,1274
RES_4551,3304557,1341,858.0,601
RES_4552,3304557,1619,1011.0,709
RES_4553,3304557,1037,655.0,459
RES_4554,3304557,421,284.0,199
RES_4555,3304557,1150,741.0,519
RES_4556,3304557,1057,730.0,512
RES_4557,3304557,405,257.0,180
RES_4558,3304557,4,2.52379514708594,2
RES_4559,3304557,10,6.30948786771485,4
RES_4560,3304557,510,301.0,211
RES_4561,3304557,199,124.0,87
RES_4562,3304557,3053,2001.0,1403
RES_4563,3304557,457,305.0,214
RES_4564,3304557,400,277.0,194
RES_4565,3304557,373,244.0,171
RES_4566,3304557,217,133.0,93
RES_4567,3304557,216,139.0,97
RES_4568,3304557,205,129.0,90
RES_4569,3304557,358,239.0,168
RES_4570,3304557,273,187.0,131
RES_4571,3304557,352,219.0,154
RES_4572,3304557,134,85.0,60
RES_4573,3304557,136,77.0,54
RES_4574,3304557,217,143.0,100
RES_4575,3304557,79,46.0,32
RES_4576,3304557,251,172.0,121
RES_4577,3304557,136,84.0,59
RES_4578,3304557,403,290.0,203
RES_4579,3304557,304,189.0,132
RES_4580,3304557,460,295.0,207
RES_4581,3304557,305,218.0,153
RES_4582,3304557,259,174.0,122
RES_4583,3304557,47,32.0,22
RES_4584,3304557,140,94.0,66
RES_4585,3304557,532,341.0,239
RES_4586,3304557,596,396.0,278
RES_4587,3304557,437,289.0,203
RES_4588,3304557,400,266.0,186
RES_4589,3304557,121,72.0,50
RES_4590,3304557,129,90.0,63
RES_4591,3304557,810,543.0,381
RES_4592,3304557,342,218.0,153
RES_4593,3304557,542,347.0,243
RES_4594,3304557,1103,713.0,500
RES_4595,3304557,403,253.0,177
RES_4596,3304557,72,45.428312647546925,32
RES_4597,3304557,1158,743.0,521
RES_4598,3304557,306,193.0,135
RES_4599,3304557,181,116.0,81
RES_4600,3304557,78,45.0,32
RES_4601,3304557,1236,783.9640808459746,550
RES_4602,3304557,2458,1649.0,1156
RES_4603,3304557,317,200.0,140
RES_4604,3304557,341,201.0,141
RES_4605,3304557,1999,1336.0,937
RES_4606,3304557,2154,1324.0,928
RES_4607,3304557,2549,1622.0,1137
RES_4608,3304557,2394,1544.0,1082
RES_4609,3304557,5428,3369.0,2362
RES_4610,3304557,4253,2690.0,1886
RES_4611,3304557,1123,752.0,527
RES_4612,3304557,380,256.0,179
RES_4613,3304557,2612,1832.0,1284
RES_4614,3304557,2730,1788.0,1253
RES_4615,3304557,2332,1439.0,1009
RES_4616,3304557,1572,979.0,686
RES_4617,3304557,78,49.21400536817583,35
RES_4618,3304557,183,112.0,79
RES_4619,3304557,2059,1359.0,953
RES_4620,3304557,335,238.0,167
RES_4621,3304557,158,108.0,76
RES_4622,3304557,338,249.0,175
RES_4623,3304557,393,247.0,173
RES_4624,3304557,506,343.0,240
RES_4625,3304557,79,47.0,33
RES_4626,3304557,640,458.0,321
RES_4627,3304557,208,146.0,102
RES_4628,3304557,2805,1827.0,1281
RES_4629,3304557,3083,2095.0,1469
RES_4630,3304557,1796,1162.0,815
RES_4631,3304557,5569,3689.0,2586
RES_4632,3304557,5243,3366.0,2360
RES_4633,3304557,6038,3805.0,2667
RES_4634,3304557,3331,2090.0,1465
RES_4635,3304557,916,607.0,426
RES_4636,3304557,3814,2557.0,1793
RES_4637,3304557,2652,1696.0,1189
RES_4638,3304557,3080,1967.0,1379
RES_4639,3304557,4542,2890.0,2026
RES_4640,3304557,4028,2567.0,1800
RES_4641,3304557,2561,1785.5471374273789,1252
RES_4642,3304557,679,471.0,330
RES_4643,3304557,311,199.0,140
RES_4644,3304557,334,232.0,163
RES_4645,3304557,5880,3783.0,2652
RES_4646,3304557,7312,4773.0,3346
RES_4647,3304557,1179,756.0,530
RES_4648,3304557,1875,1198.0,840
RES_4649,3304557,249,173.0,121
RES_4650,3304557,435,304.0,213
RES_4651,3304557,210,144.0,101
RES_4652,3304557,439,285.0,200
RES_4653,3304557,1043,699.0,490
RES_4654,3304557,213,131.0,92
RES_4655,3304557,1062,659.0,462
RES_4656,3304557,1254,837.0,587
RES_4657,3304557,524,345.0,242
RES_4658,3304557,3330,2237.0,1568
RES_4659,3304557,9053,5811.0,4074
RES_4660,3304557,4802,3108.0,2179
RES_4661,3304557,5358,3644.0,2555
RES_4662,3304557,7679,5357.0,3755
RES_4663,3304557,7340,4578.0,3209
RES_4664,3304557,2449,1667.0,1169
RES_4665,3304557,4749,3137.856927206289,2200
RES_4666,3304557,4023,2665.0,1868
RES_4667,3304557,1794,1276.0,895
RES_4668,3304557,1779,1208.0,847
RES_4669,3304557,5694,3809.0,2670
RES_4670,3304557,4582,3066.0,2149
RES_4671,3304557,7150,4540.0,3183
RES_4672,3304557,3890,2435.0,1707
RES_4673,3304557,2317,1624.0,1138
RES_4674,3304557,4822,3128.0,2193
RES_4675,3304557,1840,1136.0,796
RES_4676,3304557,1270,827.0,580
RES_4677,3304557,193,138.0,97
RES_4678,3304557,486,335.0,235
RES_4679,3304557,1165,802.0,562
RES_4680,3304557,374,238.0,167
RES_4681,3304557,340,233.0,163
RES_4682,3304557,597,377.0,264
RES_4683,3304557,2492,1552.0,1088
RES_4684,3304557,357,250.0,175
RES_4685,3304557,1591,1058.0,742
RES_4686,3304557,3444,2176.0,1525
RES_4687,3304557,1210,764.0,536
RES_4688,3304557,358,226.0,158
RES_4689,3304557,3139,1899.0,1331
RES_4690,3304557,3096,1956.0,1371
RES_4691,3304557,296,250.0,175
RES_4692,3304557,710,427.821309963459,300
RES_4693,3304557,62,47.0,33
RES_4694,3304557,1071,682.0,478
RES_4695,3304557,475,305.0,214
RES_4696,3304557,952,596.0,418
RES_4697,3304557,4732,2946.0,2065
RES_4698,3304557,4277,2678.0,1877
RES_4699,3304557,3277,2008.0,1408
RES_4700,3304557,3264,2144.0,1503
RES_4701,3304557,6529,4128.0,2894
RES_4702,3304557,753,499.0,350
RES_4703,3304557,8,5.04759029417188,4
RES_4704,3304557,1265,842.0,590
RES_4705,3304557,3782,2374.0,1664
RES_4706,3304557,6020,4074.0,2856
RES_4707,3304557,6453,4009.0,2810
RES_4708,3304557,816,536.0,376
RES_4709,3304557,1882,1230.0,862
RES_4710,3304557,4799,3328.4166415074005,2333
RES_4711,3304557,1298,839.0,588
RES_4712,3304557,4510,2740.0,1921
RES_4713,3304557,1752,1155.0,810
RES_4714,3304557,5135,3245.0,2275
RES_4715,3304557,718,463.0,325
RES_4716,3304557,384,246.0,172
RES_4717,3304557,1904,1295.0,908
RES_4718,3304557,1004,658.0,461
RES_4719,3304557,2482,1491.0,1045
RES_4720,3304557,1457,999.0,700
RES_4721,3304557,1377,904.0,634
RES_4722,3304557,704,460.0,322
RES_4723,3304557,591,392.0,275
RES_4724,3304557,279,181.0,127
RES_4725,3304557,772,497.0,348
RES_4726,3304557,435,298.0,209
RES_4727,3304557,617,417.0,292
RES_4728,3304557,3599,2316.0,1624
RES_4729,3304557,369,227.0,159
RES_4730,3304557,1916,1272.0,892
RES_4731,3304557,816,562.0,394
RES_4732,3304557,671,433.0,304
RES_4733,3304557,1346,873.0,612
RES_4734,3304557,284,186.0,130
RES_4735,3304557,455,277.0,194
RES_4736,3304557,1108,724.0,508
RES_4737,3304557,663,449.0,315
RES_4738,3304557,4434,2997.0,2101
RES_4739,3304557,1445,1041.0,730
RES_4740,3304557,1138,723.0,507
RES_4741,3304557,2399,1545.0,1083
RES_4742,3304557,413,276.0,193
RES_4743,3304557,4,2.52379514708594,2
RES_4744,3304557,88,55.52349323589068,39
RES_4745,3304557,1834,1147.0,804
RES_4746,3304557,1439,881.0,618
RES_4747,3304557,628,396.0,278
RES_4748,3304557,1379,834.0,585
RES_4749,3304557,2043,1219.0,855
RES_4750,3304557,140,88.3328301480079,62
RES_4751,3304557,757,492.0,345
RES_4752,3304557,7208,4578.0,3209
RES_4753,3304557,116,61.0,43
RES_4754,3304557,2574,1728.0,1211
RES_4755,3304557,2346,1572.0,1102
RES_4756,3304557,3067,2031.0,1424
RES_4757,3304557,2080,1374.0,963
RES_4758,3304557,3536,2212.0,1551
RES_4759,3304557,4617,2869.0,2011
RES_4760,3304557,59,37.22597841951762,26
RES_4761,3304557,2537,1682.0,1179
RES_4762,3304557,2755,1777.0,1246
RES_4763,3304557,3618,2222.0,1558
RES_4764,3304557,3319,2108.0,1478
RES_4765,3304557,6389,4109.0,2881
RES_4766,3304557,5479,3626.0,2542
RES_4767,3304557,390,262.0,184
RES_4768,3304557,1636,1100.0,771
RES_4769,3304557,3184,2069.0,1450
RES_4770,3304557,4988,3103.0,2175
RES_4771,3304557,5474,3435.0,2408
RES_4772,3304557,2340,1347.0,944
RES_4773,3304557,2862,1855.987725037463,1301
RES_4774,3304557,3401,2164.0,1517
RES_4775,3304557,2103,1479.4166415074003,1037
RES_4776,3304557,108,67.0,47
RES_4777,3304557,2879,1874.0,1314
RES_4778,3304557,3135,2068.0,1450
RES_4779,3304557,2896,1861.0,1305
RES_4780,3304557,5104,3290.0,2306
RES_4781,3304557,4433,2808.0,1969
RES_4782,3304557,3657,2289.0,1605
RES_4783,3304557,2766,1778.0,1246
RES_4784,3304557,2935,1887.0,1323
RES_4785,3304557,6361,4485.0,3144
RES_4786,3304557,862,596.0,418
RES_4787,3304557,1899,1216.0,852
RES_4788,3304557,695,434.0,304
RES_4789,3304557,303,194.0,136
RES_4790,3304557,3447,2246.0116711401465,1575
RES_4791,3304557,3287,2217.0,1554
RES_4792,3304557,3669,2388.0,1674
RES_4793,3304557,6265,4076.0,2857
RES_4794,3304557,3196,2082.0,1460
RES_4795,3304557,2269,1444.0,1012
RES_4796,3304557,2969,1924.0,1349
RES_4797,3304557,947,589.0,413
RES_4798,3304557,1575,1042.0,730
RES_4799,3304557,1262,849.0,595
RES_4800,3304557,397,267.0,187
RES_4801,3304557,1339,898.0,630
RES_4802,3304557,6764,4295.0,3011
RES_4803,3304557,5971,3803.0,2666
RES_4804,3304557,2510,1575.0,1104
RES_4805,3304557,1442,890.0,624
RES_4806,3304557,1757,1151.0,807
RES_4807,3304557,7,4.416641507400395,3
RES_4808,3304557,6503,4190.0,2937
RES_4809,3304557,2178,1403.0,984
RES_4810,3304557,249,168.0,118
RES_4811,3304557,618,403.0,283
RES_4812,3304557,757,528.0,370
RES_4813,3304557,6232,3795.0,2660
RES_4814,3304557,5153,3216.0,2255
RES_4815,3304557,4212,2620.0,1837
RES_4816,3304557,2071,1245.0,873
RES_4817,3304557,639,425.0,298
RES_4818,3304557,714,475.0,333
RES_4819,3304557,2393,1632.0,1144
RES_4820,3304557,2005,1396.0,979
RES_4821,3304557,2238,1404.0,984
RES_4822,3304557,955,602.0,422
RES_4823,3304557,148,94.0,66
RES_4824,3304557,317,215.0,151
RES_4825,3304557,1899,1389.0,974
RES_4826,3304557,1977,1445.0,1013
RES_4827,3304557,621,370.0,259
RES_4828,3304557,2171,1429.0,1002
RES_4829,3304557,1970,1307.0,916
RES_4830,3304557,522,355.0,249
RES_4831,3304557,838,528.0,370
RES_4832,3304557,322,209.0,147
RES_4833,3304557,750,477.0,334
RES_4834,3304557,825,553.0,388
RES_4835,3304557,249,159.0,111
RES_4836,3304557,1246,815.0,571
RES_4837,3304557,88,54.0,38
RES_4838,3304557,64,40.38072235337504,28
RES_4839,3304557,109,64.0,45
RES_4840,3304557,182,113.0,79
RES_4841,3304557,483,300.0,210
RES_4842,3304557,561,338.0,237
RES_4843,3304557,1028,677.0,475
RES_4844,3304557,404,286.0,200
RES_4845,3304557,281,190.0,133
RES_4846,3304557,1847,1177.0,825
RES_4847,3304557,878,592.0,415
RES_4848,3304557,661,438.0,307
RES_4849,3304557,221,132.0,93
RES_4850,3304557,1602,1016.0,712
RES_4851,3304557,474,285.0,200
RES_4852,3304557,290,169.0,118
RES_4853,3304557,976,627.0,440
RES_4854,3304557,974,592.0,415
RES_4855,3304557,560,364.0,255
RES_4856,3304557,838,578.0,405
RES_4857,3304557,686,441.0,309
RES_4858,3304557,1217,784.0,550
RES_4859,3304557,1062,688.0,482
RES_4860,3304557,1786,1204.0,844
RES_4861,3304557,635,419.0,294
RES_4862,3304557,1119,729.0,511
RES_4863,3304557,144,99.0,69
RES_4864,3304557,274,176.0,123
RES_4865,3304557,442,290.0,203
RES_4866,3304557,238,133.0,93
RES_4867,3304557,179,112.0,79
RES_4868,3304557,2856,1801.0,1263
RES_4869,3304557,1447,918.0,644
RES_4870,3304557,1102,695.0,487
RES_4871,3304557,309,199.0,140
RES_4872,3304557,623,411.0,288
RES_4873,3304557,222,148.0,104
RES_4874,3304557,1904,1142.2855417650312,801
RES_4875,3304557,1599,962.0,674
RES_4876,3304557,493,310.0,217
RES_4877,3304557,3328,1983.0,1390
RES_4878,3304557,4957,3058.0,2144
RES_4879,3304557,3538,2175.0,1525
RES_4880,3304557,2069,1315.0,922
RES_4881,3304557,204,144.0,101
RES_4882,3304557,1314,782.0,548
RES_4883,3304557,4499,2677.9045175004608,1877
RES_4884,3304557,3482,2103.0,1474
RES_4885,3304557,5596,3603.0,2526
RES_4886,3304557,4880,3055.0,2142
RES_4887,3304557,1824,1181.0,828
RES_4888,3304557,381,221.0,155
RES_4889,3304557,2982,1789.0,1254
RES_4890,3304557,3523,2176.0,1525
RES_4891,3304557,1763,1144.0,802
RES_4892,3304557,4612,3003.0,2105
RES_4893,3304557,2133,1341.0,940
RES_4894,3304557,240,146.0,102
RES_4895,3304557,1379,909.0,637
RES_4896,3304557,316,197.0,138
RES_4897,3304557,758,485.0,340
RES_4898,3304557,178,106.0,74
RES_4899,3304557,149,86.0,60
RES_4900,3304557,318,200.0,140
RES_4901,3304557,85,46.0,32
RES_4902,3304557,124,77.0,54
RES_4903,3304557,110,72.0,50
RES_4904,3304557,943,585.0475902941719,410
RES_4905,3304557,2023,1203.0,843
RES_4906,3304557,508,310.0,217
RES_4907,3304557,727,446.0,313
RES_4908,3304557,324,176.0,123
RES_4909,3304557,766,445.0,312
RES_4910,3304557,3345,2106.0,1476
RES_4911,3304557,1403,920.0,645
RES_4912,3304557,373,216.0,151
RES_4913,3304557,1325,860.0,603
RES_4914,3304557,1639,1038.0,728
RES_4915,3304557,80,50.4759029417188,35
RES_4916,3304557,2227,1411.0,989
RES_4917,3304557,1018,625.0,438
RES_4918,3304557,3574,2187.0,1533
RES_4919,3304557,977,629.0,441
RES_4920,3304557,4673,2945.0,2065
RES_4921,3304557,5153,3276.0,2297
RES_4922,3304557,1582,976.0,684
RES_4923,3304557,3439,2115.0,1483
RES_4924,3304557,1131,702.0,492
RES_4925,3304557,973,607.0,426
RES_4926,3304557,2571,1645.0,1153
RES_4927,3304557,466,306.0,215
RES_4928,3304557,845,547.0,383
RES_4929,3304557,645,411.0,288
RES_4930,3304557,807,513.0,360
RES_4931,3304557,426,277.0,194
RES_4932,3304557,3198,2102.0,1474
RES_4933,3304557,781,508.0,356
RES_4934,3304557,2229,1452.0,1018
RES_4935,3304557,2849,1709.0,1198
RES_4936,3304557,3117,1958.0,1373
RES_4937,3304557,2088,1306.0,916
RES_4938,3304557,2739,1766.0,1238
RES_4939,3304557,280,177.0,124
RES_4940,3304557,476,298.0,209
RES_4941,3304557,415,263.0,184
RES_4942,3304557,255,166.0,116
RES_4943,3304557,671,425.0,298
RES_4944,3304557,751,404.0,283
RES_4945,3304557,6212,3633.0,2547
RES_4946,3304557,5637,3343.0,2344
RES_4947,3304557,4495,2742.0,1922
RES_4948,3304557,732,432.0,303
RES_4949,3304557,3848,2318.0,1625
RES_4950,3304557,3000,1828.0,1281
RES_4951,3304557,1890,1175.0,824
RES_4952,3304557,519,319.0,224
RES_4953,3304557,782,463.0,325
RES_4954,3304557,2442,1483.0,1040
RES_4955,3304557,4602,2897.0,2031
RES_4956,3304557,5287,3321.0,2328
RES_4957,3304557,2656,1742.0,1221
RES_4958,3304557,2599,1630.0,1143
RES_4959,3304557,2006,1316.0,923
RES_4960,3304557,669,407.0,285
RES_4961,3304557,589,358.0,251
RES_4962,3304557,3196,2045.0,1434
RES_4963,3304557,5027,3009.0,2109
RES_4964,3304557,1045,665.0,466
RES_4965,3304557,2063,1261.0,884
RES_4966,3304557,1336,863.0,605
RES_4967,3304557,961,626.0,439
RES_4968,3304557,545,374.0,262
RES_4969,3304557,208,137.0,96
RES_4970,3304557,6702,4415.0,3095
RES_4971,3304557,1604,1040.0,729
RES_4972,3304557,724,466.0,327
RES_4973,3304557,1747,1176.0,824
RES_4974,3304557,66,41.0,29
RES_4975,3304557,2047,1202.0,843
RES_4976,3304557,394,211.0,148
RES_4977,3304557,3282,1942.0,1361
RES_4978,3304557,4686,2700.0,1893
RES_4979,3304557,2980,1783.0,1250
RES_4980,3304557,4356,2550.0,1788
RES_4981,3304557,2550,1533.0,1075
RES_4982,3304557,5259,3607.0,2529
RES_4983,3304557,894,632.0,443
RES_4984,3304557,553,344.0,241
RES_4985,3304557,1645,1158.0,812
RES_4986,3304557,577,378.0,265
RES_4987,3304557,1004,674.6665660296015,473
RES_4988,3304557,296,193.0,135
RES_4989,3304557,1772,1087.0,762
RES_4990,3304557,491,261.0,183
RES_4991,3304557,520,367.0,257
RES_4992,3304557,232,141.0,99
RES_4993,3304557,2541,1702.0,1193
RES_4994,3304557,1222,780.0,547
RES_4995,3304557,2365,1573.0,1103
RES_4996,3304557,4034,2664.0,1868
RES_4997,3304557,1011,656.0,460
RES_4998,3304557,1659,1151.0,807
RES_4999,3304557,48,30.285541765031283,21
RES_5000,3304557,1183,781.4998490444024,548
RES_5001,3304557,72,45.428312647546925,32
RES_5002,3304557,551,350.0,245
RES_5003,3304557,4775,2816.0,1974
RES_5004,3304557,6036,3797.809336912117,2662
RES_5005,3304557,7139,4272.0,2995
RES_5006,3304557,6379,4214.0,2954
RES_5007,3304557,4414,2700.0,1893
RES_5008,3304557,3277,1975.0,1385
RES_5009,3304557,2225,1273.0,892
RES_5010,3304557,47,29.654592978259796,21
RES_5011,3304557,433,258.0,181
RES_5012,3304557,92,54.0,38
RES_5013,3304557,692,414.0,290
RES_5014,3304557,3203,2062.0,1446
RES_5015,3304557,176,118.0,83
RES_5016,3304557,1265,832.0,583
RES_5017,3304557,116,68.0,48
RES_5018,3304557,1994,1221.0,856
RES_5019,3304557,7556,4734.0,3319
RES_5020,3304557,1456,906.0,635
RES_5021,3304557,1309,812.0,569
RES_5022,3304557,5102,3234.0,2267
RES_5023,3304557,2826,1750.2499245222011,1227
RES_5024,3304557,115,73.0,51
RES_5025,3304557,4105,2642.0,1852
RES_5026,3304557,6396,4197.0,2942
RES_5027,3304557,3707,2358.0,1653
RES_5028,3304557,7146,4554.0,3193
RES_5029,3304557,1236,787.0,552
RES_5030,3304557,561,359.0,252
RES_5031,3304557,1012,651.0,456
RES_5032,3304557,50,31.54743933857425,22
RES_5033,3304557,506,321.0,225
RES_5034,3304557,200,120.0,84
RES_5035,3304557,134,85.0,60
RES_5036,3304557,380,247.0,173
RES_5037,3304557,1138,727.0,510
RES_5038,3304557,265,175.0,123
RES_5039,3304557,126,75.0,53
RES_5040,3304557,81,51.106851728490284,36
RES_5041,3304557,214,132.0,93
RES_5042,3304557,2077,1317.0,923
RES_5043,3304557,1402,896.0,628
RES_5044,3304557,140,88.0,62
RES_5045,3304557,124,81.0,57
RES_5046,3304557,183,117.0,82
RES_5047,3304557,54,34.07123448566019,24
RES_5048,3304557,136,84.0,59
RES_5049,3304557,97,63.0,44
RES_5050,3304557,272,162.0,114
RES_5051,3304557,469,283.0,198
RES_5052,3304557,706,433.0,304
RES_5053,3304557,1177,727.0,510
RES_5054,3304557,1382,823.0,577
RES_5055,3304557,5495,3423.0,2400
RES_5056,3304557,537,307.0,215
RES_5057,3304557,5556,3464.0,2428
RES_5058,3304557,967,581.0,407
RES_5059,3304557,4912,3080.0,2159
RES_5060,3304557,527,340.0,238
RES_5061,3304557,293,183.0,128
RES_5062,3304557,536,342.0,240
RES_5063,3304557,8312,5238.0,3672
RES_5064,3304557,4548,2831.0,1985
RES_5065,3304557,1448,938.0,658
RES_5066,3304557,1153,730.0,512
RES_5067,3304557,7895,4920.0,3449
RES_5068,3304557,961,602.0,422
RES_5069,3304557,1687,1036.0,726
RES_5070,3304557,203,132.0,93
RES_5071,3304557,1036,651.0,456
RES_5072,3304557,8,5.04759029417188,4
RES_5073,3304557,300,199.0,140
RES_5074,3304557,778,493.7973638607754,346
RES_5075,3304557,275,195.0,137
RES_5076,3304557,1121,685.0,480
RES_5077,3304557,4197,2770.0,1942
RES_5078,3304557,5348,3520.0,2468
RES_5079,3304557,720,491.0,344
RES_5080,3304557,2163,1391.2855417650312,975
RES_5081,3304557,5852,3863.0227384579025,2708
RES_5082,3304557,1173,798.0,559
RES_5083,3304557,4624,3043.6039835721353,2134
RES_5084,3304557,282,187.0,131
RES_5085,3304557,453,282.0,198
RES_5086,3304557,317,209.0,147
RES_5087,3304557,217,140.0,98
RES_5088,3304557,1164,853.0,598
RES_5089,3304557,132,81.0,57
RES_5090,3304557,2934,1954.0,1370
RES_5091,3304557,868,568.0,398
RES_5092,3304557,1846,1210.0,848
RES_5093,3304557,520,353.0,247
RES_5094,3304557,96,65.0,46
RES_5095,3304557,150,98.0,69
RES_5096,3304557,131,85.0,60
RES_5097,3304557,204,140.0,98
RES_5098,3304557,983,636.0,446
RES_5099,3304557,1110,794.0,557
RES_5100,3304557,121,93.0,65
RES_5101,3304557,1405,1012.785692720629,710
RES_5102,3304557,2052,1500.0,1052
RES_5103,3304557,1394,966.9996980888047,678
RES_5104,3304557,5723,3911.0,2742
RES_5105,3304557,1502,1122.0,787
RES_5106,3304557,3252,2328.0,1632
RES_5107,3304557,100,63.0,44
RES_5108,3304557,1038,716.0,502
RES_5109,3304557,289,188.43998378769345,132
RES_5110,3304557,92,55.04759029417188,39
RES_5111,3304557,602,324.0,227
RES_5112,3304557,509,288.79706194958015,202
RES_5113,3304557,749,416.0,292
RES_5114,3304557,30,18.92846360314455,13
RES_5115,3304557,632,373.3448031993497,262
RES_5116,3304557,37,23.345105110544946,16
RES_5117,3304557,501,320.0,224
RES_5118,3304557,760,514.0,360
RES_5119,3304557,1924,1400.0,981
RES_5120,3304557,515,348.0,244
RES_5121,3304557,3738,2651.0,1858
RES_5122,3304557,2341,1630.0,1143
RES_5123,3304557,275,174.0,122
RES_5124,3304557,526,391.0,274
RES_5125,3304557,4372,3214.0,2253
RES_5126,3304557,8084,5712.0,4004
RES_5127,3304557,354,287.0,201
RES_5128,3304557,494,393.0,276
RES_5129,3304557,1968,1355.0,950
RES_5130,3304557,4234,3068.0,2151
RES_5131,3304557,4139,3062.0,2147
RES_5132,3304557,2495,1783.0,1250
RES_5133,3304557,3217,2410.0,1689
RES_5134,3304557,5557,4177.0,2928
RES_5135,3304557,376,283.0,198
RES_5136,3304557,549,425.0,298
RES_5137,3304557,1024,739.0,518
RES_5138,3304557,457,314.0,220
RES_5139,3304557,1909,1163.0,815
RES_5140,3304557,465,278.0,195
RES_5141,3304557,3960,2432.0,1705
RES_5142,3304557,5770,3263.0,2287
RES_5143,3304557,2093,1366.3923934935215,958
RES_5144,3304557,3224,1905.0,1335
RES_5145,3304557,3950,2625.0,1840
RES_5146,3304557,7,4.416641507400395,3
RES_5147,3304557,428,269.0,189
RES_5148,3304557,447,265.0,186
RES_5149,3304557,1045,664.2023342280293,466
RES_5150,3304557,1461,966.0,677
RES_5151,3304557,49,30.916490551802767,22
RES_5152,3304557,250,146.0,102
RES_5153,3304557,4089,2512.1068517284903,1761
RES_5154,3304557,444,296.0,208
RES_5155,3304557,2192,1378.0,966
RES_5156,3304557,613,318.0,223
RES_5157,3304557,4981,2901.6309487867716,2034
RES_5158,3304557,725,466.0,327
RES_5159,3304557,230,145.11822095744157,102
RES_5160,3304557,1802,1150.0,806
RES_5161,3304557,2035,1052.0,737
RES_5162,3304557,4882,2528.0,1772
RES_5163,3304557,426,269.0,189
RES_5164,3304557,1710,1119.0,784
RES_5165,3304557,5067,3122.0,2189
RES_5166,3304557,2211,1307.7731158468966,917
RES_5167,3304557,919,578.0,405
RES_5168,3304557,3766,2124.0,1489
RES_5169,3304557,780,359.0,252
RES_5170,3304557,1405,828.9521077946329,581
RES_5171,3304557,1004,554.4519568390352,389
RES_5172,3304557,1975,1219.0,855
RES_5173,3304557,2641,1715.0,1202
RES_5174,3304557,6880,3720.2972129051777,2608
RES_5175,3304557,3599,2102.0,1474
RES_5176,3304557,6716,4083.0,2862
RES_5177,3304557,357,208.0,146
RES_5178,3304557,6489,3645.4624203344006,2556
RES_5179,3304557,1443,715.2379514708593,501
RES_5180,3304557,1300,742.0,520
RES_5181,3304557,7531,4420.749471655408,3099
RES_5182,3304557,773,449.0,315
RES_5183,3304557,1204,657.0,461
RES_5184,3304557,20504,12042.344501288155,8442
RES_5185,3304557,741,531.0,372
RES_5186,3304557,3194,1894.0,1328
RES_5187,3304557,4293,2542.0113692289515,1782
RES_5188,3304557,5448,3155.4166415074005,2212
RES_5189,3304557,4290,2769.4998490444023,1942
RES_5190,3304557,808,606.0,425
RES_5191,3304557,4219,2602.5351643760373,1824
RES_5192,3304557,1134,679.0,476
RES_5193,3304557,425,254.54743933857424,178
RES_5194,3304557,1082,653.0,458
RES_5195,3304557,218,166.0,116
RES_5196,3304557,118,71.0,50
RES_5197,3304557,729,500.0,351
RES_5198,3304557,277,226.0,158
RES_5199,3304557,2213,1495.0,1048
RES_5200,3304557,2368,1669.0,1170
RES_5201,3304557,1068,705.0,494
RES_5202,3304557,264,199.0,140
RES_5203,3304557,828,600.0,421
RES_5204,3304557,985,672.0,471
RES_5205,3304557,87,62.0,43
RES_5206,3304557,1264,899.0,630
RES_5207,3304557,129,83.0,58
RES_5208,3304557,3637,2476.0,1736
RES_5209,3304557,255,160.0,112
RES_5210,3304557,1178,759.3451051105449,532
RES_5211,3304557,1374,931.0,653
RES_5212,3304557,1027,618.0,433
RES_5213,3304557,1341,896.0,628
RES_5214,3304557,534,352.0,247
RES_5215,3304557,534,356.0,250
RES_5216,3304557,931,582.0,408
RES_5217,3304557,11119,7600.0,5328
RES_5218,3304557,682,462.0,324
RES_5219,3304557,70,44.16641507400395,31
RES_5220,3304557,1559,1084.0,760
RES_5221,3304557,849,566.0,397
RES_5222,3304557,156,105.0,74
RES_5223,3304557,1314,896.0,628
RES_5224,3304557,473,329.0,231
RES_5225,3304557,879,581.0,407
RES_5226,3304557,102,71.0,50
RES_5227,3304557,15,9.464231801572275,7
RES_5228,3304557,180,110.0,77
RES_5229,3304557,100,63.0948786771485,44
RES_5230,3304557,99,69.0,48
RES_5231,3304557,458,319.0,224
RES_5232,3304557,555,409.0,287
RES_5233,3304557,785,524.0,367
RES_5234,3304557,14,8.83328301480079,6
RES_5235,3304557,166,144.0,101
RES_5236,3304557,60,37.8569272062891,27
RES_5237,3304557,1650,1120.0,785
RES_5238,3304557,1266,831.0,583
RES_5239,3304557,429,250.0,175
RES_5240,3304557,1708,1108.0,777
RES_5241,3304557,36,22.714156323773462,16
RES_5242,3304557,687,395.0,277
RES_5243,3304557,1541,1033.3211590078613,724
RES_5244,3304557,971,613.0,430
RES_5245,3304557,1142,732.0,513
RES_5246,3304557,484,308.1424689713204,216
RES_5247,3304557,316,206.0,144
RES_5248,3304557,588,381.0,267
RES_5249,3304557,396,231.0,162
RES_5250,3304557,580,418.0,293
RES_5251,3304557,1417,944.0,662
RES_5252,3304557,1237,846.0,593
RES_5253,3304557,468,303.0,212
RES_5254,3304557,627,462.0,324
RES_5255,3304557,219,150.0,105
RES_5256,3304557,176,131.0,92
RES_5257,3304557,1087,708.0,496
RES_5258,3304557,1269,882.0,618
RES_5259,3304557,624,433.0,304
RES_5260,3304557,200,122.0,86
RES_5261,3304557,855,553.2618975735429,388
RES_5262,3304557,117,70.0,49
RES_5263,3304557,6667,4757.0,3335
RES_5264,3304557,202,132.0,93
RES_5265,3304557,45,28.392695404716825,20
RES_5266,3304557,1640,1090.0,764
RES_5267,3304557,1152,689.0,483
RES_5268,3304557,137,110.0,77
RES_5269,3304557,375,233.0,163
RES_5270,3304557,9301,6177.0,4330
RES_5271,3304557,1866,1271.0,891
RES_5272,3304557,283,175.0,123
RES_5273,3304557,325,221.0,155
RES_5274,3304557,3198,2345.4759029417187,1644
RES_5275,3304557,6704,4688.0,3286
RES_5276,3304557,2348,1567.0,1099
RES_5277,3304557,5573,3779.0,2649
RES_5278,3304557,2444,1659.0,1163
RES_5279,3304557,5345,3915.0,2745
RES_5280,3304557,6488,4193.0,2939
RES_5281,3304557,4352,2755.76084088436,1932
RES_5282,3304557,2430,1584.0,1110
RES_5283,3304557,1345,836.0,586
RES_5284,3304557,6505,4036.0,2829
RES_5285,3304557,3865,2462.0,1726
RES_5286,3304557,1687,1189.9757519861212,834
RES_5287,3304557,255,157.0,110
RES_5288,3304557,8189,5117.0,3587
RES_5289,3304557,6252,3881.094576765953,2721
RES_5290,3304557,3779,2387.0,1673
RES_5291,3304557,2039,1278.0,896
RES_5292,3304557,8333,5177.0,3629
RES_5293,3304557,2373,1513.7614447067501,1061
RES_5294,3304557,624,517.0,362
RES_5295,3304557,3965,2484.0,1741
RES_5296,3304557,1784,1317.0,923
RES_5297,3304557,3119,2084.0,1461
RES_5298,3304557,498,340.39269540471685,239
RES_5299,3304557,755,506.0,355
RES_5300,3304557,217,140.0,98
RES_5301,3304557,661,437.0,306
RES_5302,3304557,333,256.0,179
RES_5303,3304557,158,105.0,74
RES_5304,3304557,341,239.0,168
RES_5305,3304557,111,68.0,48
RES_5306,3304557,1894,1372.0,962
RES_5307,3304557,3789,2815.0948786771487,1973
RES_5308,3304557,288,230.0,161
RES_5309,3304557,3535,2641.0,1851
RES_5310,3304557,2765,2157.0,1512
RES_5311,3304557,328,238.0,167
RES_5312,3304557,4962,3698.0,2592
RES_5313,3304557,187,134.0,94
RES_5314,3304557,1319,1079.0,756
RES_5315,3304557,1200,885.0,620
RES_5316,3304557,216,151.0,106
RES_5317,3304557,719,532.0,373
RES_5318,3304557,20,12.6189757354297,9
RES_5319,3304557,164,115.0,81
RES_5320,3304557,594,363.0,254
RES_5321,3304557,1104,673.0,472
RES_5322,3304557,781,500.0,351
RES_5323,3304557,2698,1667.0,1169
RES_5324,3304557,6565,4100.559412389916,2875
RES_5325,3304557,7041,4337.0,3040
RES_5326,3304557,631,396.0,278
RES_5327,3304557,4046,2478.0,1737
RES_5328,3304557,214,144.0,101
RES_5329,3304557,558,334.0,234
RES_5330,3304557,1828,1194.0,837
RES_5331,3304557,372,226.0,158
RES_5332,3304557,39,24.607002684087917,17
RES_5333,3304557,309,189.0,132
RES_5334,3304557,38,23.97605389731643,17
RES_5335,3304557,2302,1460.0,1024
RES_5336,3304557,2101,1303.0,913
RES_5337,3304557,5122,3367.0,2360
RES_5338,3304557,1288,854.0,599
RES_5339,3304557,1518,1066.0,747
RES_5340,3304557,5215,3397.0,2381
RES_5341,3304557,8285,5495.0,3852
RES_5342,3304557,420,287.0,201
RES_5343,3304557,3384,2202.0,1544
RES_5344,3304557,586,328.0,230
RES_5345,3304557,4645,2971.0,2083
RES_5346,3304557,2584,1836.0,1287
RES_5347,3304557,119,72.0,50
RES_5348,3304557,1704,1026.0,719
RES_5349,3304557,3169,2002.0,1403
RES_5350,3304557,3119,1918.0,1345
RES_5351,3304557,654,405.0,284
RES_5352,3304557,1499,999.0,700
RES_5353,3304557,653,396.0,278
RES_5354,3304557,217,146.0,102
RES_5355,3304557,1495,936.0,656
RES_5356,3304557,123,77.0,54
RES_5357,3304557,2858,1763.0,1236
RES_5358,3304557,1538,927.0,650
RES_5359,3304557,4074,2532.0,1775
RES_5360,3304557,232,149.0,104
RES_5361,3304557,262,171.0,120
RES_5362,3304557,963,615.0,431
RES_5363,3304557,553,348.0,244
RES_5364,3304557,688,458.0,321
RES_5365,3304557,3026,1863.0,1306
RES_5366,3304557,6036,3880.0,2720
RES_5367,3304557,1035,644.0,451
RES_5368,3304557,95,56.0,39
RES_5369,3304557,3349,2178.0,1527
RES_5370,3304557,1440,956.0,670
RES_5371,3304557,332,185.0,130
RES_5372,3304557,411,320.0,224
RES_5373,3304557,6127,3712.0,2602
RES_5374,3304557,5635,3596.0,2521
RES_5375,3304557,5080,3093.7129486789922,2169
RES_5376,3304557,4157,2591.0,1816
RES_5377,3304557,1020,657.0,461
RES_5378,3304557,5666,3736.0,2619
RES_5379,3304557,8613,5785.0,4055
RES_5380,3304557,947,575.0,403
RES_5381,3304557,1895,1246.0,873
RES_5382,3304557,6093,3819.0,2677
RES_5383,3304557,8498,5220.0,3659
RES_5384,3304557,3318,2046.0,1434
RES_5385,3304557,391,273.0,191
RES_5386,3304557,4360,2788.0,1954
RES_5387,3304557,3535,2187.0,1533
RES_5388,3304557,2026,1245.0,873
RES_5389,3304557,5,3.154743933857425,2
RES_5390,3304557,129,85.0,60
RES_5391,3304557,1252,801.0,562
RES_5392,3304557,5751,3739.0,2621
RES_5393,3304557,995,679.0,476
RES_5394,3304557,530,363.0,254
RES_5395,3304557,212,150.0,105
RES_5396,3304557,258,150.0,105
RES_5397,3304557,2320,1436.0,1007
RES_5398,3304557,2745,1699.0,1191
RES_5399,3304557,699,401.0,281
RES_5400,3304557,523,333.0,233
RES_5401,3304557,1023,637.0,447
RES_5402,3304557,168,101.0,71
RES_5403,3304557,141,89.0,62
RES_5404,3304557,438,237.0,166
RES_5405,3304557,429,278.0,195
RES_5406,3304557,1077,670.0,470
RES_5407,3304557,109,74.0,52
RES_5408,3304557,1008,638.0,447
RES_5409,3304557,1759,1133.0,794
RES_5410,3304557,83,50.0,35
RES_5411,3304557,244,155.0,109
RES_5412,3304557,800,518.0,363
RES_5413,3304557,326,218.0,153
RES_5414,3304557,457,289.0,203
RES_5415,3304557,384,257.0,180
RES_5416,3304557,2558,1645.0,1153
RES_5417,3304557,810,527.0,369
RES_5418,3304557,276,173.0,121
RES_5419,3304557,1068,668.0,468
RES_5420,3304557,2365,1459.0,1023
RES_5421,3304557,444,265.0,186
RES_5422,3304557,1456,851.0,597
RES_5423,3304557,785,460.0,322
RES_5424,3304557,1292,806.0,565
RES_5425,3304557,1048,655.0,459
RES_5426,3304557,5781,3894.0,2730
RES_5427,3304557,6214,4255.0,2983
RES_5428,3304557,723,494.0,346
RES_5429,3304557,363,230.0,161
RES_5430,3304557,1073,723.0,507
RES_5431,3304557,3199,2151.0,1508
RES_5432,3304557,6559,4470.0,3134
RES_5433,3304557,93,63.0,44
RES_5434,3304557,312,203.0,142
RES_5435,3304557,432,272.0,191
RES_5436,3304557,1208,821.0,576
RES_5437,3304557,2988,1960.0,1374
RES_5438,3304557,758,492.0,345
RES_5439,3304557,617,401.0,281
RES_5440,3304557,438,291.0,204
RES_5441,3304557,1652,1055.0,740
RES_5442,3304557,913,612.0,429
RES_5443,3304557,3317,2241.0,1571
RES_5444,3304557,1170,802.0,562
RES_5445,3304557,1049,688.0,482
RES_5446,3304557,426,277.0,194
RES_5447,3304557,500,346.0,243
RES_5448,3304557,780,517.0,362
RES_5449,3304557,1642,1186.0,831
RES_5450,3304557,1874,1286.0,902
RES_5451,3304557,565,367.0,257
RES_5452,3304557,4292,2881.0,2020
RES_5453,3304557,2462,1629.0,1142
RES_5454,3304557,4,2.52379514708594,2
RES_5455,3304557,1283,829.0,581
RES_5456,3304557,4733,3087.0,2164
RES_5457,3304557,5921,3850.0,2699
RES_5458,3304557,4555,2928.0,2053
RES_5459,3304557,295,193.0,135
RES_5460,3304557,640,435.0,305
RES_5461,3304557,321,210.0,147
RES_5462,3304557,1718,1125.0,789
RES_5463,3304557,2128,1407.0,986
RES_5464,3304557,2786,1827.0,1281
RES_5465,3304557,3431,2213.0,1551
RES_5466,3304557,8,5.04759029417188,4
RES_5467,3304557,7,4.416641507400395,3
RES_5468,3304557,1152,804.8093369121173,564
RES_5469,3304557,435,287.0,201
RES_5470,3304557,2262,1521.0,1066
RES_5471,3304557,493,344.0,241
RES_5472,3304557,97,59.559412389916034,42
RES_5473,3304557,1556,1005.0,705
RES_5474,3304557,2884,1920.0,1346
RES_5475,3304557,801,557.0,390
RES_5476,3304557,1968,1295.0,908
RES_5477,3304557,1165,747.0,524
RES_5478,3304557,448,303.0,212
RES_5479,3304557,836,562.0,394
RES_5480,3304557,1293,902.0,632
RES_5481,3304557,4153,2846.0,1995
RES_5482,3304557,919,631.0,442
RES_5483,3304557,92,73.0,51
RES_5484,3304557,751,507.0,355
RES_5485,3304557,480,390.0,273
RES_5486,3304557,740,490.0,344
RES_5487,3304557,253,157.89284636031445,111
RES_5488,3304557,136,83.0,58
RES_5489,3304557,79,48.0,34
RES_5490,3304557,1464,974.0,683
RES_5491,3304557,1021,680.0,477
RES_5492,3304557,544,453.0,318
RES_5493,3304557,234,143.0,100
RES_5494,3304557,147,91.0,64
RES_5495,3304557,1131,753.0,528
RES_5496,3304557,1827,1379.0,967
RES_5497,3304557,100,61.0,43
RES_5498,3304557,326,213.0,149
RES_5499,3304557,409,281.0,197
RES_5500,3304557,804,530.0,372
RES_5501,3304557,285,176.0,123
RES_5502,3304557,1401,918.0,644
RES_5503,3304557,502,340.0,238
RES_5504,3304557,160,104.0,73
RES_5505,3304557,226,148.0,104
RES_5506,3304557,1050,671.0,470
RES_5507,3304557,509,345.0,242
RES_5508,3304557,493,326.0,229
RES_5509,3304557,302,189.0,132
RES_5510,3304557,340,225.34510511054495,158
RES_5511,3304557,485,280.8093369121172,197
RES_5512,3304557,1027,653.0,458
RES_5513,3304557,463,305.0,214
RES_5514,3304557,60,40.0,28
RES_5515,3304557,61,38.487875993060584,27
RES_5516,3304557,515,350.0,245
RES_5517,3304557,263,177.0,124
RES_5518,3304557,1539,1040.0,729
RES_5519,3304557,172,119.0,83
RES_5520,3304557,2443,1564.0,1096
RES_5521,3304557,883,555.0,389
RES_5522,3304557,306,200.0,140
RES_5523,3304557,220,151.0,106
RES_5524,3304557,68,42.90451750046098,30
RES_5525,3304557,882,577.0,404
RES_5526,3304557,1407,935.0,655
RES_5527,3304557,590,385.0,270
RES_5528,3304557,448,287.0,201
RES_5529,3304557,511,318.0,223
RES_5530,3304557,680,434.0,304
RES_5531,3304557,194,131.0,92
RES_5532,3304557,369,249.0,175
RES_5533,3304557,117,75.0,53
RES_5534,3304557,170,113.0,79
RES_5535,3304557,136,94.0,66
RES_5536,3304557,253,184.0,129
RES_5537,3304557,2297,1495.0,1048
RES_5538,3304557,180,111.0,78
RES_5539,3304557,227,153.0,107
RES_5540,3304557,299,201.0,141
RES_5541,3304557,234,152.0,107
RES_5542,3304557,988,654.0,458
RES_5543,3304557,365,235.0,165
RES_5544,3304557,513,339.0,238
RES_5545,3304557,1499,959.0,672
RES_5546,3304557,379,250.0,175
RES_5547,3304557,2605,1730.0,1213
RES_5548,3304557,540,379.0,266
RES_5549,3304557,343,221.0,155
RES_5550,3304557,1671,1192.0,836
RES_5551,3304557,5145,3609.0,2530
RES_5552,3304557,1574,1088.0,763
RES_5553,3304557,812,537.0,376
RES_5554,3304557,334,230.0,161
RES_5555,3304557,158,117.0,82
RES_5556,3304557,692,429.0,301
RES_5557,3304557,176,113.0,79
RES_5558,3304557,151,91.0,64
RES_5559,3304557,212,126.0,88
RES_5560,3304557,267,172.0,121
RES_5561,3304557,1014,642.0,450
RES_5562,3304557,217,130.0,91
RES_5563,3304557,538,343.0,240
RES_5564,3304557,475,310.0,217
RES_5565,3304557,396,256.0,179
RES_5566,3304557,458,291.0,204
RES_5567,3304557,336,215.0,151
RES_5568,3304557,353,246.0,172
RES_5569,3304557,1037,657.0,461
RES_5570,3304557,428,240.0,168
RES_5571,3304557,665,387.7737196692871,272
RES_5572,3304557,1903,1207.0,846
RES_5573,3304557,3407,2095.0,1469
RES_5574,3304557,1387,898.0,630
RES_5575,3304557,2688,1664.0,1167
RES_5576,3304557,1472,946.0,663
RES_5577,3304557,1206,896.0,628
RES_5578,3304557,3887,2353.0,1650
RES_5579,3304557,2093,1328.0,931
RES_5580,3304557,237,133.0,93
RES_5581,3304557,3844,2317.0,1624
RES_5582,3304557,1653,1048.0,735
RES_5583,3304557,646,402.0,282
RES_5584,3304557,661,426.0,299
RES_5585,3304557,1918,1197.0,839
RES_5586,3304557,361,229.0,161
RES_5587,3304557,3872,2426.0,1701
RES_5588,3304557,533,318.2379514708594,223
RES_5589,3304557,508,333.0,233
RES_5590,3304557,166,115.0,81
RES_5591,3304557,586,380.0,266
RES_5592,3304557,144,88.0,62
RES_5593,3304557,1693,1069.0,749
RES_5594,3304557,4378,2688.0,1884
RES_5595,3304557,286,165.0,116
RES_5596,3304557,852,560.0,393
RES_5597,3304557,1109,725.0,508
RES_5598,3304557,210,144.0,101
RES_5599,3304557,3669,2270.0,1591
RES_5600,3304557,1770,1031.368447390838,723
RES_5601,3304557,1862,1351.0,947
RES_5602,3304557,6431,4386.0,3075
RES_5603,3304557,2847,1997.0,1400
RES_5604,3304557,1288,929.0,651
RES_5605,3304557,401,311.0,218
RES_5606,3304557,871,596.0,418
RES_5607,3304557,139,99.0,69
RES_5608,3304557,1325,787.0,552
RES_5609,3304557,8267,5060.0,3547
RES_5610,3304557,4546,2834.0,1987
RES_5611,3304557,2044,1270.0,890
RES_5612,3304557,1920,1145.0,803
RES_5613,3304557,5711,3560.0,2496
RES_5614,3304557,4547,2741.0,1922
RES_5615,3304557,3694,2379.0,1668
RES_5616,3304557,875,597.0,419
RES_5617,3304557,547,343.0,240
RES_5618,3304557,133,78.0,55
RES_5619,3304557,2037,1303.0,913
RES_5620,3304557,470,330.0,231
RES_5621,3304557,333,210.0,147
RES_5622,3304557,784,529.0,371
RES_5623,3304557,629,397.0,278
RES_5624,3304557,2856,1696.0,1189
RES_5625,3304557,518,308.0,216
RES_5626,3304557,9337,5700.0,3996
RES_5627,3304557,4757,3190.0,2236
RES_5628,3304557,1343,879.0,616
RES_5629,3304557,2123,1242.0,871
RES_5630,3304557,458,318.0,223
RES_5631,3304557,1339,892.0,625
RES_5632,3304557,231,153.0,107
RES_5633,3304557,597,391.0,274
RES_5634,3304557,306,185.0,130
RES_5635,3304557,1513,878.0,616
RES_5636,3304557,614,401.0,281
RES_5637,3304557,1030,653.0,458
RES_5638,3304557,7647,4897.0,3433
RES_5639,3304557,2877,1830.0,1283
RES_5640,3304557,781,482.0,338
RES_5641,3304557,313,199.0,140
RES_5642,3304557,581,350.0,245
RES_5643,3304557,228,155.0,109
RES_5644,3304557,236,151.0,106
RES_5645,3304557,1512,1013.0,710
RES_5646,3304557,1905,1285.0,901
RES_5647,3304557,145,102.41633959620513,72
RES_5648,3304557,655,407.0,285
RES_5649,3304557,1471,959.6417141933323,673
RES_5650,3304557,405,259.0,182
RES_5651,3304557,983,496.0,348
RES_5652,3304557,684,347.0,243
RES_5653,3304557,482,243.0,170
RES_5654,3304557,243,118.0,83
RES_5655,3304557,366,181.0,127
RES_5656,3304557,227,146.0,102
RES_5657,3304557,216,146.0,102
RES_5658,3304557,285,173.0,121
RES_5659,3304557,613,386.0,271
RES_5660,3304557,1696,1059.0,742
RES_5661,3304557,1046,648.0,454
RES_5662,3304557,509,320.0,224
RES_5663,3304557,893,537.0,376
RES_5664,3304557,508,325.0,228
RES_5665,3304557,215,146.0,102
RES_5666,3304557,1151,720.0,505
RES_5667,3304557,1035,665.0,466
RES_5668,3304557,98,62.0,43
RES_5669,3304557,193,119.0,83
RES_5670,3304557,179,110.0,77
RES_5671,3304557,86,47.0,33
RES_5672,3304557,956,602.0,422
RES_5673,3304557,355,224.0,157
RES_5674,3304557,1454,911.0,639
RES_5675,3304557,1060,675.0,473
RES_5676,3304557,7132,4567.0,3202
RES_5677,3304557,17329,11694.0,8198
RES_5678,3304557,5305,3343.0,2344
RES_5679,3304557,484,332.0,233
RES_5680,3304557,549,344.0,241
RES_5681,3304557,342,231.0,162
RES_5682,3304557,492,305.0,214
RES_5683,3304557,133,100.0,70
RES_5684,3304557,11161,8146.0,5711
RES_5685,3304557,3441,2508.0,1758
RES_5686,3304557,39762,27911.0,19567
RES_5687,3304557,10442,7423.0,5204
RES_5688,3304557,3459,2419.0,1696
RES_5689,3304557,3756,2649.0,1857
RES_5690,3304557,569,345.0,242
RES_5691,3304557,1505,922.0,646
RES_5692,3304557,1056,694.0,487
RES_5693,3304557,3656,2383.0,1671
RES_5694,3304557,4222,2749.0,1927
RES_5695,3304557,134,88.0,62
RES_5696,3304557,375,248.0,174
RES_5697,3304557,1536,979.0,686
RES_5698,3304557,1234,816.0,572
RES_5699,3304557,4616,2925.0,2051
RES_5700,3304557,1472,951.0,667
RES_5701,3304557,1381,882.0,618
RES_5702,3304557,595,398.0,279
RES_5703,3304557,1176,790.0,554
RES_5704,3304557,880,551.0,386
RES_5705,3304557,4734,3083.0,2161
RES_5706,3304557,2325,1506.0,1056
RES_5707,3304557,1340,887.0,622
RES_5708,3304557,85,62.0,43
RES_5709,3304557,482,305.0,214
RES_5710,3304557,783,510.0,358
RES_5711,3304557,691,455.0,319
RES_5712,3304557,1591,1061.0,744
RES_5713,3304557,1143,708.0,496
RES_5714,3304557,7723,5103.0,3577
RES_5715,3304557,2554,1613.0,1131
RES_5716,3304557,4739,3058.0,2144
RES_5717,3304557,576,355.0,249
RES_5718,3304557,236,167.0,117
RES_5719,3304557,793,489.0,343
RES_5720,3304557,1034,691.0,484
RES_5721,3304557,264,180.0,126
RES_5722,3304557,894,654.0,458
RES_5723,3304557,71,50.0,35
RES_5724,3304557,10188,6967.261897573543,4884
RES_5725,3304557,16531,11281.0,7908
RES_5726,3304557,4599,2906.0,2037
RES_5727,3304557,612,388.0,272
RES_5728,3304557,4097,2732.0,1915
RES_5729,3304557,16203,10919.0,7655
RES_5730,3304557,2018,1338.0,938
RES_5731,3304557,667,446.0,313
RES_5732,3304557,212,144.0,101
RES_5733,3304557,6850,4464.0,3129
RES_5734,3304557,921,622.0,436
RES_5735,3304557,12224,7972.0,5589
RES_5736,3304557,201,129.0,90
RES_5737,3304557,3200,2062.0,1446
RES_5738,3304557,6299,4035.0,2829
RES_5739,3304557,2217,1493.0,1047
RES_5740,3304557,5369,3553.0,2491
RES_5741,3304557,259,178.0,125
RES_5742,3304557,4314,2873.0,2014
RES_5743,3304557,2182,1508.0,1057
RES_5744,3304557,349,240.0,168
RES_5745,3304557,7129,5009.0,3511
RES_5746,3304557,6776,4927.0,3454
RES_5747,3304557,637,457.0,320
RES_5748,3304557,1086,776.0,544
RES_5749,3304557,3004,2005.0,1406
RES_5750,3304557,802,503.0,353
RES_5751,3304557,3623,2292.0,1607
RES_5752,3304557,1278,861.9640808459746,604
RES_5753,3304557,2208,1337.7497735666036,938
RES_5754,3304557,3081,2074.0,1454
RES_5755,3304557,3263,2202.0,1544
RES_5756,3304557,4641,3100.3211590078613,2173
RES_5757,3304557,2625,1657.3363496858824,1162
RES_5758,3304557,10777,6799.735075036294,4767
RES_5759,3304557,1691,1066.9343984305813,748
RES_5760,3304557,2122,1415.0,992
RES_5761,3304557,2691,1698.6811528852322,1191
RES_5762,3304557,3024,1907.989131196971,1338
RES_5763,3304557,200,130.0,91
RES_5764,3304557,726,480.0,336
RES_5765,3304557,5502,3652.6533853334786,2561
RES_5766,3304557,1862,1251.0,877
RES_5767,3304557,894,597.023342280293,419
RES_5768,3304557,2685,1711.0,1199
RES_5769,3304557,10524,6748.0,4731
RES_5770,3304557,1816,1166.0,817
RES_5771,3304557,2749,1726.0,1210
RES_5772,3304557,3975,2588.0,1814
RES_5773,3304904,58,39.0,25
RES_5774,3304904,347,214.0,137
RES_5775,3304904,8403,5366.0,3427
RES_5776,3304904,919,542.0,346
RES_5777,3304904,1555,903.6015489702357,577
RES_5778,3304904,1830,1123.1778373266786,717
RES_5779,3304904,266,163.0,104
RES_5780,3304904,3283,2003.1846410256985,1279
RES_5781,3304904,357,232.44216855833008,148
RES_5782,3304904,1989,1197.0,764
RES_5783,3304904,553,337.0,215
RES_5784,3304904,182,111.0,71
RES_5785,3304904,3523,2219.0,1417
RES_5786,3304904,4514,2866.0,1830
RES_5787,3304904,2853,1813.0,1158
RES_5788,3304904,122,73.0,47
RES_5789,3304904,6280,3856.0,2463
RES_5790,3304904,2267,1424.6151563682756,910
RES_5791,3304904,1803,1165.0,744
RES_5792,3304904,334,219.0,140
RES_5793,3304904,612,387.0,247
RES_5794,3304904,130,76.0,49
RES_5795,3304904,1385,828.0,529
RES_5796,3304904,384,234.5422698613429,150
RES_5797,3304904,304,199.68804287520862,128
RES_5798,3304904,1758,1029.91835561176,658
RES_5799,3304904,2259,1488.0,950
RES_5800,3304904,411,245.0,156
RES_5801,3304904,786,507.0,324
RES_5802,3304904,1585,1026.0,655
RES_5803,3304904,3385,2139.0,1366
RES_5804,3304904,3132,2089.0,1334
RES_5805,3304904,2187,1385.0,885
RES_5806,3304904,4028,2581.0,1648
RES_5807,3304904,4607,2879.0,1839
RES_5808,3304904,614,397.0,254
RES_5809,3304904,2177,1424.0,909
RES_5810,3304904,2555,1609.0,1028
RES_5811,3304904,2016,1215.9387667088201,777
RES_5812,3304904,514,335.0,214
RES_5813,3304904,2574,1623.0,1037
RES_5814,3304904,1359,870.0,556
RES_5815,3304904,693,406.0,259
RES_5816,3304904,1213,804.0,513
RES_5817,3304904,2590,1565.0913434217057,1000
RES_5818,3304904,640,384.0,245
RES_5819,3304904,1021,641.1710336276586,409
RES_5820,3304904,181,145.0,93
RES_5821,3304904,69,44.32361034054434,28
RES_5822,3304904,1066,711.0,454
RES_5823,3304904,2420,1556.0,994
RES_5824,3304904,1394,868.0,554
RES_5825,3304904,404,276.0,176
RES_5826,3304904,528,329.0,210
RES_5827,3304904,1857,1173.0,749
RES_5828,3304904,1086,690.0,441
RES_5829,3304904,4329,2674.0,1708
RES_5830,3304904,2855,1789.0,1143
RES_5831,3304904,712,539.0,344
RES_5832,3304904,1845,1317.0,841
RES_5833,3304904,86,62.0,40
RES_5834,3304904,433,239.0,153
RES_5835,3304904,246,154.0,98
RES_5836,3304904,391,244.0,156
RES_5837,3304904,478,343.0,219
RES_5838,3304904,768,497.0,317
RES_5839,3304904,1215,807.0,515
RES_5840,3304904,716,479.0,306
RES_5841,3304904,1570,1002.0,640
RES_5842,3304904,1146,735.0,469
RES_5843,3304904,3426,2167.0,1384
RES_5844,3304904,3646,2414.0,1542
RES_5845,3304904,1060,683.0,436
RES_5846,3304904,2242,1403.3236103405443,896
RES_5847,3304904,1931,1288.0,823
RES_5848,3304904,982,642.0,410
RES_5849,3304904,532,326.0,208
RES_5850,3304904,2033,1308.0,835
RES_5851,3304904,356,236.0,151
RES_5852,3304904,2148,1341.0,856
RES_5853,3304904,1301,853.0,545
RES_5854,3304904,4953,3123.0,1994
RES_5855,3304904,1204,756.0,483
RES_5856,3304904,1286,809.0,517
RES_5857,3304904,7074,4297.0,2744
RES_5858,3304904,2439,1496.0,955
RES_5859,3304904,592,420.0,268
RES_5860,3304904,1228,824.0,526
RES_5861,3304904,897,518.0,331
RES_5862,3304904,835,492.0,314
RES_5863,3304904,936,618.0,395
RES_5864,3304904,427,245.0,156
RES_5865,3304904,3235,1944.7541256831214,1242
RES_5866,3304904,1582,953.0,609
RES_5867,3304904,968,610.0,390
RES_5868,3304904,740,431.0,275
RES_5869,3304904,4616,2866.4693833544097,1831
RES_5870,3304904,1021,666.0,425
RES_5871,3304904,2530,1603.0,1024
RES_5872,3304904,4015,2536.0,1620
RES_5873,3304904,177,105.0,67
RES_5874,3304904,309,213.0,136
RES_5875,3304904,331,217.0,139
RES_5876,3304904,315,215.0,137
RES_5877,3304904,2964,1809.0,1155
RES_5878,3304904,4156,2645.0,1689
RES_5879,3304904,3536,2301.0,1469
RES_5880,3304904,106,65.0,42
RES_5881,3304904,605,388.0,248
RES_5882,3304904,99,61.0,39
RES_5883,3304904,752,465.0,297
RES_5884,3304904,379,253.0,162
RES_5885,3304904,1480,909.0,581
RES_5886,3304904,447,296.0,189
RES_5887,3304904,1128,700.0,447
RES_5888,3304904,208,120.0,77
RES_5889,3304904,1438,935.0,597
RES_5890,3304904,3959,2495.0,1593
RES_5891,3304904,4587,2988.0,1908
RES_5892,3304904,1366,862.0,551
RES_5893,3304904,22,14.13216561582573,9
RES_5894,3304904,3854,2393.0,1528
RES_5895,3304904,2425,1543.0,985
RES_5896,3304904,2739,1752.0,1119
RES_5897,3304904,206,141.0,90
RES_5898,3304904,160,113.0,72
RES_5899,3304904,90,63.0,40
RES_5900,3304904,701,475.0,303
RES_5901,3304904,697,450.0,287
RES_5902,3304904,901,601.0,384
RES_5903,3304904,254,152.0,97
RES_5904,3304904,96,64.0,41
RES_5905,3304904,1724,1050.8542269861343,671
RES_5906,3304904,4017,2455.0,1568
RES_5907,3304904,4661,2854.0,1823
RES_5908,3304904,4769,2825.0,1804
RES_5909,3304904,2091,1318.0,842
RES_5910,3304904,528,315.0,201
RES_5911,3304904,1339,868.0,554
RES_5912,3304904,304,196.0,125
RES_5913,3304904,68,43.681239176188626,28
RES_5914,3304904,3943,2592.0,1655
RES_5915,3304904,3435,2205.0,1408
RES_5916,3304904,1172,756.0,483
RES_5917,3304904,363,225.0,144
RES_5918,3304904,154,107.0,68
RES_5919,3304904,1520,985.0,629
RES_5920,3304904,2038,1274.9067023960072,814
RES_5921,3304904,1328,857.2779386296914,547
RES_5922,3304904,202,126.0,80
RES_5923,3304904,333,196.0,125
RES_5924,3304904,350,199.0,127
RES_5925,3304904,1708,1058.0,676
RES_5926,3304904,1948,1259.0,804
RES_5927,3304904,4022,2438.0,1557
RES_5928,3304904,5553,3478.182686843412,2221
RES_5929,3304904,6396,4196.0,2680
RES_5930,3304904,2895,1768.0,1129
RES_5931,3304904,4162,2666.0,1703
RES_5932,3304904,1994,1267.0,809
RES_5933,3304904,392,241.0,154
RES_5934,3304904,1074,673.0,430
RES_5935,3304904,2663,1760.991242118693,1125
RES_5936,3304904,684,429.0,274
RES_5937,3304904,1640,1048.0,669
RES_5938,3304904,2207,1429.0,913
RES_5939,3304904,3159,2050.0,1309
RES_5940,3304904,3449,2233.025260613793,1426
RES_5941,3304904,171,116.0,74
RES_5942,3304904,610,400.0,255
RES_5943,3304904,1041,651.0,416
RES_5944,3304904,3252,2158.3372177385845,1378
RES_5945,3304904,5099,3253.0,2077
RES_5946,3304904,1483,955.0,610
RES_5947,3304904,793,475.0,303
RES_5948,3304904,535,348.0,222
RES_5949,3304904,1089,730.0,466
RES_5950,3304904,1142,736.0,470
RES_5951,3304904,373,243.8474232871143,156
RES_5952,3304904,1083,699.0,446
RES_5953,3304904,587,374.0,239
RES_5954,3304904,594,409.0,261
RES_5955,3304904,486,316.0,202
RES_5956,3304904,419,275.0,176
RES_5957,3304904,204,127.0,81
RES_5958,3304904,82,52.674435477168636,34
RES_5959,3304904,845,660.0,422
RES_5960,3304904,491,345.0,220
RES_5961,3304904,470,306.0,195
RES_5962,3304904,57,34.0,22
RES_5963,3304904,693,458.0,293
RES_5964,3304904,421,266.5354661623229,170
RES_5965,3304904,565,335.0,214
RES_5966,3304904,413,273.0,174
RES_5967,3304904,398,277.0,177
RES_5968,3304904,479,296.0,189
RES_5969,3304904,1632,1112.0,710
RES_5970,3304904,856,554.0,354
RES_5971,3304904,3523,2383.0,1522
RES_5972,3304904,3590,2320.0,1482
RES_5973,3304904,264,174.0,111
RES_5974,3304904,180,107.0,68
RES_5975,3304904,2111,1400.0,894
RES_5976,3304904,743,476.0,304
RES_5977,3304904,2584,1618.0,1033
RES_5978,3304904,173,115.0,73
RES_5979,3304904,4042,2583.0,1650
RES_5980,3304904,3894,2475.0,1581
RES_5981,3304904,1856,1191.0,761
RES_5982,3304904,1731,1171.0,748
RES_5983,3304904,428,289.0,185
RES_5984,3304904,1362,860.0,549
RES_5985,3304904,675,428.0,273
RES_5986,3304904,1764,1137.0,726
RES_5987,3304904,99,65.0,42
RES_5988,3304904,40,25.694846574228603,16
RES_5989,3304904,190,136.97278520392004,87
RES_5990,3304904,1567,1005.0,642
RES_5991,3304904,1643,1127.0,720
RES_5992,3304904,1338,847.0,541
RES_5993,3304904,2146,1447.0,924
RES_5994,3304904,474,320.0,204
RES_5995,3304904,1187,774.0,494
RES_5996,3304904,904,581.0,371
RES_5997,3304904,1174,813.0,519
RES_5998,3304904,109,64.0,41
RES_5999,3304904,165,108.0,69
RES_6000,3304904,287,187.0,119
RES_6001,3304904,703,479.0,306
RES_6002,3304904,653,431.0,275
RES_6003,3304904,325,203.0,130
RES_6004,3304904,142,89.0,57
RES_6005,3304904,1109,689.0,440
RES_6006,3304904,926,618.0,395
RES_6007,3304904,3419,2188.0,1397
RES_6008,3304904,481,323.0,206
RES_6009,3304904,910,572.0,365
RES_6010,3304904,827,556.0,355
RES_6011,3304904,1632,1072.0,685
RES_6012,3304904,4279,2768.0,1768
RES_6013,3304904,1127,736.0,470
RES_6014,3304904,4055,2658.0,1697
RES_6015,3304904,3089,1992.0,1272
RES_6016,3304904,340,216.0,138
RES_6017,3304904,261,174.0,111
RES_6018,3304904,147,100.0,64
RES_6019,3304904,2132,1322.1117545187658,844
RES_6020,3304904,1291,893.1117545187658,570
RES_6021,3304904,739,437.0,279
RES_6022,3304904,638,421.0,269
RES_6023,3304904,411,258.0,165
RES_6024,3304904,1293,849.0,542
RES_6025,3304904,3752,2429.0,1551
RES_6026,3304904,394,287.0,183
RES_6027,3304904,1117,799.0,510
RES_6028,3304904,3137,2120.0,1354
RES_6029,3304904,550,360.0,230
RES_6030,3304904,509,350.0,224
RES_6031,3304904,1115,729.0,466
RES_6032,3304904,632,408.0,261
RES_6033,3304904,836,529.0,338
RES_6034,3304904,2665,1696.0,1083
RES_6035,3304904,2817,1779.0,1136
RES_6036,3304904,387,247.0,158
RES_6037,3304904,412,264.0,169
RES_6038,3304904,1245,796.0,508
RES_6039,3304904,1258,742.0,474
RES_6040,3304904,2887,1804.0,1152
RES_6041,3304904,249,162.0,103
RES_6042,3304904,1083,689.3236103405443,440
RES_6043,3304904,2913,1791.0,1144
RES_6044,3304904,918,623.0,398
RES_6045,3304904,428,284.0,181
RES_6046,3304904,339,235.0,150
RES_6047,3304904,1601,1037.0,662
RES_6048,3304904,1646,1047.0,669
RES_6049,3304904,394,247.0,158
RES_6050,3304904,550,359.0,229
RES_6051,3304904,2460,1597.44897225735,1020
RES_6052,3304904,3259,2160.0,1379
RES_6053,3304904,1600,995.0,635
RES_6054,3304904,867,567.0,362
RES_6055,3304904,1923,1287.0,822
RES_6056,3304904,532,382.0,244
RES_6057,3304904,575,386.0,247
RES_6058,3304904,309,199.0,127
RES_6059,3304904,625,427.0,273
RES_6060,3304904,1095,715.0,457
RES_6061,3304904,2598,1762.0,1125
RES_6062,3304904,1484,970.0,619
RES_6063,3304904,752,484.0,309
RES_6064,3304904,117,80.0,51
RES_6065,3304904,2357,1558.0,995
RES_6066,3304904,1511,1036.0,662
RES_6067,3304904,821,552.0,353
RES_6068,3304904,2492,1630.0,1041
RES_6069,3304904,422,281.0,179
RES_6070,3304904,467,329.0592791088929,210
RES_6071,3304904,106,78.0,50
RES_6072,3304904,1650,1044.1117545187658,667
RES_6073,3304904,331,207.0,132
RES_6074,3304904,538,337.0,215
RES_6075,3304904,121,75.0,48
RES_6076,3304904,2619,1662.0,1061
RES_6077,3304904,212,133.0,85
RES_6078,3304904,255,176.0,112
RES_6079,3304904,858,555.0,354
RES_6080,3304904,529,331.82020849103435,212
RES_6081,3304904,242,152.0,97
RES_6082,3304904,514,346.0,221
RES_6083,3304904,634,445.8474232871143,285
RES_6084,3304904,140,92.0,59
RES_6085,3304904,514,336.0,215
RES_6086,3304904,354,258.0,165
RES_6087,3304904,456,278.0,178
RES_6088,3304904,304,192.0,123
RES_6089,3304904,2075,1386.0,885
RES_6090,3304904,1892,1220.0,779
RES_6091,3304904,216,138.75217150083446,89
RES_6092,3304904,871,564.0,360
RES_6093,3304904,2626,1701.0,1086
RES_6094,3304904,2835,1794.0,1146
RES_6095,3304904,1869,1289.9251593107801,824
RES_6096,3304904,2452,1617.0,1033
RES_6097,3304904,1863,1199.0,766
RES_6098,3304904,2067,1328.0,848
RES_6099,3304904,471,326.0,208
RES_6100,3304904,3614,2318.0,1480
RES_6101,3304904,2354,1542.0,985
RES_6102,3304904,364,265.0,169
RES_6103,3304904,450,281.0,179
RES_6104,3304904,748,475.0,303
RES_6105,3304904,257,177.0,113
RES_6106,3304904,378,302.0,193
RES_6107,3304904,146,95.0,61
RES_6108,3304904,51,39.0,25
RES_6109,3304904,438,297.0,190
RES_6110,3304904,376,249.0,159
RES_6111,3304904,330,208.0,133
RES_6112,3304904,334,217.0,139
RES_6113,3304904,2122,1420.0,907
RES_6114,3304904,165,111.0,71
RES_6115,3304904,2395,1682.0,1074
RES_6116,3304904,1240,822.0,525
RES_6117,3304904,769,507.0,324
RES_6118,3304904,13,8.350825136624296,5
RES_6119,3304904,331,207.0,132
RES_6120,3304904,1105,751.0,480
RES_6121,3304904,630,415.0,265
RES_6122,3304904,1156,811.9271134930672,519
RES_6123,3304904,3871,2543.0,1624
RES_6124,3304904,3565,2418.0,1544
RES_6125,3304904,1880,1305.0,833
RES_6126,3304904,3208,2123.0,1356
RES_6127,3304904,7226,4832.0,3086
RES_6128,3304904,6447,4266.0,2724
RES_6129,3304904,6937,4697.0,3000
RES_6130,3304904,2469,1685.0,1076
RES_6131,3304904,4254,2750.0,1756
RES_6132,3304904,6889,4536.0,2897
RES_6133,3304904,5411,3673.0,2346
RES_6134,3304904,2746,1857.0,1186
RES_6135,3304904,1586,1047.0,669
RES_6136,3304904,3821,2473.0,1579
RES_6137,3304904,1144,747.0,477
RES_6138,3304904,223,148.0,95
RES_6139,3304904,181,109.0,70
RES_6140,3304904,178,128.0,82
RES_6141,3304904,462,317.0,202
RES_6142,3304904,558,360.0,230
RES_6143,3304904,182,124.0,79
RES_6144,3304904,1823,1197.0845397226858,764
RES_6145,3304904,2250,1550.0,990
RES_6146,3304904,107,71.0,45
RES_6147,3304904,62,39.82701219005433,25
RES_6148,3304904,456,298.0,190
RES_6149,3304904,735,491.0,314
RES_6150,3304904,4182,2687.0,1716
RES_6151,3304904,722,461.0,294
RES_6152,3304904,1689,1125.0,718
RES_6153,3304904,4201,2800.0,1788
RES_6154,3304904,3506,2328.0,1487
RES_6155,3304904,335,233.0,149
RES_6156,3304904,2324,1532.0,978
RES_6157,3304904,1434,930.0,594
RES_6158,3304904,224,157.0,100
RES_6159,3304904,61,50.0,32
RES_6160,3304904,126,78.0,50
RES_6161,3304904,486,309.0,197
RES_6162,3304904,1042,694.6744354771686,444
RES_6163,3304904,918,592.0,378
RES_6164,3304904,2051,1367.0,873
RES_6165,3304904,839,549.0,351
RES_6166,3304904,1036,624.0,399
RES_6167,3304904,922,585.0,374
RES_6168,3304904,2237,1502.0252606137929,959
RES_6169,3304904,446,317.0,202
RES_6170,3304904,3876,2661.0,1699
RES_6171,3304904,356,228.0,146
RES_6172,3304904,1860,1206.0,770
RES_6173,3304904,556,388.0,248
RES_6174,3304904,2802,1827.0,1167
RES_6175,3304904,943,634.0,405
RES_6176,3304904,393,262.0,167
RES_6177,3304904,72,46.25072383361149,30
RES_6178,3304904,702,441.0,282
RES_6179,3304904,1187,801.0,512
RES_6180,3304904,159,97.0,62
RES_6181,3304904,919,552.0,353
RES_6182,3304904,1147,766.0,489
RES_6183,3304904,4484,2984.0,1906
RES_6184,3304904,282,177.7541256831215,114
RES_6185,3304904,2474,1670.0,1067
RES_6186,3304904,504,320.0,204
RES_6187,3304904,313,203.0,130
RES_6188,3304904,868,539.0,344
RES_6189,3304904,150,82.0,52
RES_6190,3304904,278,191.10495081974577,122
RES_6191,3304904,379,241.0,154
RES_6192,3304904,1243,803.0,513
RES_6193,3304904,3829,2880.0,1839
RES_6194,3304904,665,462.6083526692558,295
RES_6195,3304904,1397,907.0,579
RES_6196,3304904,5622,3788.0,2419
RES_6197,3304904,1444,964.0,616
RES_6198,3304904,34,21.840619588094313,14
RES_6199,3304904,350,219.0,140
RES_6200,3304904,208,126.0,80
RES_6201,3304904,671,430.0,275
RES_6202,3304904,1555,1031.0,658
RES_6203,3304904,1329,822.8862912989472,526
RES_6204,3304904,666,417.0,266
RES_6205,3304904,803,550.5490735603629,352
RES_6206,3304904,1509,1004.0,641
RES_6207,3304904,5661,3821.0,2440
RES_6208,3304904,1743,1174.6423711643556,750
RES_6209,3304904,3335,2192.0,1400
RES_6210,3304904,2385,1506.5354661623228,962
RES_6211,3304904,2040,1406.0,898
RES_6212,3304904,2758,1836.0,1173
RES_6213,3304904,1340,905.0,578
RES_6214,3304904,1165,785.0,501
RES_6215,3304904,38,24.41010424551717,16
RES_6216,3304904,167,116.0,74
RES_6217,3304904,69,41.0,26
RES_6218,3304904,3357,2088.0,1333
RES_6219,3304904,3007,1928.0,1231
RES_6220,3304904,483,291.0,186
RES_6221,3304904,144,96.0,61
RES_6222,3304904,860,568.0,363
RES_6223,3304904,1222,818.0,522
RES_6224,3304904,97,69.0,44
RES_6225,3304904,2111,1332.0,851
RES_6226,3304904,494,318.0,203
RES_6227,3304904,430,259.0,165
RES_6228,3304904,4105,2609.0,1666
RES_6229,3304904,3598,2290.0,1462
RES_6230,3304904,1604,1014.0,648
RES_6231,3304904,904,609.0,389
RES_6232,3304904,578,357.0,228
RES_6233,3304904,3938,2423.0,1547
RES_6234,3304904,1430,846.0,540
RES_6235,3304904,1467,889.8202084910344,568
RES_6236,3304904,2801,1685.0,1076
RES_6237,3304904,3457,2136.294441362177,1364
RES_6238,3304904,199,113.0,72
RES_6239,3304904,403,247.0,158
RES_6240,3304904,2353,1488.0,950
RES_6241,3304904,3585,2275.3031992434844,1453
RES_6242,3304904,3175,1994.0,1273
RES_6243,3304904,572,337.0,215
RES_6244,3304904,1452,916.0,585
RES_6245,3304904,299,191.0,122
RES_6246,3304904,434,285.0,182
RES_6247,3304904,2772,1696.050521227586,1083
RES_6248,3304904,398,274.0,175
RES_6249,3304904,1247,864.0,552
RES_6250,3304904,369,240.0,153
RES_6251,3304904,2341,1712.1710336276587,1093
RES_6252,3304904,4252,2760.0,1763
RES_6253,3304904,1046,748.0,478
RES_6254,3304904,1658,999.0524754098728,638
RES_6255,3304904,80,51.389693148457205,33
RES_6256,3304904,1142,666.97278520392,426
RES_6257,3304904,2978,1821.0,1163
RES_6258,3304904,381,233.0,149
RES_6259,3304904,732,517.0,330
RES_6260,3304904,2116,1318.2759844474044,842
RES_6261,3304904,770,500.0,319
RES_6262,3304904,990,638.0,407
RES_6263,3304904,139,90.0,57
RES_6264,3304904,4169,2481.3964968474775,1585
RES_6265,3304904,1640,1060.0,677
RES_6266,3304904,116,68.0,43
RES_6267,3304904,2487,1534.0,980
RES_6268,3304904,3385,2052.37413156813,1311
RES_6269,3304904,83,58.0,37
RES_6270,3304904,391,259.0,165
RES_6271,3304904,1253,789.8202084910344,504
RES_6272,3304904,5846,3641.0,2325
RES_6273,3304904,886,505.97278520392,323
RES_6274,3304904,4888,3020.0,1929
RES_6275,3304904,141,87.0,56
RES_6276,3304904,683,434.0,277
RES_6277,3304904,929,561.0,358
RES_6278,3304904,1969,1224.0,782
RES_6279,3304904,5778,3514.0,2244
RES_6280,3304904,655,407.0,260
RES_6281,3304904,241,133.0,85
RES_6282,3304904,1070,632.0,404
RES_6283,3304904,2070,1231.0,786
RES_6284,3304904,2041,1260.0,805
RES_6285,3304904,1120,744.0,475
RES_6286,3304904,2936,1752.0,1119
RES_6287,3304904,587,378.0,241
RES_6288,3304904,1227,714.0,456
RES_6289,3304904,1083,603.0,385
RES_6290,3304904,128,75.0,48
RES_6291,3304904,3347,2028.0,1295
RES_6292,3304904,3138,1999.0,1277
RES_6293,3304904,310,186.0,119
RES_6294,3304904,736,538.0,344
RES_6295,3304904,819,550.0,351
RES_6296,3304904,10611,7073.772582597894,4518
RES_6297,3304904,1815,967.0,618
RES_6298,3304904,952,575.0,367
RES_6299,3304904,1667,996.99319630098,637
RES_6300,3304904,969,563.8270121900543,360
RES_6301,3304904,3172,1910.0,1220
RES_6302,3304904,101,68.0,43
RES_6303,3304904,2663,1637.0,1045
RES_6304,3304904,146,100.0,64
RES_6305,3304904,541,309.0,197
RES_6306,3304904,605,408.0,261
RES_6307,3304904,804,578.0,369
RES_6308,3304904,696,406.0,259
RES_6309,3304904,1393,871.0,556
RES_6310,3304904,460,301.0,192
RES_6311,3304904,2654,1649.0,1053
RES_6312,3304904,1655,1051.0,671
RES_6313,3304904,879,568.0,363
RES_6314,3304904,3512,2230.0,1424
RES_6315,3304904,1979,1193.0,762
RES_6316,3304904,1098,707.0,452
RES_6317,3304904,1914,1274.0,814
RES_6318,3304904,655,521.0,333
RES_6319,3304904,1152,813.0,519
RES_6320,3304904,1226,764.0,488
RES_6321,3304904,2163,1400.9795889029401,895
RES_6322,3304904,561,362.0,231
RES_6323,3304904,1006,631.0,403
RES_6324,3304904,10,6.423711643557151,4
RES_6325,3304904,302,189.0,121
RES_6326,3304904,5,3.2118558217785753,2
RES_6327,3304904,78,50.104950819745774,32
RES_6328,3304904,45,28.906702396007177,18
RES_6329,3304904,74,50.0,32
RES_6330,3304904,123,70.0,45
RES_6331,3304904,22,14.13216561582573,9
RES_6332,3304904,8,5.1389693148457205,3
RES_6333,3304904,63,40.46938335441005,26
RES_6334,3304904,40,25.694846574228603,16
RES_6335,3304904,648,387.0,247
RES_6336,3304904,2394,1470.0,939
RES_6337,3304904,106,76.0,49
RES_6338,3304904,218,136.0,87
RES_6339,3304904,355,215.0,137
RES_6340,3304904,62,43.0,27
RES_6341,3304904,498,327.0,209
RES_6342,3304904,538,323.0,206
RES_6343,3304904,608,385.0,246
RES_6344,3304904,919,619.0,395
RES_6345,3304904,270,176.0,112
RES_6346,3304904,1932,1142.0,729
RES_6347,3304904,2538,1621.0,1035
RES_6348,3304904,1106,693.4693833544101,443
RES_6349,3304904,121,75.0,48
RES_6350,3304904,934,567.0,362
RES_6351,3304904,1708,1058.0,676
RES_6352,3304904,3238,2035.5811378731757,1300
RES_6353,3304904,127,75.0,48
RES_6354,3304904,566,351.0,224
RES_6355,3304904,743,468.0,299
RES_6356,3304904,631,396.0,253
RES_6357,3304904,411,267.0,171
RES_6358,3304904,530,331.0,211
RES_6359,3304904,511,347.0,222
RES_6360,3304904,999,639.0,408
RES_6361,3304904,775,504.0,322
RES_6362,3304904,2316,1503.6355674653357,960
RES_6363,3304904,211,136.0,87
RES_6364,3304904,1664,1186.3508251366243,758
RES_6365,3304904,1583,1049.0,670
RES_6366,3304904,520,332.0,212
RES_6367,3304904,86,53.0,34
RES_6368,3304904,232,140.0,89
RES_6369,3304904,1065,695.0,444
RES_6370,3304904,776,520.0,332
RES_6371,3304904,2583,1534.0,980
RES_6372,3304904,5638,3570.0,2280
RES_6373,3304904,831,532.0,340
RES_6374,3304904,867,545.0,348
RES_6375,3304904,1216,725.5626809584029,463
RES_6376,3304904,520,346.0,221
RES_6377,3304904,2682,1801.0,1150
RES_6378,3304904,436,257.0,164
RES_6379,3304904,1097,655.0,418
RES_6380,3304904,793,541.0,346
RES_6381,3304904,926,586.0,374
RES_6382,3304904,5053,3213.0,2052
RES_6383,3304904,2952,1829.0,1168
RES_6384,3304904,284,180.0,115
RES_6385,3304904,489,303.0,194
RES_6386,3304904,141,88.0,56
RES_6387,3305109,1591,999.0,616
RES_6388,3305109,1650,1053.0,650
RES_6389,3305109,2121,1378.0,850
RES_6390,3305109,8581,5402.0,3333
RES_6391,3305109,1815,1143.0,705
RES_6392,3305109,706,438.0,270
RES_6393,3305109,2289,1503.0,927
RES_6394,3305109,5318,3436.0,2120
RES_6395,3305109,4736,3057.0,1886
RES_6396,3305109,5713,3666.0,2262
RES_6397,3305109,5428,3592.0,2217
RES_6398,3305109,4457,2880.0,1777
RES_6399,3305109,6774,4338.0,2677
RES_6400,3305109,6909,4562.0,2815
RES_6401,3305109,1505,955.0,589
RES_6402,3305109,1859,1202.0,742
RES_6403,3305109,6709,4390.0,2709
RES_6404,3305109,9259,6017.0,3713
RES_6405,3305109,2553,1646.0,1016
RES_6406,3305109,1601,1045.0,645
RES_6407,3305109,1002,632.0,390
RES_6408,3305109,891,570.0,352
RES_6409,3305109,2660,1731.0,1068
RES_6410,3305109,385,238.0,147
RES_6411,3305109,871,581.0,359
RES_6412,3305109,688,447.0,276
RES_6413,3305109,678,464.0,286
RES_6414,3305109,420,274.0,169
RES_6415,3305109,749,518.0,320
RES_6416,3305109,36,23.02382848392037,14
RES_6417,3305109,806,523.0,323
RES_6418,3305109,2253,1443.0,890
RES_6419,3305109,984,656.0,405
RES_6420,3305109,385,236.0,146
RES_6421,3305109,358,251.0,155
RES_6422,3305109,980,644.0,397
RES_6423,3305109,477,307.0,189
RES_6424,3305109,519,366.0,226
RES_6425,3305109,514,339.0,209
RES_6426,3305109,954,634.0,391
RES_6427,3305109,428,269.0,166
RES_6428,3305109,390,251.0,155
RES_6429,3305109,553,353.0,218
RES_6430,3305109,113,78.0,48
RES_6431,3305109,746,512.0,316
RES_6432,3305109,416,276.0,170
RES_6433,3305109,1114,756.0,467
RES_6434,3305109,334,211.0,130
RES_6435,3305109,1308,837.0,517
RES_6436,3305109,3957,2551.0,1574
RES_6437,3305109,3609,2279.0,1406
RES_6438,3305109,215,143.0,88
RES_6439,3305109,5325,3431.0,2117
RES_6440,3305109,3294,2120.0,1308
RES_6441,3305109,447,270.0,167
RES_6442,3305109,2505,1630.0,1006
RES_6443,3305109,2826,1819.0,1122
RES_6444,3305109,1170,777.0,479
RES_6445,3305109,1168,746.0,460
RES_6446,3305109,2593,1639.0,1011
RES_6447,3305109,7283,4478.0,2763
RES_6448,3305109,1121,665.0,410
RES_6449,3305109,2082,1369.0,845
RES_6450,3305109,10090,6233.0,3846
RES_6451,3305109,6943,4358.0,2689
RES_6452,3305109,7484,4703.0,2902
RES_6453,3305109,4605,2918.0,1801
RES_6454,3305109,9382,5898.0,3639
RES_6455,3305109,4051,2500.0,1543
RES_6456,3305109,558,308.0,190
RES_6457,3305109,1239,775.0,478
RES_6458,3305109,2733,1763.0,1088
RES_6459,3305109,587,377.0,233
RES_6460,3305109,5793,3590.0,2215
RES_6461,3305109,1046,646.0,399
RES_6462,3305109,1084,686.0,423
RES_6463,3305109,7235,4639.0,2863
RES_6464,3305109,2944,1717.0,1060
RES_6465,3305109,695,453.0,280
RES_6466,3305109,1984,1282.0,791
RES_6467,3305109,600,377.0,233
RES_6468,3305109,6378,4091.0,2524
RES_6469,3305109,9687,6132.0,3784
RES_6470,3305109,2080,1340.0,827
RES_6471,3305109,994,669.0,413
RES_6472,3305109,268,159.0,98
RES_6473,3305109,61,44.0,27
RES_6474,3305109,2981,1969.0,1215
RES_6475,3305109,2286,1527.0,942
RES_6476,3305109,246,165.47685553854006,102
RES_6477,3305109,7726,5121.0,3160
RES_6478,3305109,3893,2535.0,1564
RES_6479,3305109,178,119.0,73
RES_6480,3305109,4856,3114.0,1922
RES_6481,3305109,1366,907.0,560
RES_6482,3305109,439,296.0,183
RES_6483,3305109,754,501.0,309
RES_6484,3305109,188,133.0,82
RES_6485,3305109,520,337.0,208
RES_6486,3305109,535,349.0,215
RES_6487,3305109,1351,861.0,531
RES_6488,3305109,2866,1909.83730474732,1179
RES_6489,3305109,1804,1162.0,717
RES_6490,3305109,5141,3278.0,2023
RES_6491,3305109,3274,2093.0,1292
RES_6492,3305109,3715,2423.0,1495
RES_6493,3305109,2198,1380.0,852
RES_6494,3305109,3061,1954.0,1206
RES_6495,3305109,1133,722.0,446
RES_6496,3305109,2129,1368.0,844
RES_6497,3305109,184,119.0,73
RES_6498,3305109,2581,1685.0,1040
RES_6499,3305109,894,570.0,352
RES_6500,3305109,431,270.0,167
RES_6501,3305109,258,162.0,100
RES_6502,3305109,906,621.0,383
RES_6503,3305109,2690,1707.0,1053
RES_6504,3305109,3551,2251.0,1389
RES_6505,3305109,1727,1140.0,703
RES_6506,3305109,558,367.0,226
RES_6507,3305109,3695,2343.0,1446
RES_6508,3305109,3443,2201.0,1358
RES_6509,3305109,5445,3468.0,2140
RES_6510,3305109,5044,3274.0,2020
RES_6511,3305109,1172,767.0,473
RES_6512,3305109,521,365.0,225
RES_6513,3305109,949,618.0,381
RES_6514,3305109,1164,733.0,452
RES_6515,3305109,2682,1732.0,1069
RES_6516,3305109,282,175.0,108
RES_6517,3305109,859,552.0,341
RES_6518,3305109,973,601.0,371
RES_6519,3305109,2094,1429.0,882
RES_6520,3305109,409,256.2580091883614,158
RES_6521,3305109,6256,3967.0,2448
RES_6522,3305109,7399,4838.0,2985
RES_6523,3305109,845,524.0,323
RES_6524,3305109,2224,1395.0,861
RES_6525,3305109,1209,751.0,463
RES_6526,3305109,721,446.0,275
RES_6527,3305109,1746,1110.0,685
RES_6528,3305109,2193,1415.0,873
RES_6529,3305109,3217,2077.0,1282
RES_6530,3305109,819,509.0,314
RES_6531,3305109,3222,2069.0,1277
RES_6532,3305109,6173,3959.0,2443
RES_6533,3305109,1972,1248.0,770
RES_6534,3305109,5522,3537.0,2183
RES_6535,3305109,12229,7652.0,4722
RES_6536,3305109,4480,2906.0,1793
RES_6537,3305109,1077,685.0,423
RES_6538,3305109,1826,1196.0,738
RES_6539,3305109,454,282.0,174
RES_6540,3305109,2526,1490.0,919
RES_6541,3305109,6717,4326.0,2669
RES_6542,3305109,1287,802.0,495
RES_6543,3305109,810,530.0,327
RES_6544,3305109,397,273.0,168
RES_6545,3305109,6362,4046.0,2497
RES_6546,3305109,1931,1163.0,718
RES_6547,3305109,3755,2393.0,1477
RES_6548,3305109,4270,2666.0,1645
RES_6549,3305109,2250,1337.0,825
RES_6550,3305109,4570,2881.0,1778
RES_6551,3305109,3699,2344.0,1446
RES_6552,3305109,7915,4989.0,3079
RES_6553,3305109,3685,2357.0,1454
RES_6554,3305109,1815,1161.0,716
RES_6555,3305109,535,366.0,226
RES_6556,3305554,317,193.0,117
RES_6557,3305554,521,312.0,189
RES_6558,3305554,1671,1061.0,644
RES_6559,3305554,554,328.0,199
RES_6560,3305554,1452,864.0,525
RES_6561,3305554,51,32.460802118804395,20
RES_6562,3305554,41,26.09593895825451,16
RES_6563,3305554,821,524.0,318
RES_6564,3305554,91,60.0,36
RES_6565,3305554,112,67.0,41
RES_6566,3305554,130,77.0,47
RES_6567,3305554,84,56.0,34
RES_6568,3305554,51,32.460802118804395,20
RES_6569,3305554,163,114.0,69
RES_6570,3305554,130,82.0,50
RES_6571,3305554,2363,1548.0,940
RES_6572,3305554,71,39.0,24
RES_6573,3305554,150,93.0,57
RES_6574,3305554,408,266.72972632109975,162
RES_6575,3305554,777,499.0,303
RES_6576,3305554,858,554.0,336
RES_6577,3305554,88,56.0,34
RES_6578,3305554,23,14.639185269264726,9
RES_6579,3305554,1008,674.0,409
RES_6580,3305554,1284,849.0,516
RES_6581,3305554,149,98.0,60
RES_6582,3305554,1696,1084.0,658
RES_6583,3305554,732,446.0,271
RES_6584,3305554,1256,819.0,497
RES_6585,3305554,241,172.0,104
RES_6586,3305554,904,610.0,370
RES_6587,3305554,442,273.0,166
RES_6588,3305554,2561,1619.0,983
RES_6589,3305554,979,637.4608021188044,387
RES_6590,3305554,12,7.637835792659857,5
RES_6591,3305554,653,395.0,240
RES_6592,3305554,99,58.0,35
RES_6593,3305554,37,23.54999369403456,14
RES_6594,3305554,1475,985.6445831756841,599
RES_6595,3305554,3265,2079.0,1263
RES_6596,3305554,2683,1705.0,1035
RES_6597,3305554,226,137.0,83
RES_6598,3305554,409,248.0,151
RES_6599,3305554,1155,793.0,482
RES_6600,3305554,3218,2101.0,1276
RES_6601,3305554,2739,1722.0,1046
RES_6602,3305554,388,244.0,148
RES_6603,3305554,58,36.91620633118931,22
RES_6604,3305554,64,38.0,23
RES_6605,3305554,589,368.76481271282637,224
RES_6606,3305554,1767,1178.0,715
RES_6607,3305554,1555,988.0,600
RES_6608,3305554,1187,762.0,463
RES_6609,3305554,47,29.91485685458444,18
RES_6610,3305554,67,42.644583175684204,26
RES_6611,3305554,45,28.641884222474463,17
RES_6612,3305554,933,584.0,355
RES_6613,3305554,52,33.09728843485938,20
RES_6614,3305554,75,47.73647370412411,29
RES_6615,3305554,615,368.0,224
RES_6616,3305554,45,28.641884222474463,17
RES_6617,3305554,60,38.0,23
RES_6618,3305554,1161,747.0,454
RES_6619,3305554,1,0.6364863160549881,0
RES_6620,3305554,260,144.0,87
RES_6621,3305554,708,494.0,300
RES_6622,3305554,378,230.0,140
RES_6623,3305554,863,519.0,315
RES_6624,3305554,566,328.0,199
RES_6625,3305554,50,31.824315802749403,19
RES_6626,3305554,768,469.0,285
RES_6627,3305554,1850,1177.9135073779796,715
RES_6628,3305554,96,58.0,35
RES_6629,3305554,98,62.37565897338883,38
RES_6630,3305554,433,290.0,176
RES_6631,3305554,758,480.0,292
RES_6632,3305554,2035,1312.0,797
RES_6633,3305554,2975,1885.0,1145
RES_6634,3305554,2800,1802.0,1094
RES_6635,3305554,619,385.0,234
RES_6636,3305554,8,5.0918905284399045,3
RES_6637,3305554,137,81.0,49
RES_6638,3305554,177,104.0,63
RES_6639,3305554,309,210.0,128
RES_6640,3305554,50,25.0,15
RES_6641,3305554,953,551.0,335
RES_6642,3305554,608,384.3716105435742,233
RES_6643,3305554,1928,1241.0,754
RES_6644,3305554,2182,1369.0,831
RES_6645,3305554,3124,2036.0,1236
RES_6646,3305554,1742,1103.0,670
RES_6647,3305554,270,169.0,103
RES_6648,3305554,190,114.0,69
RES_6649,3305554,929,587.0,356
RES_6650,3305554,1483,906.0,550
RES_6651,3305554,1174,743.0,451
RES_6652,3305554,677,415.0,252
RES_6653,3305554,645,392.0,238
RES_6654,3305554,1224,788.0,479
RES_6655,3305554,481,294.0,179
RES_6656,3305554,189,113.0,69
