id,municipality_code,population,census_worker_estimate,employed_pnad_calibrated,non_employed_estimated
RES_0000,3300456,3147,1171,1362,1785
RES_0001,3300456,6397,2294,2668,3729
RES_0002,3300456,4053,1531,1780,2273
RES_0003,3300456,2814,1094,1272,1542
RES_0004,3300456,5299,1933,2248,3051
RES_0005,3300456,841,284,330,511
RES_0006,3300456,551,205,238,313
RES_0007,3300456,754,292,340,414
RES_0008,3300456,792,268,312,480
RES_0009,3300456,273,96,112,161
RES_0010,3300456,5613,2006,2333,3280
RES_0011,3300456,2431,869,1011,1420
RES_0012,3300456,1664,579,673,991
RES_0013,3300456,724,259,301,423
RES_0014,3300456,1937,664,772,1165
RES_0015,3300456,1209,424,493,716
RES_0016,3300456,3075,1080,1256,1819
RES_0017,3300456,6027,2176,2530,3497
RES_0018,3300456,2628,939,1092,1536
RES_0019,3300456,4281,1526,1775,2506
RES_0020,3300456,1202,429,499,703
RES_0021,3300456,6680,2512,2921,3759
RES_0022,3300456,6160,2222,2584,3576
RES_0023,3300456,577,208,242,335
RES_0024,3300456,610,217,252,358
RES_0025,3300456,2324,839,976,1348
RES_0026,3300456,2624,923,1073,1551
RES_0027,3300456,2085,748,870,1215
RES_0028,3300456,8137,2908,3382,4755
RES_0029,3300456,738,260,302,436
RES_0030,3300456,1338,478,556,782
RES_0031,3300456,5119,1793,2085,3034
RES_0032,3300456,446,146,170,276
RES_0033,3300456,814,282,328,486
RES_0034,3300456,1044,372,433,611
RES_0035,3300456,4916,1822,2119,2797
RES_0036,3300456,4484,1657,1927,2557
RES_0037,3300456,2502,934,1086,1416
RES_0038,3300456,1878,657,764,1114
RES_0039,3300456,1170,408,474,696
RES_0040,3300456,4997,1776,2065,2932
RES_0041,3300456,729,264,307,422
RES_0042,3300456,364,128,149,215
RES_0043,3300456,426,141,164,262
RES_0044,3300456,143,50,58,85
RES_0045,3300456,817,269,313,504
RES_0046,3300456,1541,514,598,943
RES_0047,3300456,198,75,87,111
RES_0048,3300456,206,78,91,115
RES_0049,3300456,2060,726,844,1216
RES_0050,3300456,3261,1128,1312,1949
RES_0051,3300456,399,137,159,240
RES_0052,3300456,202,76,88,114
RES_0053,3300456,503,182,212,291
RES_0054,3300456,1843,656,763,1080
RES_0055,3300456,964,342,398,566
RES_0056,3300456,3642,1254,1458,2184
RES_0057,3300456,2057,719,836,1221
RES_0058,3300456,969,326,379,590
RES_0059,3300456,529,200,233,296
RES_0060,3300456,506,166,193,313
RES_0061,3300456,783,256,298,485
RES_0062,3300456,255,82,95,160
RES_0063,3300456,411,131,152,259
RES_0064,3300456,528,184,214,314
RES_0065,3300456,1353,469,545,808
RES_0066,3300456,424,155,180,244
RES_0067,3300456,1442,524,609,833
RES_0068,3300456,5524,1983,2306,3218
RES_0069,3300456,2624,958,1114,1510
RES_0070,3300456,2196,776,902,1294
RES_0071,3300456,1517,558,649,868
RES_0072,3300456,487,173,201,286
RES_0073,3300456,751,284,330,421
RES_0074,3300456,713,257,299,414
RES_0075,3300456,765,265,308,457
RES_0076,3300456,1124,407,473,651
RES_0077,3300456,363,128,149,214
RES_0078,3300456,390,138,160,230
RES_0079,3300456,500,185,215,285
RES_0080,3300456,2537,886,1030,1507
RES_0081,3300456,1273,446,519,754
RES_0082,3300456,576,205,238,338
RES_0083,3300456,4223,1467,1706,2517
RES_0084,3300456,3724,1311,1525,2199
RES_0085,3300456,379,131,152,227
RES_0086,3300456,1112,385,448,664
RES_0087,3300456,740,261,304,436
RES_0088,3300456,2454,889,1034,1420
RES_0089,3300456,917,331,385,532
RES_0090,3300456,669,217,252,417
RES_0091,3300456,491,179,208,283
RES_0092,3300456,4349,1610,1872,2477
RES_0093,3300456,535,199,231,304
RES_0094,3300456,2156,793,922,1234
RES_0095,3300456,2176,798,928,1248
RES_0096,3300456,174,63,73,101
RES_0097,3300456,3384,1187,1380,2004
RES_0098,3300456,4158,1495,1738,2420
RES_0099,3300456,2602,957,1113,1489
RES_0100,3300456,543,197,229,314
RES_0101,3300456,2040,714,830,1210
RES_0102,3300456,3452,1237,1438,2014
RES_0103,3300456,1840,658,765,1075
RES_0104,3300456,2156,741,862,1294
RES_0105,3300456,1515,519,604,911
RES_0106,3300456,694,234,272,422
RES_0107,3300456,1080,371,431,649
RES_0108,3300456,1637,560,651,986
RES_0109,3300456,640,231,269,371
RES_0110,3300456,732,257,299,433
RES_0111,3300456,2427,865,1006,1421
RES_0112,3300456,367,131,152,215
RES_0113,3300456,505,185,215,290
RES_0114,3300456,233,77,90,143
RES_0115,3300456,144,51,59,85
RES_0116,3300456,657,232,270,387
RES_0117,3300456,533,180,209,324
RES_0118,3300456,609,217,252,357
RES_0119,3300456,1126,425,494,632
RES_0120,3300456,2500,933,1085,1415
RES_0121,3300456,3958,1390,1616,2342
RES_0122,3300456,4307,1552,1805,2502
RES_0123,3300456,1658,579,673,985
RES_0124,3300456,2534,877,1020,1514
RES_0125,3300456,3954,1394,1621,2333
RES_0126,3300456,463,168,195,268
RES_0127,3300456,512,183,213,299
RES_0128,3300456,773,275,320,453
RES_0129,3300456,4373,1546,1798,2575
RES_0130,3300456,2654,943,1097,1557
RES_0131,3300456,1038,414,481,557
RES_0132,3300456,1722,600,698,1024
RES_0133,3300456,3276,1210,1407,1869
RES_0134,3300456,5178,1796,2088,3090
RES_0135,3300456,646,205,238,408
RES_0136,3300456,2211,764,888,1323
RES_0137,3300456,2056,757,880,1176
RES_0138,3300456,4098,1484,1726,2372
RES_0139,3300456,1334,485,564,770
RES_0140,3300456,410,141,164,246
RES_0141,3300456,591,204,237,354
RES_0142,3300456,698,263,306,392
RES_0143,3300456,1175,408,474,701
RES_0144,3300456,678,241,280,398
RES_0145,3300456,4948,1745,2029,2919
RES_0146,3300456,2784,959,1115,1669
RES_0147,3300456,934,323,376,558
RES_0148,3300456,1800,644,749,1051
RES_0149,3300456,1473,523,608,865
RES_0150,3300456,2728,986,1147,1581
RES_0151,3300456,4175,1454,1691,2484
RES_0152,3300456,1491,516,600,891
RES_0153,3300456,2004,726,844,1160
RES_0154,3300456,323,109,127,196
RES_0155,3300456,822,299,348,474
RES_0156,3300456,692,235,273,419
RES_0157,3300456,304,106,123,181
RES_0158,3300456,754,275,320,434
RES_0159,3300456,2105,722,840,1265
RES_0160,3300456,2696,932,1084,1612
RES_0161,3300456,1147,391,455,692
RES_0162,3300456,4708,1635,1901,2807
RES_0163,3300456,6562,2228,2591,3971
RES_0164,3300456,952,323,376,576
RES_0165,3300456,366,131,152,214
RES_0166,3300456,462,162,188,274
RES_0167,3300456,153,55,64,89
RES_0168,3300456,481,162,188,293
RES_0169,3300456,368,123,143,225
RES_0170,3300456,1164,396,460,704
RES_0171,3300456,2821,987,1148,1673
RES_0172,3300456,2698,984,1144,1554
RES_0173,3300456,2731,976,1135,1596
RES_0174,3300456,1427,497,578,849
RES_0175,3300456,1206,448,521,685
RES_0176,3300456,558,198,230,328
RES_0177,3300456,324,135,157,167
RES_0178,3300456,322,119,138,184
RES_0179,3300456,846,289,336,510
RES_0180,3300456,503,173,201,302
RES_0181,3300456,523,179,208,315
RES_0182,3300456,3425,1242,1444,1981
RES_0183,3300456,210,71,83,127
RES_0184,3300456,1887,662,770,1117
RES_0185,3300456,3694,1307,1520,2174
RES_0186,3300456,2359,832,968,1391
RES_0187,3300456,5033,1779,2069,2964
RES_0188,3300456,663,236,274,389
RES_0189,3300456,2219,791,920,1299
RES_0190,3300456,2436,853,992,1444
RES_0191,3300456,330,118,137,193
RES_0192,3300456,391,144,167,224
RES_0193,3300456,614,210,244,370
RES_0194,3300456,556,200,233,323
RES_0195,3300456,3029,1076,1251,1778
RES_0196,3300456,457,165,192,265
RES_0197,3300456,2606,935,1087,1519
RES_0198,3300456,4071,1436,1670,2401
RES_0199,3300456,485,173,201,284
RES_0200,3300456,140,50,58,82
RES_0201,3300456,1787,653,759,1028
RES_0202,3300456,956,350,407,549
RES_0203,3300456,2376,840,977,1399
RES_0204,3300456,842,283,329,513
RES_0205,3300456,6443,2264,2633,3810
RES_0206,3300456,437,151,176,261
RES_0207,3300456,1080,396,460,620
RES_0208,3300456,355,133,155,200
RES_0209,3300456,2960,1019,1185,1775
RES_0210,3300456,2367,828,963,1404
RES_0211,3300456,72,23,27,45
RES_0212,3300456,4769,1655,1925,2844
RES_0213,3300456,6021,2113,2457,3564
RES_0214,3300456,1599,581,676,923
RES_0215,3300456,852,316,367,485
RES_0216,3300456,276,96,112,164
RES_0217,3300456,21,7,8,13
RES_0218,3300456,158,51,59,99
RES_0219,3300456,244,81,94,150
RES_0220,3300456,1367,475,552,815
RES_0221,3300456,3899,1344,1563,2336
RES_0222,3300456,201,68,79,122
RES_0223,3300456,5398,1926,2240,3158
RES_0224,3300456,2243,823,957,1286
RES_0225,3300456,528,184,214,314
RES_0226,3300456,921,332,386,535
RES_0227,3300456,2618,914,1063,1555
RES_0228,3300456,913,335,390,523
RES_0229,3300456,343,122,142,201
RES_0230,3300456,165,57,66,99
RES_0231,3300456,1726,652,758,968
RES_0232,3300456,12,4,5,7
RES_0233,3300456,110,39,45,65
RES_0234,3300456,2909,1059,1231,1678
RES_0235,3300456,2676,947,1101,1575
RES_0236,3300456,509,179,208,301
RES_0237,3300456,1405,493,573,832
RES_0238,3300456,2279,817,950,1329
RES_0239,3300456,2438,872,1014,1424
RES_0240,3300456,2202,796,926,1276
RES_0241,3300456,564,192,223,341
RES_0242,3300456,311,105,122,189
RES_0243,3300456,423,147,171,252
RES_0244,3300456,773,283,329,444
RES_0245,3300456,2878,1073,1248,1630
RES_0246,3300456,2873,1114,1295,1578
RES_0247,3300456,3966,1428,1661,2305
RES_0248,3300456,894,302,351,543
RES_0249,3300456,3922,1353,1573,2349
RES_0250,3300456,1043,371,431,612
RES_0251,3300456,2318,829,964,1354
RES_0252,3300456,496,178,207,289
RES_0253,3300456,1145,417,485,660
RES_0254,3300456,732,284,330,402
RES_0255,3300456,503,178,207,296
RES_0256,3300456,414,152,177,237
RES_0257,3300456,749,276,321,428
RES_0258,3300456,1022,371,431,591
RES_0259,3300456,5544,2002,2328,3216
RES_0260,3300456,903,344,400,503
RES_0261,3300456,685,238,277,408
RES_0262,3300456,1708,619,720,988
RES_0263,3300456,1873,663,771,1102
RES_0264,3300456,1241,454,528,713
RES_0265,3300456,914,328,381,533
RES_0266,3300456,2158,759,883,1275
RES_0267,3300456,3329,1168,1358,1971
RES_0268,3300456,1308,490,570,738
RES_0269,3300456,558,210,244,314
RES_0270,3300456,971,314,365,606
RES_0271,3300456,151,51,59,92
RES_0272,3300456,790,270,314,476
RES_0273,3300456,271,97,113,158
RES_0274,3300803,215,93,103,112
RES_0275,3300803,121,48,53,68
RES_0276,3300803,172,64,71,101
RES_0277,3300803,360,148,164,196
RES_0278,3300803,160,67,74,86
RES_0279,3300803,92,36,40,52
RES_0280,3300803,185,82,91,94
RES_0281,3300803,92,36,40,52
RES_0282,3300803,121,54,60,61
RES_0283,3300803,18,7,8,10
RES_0284,3301702,2565,1065,1238,1327
RES_0285,3301702,5341,2083,2422,2919
RES_0286,3301702,1402,543,631,771
RES_0287,3301702,906,371,431,475
RES_0288,3301702,3072,1210,1407,1665
RES_0289,3301702,5460,2175,2529,2931
RES_0290,3301702,4471,1761,2048,2423
RES_0291,3301702,334,132,154,180
RES_0292,3301702,5262,2079,2418,2844
RES_0293,3301702,720,297,345,375
RES_0294,3301702,443,156,181,262
RES_0295,3301702,1848,689,801,1047
RES_0296,3301702,2730,1090,1268,1462
RES_0297,3301702,5296,2129,2476,2820
RES_0298,3301702,1326,514,598,728
RES_0299,3301702,5116,2050,2384,2732
RES_0300,3301702,2678,1040,1209,1469
RES_0301,3301702,1852,738,858,994
RES_0302,3301702,1825,692,805,1020
RES_0303,3301702,1524,571,664,860
RES_0304,3301702,1253,463,538,715
RES_0305,3301702,2760,1032,1200,1560
RES_0306,3301702,6966,2697,3136,3830
RES_0307,3301702,1573,582,677,896
RES_0308,3301702,566,216,251,315
RES_0309,3301702,2362,878,1021,1341
RES_0310,3301702,4709,1847,2148,2561
RES_0311,3301702,1995,812,944,1051
RES_0312,3301702,363,143,166,197
RES_0313,3301702,4413,1740,2023,2390
RES_0314,3301702,4154,1578,1835,2319
RES_0315,3301702,2116,824,958,1158
RES_0316,3301702,7551,3083,3585,3966
RES_0317,3301702,8246,3170,3686,4560
RES_0318,3301702,1255,494,574,681
RES_0319,3301702,1945,797,927,1018
RES_0320,3301702,872,344,400,472
RES_0321,3301702,1359,520,605,754
RES_0322,3301702,1714,679,790,924
RES_0323,3301702,944,375,436,508
RES_0324,3301702,3166,1272,1479,1687
RES_0325,3301702,2620,1051,1222,1398
RES_0326,3301702,1583,640,744,839
RES_0327,3301702,5690,2242,2607,3083
RES_0328,3301702,2447,977,1136,1311
RES_0329,3301702,390,143,166,224
RES_0330,3301702,334,129,150,184
RES_0331,3301702,1382,561,652,730
RES_0332,3301702,1264,515,599,665
RES_0333,3301702,2326,900,1047,1279
RES_0334,3301702,357,131,152,205
RES_0335,3301702,10253,4030,4686,5567
RES_0336,3301702,2150,847,985,1165
RES_0337,3301702,1077,442,514,563
RES_0338,3301702,2956,1159,1348,1608
RES_0339,3301702,549,211,245,304
RES_0340,3301702,1255,484,563,692
RES_0341,3301702,4747,1897,2206,2541
RES_0342,3301702,1925,781,908,1017
RES_0343,3301702,8068,3234,3761,4307
RES_0344,3301702,6190,2476,2879,3311
RES_0345,3301702,253,107,124,129
RES_0346,3301702,2826,1145,1331,1495
RES_0347,3301702,5119,2073,2411,2708
RES_0348,3301702,1916,774,900,1016
RES_0349,3301702,28,11,13,15
RES_0350,3301702,899,348,405,494
RES_0351,3301702,923,358,416,507
RES_0352,3301702,394,158,184,210
RES_0353,3301702,1625,620,721,904
RES_0354,3301702,2671,1051,1222,1449
RES_0355,3301702,4386,1707,1985,2401
RES_0356,3301702,6666,2574,2993,3673
RES_0357,3301702,924,388,451,473
RES_0358,3301702,1765,700,814,951
RES_0359,3301702,6471,2522,2933,3538
RES_0360,3301702,1904,776,902,1002
RES_0361,3301702,201,77,90,111
RES_0362,3301702,2824,1129,1313,1511
RES_0363,3301702,501,204,237,264
RES_0364,3301702,749,309,359,390
RES_0365,3301702,4652,1941,2257,2395
RES_0366,3301702,1765,737,857,908
RES_0367,3301702,4266,1755,2041,2225
RES_0368,3301702,1670,682,793,877
RES_0369,3301702,788,315,366,422
RES_0370,3301702,1292,471,548,744
RES_0371,3301702,117,39,45,72
RES_0372,3301702,1256,539,627,629
RES_0373,3301702,301,116,135,166
RES_0374,3301702,1329,515,599,730
RES_0375,3301702,612,243,283,329
RES_0376,3301702,135,53,62,73
RES_0377,3301702,337,130,151,186
RES_0378,3301702,3399,1307,1520,1879
RES_0379,3301702,4351,1711,1990,2361
RES_0380,3301702,1382,540,628,754
RES_0381,3301702,3997,1545,1797,2200
RES_0382,3301702,9551,3762,4375,5176
RES_0383,3301702,6327,2483,2887,3440
RES_0384,3301702,1260,498,579,681
RES_0385,3301702,4138,1688,1963,2175
RES_0386,3301702,3991,1578,1835,2156
RES_0387,3301702,467,189,220,247
RES_0388,3301702,2281,872,1014,1267
RES_0389,3301702,3004,1170,1361,1643
RES_0390,3301702,5572,2171,2525,3047
RES_0391,3301702,5505,2102,2444,3061
RES_0392,3301702,1095,407,473,622
RES_0393,3301702,5662,2235,2599,3063
RES_0394,3301702,1694,654,761,933
RES_0395,3301702,1305,609,708,597
RES_0396,3301702,1021,413,480,541
RES_0397,3301702,4281,1707,1985,2296
RES_0398,3301702,1310,526,612,698
RES_0399,3301702,472,196,228,244
RES_0400,3301702,1412,551,641,771
RES_0401,3301702,8267,3334,3877,4390
RES_0402,3301702,4747,1920,2233,2514
RES_0403,3301702,333,136,158,175
RES_0404,3301702,2282,889,1034,1248
RES_0405,3301702,638,237,276,362
RES_0406,3301702,334,127,148,186
RES_0407,3301702,1928,742,863,1065
RES_0408,3301702,827,346,402,425
RES_0409,3301702,544,234,272,272
RES_0410,3301702,883,338,393,490
RES_0411,3301702,1200,518,602,598
RES_0412,3301702,1688,651,757,931
RES_0413,3301702,1376,541,629,747
RES_0414,3301702,795,339,394,401
RES_0415,3301702,926,365,424,502
RES_0416,3301702,4542,1798,2091,2451
RES_0417,3301702,6227,2444,2842,3385
RES_0418,3301702,986,387,450,536
RES_0419,3301702,4663,1834,2133,2530
RES_0420,3301702,2780,1096,1274,1506
RES_0421,3301702,1149,440,512,637
RES_0422,3301702,472,179,208,264
RES_0423,3301702,1559,622,723,836
RES_0424,3301702,88,35,41,47
RES_0425,3301702,757,310,360,397
RES_0426,3301702,1393,577,671,722
RES_0427,3301702,85,37,43,42
RES_0428,3301702,1107,441,513,594
RES_0429,3301702,802,343,399,403
RES_0430,3301702,271,104,121,150
RES_0431,3301702,222,86,100,122
RES_0432,3301702,4317,1688,1963,2354
RES_0433,3301702,725,283,329,396
RES_0434,3301702,4385,1766,2054,2331
RES_0435,3301702,6029,2459,2859,3170
RES_0436,3301702,280,106,123,157
RES_0437,3301702,5252,2124,2470,2782
RES_0438,3301702,1844,731,850,994
RES_0439,3301702,845,345,401,444
RES_0440,3301702,359,143,166,193
RES_0441,3301702,940,379,441,499
RES_0442,3301702,551,211,245,306
RES_0443,3301702,254,94,109,145
RES_0444,3301702,1427,600,698,729
RES_0445,3301702,174,68,79,95
RES_0446,3301702,6142,2434,2830,3312
RES_0447,3301702,982,427,497,485
RES_0448,3301702,7297,2971,3455,3842
RES_0449,3301702,2528,1028,1195,1333
RES_0450,3301702,1054,430,500,554
RES_0451,3301702,4313,1724,2005,2308
RES_0452,3301702,3070,1269,1476,1594
RES_0453,3301702,626,237,276,350
RES_0454,3301702,1461,574,667,794
RES_0455,3301702,875,342,398,477
RES_0456,3301702,1338,556,647,691
RES_0457,3301702,349,143,166,183
RES_0458,3301702,414,166,193,221
RES_0459,3301702,571,234,272,299
RES_0460,3301702,805,333,387,418
RES_0461,3301702,1395,561,652,743
RES_0462,3301702,1940,788,916,1024
RES_0463,3301702,1284,521,606,678
RES_0464,3301702,339,129,150,189
RES_0465,3301702,3328,1346,1565,1763
RES_0466,3301702,1125,431,501,624
RES_0467,3301702,217,81,94,123
RES_0468,3301702,315,124,144,171
RES_0469,3301702,119,52,60,59
RES_0470,3301702,374,143,166,208
RES_0471,3301702,613,238,277,336
RES_0472,3301702,3508,1413,1643,1865
RES_0473,3301702,147,59,69,78
RES_0474,3301702,503,210,244,259
RES_0475,3301702,181,77,90,91
RES_0476,3301702,478,186,216,262
RES_0477,3301702,163,63,73,90
RES_0478,3301702,739,298,347,392
RES_0479,3301702,338,134,156,182
RES_0480,3301702,38,15,17,21
RES_0481,3301702,1574,660,767,807
RES_0482,3301702,1291,518,602,689
RES_0483,3301702,2050,785,913,1137
RES_0484,3301702,2095,810,942,1153
RES_0485,3301702,1140,477,555,585
RES_0486,3301702,1413,586,681,732
RES_0487,3301702,263,111,129,134
RES_0488,3301702,1114,445,517,597
RES_0489,3301702,2650,1054,1226,1424
RES_0490,3301702,2032,832,968,1064
RES_0491,3301702,377,151,176,201
RES_0492,3301702,242,98,114,128
RES_0493,3301702,270,109,127,143
RES_0494,3301702,1525,626,728,797
RES_0495,3301702,2075,878,1021,1054
RES_0496,3301702,1235,520,605,630
RES_0497,3301702,1150,458,533,617
RES_0498,3301702,523,216,251,272
RES_0499,3301702,3595,1470,1709,1886
RES_0500,3301702,4299,1756,2042,2257
RES_0501,3301702,707,324,377,330
RES_0502,3301702,2452,1011,1176,1276
RES_0503,3301702,1018,441,513,505
RES_0504,3301702,5435,2269,2639,2796
RES_0505,3301702,5104,2001,2327,2777
RES_0506,3301702,2869,1156,1344,1525
RES_0507,3301702,3724,1500,1744,1980
RES_0508,3301702,4221,1703,1980,2241
RES_0509,3301702,338,125,145,193
RES_0510,3301702,153,59,69,84
RES_0511,3301702,3323,1371,1594,1729
RES_0512,3301702,240,88,102,138
RES_0513,3301702,1182,468,544,638
RES_0514,3301702,5419,2194,2551,2868
RES_0515,3301702,948,372,433,515
RES_0516,3301702,777,314,365,412
RES_0517,3301702,2794,1131,1315,1479
RES_0518,3301702,3707,1552,1805,1902
RES_0519,3301702,5372,2165,2518,2854
RES_0520,3301702,4412,1776,2065,2347
RES_0521,3301702,2644,1029,1197,1447
RES_0522,3301702,1188,461,536,652
RES_0523,3301702,4035,1648,1916,2119
RES_0524,3301702,4338,1729,2011,2327
RES_0525,3301702,2968,1200,1395,1573
RES_0526,3301702,2554,998,1161,1393
RES_0527,3301702,5667,2238,2602,3065
RES_0528,3301702,2019,800,930,1089
RES_0529,3301702,701,273,317,384
RES_0530,3301702,438,177,206,232
RES_0531,3301702,1320,509,592,728
RES_0532,3301702,403,163,190,213
RES_0533,3301702,131,53,62,69
RES_0534,3301702,325,125,145,180
RES_0535,3301702,1176,439,511,665
RES_0536,3301702,312,125,145,167
RES_0537,3301702,1531,617,717,814
RES_0538,3301702,419,163,190,229
RES_0539,3301702,761,297,345,416
RES_0540,3301702,1411,587,683,728
RES_0541,3301702,788,299,348,440
RES_0542,3301702,2045,809,941,1104
RES_0543,3301702,2742,1105,1285,1457
RES_0544,3301702,80,30,35,45
RES_0545,3301702,563,235,273,290
RES_0546,3301702,645,266,309,336
RES_0547,3301702,74,33,38,36
RES_0548,3301702,580,220,256,324
RES_0549,3301702,412,173,201,211
RES_0550,3301702,2163,889,1034,1129
RES_0551,3301702,1448,606,705,743
RES_0552,3301702,616,253,294,322
RES_0553,3301702,2931,1197,1392,1539
RES_0554,3301702,3095,1252,1456,1639
RES_0555,3301702,423,163,190,233
RES_0556,3301702,1912,753,876,1036
RES_0557,3301702,584,230,267,317
RES_0558,3301702,768,340,395,373
RES_0559,3301702,712,272,316,396
RES_0560,3301702,1019,403,469,550
RES_0561,3301702,1237,469,545,692
RES_0562,3301702,2186,856,995,1191
RES_0563,3301702,384,153,178,206
RES_0564,3301702,2729,1069,1243,1486
RES_0565,3301702,714,284,330,384
RES_0566,3301702,1730,663,771,959
RES_0567,3301702,525,220,256,269
RES_0568,3301702,477,199,231,246
RES_0569,3301702,1461,597,694,767
RES_0570,3301702,3650,1450,1686,1964
RES_0571,3301702,2052,826,961,1091
RES_0572,3301702,1831,758,881,950
RES_0573,3301702,4151,1703,1980,2171
RES_0574,3301702,1909,796,926,983
RES_0575,3301702,1298,510,593,705
RES_0576,3301702,3602,1436,1670,1932
RES_0577,3301702,1591,657,764,827
RES_0578,3301702,176,72,84,92
RES_0579,3301702,426,192,223,203
RES_0580,3301702,501,194,226,275
RES_0581,3301702,360,145,169,191
RES_0582,3301702,2112,839,976,1136
RES_0583,3301702,3532,1433,1666,1866
RES_0584,3301702,3403,1403,1631,1772
RES_0585,3301702,817,324,377,440
RES_0586,3301702,961,391,455,506
RES_0587,3301702,3727,1472,1712,2015
RES_0588,3301702,4232,1669,1941,2291
RES_0589,3301702,3781,1531,1780,2001
RES_0590,3301702,646,255,297,349
RES_0591,3301702,2599,1040,1209,1390
RES_0592,3301702,2137,847,985,1152
RES_0593,3301702,1176,456,530,646
RES_0594,3301702,650,248,288,362
RES_0595,3301702,2851,1118,1300,1551
RES_0596,3301702,17,7,8,9
RES_0597,3301702,1090,413,480,610
RES_0598,3301702,2011,798,928,1083
RES_0599,3301702,1177,476,554,623
RES_0600,3301702,2598,1034,1202,1396
RES_0601,3301702,3953,1584,1842,2111
RES_0602,3301702,851,339,394,457
RES_0603,3301702,589,241,280,309
RES_0604,3301702,368,154,179,189
RES_0605,3301702,1325,543,631,694
RES_0606,3301702,707,319,371,336
RES_0607,3301702,1616,673,783,833
RES_0608,3301702,4922,1996,2321,2601
RES_0609,3301702,2407,977,1136,1271
RES_0610,3301702,705,288,335,370
RES_0611,3301702,3957,1559,1813,2144
RES_0612,3301702,4850,1868,2172,2678
RES_0613,3301702,2990,1173,1364,1626
RES_0614,3301702,1454,604,702,752
RES_0615,3301702,731,275,320,411
RES_0616,3301702,714,279,324,390
RES_0617,3301702,464,197,229,235
RES_0618,3301702,2242,869,1011,1231
RES_0619,3301702,1710,687,799,911
RES_0620,3301702,1210,489,569,641
RES_0621,3301702,3996,1573,1829,2167
RES_0622,3301702,2678,1068,1242,1436
RES_0623,3301702,2161,817,950,1211
RES_0624,3301702,197,83,97,100
RES_0625,3301702,2198,906,1054,1144
RES_0626,3301702,2482,1011,1176,1306
RES_0627,3301702,511,199,231,280
RES_0628,3301702,121,45,52,69
RES_0629,3301702,1056,417,485,571
RES_0630,3301702,4125,1606,1868,2257
RES_0631,3301702,2980,1193,1387,1593
RES_0632,3301702,154,64,74,80
RES_0633,3301702,2043,771,897,1146
RES_0634,3301702,2043,803,934,1109
RES_0635,3301702,1355,550,640,715
RES_0636,3301702,1142,450,523,619
RES_0637,3301702,668,238,277,391
RES_0638,3301702,883,350,407,476
RES_0639,3301702,1472,588,684,788
RES_0640,3301702,2199,840,977,1222
RES_0641,3301702,3679,1489,1732,1947
RES_0642,3301702,2199,896,1042,1157
RES_0643,3301702,89,35,41,48
RES_0644,3301702,1671,634,737,934
RES_0645,3301702,3665,1437,1671,1994
RES_0646,3301702,898,368,428,470
RES_0647,3301702,387,159,185,202
RES_0648,3301702,1510,607,706,804
RES_0649,3301702,2539,1017,1183,1356
RES_0650,3301702,2272,919,1069,1203
RES_0651,3301702,1299,543,631,668
RES_0652,3301702,1183,477,555,628
RES_0653,3301702,1908,776,902,1006
RES_0654,3301702,765,302,351,414
RES_0655,3301702,182,69,80,102
RES_0656,3301702,2110,857,997,1113
RES_0657,3301702,1950,756,879,1071
RES_0658,3301702,1593,653,759,834
RES_0659,3301702,1252,518,602,650
RES_0660,3301702,453,187,217,236
RES_0661,3301702,700,293,341,359
RES_0662,3301702,1481,613,713,768
RES_0663,3301702,319,127,148,171
RES_0664,3301702,98,40,47,51
RES_0665,3301702,352,134,156,196
RES_0666,3301702,750,273,317,433
RES_0667,3301702,819,319,371,448
RES_0668,3301702,48,22,26,22
RES_0669,3301702,185,79,92,93
RES_0670,3301702,260,94,109,151
RES_0671,3301702,804,320,372,432
RES_0672,3301702,1106,437,508,598
RES_0673,3301702,1354,538,626,728
RES_0674,3301702,1972,781,908,1064
RES_0675,3301702,1861,748,870,991
RES_0676,3301702,479,199,231,248
RES_0677,3301702,524,200,233,291
RES_0678,3301702,146,58,67,79
RES_0679,3301702,748,291,338,410
RES_0680,3301702,784,294,342,442
RES_0681,3301702,56,24,28,28
RES_0682,3301702,12,5,6,6
RES_0683,3301702,91,35,41,50
RES_0684,3301702,128,51,59,69
RES_0685,3301702,553,213,248,305
RES_0686,3301702,238,89,104,134
RES_0687,3301702,410,204,237,173
RES_0688,3301702,1893,781,908,985
RES_0689,3301702,2117,871,1013,1104
RES_0690,3301702,788,317,369,419
RES_0691,3301702,406,156,181,225
RES_0692,3301702,462,178,207,255
RES_0693,3301702,220,98,114,106
RES_0694,3301702,2402,919,1069,1333
RES_0695,3301702,195,85,99,96
RES_0696,3301702,605,225,262,343
RES_0697,3301702,273,94,109,164
RES_0698,3301702,660,251,292,368
RES_0699,3301702,796,324,377,419
RES_0700,3301702,439,196,228,211
RES_0701,3301702,294,105,122,172
RES_0702,3301702,591,235,273,318
RES_0703,3301702,185,74,86,99
RES_0704,3301702,109,54,63,46
RES_0705,3301702,127,50,58,69
RES_0706,3301702,481,197,229,252
RES_0707,3301702,613,248,288,325
RES_0708,3301702,349,137,159,190
RES_0709,3301702,2738,1113,1294,1444
RES_0710,3301702,57,24,28,29
RES_0711,3301702,1329,548,637,692
RES_0712,3301702,1883,753,876,1007
RES_0713,3301702,3505,1468,1707,1798
RES_0714,3301702,1768,688,800,968
RES_0715,3301702,473,183,213,260
RES_0716,3301702,2980,1207,1404,1576
RES_0717,3301702,6,2,2,4
RES_0718,3301702,800,323,376,424
RES_0719,3301702,38,15,17,21
RES_0720,3301702,33,13,15,18
RES_0721,3301702,85,34,40,45
RES_0722,3301702,9,4,5,4
RES_0723,3301702,394,151,176,218
RES_0724,3301702,119,47,55,64
RES_0725,3301702,211,85,99,112
RES_0726,3301702,74,28,33,41
RES_0727,3301702,283,109,127,156
RES_0728,3301702,101,43,50,51
RES_0729,3301702,9,4,5,4
RES_0730,3301702,163,61,71,92
RES_0731,3301702,47,19,22,25
RES_0732,3301702,137,55,64,73
RES_0733,3301702,127,47,55,72
RES_0734,3301702,63,25,29,34
RES_0735,3301702,142,54,63,79
RES_0736,3301702,40,16,19,21
RES_0737,3301702,297,118,137,160
RES_0738,3301702,68,27,31,37
RES_0739,3301801,124,58,64,60
RES_0740,3301801,17,7,8,9
RES_0741,3301801,26,11,12,14
RES_0742,3301850,966,377,438,528
RES_0743,3301850,379,151,176,203
RES_0744,3301850,681,284,330,351
RES_0745,3301850,2402,955,1111,1291
RES_0746,3301850,540,213,248,292
RES_0747,3301850,660,260,302,358
RES_0748,3301850,540,209,243,297
RES_0749,3301850,221,87,101,120
RES_0750,3301850,380,147,171,209
RES_0751,3301850,1,0,0,1
RES_0752,3301850,541,201,234,307
RES_0753,3301850,304,110,128,176
RES_0754,3301850,240,98,114,126
RES_0755,3301850,273,103,120,153
RES_0756,3301850,252,95,110,142
RES_0757,3301850,427,166,193,234
RES_0758,3301850,510,197,229,281
RES_0759,3301850,516,193,224,292
RES_0760,3301850,873,330,384,489
RES_0761,3301850,423,160,186,237
RES_0762,3301850,185,72,84,101
RES_0763,3301850,7,3,3,4
RES_0764,3301850,233,79,92,141
RES_0765,3301850,291,108,126,165
RES_0766,3301850,476,179,208,268
RES_0767,3301850,318,111,129,189
RES_0768,3301850,10,4,5,5
RES_0769,3301850,46,20,23,23
RES_0770,3301850,360,143,166,194
RES_0771,3301850,10,4,5,5
RES_0772,3301850,278,105,122,156
RES_0773,3301850,20,8,9,11
RES_0774,3301850,14,5,6,8
RES_0775,3301850,36,14,16,20
RES_0776,3301850,30,12,14,16
RES_0777,3301900,981,418,486,495
RES_0778,3301900,387,153,178,209
RES_0779,3301900,4248,1756,2042,2206
RES_0780,3301900,3886,1602,1863,2023
RES_0781,3301900,194,80,93,101
RES_0782,3301900,2325,963,1120,1205
RES_0783,3301900,2528,1015,1180,1348
RES_0784,3301900,283,111,129,154
RES_0785,3301900,252,102,119,133
RES_0786,3301900,609,251,292,317
RES_0787,3301900,936,390,454,482
RES_0788,3301900,299,129,150,149
RES_0789,3301900,2907,1333,1550,1357
RES_0790,3301900,2798,1145,1331,1467
RES_0791,3301900,158,59,69,89
RES_0792,3301900,510,197,229,281
RES_0793,3301900,497,207,241,256
RES_0794,3301900,525,214,249,276
RES_0795,3301900,19,8,9,10
RES_0796,3301900,1377,598,695,682
RES_0797,3301900,466,198,230,236
RES_0798,3301900,802,318,370,432
RES_0799,3301900,645,285,331,314
RES_0800,3301900,1608,694,807,801
RES_0801,3301900,15,6,7,8
RES_0802,3301900,620,258,300,320
RES_0803,3301900,74,31,36,38
RES_0804,3301900,57,22,26,31
RES_0805,3301900,532,221,257,275
RES_0806,3301900,397,152,177,220
RES_0807,3301900,152,64,74,78
RES_0808,3301900,866,342,398,468
RES_0809,3301900,925,373,434,491
RES_0810,3301900,369,146,170,199
RES_0811,3301900,707,264,307,400
RES_0812,3301900,7113,2883,3353,3760
RES_0813,3301900,566,225,262,304
RES_0814,3301900,509,206,240,269
RES_0815,3301900,3971,1586,1844,2127
RES_0816,3301900,1782,715,831,951
RES_0817,3301900,222,84,98,124
RES_0818,3301900,4,2,2,2
RES_0819,3301900,197,75,87,110
RES_0820,3301900,1781,739,859,922
RES_0821,3301900,1775,774,900,875
RES_0822,3301900,1193,440,512,681
RES_0823,3301900,470,196,228,242
RES_0824,3301900,434,182,212,222
RES_0825,3301900,1130,456,530,600
RES_0826,3301900,291,117,136,155
RES_0827,3301900,3426,1399,1627,1799
RES_0828,3301900,55,22,26,29
RES_0829,3301900,2344,968,1126,1218
RES_0830,3301900,2722,1131,1315,1407
RES_0831,3301900,16,7,8,8
RES_0832,3301900,705,301,350,355
RES_0833,3301900,348,142,165,183
RES_0834,3301900,223,95,110,113
RES_0835,3301900,1006,402,467,539
RES_0836,3301900,1101,449,522,579
RES_0837,3301900,2897,1166,1356,1541
RES_0838,3301900,1261,507,590,671
RES_0839,3301900,1470,594,691,779
RES_0840,3301900,2234,861,1001,1233
RES_0841,3301900,1811,732,851,960
RES_0842,3301900,2990,1245,1448,1542
RES_0843,3301900,538,226,263,275
RES_0844,3301900,258,107,124,134
RES_0845,3301900,139,57,66,73
RES_0846,3301900,983,416,484,499
RES_0847,3301900,386,161,187,199
RES_0848,3301900,1749,669,778,971
RES_0849,3301900,105,41,48,57
RES_0850,3301900,1791,729,848,943
RES_0851,3301900,425,157,183,242
RES_0852,3301900,799,321,373,426
RES_0853,3301900,426,175,204,222
RES_0854,3301900,288,123,143,145
RES_0855,3301900,1010,418,486,524
RES_0856,3301900,766,313,364,402
RES_0857,3301900,1737,697,811,926
RES_0858,3301900,803,329,383,420
RES_0859,3301900,1063,434,505,558
RES_0860,3301900,2047,837,973,1074
RES_0861,3301900,174,73,85,89
RES_0862,3301900,833,339,394,439
RES_0863,3301900,349,152,177,172
RES_0864,3301900,1080,445,517,563
RES_0865,3301900,2271,915,1064,1207
RES_0866,3301900,670,281,327,343
RES_0867,3301900,110,44,51,59
RES_0868,3301900,117,47,55,62
RES_0869,3301900,155,65,76,79
RES_0870,3301900,1656,693,806,850
RES_0871,3301900,1178,473,550,628
RES_0872,3301900,20,8,9,11
RES_0873,3301900,36,15,17,19
RES_0874,3301900,38,16,19,19
RES_0875,3301900,342,137,159,183
RES_0876,3301900,822,343,399,423
RES_0877,3301900,1011,413,480,531
RES_0878,3301900,234,97,113,121
RES_0879,3301900,829,338,393,436
RES_0880,3301900,689,277,322,367
RES_0881,3301900,205,85,99,106
RES_0882,3301900,780,313,364,416
RES_0883,3301900,827,396,460,367
RES_0884,3301900,292,137,159,133
RES_0885,3301900,191,71,83,108
RES_0886,3301900,1907,752,874,1033
RES_0887,3301900,803,347,404,399
RES_0888,3301900,370,142,165,205
RES_0889,3301900,384,152,177,207
RES_0890,3301900,160,69,80,80
RES_0891,3301900,100,39,45,55
RES_0892,3301900,141,53,62,79
RES_0893,3301900,428,174,202,226
RES_0894,3301900,1388,546,635,753
RES_0895,3301900,411,163,190,221
RES_0896,3301900,158,62,72,86
RES_0897,3301900,38,15,17,21
RES_0898,3301900,124,47,55,69
RES_0899,3301900,16,7,8,8
RES_0900,3301900,27,11,13,14
RES_0901,3301900,149,61,71,78
RES_0902,3301900,196,75,87,109
RES_0903,3301900,53,22,26,27
RES_0904,3301900,18,7,8,10
RES_0905,3301900,444,181,210,234
RES_0906,3301900,434,155,180,254
RES_0907,3301900,194,70,81,113
RES_0908,3301900,81,33,38,43
RES_0909,3301900,192,81,94,98
RES_0910,3301900,56,23,27,29
RES_0911,3301900,1391,566,658,733
RES_0912,3301900,1986,796,926,1060
RES_0913,3301900,136,52,60,76
RES_0914,3301900,693,272,316,377
RES_0915,3301900,1470,610,709,761
RES_0916,3301900,616,256,298,318
RES_0917,3301900,2010,771,897,1113
RES_0918,3301900,379,152,177,202
RES_0919,3301900,220,74,86,134
RES_0920,3301900,774,279,324,450
RES_0921,3301900,411,166,193,218
RES_0922,3301900,16,6,7,9
RES_0923,3301900,705,268,312,393
RES_0924,3301900,1017,409,476,541
RES_0925,3301900,656,251,292,364
RES_0926,3301900,553,215,250,303
RES_0927,3301900,2954,1173,1364,1590
RES_0928,3301900,335,145,169,166
RES_0929,3301900,69,28,33,36
RES_0930,3301900,2170,895,1041,1129
RES_0931,3301900,500,202,235,265
RES_0932,3301900,3,1,1,2
RES_0933,3301900,10,4,5,5
RES_0934,3301900,113,42,49,64
RES_0935,3301900,306,126,147,159
RES_0936,3301900,181,69,80,101
RES_0937,3301900,10,4,5,5
RES_0938,3301900,693,269,313,380
RES_0939,3301900,353,136,158,195
RES_0940,3301900,64,26,30,34
RES_0941,3301900,2,1,1,1
RES_0942,3301900,494,197,229,265
RES_0943,3301900,554,208,242,312
RES_0944,3301900,439,176,205,234
RES_0945,3301900,3660,1512,1758,1902
RES_0946,3301900,837,389,452,385
RES_0947,3301900,436,191,222,214
RES_0948,3301900,3003,1216,1414,1589
RES_0949,3301900,3088,1311,1525,1563
RES_0950,3301900,99,37,43,56
RES_0951,3301900,165,64,74,91
RES_0952,3301900,166,68,79,87
RES_0953,3301900,1108,440,512,596
RES_0954,3301900,693,296,344,349
RES_0955,3301900,160,76,88,72
RES_0956,3301900,390,160,186,204
RES_0957,3301900,1278,543,631,647
RES_0958,3301900,1500,642,747,753
RES_0959,3301900,348,141,164,184
RES_0960,3301900,3105,1245,1448,1657
RES_0961,3301900,413,157,183,230
RES_0962,3301900,900,350,407,493
RES_0963,3301900,520,206,240,280
RES_0964,3301900,1060,450,523,537
RES_0965,3301900,2313,898,1044,1269
RES_0966,3301900,2812,1130,1314,1498
RES_0967,3301900,1129,460,535,594
RES_0968,3301900,854,339,394,460
RES_0969,3301900,81,35,41,40
RES_0970,3301900,2349,996,1158,1191
RES_0971,3301900,2364,939,1092,1272
RES_0972,3301900,413,172,200,213
RES_0973,3301900,532,218,254,278
RES_0974,3301900,3336,1471,1711,1625
RES_0975,3301900,3274,1298,1509,1765
RES_0976,3301900,570,217,252,318
RES_0977,3301900,2409,985,1145,1264
RES_0978,3301900,2761,1127,1311,1450
RES_0979,3301900,166,69,80,86
RES_0980,3301900,487,190,221,266
RES_0981,3301900,435,170,198,237
RES_0982,3301900,384,156,181,203
RES_0983,3301900,54,22,26,28
RES_0984,3301900,744,308,358,386
RES_0985,3301900,3178,1253,1457,1721
RES_0986,3301900,2100,844,981,1119
RES_0987,3301900,1995,822,956,1039
RES_0988,3301900,1798,723,841,957
RES_0989,3301900,455,206,240,215
RES_0990,3301900,66,27,31,35
RES_0991,3301900,203,73,85,118
RES_0992,3301900,44,17,20,24
RES_0993,3301900,9,4,5,4
RES_0994,3301900,322,133,155,167
RES_0995,3301900,465,170,198,267
RES_0996,3301900,1268,522,607,661
RES_0997,3301900,227,83,97,130
RES_0998,3301900,410,167,194,216
RES_0999,3301900,14,6,7,7
RES_1000,3301900,84,35,41,43
RES_1001,3301900,37,15,17,20
RES_1002,3301900,772,317,369,403
RES_1003,3301900,105,42,49,56
RES_1004,3301900,322,128,149,173
RES_1005,3301900,1049,434,505,544
RES_1006,3301900,73,30,35,38
RES_1007,3301900,492,195,227,265
RES_1008,3301900,57,27,31,26
RES_1009,3301900,317,119,138,179
RES_1010,3301900,1305,488,567,738
RES_1011,3301900,275,106,123,152
RES_1012,3301900,375,149,173,202
RES_1013,3301900,20,8,9,11
RES_1014,3301900,996,402,467,529
RES_1015,3301900,214,77,90,124
RES_1016,3301900,343,127,148,195
RES_1017,3301900,170,66,77,93
RES_1018,3301900,60,24,28,32
RES_1019,3301900,21,9,10,11
RES_1020,3301900,1,0,0,1
RES_1021,3301900,8,3,3,5
RES_1022,3301900,12,8,9,3
RES_1023,3301900,30,12,14,16
RES_1024,3301900,101,40,47,54
RES_1025,3301900,29,11,13,16
RES_1026,3301900,2,1,1,1
RES_1027,3301900,31,13,15,16
RES_1028,3302007,363,125,145,218
RES_1029,3302007,85,35,41,44
RES_1030,3302007,598,232,270,328
RES_1031,3302007,301,107,124,177
RES_1032,3302007,147,54,63,84
RES_1033,3302007,1190,439,511,679
RES_1034,3302007,38,15,17,21
RES_1035,3302007,1219,436,507,712
RES_1036,3302007,63,20,23,40
RES_1037,3302007,229,79,92,137
RES_1038,3302007,37,15,17,20
RES_1039,3302007,33,13,15,18
RES_1040,3302007,668,227,264,404
RES_1041,3302007,720,256,298,422
RES_1042,3302007,603,202,235,368
RES_1043,3302007,1815,693,806,1009
RES_1044,3302007,102,37,43,59
RES_1045,3302007,1802,672,781,1021
RES_1046,3302007,400,153,178,222
RES_1047,3302007,201,75,87,114
RES_1048,3302007,22,9,10,12
RES_1049,3302007,530,213,248,282
RES_1050,3302007,325,121,141,184
RES_1051,3302007,37,16,19,18
RES_1052,3302007,165,67,78,87
RES_1053,3302007,179,73,85,94
RES_1054,3302007,38,17,20,18
RES_1055,3302007,1056,417,485,571
RES_1056,3302007,1774,731,850,924
RES_1057,3302007,1256,511,594,662
RES_1058,3302007,26,10,12,14
RES_1059,3302007,438,185,215,223
RES_1060,3302007,407,160,186,221
RES_1061,3302007,1690,683,794,896
RES_1062,3302007,1503,642,747,756
RES_1063,3302007,1990,762,886,1104
RES_1064,3302007,593,228,265,328
RES_1065,3302007,19,7,8,11
RES_1066,3302007,36,14,16,20
RES_1067,3302007,255,113,131,124
RES_1068,3302007,3046,1223,1422,1624
RES_1069,3302007,2238,909,1057,1181
RES_1070,3302007,1041,400,465,576
RES_1071,3302007,735,269,313,422
RES_1072,3302007,1294,512,595,699
RES_1073,3302007,30,12,14,16
RES_1074,3302007,370,144,167,203
RES_1075,3302007,4174,1671,1943,2231
RES_1076,3302007,4061,1628,1893,2168
RES_1077,3302007,1330,554,644,686
RES_1078,3302007,889,354,412,477
RES_1079,3302007,55,20,23,32
RES_1080,3302007,4,2,2,2
RES_1081,3302007,790,323,376,414
RES_1082,3302007,3561,1412,1642,1919
RES_1083,3302007,4604,1802,2095,2509
RES_1084,3302007,2234,917,1066,1168
RES_1085,3302007,1578,611,711,867
RES_1086,3302007,597,242,281,316
RES_1087,3302007,68,23,27,41
RES_1088,3302007,500,183,213,287
RES_1089,3302007,1591,610,709,882
RES_1090,3302007,5029,1926,2240,2789
RES_1091,3302007,2663,1075,1250,1413
RES_1092,3302007,361,124,144,217
RES_1093,3302007,460,174,202,258
RES_1094,3302007,21,8,9,12
RES_1095,3302007,291,103,120,171
RES_1096,3302007,885,355,413,472
RES_1097,3302007,2435,931,1083,1352
RES_1098,3302007,3673,1448,1684,1989
RES_1099,3302007,2479,1024,1191,1288
RES_1100,3302007,1382,557,648,734
RES_1101,3302007,296,112,130,166
RES_1102,3302007,2449,1024,1191,1258
RES_1103,3302007,4422,1829,2127,2295
RES_1104,3302007,4203,1688,1963,2240
RES_1105,3302007,2290,945,1099,1191
RES_1106,3302007,2270,901,1048,1222
RES_1107,3302007,843,330,384,459
RES_1108,3302007,1090,442,514,576
RES_1109,3302007,1299,515,599,700
RES_1110,3302007,1712,676,786,926
RES_1111,3302007,1419,516,600,819
RES_1112,3302007,1435,575,669,766
RES_1113,3302007,2662,1073,1248,1414
RES_1114,3302007,255,96,112,143
RES_1115,3302007,35,11,13,22
RES_1116,3302007,1458,560,651,807
RES_1117,3302007,41,16,19,22
RES_1118,3302007,18,7,8,10
RES_1119,3302007,74,30,35,39
RES_1120,3302007,30,12,14,16
RES_1121,3302007,320,132,154,166
RES_1122,3302007,181,65,76,105
RES_1123,3302007,117,45,52,65
RES_1124,3302007,550,213,248,302
RES_1125,3302007,27,11,13,14
RES_1126,3302007,235,94,109,126
RES_1127,3302007,349,144,167,182
RES_1128,3302007,863,346,402,461
RES_1129,3302007,1023,418,486,537
RES_1130,3302007,894,362,421,473
RES_1131,3302007,613,243,283,330
RES_1132,3302007,1228,474,551,677
RES_1133,3302007,393,151,176,217
RES_1134,3302007,544,215,250,294
RES_1135,3302007,278,105,122,156
RES_1136,3302007,330,125,145,185
RES_1137,3302007,387,161,187,200
RES_1138,3302007,240,95,110,130
RES_1139,3302007,317,135,157,160
RES_1140,3302007,183,71,83,100
RES_1141,3302007,267,107,124,143
RES_1142,3302007,207,78,91,116
RES_1143,3302007,523,192,223,300
RES_1144,3302007,455,164,191,264
RES_1145,3302007,20,8,9,11
RES_1146,3302007,81,32,37,44
RES_1147,3302007,62,24,28,34
RES_1148,3302007,114,42,49,65
RES_1149,3302007,50,20,23,27
RES_1150,3302007,49,19,22,27
RES_1151,3302007,61,24,28,33
RES_1152,3302007,123,48,56,67
RES_1153,3302270,1483,484,563,920
RES_1154,3302270,641,183,213,428
RES_1155,3302270,1446,465,541,905
RES_1156,3302270,226,71,83,143
RES_1157,3302270,547,170,198,349
RES_1158,3302270,698,222,258,440
RES_1159,3302270,1291,397,462,829
RES_1160,3302270,540,165,192,348
RES_1161,3302270,895,261,304,591
RES_1162,3302270,1191,363,422,769
RES_1163,3302270,581,165,192,389
RES_1164,3302270,808,240,279,529
RES_1165,3302270,1022,299,348,674
RES_1166,3302270,580,162,188,392
RES_1167,3302270,695,228,265,430
RES_1168,3302270,700,244,284,416
RES_1169,3302270,4342,1298,1509,2833
RES_1170,3302270,2178,649,755,1423
RES_1171,3302270,2252,701,815,1437
RES_1172,3302270,564,157,183,381
RES_1173,3302270,153,51,59,94
RES_1174,3302270,1708,661,769,939
RES_1175,3302270,1473,487,566,907
RES_1176,3302270,114,35,41,73
RES_1177,3302270,715,206,240,475
RES_1178,3302270,526,183,213,313
RES_1179,3302270,1223,374,435,788
RES_1180,3302270,845,259,301,544
RES_1181,3302270,1192,351,408,784
RES_1182,3302270,455,144,167,288
RES_1183,3302270,3354,1004,1168,2186
RES_1184,3302270,443,133,155,288
RES_1185,3302270,2705,813,945,1760
RES_1186,3302270,2353,687,799,1554
RES_1187,3302270,604,178,207,397
RES_1188,3302270,93,29,34,59
RES_1189,3302270,895,256,298,597
RES_1190,3302270,186,52,60,126
RES_1191,3302270,47,14,16,31
RES_1192,3302270,370,94,109,261
RES_1193,3302270,687,187,217,470
RES_1194,3302270,1627,464,540,1087
RES_1195,3302270,1938,597,694,1244
RES_1196,3302270,513,142,165,348
RES_1197,3302270,828,252,293,535
RES_1198,3302270,337,98,114,223
RES_1199,3302270,2643,772,898,1745
RES_1200,3302270,1572,480,558,1014
RES_1201,3302270,2495,734,854,1641
RES_1202,3302270,1431,426,495,936
RES_1203,3302270,1128,336,391,737
RES_1204,3302270,1388,411,478,910
RES_1205,3302270,1138,332,386,752
RES_1206,3302270,1145,330,384,761
RES_1207,3302270,546,156,181,365
RES_1208,3302270,179,58,67,112
RES_1209,3302270,321,101,117,204
RES_1210,3302270,941,298,347,594
RES_1211,3302270,2233,704,819,1414
RES_1212,3302270,475,139,162,313
RES_1213,3302270,1805,542,630,1175
RES_1214,3302270,644,193,224,420
RES_1215,3302270,696,229,266,430
RES_1216,3302270,2286,700,814,1472
RES_1217,3302270,477,153,178,299
RES_1218,3302270,3287,954,1109,2178
RES_1219,3302270,555,165,192,363
RES_1220,3302270,831,240,279,552
RES_1221,3302270,4748,1415,1645,3103
RES_1222,3302270,562,161,187,375
RES_1223,3302270,1421,428,498,923
RES_1224,3302270,477,136,158,319
RES_1225,3302270,672,186,216,456
RES_1226,3302270,38,11,13,25
RES_1227,3302270,657,185,215,442
RES_1228,3302270,270,75,87,183
RES_1229,3302270,252,79,92,160
RES_1230,3302270,292,83,97,195
RES_1231,3302270,363,93,108,255
RES_1232,3302270,396,108,126,270
RES_1233,3302270,503,148,172,331
RES_1234,3302270,662,184,214,448
RES_1235,3302270,799,224,260,539
RES_1236,3302270,609,166,193,416
RES_1237,3302270,1363,395,459,904
RES_1238,3302270,46,14,16,30
RES_1239,3302270,58,17,20,38
RES_1240,3302270,750,254,295,455
RES_1241,3302270,148,39,45,103
RES_1242,3302270,526,147,171,355
RES_1243,3302270,758,259,301,457
RES_1244,3302270,1202,380,442,760
RES_1245,3302270,164,44,51,113
RES_1246,3302270,58,17,20,38
RES_1247,3302270,19,6,7,12
RES_1248,3302270,77,23,27,50
RES_1249,3302270,351,99,115,236
RES_1250,3302270,207,60,70,137
RES_1251,3302270,140,38,44,96
RES_1252,3302270,100,30,35,65
RES_1253,3302270,401,128,149,252
RES_1254,3302270,537,153,178,359
RES_1255,3302270,30,9,10,20
RES_1256,3302270,7,2,2,5
RES_1257,3302270,104,31,36,68
RES_1258,3302270,242,73,85,157
RES_1259,3302502,256,92,107,149
RES_1260,3302502,42,16,19,23
RES_1261,3302502,231,78,91,140
RES_1262,3302502,83,28,33,50
RES_1263,3302502,599,214,249,350
RES_1264,3302502,449,161,187,262
RES_1265,3302502,519,204,237,282
RES_1266,3302502,219,80,93,126
RES_1267,3302502,376,144,167,209
RES_1268,3302502,332,116,135,197
RES_1269,3302502,684,241,280,404
RES_1270,3302502,4,1,1,3
RES_1271,3302502,329,132,154,175
RES_1272,3302502,972,359,417,555
RES_1273,3302502,695,251,292,403
RES_1274,3302502,91,41,48,43
RES_1275,3302502,177,64,74,103
RES_1276,3302502,427,162,188,239
RES_1277,3302502,1007,383,445,562
RES_1278,3302502,1403,543,631,772
RES_1279,3302502,501,184,214,287
RES_1280,3302502,2003,741,862,1141
RES_1281,3302502,2396,857,997,1399
RES_1282,3302502,4793,1833,2132,2661
RES_1283,3302502,1210,463,538,672
RES_1284,3302502,306,118,137,169
RES_1285,3302502,944,359,417,527
RES_1286,3302502,379,130,151,228
RES_1287,3302502,1394,527,613,781
RES_1288,3302502,1941,720,837,1104
RES_1289,3302502,1974,707,822,1152
RES_1290,3302502,1873,702,816,1057
RES_1291,3302502,540,193,224,316
RES_1292,3302502,400,145,169,231
RES_1293,3302502,1281,488,567,714
RES_1294,3302502,1968,729,848,1120
RES_1295,3302502,770,289,336,434
RES_1296,3302502,1830,856,995,835
RES_1297,3302502,856,321,373,483
RES_1298,3302502,2907,1086,1263,1644
RES_1299,3302502,812,311,362,450
RES_1300,3302502,521,199,231,290
RES_1301,3302502,24,9,10,14
RES_1302,3302502,835,321,373,462
RES_1303,3302502,395,130,151,244
RES_1304,3302502,102,38,44,58
RES_1305,3302502,572,212,247,325
RES_1306,3302502,721,270,314,407
RES_1307,3302502,471,186,216,255
RES_1308,3302502,51,19,22,29
RES_1309,3302502,129,45,52,77
RES_1310,3302502,249,93,108,141
RES_1311,3302502,565,213,248,317
RES_1312,3302502,323,110,128,195
RES_1313,3302502,620,235,273,347
RES_1314,3302502,1232,490,570,662
RES_1315,3302502,488,189,220,268
RES_1316,3302502,254,89,104,150
RES_1317,3302502,195,76,88,107
RES_1318,3302502,584,232,270,314
RES_1319,3302502,476,181,210,266
RES_1320,3302502,150,53,62,88
RES_1321,3302502,443,170,198,245
RES_1322,3302502,542,203,236,306
RES_1323,3302502,5,2,2,3
RES_1324,3302502,938,320,372,566
RES_1325,3302502,594,190,221,373
RES_1326,3302502,1076,381,443,633
RES_1327,3302502,321,116,135,186
RES_1328,3302502,43,16,19,24
RES_1329,3302502,1548,535,622,926
RES_1330,3302502,330,109,127,203
RES_1331,3302502,868,280,326,542
RES_1332,3302502,2488,870,1012,1476
RES_1333,3302502,574,200,233,341
RES_1334,3302502,620,212,247,373
RES_1335,3302502,432,145,169,263
RES_1336,3302502,426,152,177,249
RES_1337,3302502,387,146,170,217
RES_1338,3302502,1656,596,693,963
RES_1339,3302502,1804,628,730,1074
RES_1340,3302502,80,24,28,52
RES_1341,3302502,301,104,121,180
RES_1342,3302502,211,81,94,117
RES_1343,3302502,125,42,49,76
RES_1344,3302502,1355,478,556,799
RES_1345,3302502,1838,661,769,1069
RES_1346,3302502,67,25,29,38
RES_1347,3302502,256,82,95,161
RES_1348,3302502,1085,364,423,662
RES_1349,3302502,1495,538,626,869
RES_1350,3302502,4,1,1,3
RES_1351,3302502,197,76,88,109
RES_1352,3302502,478,155,180,298
RES_1353,3302502,688,246,286,402
RES_1354,3302502,106,35,41,65
RES_1355,3302502,7,3,3,4
RES_1356,3302502,136,45,52,84
RES_1357,3302502,1218,426,495,723
RES_1358,3302502,349,122,142,207
RES_1359,3302502,83,31,36,47
RES_1360,3302502,161,47,55,106
RES_1361,3302502,847,286,333,514
RES_1362,3302502,1202,409,476,726
RES_1363,3302502,447,154,179,268
RES_1364,3302502,109,46,53,56
RES_1365,3302502,336,120,140,196
RES_1366,3302502,704,250,291,413
RES_1367,3302502,252,90,105,147
RES_1368,3302502,141,56,65,76
RES_1369,3302502,1444,549,638,806
RES_1370,3302502,1635,598,695,940
RES_1371,3302502,468,170,198,270
RES_1372,3302502,548,206,240,308
RES_1373,3302502,1014,365,424,590
RES_1374,3302502,2744,1037,1206,1538
RES_1375,3302502,2387,965,1122,1265
RES_1376,3302502,1898,739,859,1039
RES_1377,3302502,824,305,355,469
RES_1378,3302502,561,209,243,318
RES_1379,3302502,1638,622,723,915
RES_1380,3302502,2547,957,1113,1434
RES_1381,3302502,1895,720,837,1058
RES_1382,3302502,2315,870,1012,1303
RES_1383,3302502,2532,966,1123,1409
RES_1384,3302502,3096,1177,1369,1727
RES_1385,3302502,4458,1690,1965,2493
RES_1386,3302502,275,94,109,166
RES_1387,3302502,1001,376,437,564
RES_1388,3302502,1706,668,777,929
RES_1389,3302502,3603,1396,1623,1980
RES_1390,3302502,4089,1568,1823,2266
RES_1391,3302502,2383,905,1052,1331
RES_1392,3302502,3340,1291,1501,1839
RES_1393,3302502,3044,1160,1349,1695
RES_1394,3302502,481,172,200,281
RES_1395,3302502,772,279,324,448
RES_1396,3302502,1255,492,572,683
RES_1397,3302502,192,74,86,106
RES_1398,3302502,199,70,81,118
RES_1399,3302502,3677,1391,1618,2059
RES_1400,3302502,4716,1805,2099,2617
RES_1401,3302502,3753,1396,1623,2130
RES_1402,3302502,3016,1144,1330,1686
RES_1403,3302502,2955,1175,1366,1589
RES_1404,3302502,677,264,307,370
RES_1405,3302502,547,190,221,326
RES_1406,3302502,11,5,6,5
RES_1407,3302502,952,355,413,539
RES_1408,3302502,1959,732,851,1108
RES_1409,3302502,4111,1562,1816,2295
RES_1410,3302502,5657,2180,2535,3122
RES_1411,3302502,1652,649,755,897
RES_1412,3302502,694,249,290,404
RES_1413,3302502,382,149,173,209
RES_1414,3302502,998,380,442,556
RES_1415,3302502,2825,1079,1255,1570
RES_1416,3302502,1944,751,873,1071
RES_1417,3302502,572,221,257,315
RES_1418,3302502,1709,651,757,952
RES_1419,3302502,287,102,119,168
RES_1420,3302502,891,328,381,510
RES_1421,3302502,222,84,98,124
RES_1422,3302502,992,394,458,534
RES_1423,3302502,706,261,304,402
RES_1424,3302502,587,216,251,336
RES_1425,3302502,210,80,93,117
RES_1426,3302502,398,155,180,218
RES_1427,3302502,2538,947,1101,1437
RES_1428,3302502,4,1,1,3
RES_1429,3302502,254,92,107,147
RES_1430,3302502,1,0,0,1
RES_1431,3302502,589,225,262,327
RES_1432,3302502,558,209,243,315
RES_1433,3302502,305,116,135,170
RES_1434,3302502,16,6,7,9
RES_1435,3302502,539,187,217,322
RES_1436,3302502,207,72,84,123
RES_1437,3302502,211,76,88,123
RES_1438,3302502,29,11,13,16
RES_1439,3302502,147,60,70,77
RES_1440,3302502,758,295,343,415
RES_1441,3302502,502,176,205,297
RES_1442,3302502,789,313,364,425
RES_1443,3302502,1299,499,580,719
RES_1444,3302502,951,374,435,516
RES_1445,3302502,7,3,3,4
RES_1446,3302502,581,225,262,319
RES_1447,3302502,2657,1020,1186,1471
RES_1448,3302502,1236,485,564,672
RES_1449,3302502,876,328,381,495
RES_1450,3302502,217,73,85,132
RES_1451,3302502,908,352,409,499
RES_1452,3302502,432,170,198,234
RES_1453,3302502,119,43,50,69
RES_1454,3302502,249,98,114,135
RES_1455,3302502,6,2,2,4
RES_1456,3302502,64,24,28,36
RES_1457,3302502,524,189,220,304
RES_1458,3302502,485,189,220,265
RES_1459,3302502,379,146,170,209
RES_1460,3302502,319,129,150,169
RES_1461,3302502,606,226,263,343
RES_1462,3302502,618,237,276,342
RES_1463,3302502,436,172,200,236
RES_1464,3302502,309,123,143,166
RES_1465,3302502,106,40,47,59
RES_1466,3302502,426,160,186,240
RES_1467,3302502,438,174,202,236
RES_1468,3302502,252,99,115,137
RES_1469,3302502,885,348,405,480
RES_1470,3302502,1272,459,534,738
RES_1471,3302502,45,17,20,25
RES_1472,3302502,331,117,136,195
RES_1473,3302502,274,110,128,146
RES_1474,3302502,2010,741,862,1148
RES_1475,3302502,341,124,144,197
RES_1476,3302502,365,139,162,203
RES_1477,3302502,135,51,59,76
RES_1478,3302502,769,298,347,422
RES_1479,3302502,269,95,110,159
RES_1480,3302502,329,119,138,191
RES_1481,3302502,66,28,33,33
RES_1482,3302502,273,101,117,156
RES_1483,3302502,293,112,130,163
RES_1484,3302502,31,12,14,17
RES_1485,3302502,479,183,213,266
RES_1486,3302502,1467,523,608,859
RES_1487,3302502,115,45,52,63
RES_1488,3302502,239,88,102,137
RES_1489,3302502,356,121,141,215
RES_1490,3302502,143,43,50,93
RES_1491,3302502,76,30,35,41
RES_1492,3302502,266,97,113,153
RES_1493,3302502,120,41,48,72
RES_1494,3302502,572,197,229,343
RES_1495,3302502,202,66,77,125
RES_1496,3302502,69,26,30,39
RES_1497,3302502,937,348,405,532
RES_1498,3302502,411,149,173,238
RES_1499,3302502,314,110,128,186
RES_1500,3302502,365,142,165,200
RES_1501,3302502,268,94,109,159
RES_1502,3302502,219,86,100,119
RES_1503,3302502,600,230,267,333
RES_1504,3302502,296,108,126,170
RES_1505,3302502,394,145,169,225
RES_1506,3302601,71,30,33,38
RES_1507,3302601,12,5,6,6
RES_1508,3302601,2,1,1,1
RES_1509,3302601,14,6,7,7
RES_1510,3302601,90,37,41,49
RES_1511,3302601,96,44,49,47
RES_1512,3302601,137,65,72,65
RES_1513,3302601,29,12,13,16
RES_1514,3302601,56,23,25,31
RES_1515,3302601,40,20,22,18
RES_1516,3302601,584,247,274,310
RES_1517,3302601,164,79,88,76
RES_1518,3302700,1,0,0,1
RES_1519,3302700,1141,472,549,592
RES_1520,3302700,934,425,494,440
RES_1521,3302700,123,46,53,70
RES_1522,3302700,595,250,291,304
RES_1523,3302700,2964,1242,1444,1520
RES_1524,3302700,1410,611,711,699
RES_1525,3302700,136,59,69,67
RES_1526,3302700,2485,1058,1230,1255
RES_1527,3302700,1316,591,687,629
RES_1528,3302700,539,223,259,280
RES_1529,3302700,6,3,3,3
RES_1530,3302700,1496,635,738,758
RES_1531,3302700,1836,784,912,924
RES_1532,3302700,35,15,17,18
RES_1533,3302700,13,6,7,6
RES_1534,3302700,304,131,152,152
RES_1535,3302700,708,302,351,357
RES_1536,3302700,899,399,464,435
RES_1537,3302700,1169,526,612,557
RES_1538,3302700,67,29,34,33
RES_1539,3302700,1266,542,630,636
RES_1540,3302700,1055,478,556,499
RES_1541,3302700,140,53,62,78
RES_1542,3302700,367,151,176,191
RES_1543,3302700,1548,672,781,767
RES_1544,3302700,33,14,16,17
RES_1545,3302700,5,2,2,3
RES_1546,3302700,1011,450,523,488
RES_1547,3302700,2036,846,984,1052
RES_1548,3302700,427,198,230,197
RES_1549,3302700,415,172,200,215
RES_1550,3302700,1576,675,785,791
RES_1551,3302700,1054,474,551,503
RES_1552,3302700,650,290,337,313
RES_1553,3302700,163,70,81,82
RES_1554,3302700,97,47,55,42
RES_1555,3302700,119,55,64,55
RES_1556,3302700,368,155,180,188
RES_1557,3302700,474,179,208,266
RES_1558,3302700,2017,889,1034,983
RES_1559,3302700,1191,504,586,605
RES_1560,3302700,990,425,494,496
RES_1561,3302700,2294,1017,1183,1111
RES_1562,3302700,2203,968,1126,1077
RES_1563,3302700,83,36,42,41
RES_1564,3302700,1228,567,659,569
RES_1565,3302700,220,102,119,101
RES_1566,3302700,2,1,1,1
RES_1567,3302700,273,116,135,138
RES_1568,3302700,1583,672,781,802
RES_1569,3302700,591,230,267,324
RES_1570,3302700,1368,578,672,696
RES_1571,3302700,420,181,210,210
RES_1572,3302700,415,171,199,216
RES_1573,3302700,445,183,213,232
RES_1574,3302700,4,1,1,3
RES_1575,3302700,979,413,480,499
RES_1576,3302700,202,91,106,96
RES_1577,3302700,383,180,209,174
RES_1578,3302700,464,218,254,210
RES_1579,3302700,264,113,131,133
RES_1580,3302700,111,49,57,54
RES_1581,3302700,139,61,71,68
RES_1582,3302700,377,153,178,199
RES_1583,3302700,448,208,242,206
RES_1584,3302700,3506,1553,1806,1700
RES_1585,3302700,719,318,370,349
RES_1586,3302700,1586,692,805,781
RES_1587,3302700,54,23,27,27
RES_1588,3302700,1296,585,680,616
RES_1589,3302700,895,392,456,439
RES_1590,3302700,25,11,13,12
RES_1591,3302700,266,115,134,132
RES_1592,3302700,560,244,284,276
RES_1593,3302700,1005,452,526,479
RES_1594,3302700,470,216,251,219
RES_1595,3302700,1044,482,561,483
RES_1596,3302700,1551,659,766,785
RES_1597,3302700,409,179,208,201
RES_1598,3302700,594,259,301,293
RES_1599,3302700,648,282,328,320
RES_1600,3302700,1881,863,1004,877
RES_1601,3302700,2207,945,1099,1108
RES_1602,3302700,759,353,410,349
RES_1603,3302700,1852,789,918,934
RES_1604,3302700,1047,459,534,513
RES_1605,3302700,100,46,53,47
RES_1606,3302700,2997,1313,1527,1470
RES_1607,3302700,1035,436,507,528
RES_1608,3302700,1205,477,555,650
RES_1609,3302700,29,12,14,15
RES_1610,3302700,58,25,29,29
RES_1611,3302700,1031,431,501,530
RES_1612,3302700,5292,2376,2763,2529
RES_1613,3302700,1140,500,581,559
RES_1614,3302700,1070,443,515,555
RES_1615,3302700,740,297,345,395
RES_1616,3302700,680,301,350,330
RES_1617,3302700,1271,529,615,656
RES_1618,3302700,2694,1151,1338,1356
RES_1619,3302700,1131,473,550,581
RES_1620,3302700,1822,775,901,921
RES_1621,3302700,2128,935,1087,1041
RES_1622,3302700,29,12,14,15
RES_1623,3302700,1540,648,754,786
RES_1624,3302700,2605,1084,1261,1344
RES_1625,3302700,837,369,429,408
RES_1626,3302700,1336,558,649,687
RES_1627,3302700,1418,643,748,670
RES_1628,3302700,867,376,437,430
RES_1629,3302700,898,413,480,418
RES_1630,3302700,517,229,266,251
RES_1631,3302700,951,379,441,510
RES_1632,3302700,3304,1466,1705,1599
RES_1633,3302700,555,251,292,263
RES_1634,3302700,96,44,51,45
RES_1635,3302700,327,140,163,164
RES_1636,3302700,469,191,222,247
RES_1637,3302700,1675,701,815,860
RES_1638,3302700,2358,1002,1165,1193
RES_1639,3302700,2296,1030,1198,1098
RES_1640,3302700,280,125,145,135
RES_1641,3302700,237,105,122,115
RES_1642,3302700,2756,1187,1380,1376
RES_1643,3302700,2575,1160,1349,1226
RES_1644,3302700,891,411,478,413
RES_1645,3302700,331,133,155,176
RES_1646,3302700,86,33,38,48
RES_1647,3302700,121,51,59,62
RES_1648,3302700,1608,706,821,787
RES_1649,3302700,1387,639,743,644
RES_1650,3302700,516,242,281,235
RES_1651,3302700,342,131,152,190
RES_1652,3302700,2527,1075,1250,1277
RES_1653,3302700,1348,611,711,637
RES_1654,3302700,617,274,319,298
RES_1655,3302700,2019,893,1038,981
RES_1656,3302700,1179,531,617,562
RES_1657,3302700,212,99,115,97
RES_1658,3302700,1113,453,527,586
RES_1659,3302700,632,282,328,304
RES_1660,3302700,592,264,307,285
RES_1661,3302700,1675,761,885,790
RES_1662,3302700,468,217,252,216
RES_1663,3302700,1041,462,537,504
RES_1664,3302700,618,272,316,302
RES_1665,3302700,685,311,362,323
RES_1666,3302809,3,2,2,1
RES_1667,3302858,2475,878,1021,1454
RES_1668,3302858,5932,2107,2450,3482
RES_1669,3302858,4662,1646,1914,2748
RES_1670,3302858,567,196,228,339
RES_1671,3302858,95,33,38,57
RES_1672,3302858,773,282,328,445
RES_1673,3302858,6036,2140,2489,3547
RES_1674,3302858,3372,1182,1375,1997
RES_1675,3302858,1050,374,435,615
RES_1676,3302858,928,327,380,548
RES_1677,3302858,10198,3689,4290,5908
RES_1678,3302858,7109,2574,2993,4116
RES_1679,3302858,3329,1212,1409,1920
RES_1680,3302858,4441,1575,1832,2609
RES_1681,3302858,85,29,34,51
RES_1682,3302858,366,131,152,214
RES_1683,3302858,3593,1276,1484,2109
RES_1684,3302858,5523,1963,2283,3240
RES_1685,3302858,1132,407,473,659
RES_1686,3302858,150,56,65,85
RES_1687,3302858,943,350,407,536
RES_1688,3302858,2541,896,1042,1499
RES_1689,3302858,752,279,324,428
RES_1690,3302858,1781,627,729,1052
RES_1691,3302858,173,65,76,97
RES_1692,3302858,5504,1995,2320,3184
RES_1693,3302858,3750,1394,1621,2129
RES_1694,3302858,1984,712,828,1156
RES_1695,3302858,622,215,250,372
RES_1696,3302858,3896,1392,1619,2277
RES_1697,3302858,9443,3388,3940,5503
RES_1698,3302858,381,139,162,219
RES_1699,3302858,180,60,70,110
RES_1700,3302858,2230,802,933,1297
RES_1701,3302858,1763,646,751,1012
RES_1702,3302858,474,190,221,253
RES_1703,3302858,6563,2376,2763,3800
RES_1704,3302858,888,325,378,510
RES_1705,3302858,2585,956,1112,1473
RES_1706,3302858,2178,772,898,1280
RES_1707,3302858,1435,500,581,854
RES_1708,3302858,133,35,41,92
RES_1709,3302858,2809,986,1147,1662
RES_1710,3302858,1005,352,409,596
RES_1711,3302858,565,214,249,316
RES_1712,3302858,991,346,402,589
RES_1713,3302858,3528,1293,1504,2024
RES_1714,3302858,4603,1659,1929,2674
RES_1715,3302858,777,281,327,450
RES_1716,3302858,2227,801,931,1296
RES_1717,3302858,1130,396,460,670
RES_1718,3302858,1844,681,792,1052
RES_1719,3302858,2099,829,964,1135
RES_1720,3302858,57,20,23,34
RES_1721,3302858,5799,2184,2540,3259
RES_1722,3302858,338,126,147,191
RES_1723,3302858,215,79,92,123
RES_1724,3302858,722,259,301,421
RES_1725,3302858,2180,759,883,1297
RES_1726,3302858,1211,478,556,655
RES_1727,3302858,807,292,340,467
RES_1728,3302858,2612,938,1091,1521
RES_1729,3302858,1351,458,533,818
RES_1730,3302858,2240,824,958,1282
RES_1731,3302858,4701,1687,1962,2739
RES_1732,3302858,343,123,143,200
RES_1733,3302858,3036,1088,1265,1771
RES_1734,3302858,2461,869,1011,1450
RES_1735,3302858,5417,1970,2291,3126
RES_1736,3302858,44,16,19,25
RES_1737,3302908,295,127,141,154
RES_1738,3302908,17,9,10,7
RES_1739,3303203,2356,844,981,1375
RES_1740,3303203,3888,1477,1718,2170
RES_1741,3303203,4265,1685,1959,2306
RES_1742,3303203,6748,2616,3042,3706
RES_1743,3303203,442,174,202,240
RES_1744,3303203,1027,411,478,549
RES_1745,3303203,1532,583,678,854
RES_1746,3303203,689,243,283,406
RES_1747,3303203,6488,2514,2923,3565
RES_1748,3303203,740,296,344,396
RES_1749,3303203,460,176,205,255
RES_1750,3303203,415,158,184,231
RES_1751,3303203,827,333,387,440
RES_1752,3303203,1175,469,545,630
RES_1753,3303203,902,350,407,495
RES_1754,3303203,4245,1673,1945,2300
RES_1755,3303203,663,289,336,327
RES_1756,3303203,955,382,444,511
RES_1757,3303203,5557,2159,2511,3046
RES_1758,3303203,1267,500,581,686
RES_1759,3303203,834,325,378,456
RES_1760,3303203,412,147,171,241
RES_1761,3303203,798,316,367,431
RES_1762,3303203,3169,1244,1447,1722
RES_1763,3303203,1824,698,812,1012
RES_1764,3303203,6048,2307,2683,3365
RES_1765,3303203,813,311,362,451
RES_1766,3303203,4179,1576,1833,2346
RES_1767,3303203,1231,475,552,679
RES_1768,3303203,532,209,243,289
RES_1769,3303203,3897,1537,1787,2110
RES_1770,3303203,5140,1988,2312,2828
RES_1771,3303203,1267,497,578,689
RES_1772,3303203,7472,2907,3380,4092
RES_1773,3303203,5192,2038,2370,2822
RES_1774,3303203,1211,474,551,660
RES_1775,3303203,3956,1532,1782,2174
RES_1776,3303203,860,333,387,473
RES_1777,3303203,4297,1652,1921,2376
RES_1778,3303203,2542,963,1120,1422
RES_1779,3303203,1973,756,879,1094
RES_1780,3303203,307,110,128,179
RES_1781,3303203,393,171,199,194
RES_1782,3303203,1967,773,899,1068
RES_1783,3303203,6448,2504,2912,3536
RES_1784,3303203,974,378,440,534
RES_1785,3303203,176,73,85,91
RES_1786,3303203,1793,688,800,993
RES_1787,3303203,1400,393,457,943
RES_1788,3303203,7575,2982,3468,4107
RES_1789,3303203,2759,1044,1214,1545
RES_1790,3303203,3581,1384,1609,1972
RES_1791,3303203,5121,1976,2298,2823
RES_1792,3303203,2558,990,1151,1407
RES_1793,3303203,696,275,320,376
RES_1794,3303203,433,156,181,252
RES_1795,3303203,1217,488,567,650
RES_1796,3303203,2403,901,1048,1355
RES_1797,3303203,766,323,376,390
RES_1798,3303203,3919,1515,1762,2157
RES_1799,3303302,2482,1211,1408,1074
RES_1800,3303302,367,158,184,183
RES_1801,3303302,504,269,313,191
RES_1802,3303302,459,216,251,208
RES_1803,3303302,1202,548,637,565
RES_1804,3303302,401,194,226,175
RES_1805,3303302,617,302,351,266
RES_1806,3303302,1023,518,602,421
RES_1807,3303302,42,20,23,19
RES_1808,3303302,1945,1003,1166,779
RES_1809,3303302,21,10,12,9
RES_1810,3303302,660,318,370,290
RES_1811,3303302,1177,578,672,505
RES_1812,3303302,490,239,278,212
RES_1813,3303302,784,361,420,364
RES_1814,3303302,539,244,284,255
RES_1815,3303302,3722,1690,1965,1757
RES_1816,3303302,2220,986,1147,1073
RES_1817,3303302,3618,1750,2035,1583
RES_1818,3303302,3306,1645,1913,1393
RES_1819,3303302,100,47,55,45
RES_1820,3303302,2864,1410,1640,1224
RES_1821,3303302,21,10,12,9
RES_1822,3303302,586,283,329,257
RES_1823,3303302,560,300,349,211
RES_1824,3303302,379,187,217,162
RES_1825,3303302,577,250,291,286
RES_1826,3303302,994,470,547,447
RES_1827,3303302,373,168,195,178
RES_1828,3303302,103,49,57,46
RES_1829,3303302,660,316,367,293
RES_1830,3303302,1286,668,777,509
RES_1831,3303302,212,107,124,88
RES_1832,3303302,737,384,447,290
RES_1833,3303302,722,357,415,307
RES_1834,3303302,2462,1160,1349,1113
RES_1835,3303302,98,57,66,32
RES_1836,3303302,1256,637,741,515
RES_1837,3303302,1113,488,567,546
RES_1838,3303302,1145,523,608,537
RES_1839,3303302,1147,531,617,530
RES_1840,3303302,2732,1302,1514,1218
RES_1841,3303302,42,20,23,19
RES_1842,3303302,523,276,321,202
RES_1843,3303302,899,483,562,337
RES_1844,3303302,345,153,178,167
RES_1845,3303302,542,283,329,213
RES_1846,3303302,737,348,405,332
RES_1847,3303302,197,100,116,81
RES_1848,3303302,356,176,205,151
RES_1849,3303302,1726,840,977,749
RES_1850,3303302,922,452,526,396
RES_1851,3303302,2061,1024,1191,870
RES_1852,3303302,458,212,247,211
RES_1853,3303302,576,288,335,241
RES_1854,3303302,469,247,287,182
RES_1855,3303302,560,253,294,266
RES_1856,3303302,794,364,423,371
RES_1857,3303302,2143,1037,1206,937
RES_1858,3303302,474,239,278,196
RES_1859,3303302,1893,922,1072,821
RES_1860,3303302,494,217,252,242
RES_1861,3303302,250,135,157,93
RES_1862,3303302,83,39,45,38
RES_1863,3303302,416,212,247,169
RES_1864,3303302,349,178,207,142
RES_1865,3303302,59,28,33,26
RES_1866,3303302,455,224,260,195
RES_1867,3303302,129,66,77,52
RES_1868,3303302,358,173,201,157
RES_1869,3303302,343,162,188,155
RES_1870,3303302,2599,1277,1485,1114
RES_1871,3303302,4348,2180,2535,1813
RES_1872,3303302,4072,1995,2320,1752
RES_1873,3303302,3492,1696,1972,1520
RES_1874,3303302,1028,576,670,358
RES_1875,3303302,1023,554,644,379
RES_1876,3303302,1033,521,606,427
RES_1877,3303302,873,449,522,351
RES_1878,3303302,698,302,351,347
RES_1879,3303302,3345,1583,1841,1504
RES_1880,3303302,185,94,109,76
RES_1881,3303302,4382,2208,2568,1814
RES_1882,3303302,1026,517,601,425
RES_1883,3303302,2664,1352,1572,1092
RES_1884,3303302,1884,919,1069,815
RES_1885,3303302,2335,1065,1238,1097
RES_1886,3303302,419,201,234,185
RES_1887,3303302,81,39,45,36
RES_1888,3303302,413,191,222,191
RES_1889,3303302,376,191,222,154
RES_1890,3303302,146,76,88,58
RES_1891,3303302,2896,1341,1559,1337
RES_1892,3303302,3641,1699,1976,1665
RES_1893,3303302,2079,956,1112,967
RES_1894,3303302,12,6,7,5
RES_1895,3303302,601,287,334,267
RES_1896,3303302,1180,554,644,536
RES_1897,3303302,537,253,294,243
RES_1898,3303302,571,282,328,243
RES_1899,3303302,898,409,476,422
RES_1900,3303302,712,335,390,322
RES_1901,3303302,1241,600,698,543
RES_1902,3303302,105,48,56,49
RES_1903,3303302,1114,521,606,508
RES_1904,3303302,458,202,235,223
RES_1905,3303302,655,313,364,291
RES_1906,3303302,39,18,21,18
RES_1907,3303302,458,208,242,216
RES_1908,3303302,126,64,74,52
RES_1909,3303302,1474,705,820,654
RES_1910,3303302,3204,1637,1904,1300
RES_1911,3303302,2698,1350,1570,1128
RES_1912,3303302,2071,985,1145,926
RES_1913,3303302,1308,628,730,578
RES_1914,3303302,409,202,235,174
RES_1915,3303302,708,361,420,288
RES_1916,3303302,351,179,208,143
RES_1917,3303302,5,2,2,3
RES_1918,3303302,15,7,8,7
RES_1919,3303302,2143,1111,1292,851
RES_1920,3303302,985,483,562,423
RES_1921,3303302,655,322,374,281
RES_1922,3303302,338,159,185,153
RES_1923,3303302,6663,3132,3642,3021
RES_1924,3303302,1148,558,649,499
RES_1925,3303302,5530,2566,2984,2546
RES_1926,3303302,3047,1471,1711,1336
RES_1927,3303302,8431,3854,4482,3949
RES_1928,3303302,3264,1542,1793,1471
RES_1929,3303302,545,264,307,238
RES_1930,3303302,2347,1060,1233,1114
RES_1931,3303302,2586,1172,1363,1223
RES_1932,3303302,359,181,210,149
RES_1933,3303302,1397,688,800,597
RES_1934,3303302,764,364,423,341
RES_1935,3303302,976,479,557,419
RES_1936,3303302,560,264,307,253
RES_1937,3303302,73,38,44,29
RES_1938,3303302,279,140,163,116
RES_1939,3303302,925,452,526,399
RES_1940,3303302,473,245,285,188
RES_1941,3303302,419,193,224,195
RES_1942,3303302,313,153,178,135
RES_1943,3303302,137,62,72,65
RES_1944,3303302,572,260,302,270
RES_1945,3303302,489,234,272,217
RES_1946,3303302,588,284,330,258
RES_1947,3303302,215,100,116,99
RES_1948,3303302,2948,1428,1661,1287
RES_1949,3303302,232,109,127,105
RES_1950,3303302,699,343,399,300
RES_1951,3303302,250,123,143,107
RES_1952,3303302,13733,5733,6667,7066
RES_1953,3303302,17543,7120,8280,9263
RES_1954,3303302,20681,8796,10229,10452
RES_1955,3303302,3616,1838,2137,1479
RES_1956,3303302,8858,4180,4861,3997
RES_1957,3303302,11392,5150,5989,5403
RES_1958,3303302,1341,660,767,574
RES_1959,3303302,83,39,45,38
RES_1960,3303302,519,247,287,232
RES_1961,3303302,1526,690,802,724
RES_1962,3303302,1978,939,1092,886
RES_1963,3303302,1696,838,974,722
RES_1964,3303302,12392,5670,6593,5799
RES_1965,3303302,1280,603,701,579
RES_1966,3303302,534,267,310,224
RES_1967,3303302,918,486,565,353
RES_1968,3303302,411,185,215,196
RES_1969,3303302,496,196,228,268
RES_1970,3303302,1302,607,706,596
RES_1971,3303302,166,90,105,61
RES_1972,3303302,34,16,19,15
RES_1973,3303302,196,111,129,67
RES_1974,3303302,1493,698,812,681
RES_1975,3303302,1640,732,851,789
RES_1976,3303302,1717,833,969,748
RES_1977,3303302,1721,795,924,797
RES_1978,3303302,895,413,480,415
RES_1979,3303302,220,97,113,107
RES_1980,3303302,1391,700,814,577
RES_1981,3303302,2148,1011,1176,972
RES_1982,3303302,106,50,58,48
RES_1983,3303302,747,383,445,302
RES_1984,3303302,1100,563,655,445
RES_1985,3303302,152,70,81,71
RES_1986,3303302,871,401,466,405
RES_1987,3303302,867,436,507,360
RES_1988,3303302,683,341,397,286
RES_1989,3303302,78,37,43,35
RES_1990,3303302,320,152,177,143
RES_1991,3303302,478,250,291,187
RES_1992,3303302,1158,542,630,528
RES_1993,3303302,423,225,262,161
RES_1994,3303302,401,191,222,179
RES_1995,3303302,129,61,71,58
RES_1996,3303302,81,37,43,38
RES_1997,3303302,427,187,217,210
RES_1998,3303302,983,456,530,453
RES_1999,3303302,173,88,102,71
RES_2000,3303302,720,341,397,323
RES_2001,3303302,856,425,494,362
RES_2002,3303302,1223,594,691,532
RES_2003,3303302,1515,699,813,702
RES_2004,3303302,757,349,406,351
RES_2005,3303302,358,173,201,157
RES_2006,3303302,735,347,404,331
RES_2007,3303302,850,449,522,328
RES_2008,3303302,721,364,423,298
RES_2009,3303302,590,309,359,231
RES_2010,3303302,329,168,195,134
RES_2011,3303302,592,289,336,256
RES_2012,3303302,373,188,219,154
RES_2013,3303302,796,394,458,338
RES_2014,3303302,526,265,308,218
RES_2015,3303302,272,145,169,103
RES_2016,3303302,1931,934,1086,845
RES_2017,3303302,1120,532,619,501
RES_2018,3303302,206,111,129,77
RES_2019,3303302,797,390,454,343
RES_2020,3303302,152,72,84,68
RES_2021,3303302,703,371,431,272
RES_2022,3303302,878,420,488,390
RES_2023,3303302,1198,565,657,541
RES_2024,3303302,1725,814,947,778
RES_2025,3303302,977,457,531,446
RES_2026,3303302,559,263,306,253
RES_2027,3303302,235,120,140,95
RES_2028,3303302,211,93,108,103
RES_2029,3303302,72,34,40,32
RES_2030,3303302,279,144,167,112
RES_2031,3303302,493,243,283,210
RES_2032,3303302,673,333,387,286
RES_2033,3303302,435,220,256,179
RES_2034,3303302,589,285,331,258
RES_2035,3303302,1414,732,851,563
RES_2036,3303302,33,15,17,16
RES_2037,3303302,272,129,150,122
RES_2038,3303302,360,179,208,152
RES_2039,3303302,141,69,80,61
RES_2040,3303302,3,1,1,2
RES_2041,3303302,239,116,135,104
RES_2042,3303302,25,12,14,11
RES_2043,3303302,1513,711,827,686
RES_2044,3303302,1776,809,941,835
RES_2045,3303302,46,22,26,20
RES_2046,3303302,1670,802,933,737
RES_2047,3303302,1375,593,690,685
RES_2048,3303302,90,44,51,39
RES_2049,3303302,1298,593,690,608
RES_2050,3303302,1196,554,644,552
RES_2051,3303302,1313,612,712,601
RES_2052,3303302,1580,778,905,675
RES_2053,3303302,723,317,369,354
RES_2054,3303302,567,279,324,243
RES_2055,3303302,1372,645,750,622
RES_2056,3303302,1586,763,887,699
RES_2057,3303302,574,272,316,258
RES_2058,3303302,1034,450,523,511
RES_2059,3303302,1031,536,623,408
RES_2060,3303302,837,428,498,339
RES_2061,3303302,647,315,366,281
RES_2062,3303302,602,297,345,257
RES_2063,3303302,997,532,619,378
RES_2064,3303302,777,375,436,341
RES_2065,3303302,247,115,134,113
RES_2066,3303302,2891,1300,1512,1379
RES_2067,3303302,348,174,202,146
RES_2068,3303302,1394,679,790,604
RES_2069,3303302,39,18,21,18
RES_2070,3303302,3,1,1,2
RES_2071,3303302,767,369,429,338
RES_2072,3303302,834,395,459,375
RES_2073,3303302,292,145,169,123
RES_2074,3303302,1684,828,963,721
RES_2075,3303302,140,70,81,59
RES_2076,3303302,343,167,194,149
RES_2077,3303302,1043,523,608,435
RES_2078,3303302,92,47,55,37
RES_2079,3303302,2088,999,1162,926
RES_2080,3303302,2366,1160,1349,1017
RES_2081,3303302,233,109,127,106
RES_2082,3303302,304,150,174,130
RES_2083,3303302,1755,813,945,810
RES_2084,3303302,3699,1791,2083,1616
RES_2085,3303302,271,145,169,102
RES_2086,3303302,1088,560,651,437
RES_2087,3303302,500,220,256,244
RES_2088,3303302,9982,4703,5469,4513
RES_2089,3303302,6225,2925,3401,2824
RES_2090,3303302,9630,4602,5351,4279
RES_2091,3303302,1625,792,921,704
RES_2092,3303302,955,442,514,441
RES_2093,3303302,2434,1135,1320,1114
RES_2094,3303302,78,37,43,35
RES_2095,3303302,399,214,249,150
RES_2096,3303302,563,272,316,247
RES_2097,3303302,676,331,385,291
RES_2098,3303302,215,106,123,92
RES_2099,3303302,188,98,114,74
RES_2100,3303302,642,335,390,252
RES_2101,3303302,2056,1027,1194,862
RES_2102,3303302,655,322,374,281
RES_2103,3303302,493,245,285,208
RES_2104,3303302,991,503,585,406
RES_2105,3303302,220,104,121,99
RES_2106,3303302,266,125,145,121
RES_2107,3303302,94,37,43,51
RES_2108,3303302,262,130,151,111
RES_2109,3303302,476,168,195,281
RES_2110,3303302,3100,1289,1499,1601
RES_2111,3303302,419,179,208,211
RES_2112,3303302,2322,994,1156,1166
RES_2113,3303302,793,354,412,381
RES_2114,3303302,424,208,242,182
RES_2115,3303302,154,78,91,63
RES_2116,3303302,664,322,374,290
RES_2117,3303302,548,284,330,218
RES_2118,3303302,1780,850,988,792
RES_2119,3303302,1939,894,1040,899
RES_2120,3303302,1080,499,580,500
RES_2121,3303302,1274,603,701,573
RES_2122,3303302,185,90,105,80
RES_2123,3303302,308,141,164,144
RES_2124,3303302,884,410,477,407
RES_2125,3303302,1285,621,722,563
RES_2126,3303302,459,235,273,186
RES_2127,3303302,362,179,208,154
RES_2128,3303302,477,239,278,199
RES_2129,3303302,486,240,279,207
RES_2130,3303302,569,275,320,249
RES_2131,3303302,259,124,144,115
RES_2132,3303302,273,130,151,122
RES_2133,3303302,1411,707,822,589
RES_2134,3303302,1800,828,963,837
RES_2135,3303302,858,412,479,379
RES_2136,3303302,132,67,78,54
RES_2137,3303302,241,126,147,94
RES_2138,3303302,2,1,1,1
RES_2139,3303302,19,9,10,9
RES_2140,3303302,82,45,52,30
RES_2141,3303302,790,394,458,332
RES_2142,3303302,5,2,2,3
RES_2143,3303302,812,381,443,369
RES_2144,3303302,454,224,260,194
RES_2145,3303302,635,335,390,245
RES_2146,3303302,378,175,204,174
RES_2147,3303302,1577,754,877,700
RES_2148,3303302,243,118,137,106
RES_2149,3303302,349,165,192,157
RES_2150,3303302,314,146,170,144
RES_2151,3303302,435,232,270,165
RES_2152,3303302,344,160,186,158
RES_2153,3303302,29,14,16,13
RES_2154,3303302,398,191,222,176
RES_2155,3303302,241,113,131,110
RES_2156,3303302,70,33,38,32
RES_2157,3303302,25,12,14,11
RES_2158,3303302,670,323,376,294
RES_2159,3303302,480,237,276,204
RES_2160,3303302,123,67,78,45
RES_2161,3303302,1336,628,730,606
RES_2162,3303302,332,158,184,148
RES_2163,3303302,402,174,202,200
RES_2164,3303302,497,265,308,189
RES_2165,3303302,835,435,506,329
RES_2166,3303302,729,382,444,285
RES_2167,3303302,598,293,341,257
RES_2168,3303302,633,309,359,274
RES_2169,3303302,408,175,204,204
RES_2170,3303302,321,149,173,148
RES_2171,3303302,344,156,181,163
RES_2172,3303302,1183,553,643,540
RES_2173,3303302,633,307,357,276
RES_2174,3303302,498,224,260,238
RES_2175,3303302,1021,485,564,457
RES_2176,3303302,1080,491,571,509
RES_2177,3303302,824,345,401,423
RES_2178,3303302,229,116,135,94
RES_2179,3303302,1046,462,537,509
RES_2180,3303302,642,292,340,302
RES_2181,3303302,414,198,230,184
RES_2182,3303302,384,176,205,179
RES_2183,3303302,442,191,222,220
RES_2184,3303302,2842,1254,1458,1384
RES_2185,3303302,2704,1232,1433,1271
RES_2186,3303302,2409,1152,1340,1069
RES_2187,3303302,1352,635,738,614
RES_2188,3303302,451,262,305,146
RES_2189,3303302,128,60,70,58
RES_2190,3303302,575,295,343,232
RES_2191,3303302,2548,1178,1370,1178
RES_2192,3303302,2162,1044,1214,948
RES_2193,3303302,559,279,324,235
RES_2194,3303302,153,78,91,62
RES_2195,3303302,2738,1295,1506,1232
RES_2196,3303302,533,244,284,249
RES_2197,3303302,756,355,413,343
RES_2198,3303302,10,5,6,4
RES_2199,3303302,639,269,313,326
RES_2200,3303302,521,234,272,249
RES_2201,3303500,2792,1052,1223,1569
RES_2202,3303500,760,286,333,427
RES_2203,3303500,6538,2392,2782,3756
RES_2204,3303500,1317,467,543,774
RES_2205,3303500,3012,1059,1231,1781
RES_2206,3303500,3469,1240,1442,2027
RES_2207,3303500,2945,1065,1238,1707
RES_2208,3303500,918,320,372,546
RES_2209,3303500,3256,1117,1299,1957
RES_2210,3303500,583,208,242,341
RES_2211,3303500,216,80,93,123
RES_2212,3303500,1995,683,794,1201
RES_2213,3303500,1101,408,474,627
RES_2214,3303500,1258,451,524,734
RES_2215,3303500,309,115,134,175
RES_2216,3303500,557,191,222,335
RES_2217,3303500,1610,558,649,961
RES_2218,3303500,2830,983,1143,1687
RES_2219,3303500,312,106,123,189
RES_2220,3303500,1922,695,808,1114
RES_2221,3303500,993,365,424,569
RES_2222,3303500,198,73,85,113
RES_2223,3303500,181,61,71,110
RES_2224,3303500,1631,581,676,955
RES_2225,3303500,697,244,284,413
RES_2226,3303500,2377,860,1000,1377
RES_2227,3303500,683,234,272,411
RES_2228,3303500,1475,543,631,844
RES_2229,3303500,176,68,79,97
RES_2230,3303500,1563,581,676,887
RES_2231,3303500,1983,733,852,1131
RES_2232,3303500,3166,1203,1399,1767
RES_2233,3303500,5170,1926,2240,2930
RES_2234,3303500,1401,522,607,794
RES_2235,3303500,2358,859,999,1359
RES_2236,3303500,4465,1683,1957,2508
RES_2237,3303500,2769,987,1148,1621
RES_2238,3303500,948,343,399,549
RES_2239,3303500,2091,782,909,1182
RES_2240,3303500,345,120,140,205
RES_2241,3303500,4871,1768,2056,2815
RES_2242,3303500,1594,542,630,964
RES_2243,3303500,2468,877,1020,1448
RES_2244,3303500,102,34,40,62
RES_2245,3303500,196,76,88,108
RES_2246,3303500,764,281,327,437
RES_2247,3303500,1746,662,770,976
RES_2248,3303500,4037,1507,1752,2285
RES_2249,3303500,587,223,259,328
RES_2250,3303500,1118,399,464,654
RES_2251,3303500,726,268,312,414
RES_2252,3303500,1419,509,592,827
RES_2253,3303500,531,204,237,294
RES_2254,3303500,1122,413,480,642
RES_2255,3303500,1042,385,448,594
RES_2256,3303500,531,203,236,295
RES_2257,3303500,694,275,320,374
RES_2258,3303500,3919,1424,1656,2263
RES_2259,3303500,430,160,186,244
RES_2260,3303500,550,186,216,334
RES_2261,3303500,982,352,409,573
RES_2262,3303500,2158,800,930,1228
RES_2263,3303500,356,126,147,209
RES_2264,3303500,5132,1915,2227,2905
RES_2265,3303500,2048,741,862,1186
RES_2266,3303500,605,222,258,347
RES_2267,3303500,1910,698,812,1098
RES_2268,3303500,645,219,255,390
RES_2269,3303500,4970,1857,2159,2811
RES_2270,3303500,447,156,181,266
RES_2271,3303500,1442,529,615,827
RES_2272,3303500,2165,805,936,1229
RES_2273,3303500,1613,616,716,897
RES_2274,3303500,4879,1855,2157,2722
RES_2275,3303500,994,379,441,553
RES_2276,3303500,802,364,423,379
RES_2277,3303500,3897,1428,1661,2236
RES_2278,3303500,5316,1997,2322,2994
RES_2279,3303500,1807,672,781,1026
RES_2280,3303500,821,318,370,451
RES_2281,3303500,782,334,388,394
RES_2282,3303500,6617,2550,2965,3652
RES_2283,3303500,568,197,229,339
RES_2284,3303500,788,317,369,419
RES_2285,3303500,769,284,330,439
RES_2286,3303500,2249,909,1057,1192
RES_2287,3303500,1349,484,563,786
RES_2288,3303500,1622,557,648,974
RES_2289,3303500,1713,616,716,997
RES_2290,3303500,1939,705,820,1119
RES_2291,3303500,2120,765,890,1230
RES_2292,3303500,1497,546,635,862
RES_2293,3303500,453,168,195,258
RES_2294,3303500,4372,1583,1841,2531
RES_2295,3303500,540,202,235,305
RES_2296,3303500,3295,1277,1485,1810
RES_2297,3303500,719,252,293,426
RES_2298,3303500,7181,2636,3065,4116
RES_2299,3303500,2229,822,956,1273
RES_2300,3303500,5563,2190,2547,3016
RES_2301,3303500,361,132,154,207
RES_2302,3303500,701,259,301,400
RES_2303,3303500,3711,1423,1655,2056
RES_2304,3303500,1806,676,786,1020
RES_2305,3303500,3722,1353,1573,2149
RES_2306,3303500,2801,1054,1226,1575
RES_2307,3303500,699,260,302,397
RES_2308,3303500,1859,668,777,1082
RES_2309,3303500,1103,416,484,619
RES_2310,3303500,518,192,223,295
RES_2311,3303500,466,185,215,251
RES_2312,3303500,1535,557,648,887
RES_2313,3303500,753,276,321,432
RES_2314,3303500,3524,1282,1491,2033
RES_2315,3303500,1380,523,608,772
RES_2316,3303500,1614,608,707,907
RES_2317,3303500,4207,1584,1842,2365
RES_2318,3303500,5302,1945,2262,3040
RES_2319,3303500,502,185,215,287
RES_2320,3303500,804,311,362,442
RES_2321,3303500,415,158,184,231
RES_2322,3303500,399,154,179,220
RES_2323,3303500,693,250,291,402
RES_2324,3303500,1329,465,541,788
RES_2325,3303500,5997,2266,2635,3362
RES_2326,3303500,898,334,388,510
RES_2327,3303500,431,153,178,253
RES_2328,3303500,4570,1706,1984,2586
RES_2329,3303500,2723,986,1147,1576
RES_2330,3303500,668,245,285,383
RES_2331,3303500,180,77,90,90
RES_2332,3303500,2041,761,885,1156
RES_2333,3303500,548,200,233,315
RES_2334,3303500,646,237,276,370
RES_2335,3303500,1943,712,828,1115
RES_2336,3303500,1372,510,593,779
RES_2337,3303500,3259,1217,1415,1844
RES_2338,3303500,7407,2764,3214,4193
RES_2339,3303500,736,275,320,416
RES_2340,3303500,786,302,351,435
RES_2341,3303500,2639,984,1144,1495
RES_2342,3303500,1113,419,487,626
RES_2343,3303500,284,105,122,162
RES_2344,3303500,459,186,216,243
RES_2345,3303500,243,93,108,135
RES_2346,3303500,458,161,187,271
RES_2347,3303500,3393,1261,1466,1927
RES_2348,3303500,598,231,269,329
RES_2349,3303500,197,76,88,109
RES_2350,3303500,499,190,221,278
RES_2351,3303500,6468,2375,2762,3706
RES_2352,3303500,3756,1360,1581,2175
RES_2353,3303500,4350,1600,1861,2489
RES_2354,3303500,3906,1392,1619,2287
RES_2355,3303500,2070,783,911,1159
RES_2356,3303500,2382,859,999,1383
RES_2357,3303500,1771,639,743,1028
RES_2358,3303500,2534,1013,1178,1356
RES_2359,3303500,4204,1572,1828,2376
RES_2360,3303500,704,277,322,382
RES_2361,3303500,926,356,414,512
RES_2362,3303500,4607,1894,2202,2405
RES_2363,3303500,1056,400,465,591
RES_2364,3303500,6833,2653,3085,3748
RES_2365,3303500,787,306,356,431
RES_2366,3303500,845,302,351,494
RES_2367,3303500,565,206,240,325
RES_2368,3303500,1111,420,488,623
RES_2369,3303500,508,192,223,285
RES_2370,3303500,2675,1009,1173,1502
RES_2371,3303500,173,62,72,101
RES_2372,3303500,795,293,341,454
RES_2373,3303500,665,234,272,393
RES_2374,3303500,3045,1200,1395,1650
RES_2375,3303500,6886,2634,3063,3823
RES_2376,3303500,3177,1194,1388,1789
RES_2377,3303500,1215,454,528,687
RES_2378,3303500,2283,860,1000,1283
RES_2379,3303500,674,249,290,384
RES_2380,3303500,1467,547,636,831
RES_2381,3303500,674,249,290,384
RES_2382,3303500,3729,1415,1645,2084
RES_2383,3303500,4852,1770,2058,2794
RES_2384,3303500,2098,823,957,1141
RES_2385,3303500,288,122,142,146
RES_2386,3303500,502,194,226,276
RES_2387,3303500,162,59,69,93
RES_2388,3303500,5429,2058,2393,3036
RES_2389,3303500,716,268,312,404
RES_2390,3303500,3149,1239,1441,1708
RES_2391,3303500,454,179,208,246
RES_2392,3303500,549,192,223,326
RES_2393,3303500,772,274,319,453
RES_2394,3303500,2774,1070,1244,1530
RES_2395,3303500,817,318,370,447
RES_2396,3303500,4059,1561,1815,2244
RES_2397,3303500,2429,954,1109,1320
RES_2398,3303500,573,215,250,323
RES_2399,3303500,885,337,392,493
RES_2400,3303500,1243,456,530,713
RES_2401,3303500,1174,441,513,661
RES_2402,3303500,1376,520,605,771
RES_2403,3303500,1672,648,754,918
RES_2404,3303500,4339,1617,1880,2459
RES_2405,3303500,3065,1153,1341,1724
RES_2406,3303500,1780,661,769,1011
RES_2407,3303500,4507,1688,1963,2544
RES_2408,3303500,4209,1559,1813,2396
RES_2409,3303500,3300,1262,1468,1832
RES_2410,3303500,791,304,354,437
RES_2411,3303500,974,366,426,548
RES_2412,3303500,455,168,195,260
RES_2413,3303500,194,72,84,110
RES_2414,3303500,396,143,166,230
RES_2415,3303500,256,88,102,154
RES_2416,3303500,2535,964,1121,1414
RES_2417,3303500,938,341,397,541
RES_2418,3303500,2255,852,991,1264
RES_2419,3303500,1936,725,843,1093
RES_2420,3303500,3720,1456,1693,2027
RES_2421,3303500,2016,779,906,1110
RES_2422,3303500,800,295,343,457
RES_2423,3303500,84,31,36,48
RES_2424,3303500,3366,1278,1486,1880
RES_2425,3303500,3046,1167,1357,1689
RES_2426,3303500,2123,808,940,1183
RES_2427,3303500,2748,1022,1188,1560
RES_2428,3303500,640,249,290,350
RES_2429,3303500,2143,809,941,1202
RES_2430,3303500,3431,1286,1495,1936
RES_2431,3303500,1931,718,835,1096
RES_2432,3303500,4449,1618,1882,2567
RES_2433,3303500,2066,802,933,1133
RES_2434,3303500,947,371,431,516
RES_2435,3303500,2244,786,914,1330
RES_2436,3303500,250,86,100,150
RES_2437,3303500,1072,385,448,624
RES_2438,3303500,458,166,193,265
RES_2439,3303500,639,227,264,375
RES_2440,3303500,185,72,84,101
RES_2441,3303500,906,349,406,500
RES_2442,3303500,557,209,243,314
RES_2443,3303500,1396,513,597,799
RES_2444,3303500,883,329,383,500
RES_2445,3303500,402,142,165,237
RES_2446,3303500,1620,582,677,943
RES_2447,3303500,402,145,169,233
RES_2448,3303500,2125,781,908,1217
RES_2449,3303500,1056,380,442,614
RES_2450,3303500,3570,1345,1564,2006
RES_2451,3303500,632,227,264,368
RES_2452,3303500,634,226,263,371
RES_2453,3303500,8,3,3,5
RES_2454,3303500,199,64,74,125
RES_2455,3303500,188,65,76,112
RES_2456,3303500,252,84,98,154
RES_2457,3303500,10,4,5,5
RES_2458,3303500,182,64,74,108
RES_2459,3303500,4,1,1,3
RES_2460,3303500,1,0,0,1
RES_2461,3303500,564,210,244,320
RES_2462,3303500,377,139,162,215
RES_2463,3303500,228,75,87,141
RES_2464,3303500,140,46,53,87
RES_2465,3303500,646,257,299,347
RES_2466,3303500,2899,1109,1290,1609
RES_2467,3303500,539,204,237,302
RES_2468,3303500,2615,963,1120,1495
RES_2469,3303500,1632,613,713,919
RES_2470,3303500,358,121,141,217
RES_2471,3303500,1085,374,435,650
RES_2472,3303500,898,323,376,522
RES_2473,3303500,85,27,31,54
RES_2474,3303500,1447,485,564,883
RES_2475,3303500,3368,1321,1536,1832
RES_2476,3303500,1766,657,764,1002
RES_2477,3303500,2475,901,1048,1427
RES_2478,3303500,2258,844,981,1277
RES_2479,3303500,583,219,255,328
RES_2480,3303500,530,204,237,293
RES_2481,3303500,1534,568,661,873
RES_2482,3303500,193,63,73,120
RES_2483,3303500,52,21,24,28
RES_2484,3303500,67,23,27,40
RES_2485,3303500,148,55,64,84
RES_2486,3303500,310,117,136,174
RES_2487,3303500,335,123,143,192
RES_2488,3303500,1884,717,834,1050
RES_2489,3303500,1259,483,562,697
RES_2490,3303500,2170,840,977,1193
RES_2491,3303500,3392,1254,1458,1934
RES_2492,3303500,289,110,128,161
RES_2493,3303500,2666,966,1123,1543
RES_2494,3303500,2242,851,990,1252
RES_2495,3303500,1617,592,688,929
RES_2496,3303500,133,46,53,80
RES_2497,3303500,12,4,5,7
RES_2498,3303500,26,10,12,14
RES_2499,3303500,56,21,24,32
RES_2500,3303500,422,148,172,250
RES_2501,3303500,244,86,100,144
RES_2502,3303500,146,52,60,86
RES_2503,3303500,139,50,58,81
RES_2504,3303500,196,80,93,103
RES_2505,3303500,32,12,14,18
RES_2506,3303500,119,38,44,75
RES_2507,3303500,2887,1051,1222,1665
RES_2508,3303500,2041,775,901,1140
RES_2509,3303500,833,322,374,459
RES_2510,3303500,1435,534,621,814
RES_2511,3303500,4375,1599,1859,2516
RES_2512,3303500,3792,1394,1621,2171
RES_2513,3303500,695,261,304,391
RES_2514,3303500,403,157,183,220
RES_2515,3303500,1933,702,816,1117
RES_2516,3303500,2647,962,1119,1528
RES_2517,3303500,1218,461,536,682
RES_2518,3303500,631,229,266,365
RES_2519,3303500,7678,2869,3336,4342
RES_2520,3303500,3194,1218,1416,1778
RES_2521,3303500,2294,830,965,1329
RES_2522,3303500,676,253,294,382
RES_2523,3303500,440,148,172,268
RES_2524,3303500,627,235,273,354
RES_2525,3303500,402,150,174,228
RES_2526,3303500,660,251,292,368
RES_2527,3303500,974,360,419,555
RES_2528,3303500,303,112,130,173
RES_2529,3303500,552,205,238,314
RES_2530,3303500,2582,976,1135,1447
RES_2531,3303500,2011,752,874,1137
RES_2532,3303500,1375,491,571,804
RES_2533,3303500,401,149,173,228
RES_2534,3303500,2421,922,1072,1349
RES_2535,3303500,784,297,345,439
RES_2536,3303500,2779,1020,1186,1593
RES_2537,3303500,1170,430,500,670
RES_2538,3303500,718,268,312,406
RES_2539,3303500,5427,2040,2372,3055
RES_2540,3303500,3225,1211,1408,1817
RES_2541,3303500,3893,1425,1657,2236
RES_2542,3303500,520,205,238,282
RES_2543,3303500,1014,374,435,579
RES_2544,3303500,2148,783,911,1237
RES_2545,3303500,740,281,327,413
RES_2546,3303500,207,82,95,112
RES_2547,3303500,477,175,204,273
RES_2548,3303500,584,231,269,315
RES_2549,3303500,314,114,133,181
RES_2550,3303500,2850,1059,1231,1619
RES_2551,3303500,810,304,354,456
RES_2552,3303500,2496,937,1090,1406
RES_2553,3303500,3658,1356,1577,2081
RES_2554,3303500,705,260,302,403
RES_2555,3303500,709,281,327,382
RES_2556,3303500,1516,573,666,850
RES_2557,3303500,932,343,399,533
RES_2558,3303500,647,237,276,371
RES_2559,3303500,1304,501,583,721
RES_2560,3303500,1436,539,627,809
RES_2561,3303500,848,335,390,458
RES_2562,3303500,2531,961,1118,1413
RES_2563,3303500,1900,681,792,1108
RES_2564,3303500,690,253,294,396
RES_2565,3303500,336,124,144,192
RES_2566,3303500,378,145,169,209
RES_2567,3303500,217,79,92,125
RES_2568,3303500,180,68,79,101
RES_2569,3303500,410,152,177,233
RES_2570,3303500,1027,383,445,582
RES_2571,3303500,2316,859,999,1317
RES_2572,3303500,1125,402,467,658
RES_2573,3303500,112,43,50,62
RES_2574,3303500,584,220,256,328
RES_2575,3303500,869,337,392,477
RES_2576,3303500,878,338,393,485
RES_2577,3303500,168,69,80,88
RES_2578,3303500,340,124,144,196
RES_2579,3303500,169,61,71,98
RES_2580,3303500,78,29,34,44
RES_2581,3303500,1100,395,459,641
RES_2582,3303500,1156,447,520,636
RES_2583,3303500,7,3,3,4
RES_2584,3303500,312,125,145,167
RES_2585,3303500,648,242,281,367
RES_2586,3303500,1363,502,584,779
RES_2587,3303500,2019,782,909,1110
RES_2588,3303500,3338,1287,1497,1841
RES_2589,3303500,66,25,29,37
RES_2590,3303500,234,81,94,140
RES_2591,3303500,1150,415,483,667
RES_2592,3303500,1490,553,643,847
RES_2593,3303500,1483,547,636,847
RES_2594,3303500,2333,860,1000,1333
RES_2595,3303500,1120,401,466,654
RES_2596,3303500,2969,1136,1321,1648
RES_2597,3303500,1194,446,519,675
RES_2598,3303500,1203,469,545,658
RES_2599,3303500,417,156,181,236
RES_2600,3303500,456,172,200,256
RES_2601,3303500,558,197,229,329
RES_2602,3303500,373,139,162,211
RES_2603,3303500,1889,743,864,1025
RES_2604,3303500,418,161,187,231
RES_2605,3303500,3257,1231,1431,1826
RES_2606,3303500,3499,1309,1522,1977
RES_2607,3303500,4347,1625,1890,2457
RES_2608,3303500,502,175,204,298
RES_2609,3303500,1006,377,438,568
RES_2610,3303500,2836,1047,1218,1618
RES_2611,3303500,1376,537,624,752
RES_2612,3303500,2397,896,1042,1355
RES_2613,3303500,643,253,294,349
RES_2614,3303500,2191,781,908,1283
RES_2615,3303500,3470,1298,1509,1961
RES_2616,3303500,741,281,327,414
RES_2617,3303500,532,193,224,308
RES_2618,3303500,660,256,298,362
RES_2619,3303500,203,68,79,124
RES_2620,3303500,257,94,109,148
RES_2621,3303500,101,40,47,54
RES_2622,3303500,591,227,264,327
RES_2623,3303500,699,256,298,401
RES_2624,3303500,1705,650,756,949
RES_2625,3303500,3416,1281,1490,1926
RES_2626,3303500,5512,2032,2363,3149
RES_2627,3303500,748,270,314,434
RES_2628,3303500,1204,435,506,698
RES_2629,3303500,977,377,438,539
RES_2630,3303500,4806,1788,2079,2727
RES_2631,3303500,3184,1207,1404,1780
RES_2632,3303500,1137,402,467,670
RES_2633,3303500,600,220,256,344
RES_2634,3303500,60,22,26,34
RES_2635,3303500,128,45,52,76
RES_2636,3303500,666,257,299,367
RES_2637,3303500,379,140,163,216
RES_2638,3303500,754,288,335,419
RES_2639,3303500,943,358,416,527
RES_2640,3303500,909,322,374,535
RES_2641,3303500,1242,484,563,679
RES_2642,3303500,473,172,200,273
RES_2643,3303500,326,119,138,188
RES_2644,3303500,631,235,273,358
RES_2645,3303500,142,54,63,79
RES_2646,3303500,528,203,236,292
RES_2647,3303500,564,220,256,308
RES_2648,3303500,208,75,87,121
RES_2649,3303500,129,48,56,73
RES_2650,3303500,788,288,335,453
RES_2651,3303500,675,251,292,383
RES_2652,3303500,982,367,427,555
RES_2653,3303500,1312,467,543,769
RES_2654,3303500,486,178,207,279
RES_2655,3303500,272,97,113,159
RES_2656,3303500,809,297,345,464
RES_2657,3303500,255,83,97,158
RES_2658,3303500,141,54,63,78
RES_2659,3303500,1332,484,563,769
RES_2660,3303500,377,132,154,223
RES_2661,3303500,286,101,117,169
RES_2662,3303500,25,9,10,15
RES_2663,3303500,249,90,105,144
RES_2664,3303500,488,185,215,273
RES_2665,3303500,692,255,297,395
RES_2666,3303500,20,7,8,12
RES_2667,3303500,106,37,43,63
RES_2668,3303500,10,4,5,5
RES_2669,3303500,184,74,86,98
RES_2670,3303500,849,315,366,483
RES_2671,3303500,4038,1549,1801,2237
RES_2672,3303500,1174,435,506,668
RES_2673,3303500,812,301,350,462
RES_2674,3303500,2938,1081,1257,1681
RES_2675,3303500,3002,1101,1280,1722
RES_2676,3303500,56,21,24,32
RES_2677,3303500,418,163,190,228
RES_2678,3303500,2158,781,908,1250
RES_2679,3303500,882,316,367,515
RES_2680,3303500,2978,1123,1306,1672
RES_2681,3303500,339,121,141,198
RES_2682,3303500,200,75,87,113
RES_2683,3303500,418,144,167,251
RES_2684,3303500,2678,993,1155,1523
RES_2685,3303500,1249,462,537,712
RES_2686,3303500,230,95,110,120
RES_2687,3303500,504,177,206,298
RES_2688,3303500,1135,425,494,641
RES_2689,3303500,2252,861,1001,1251
RES_2690,3303500,3442,1293,1504,1938
RES_2691,3303500,1035,379,441,594
RES_2692,3303500,1207,458,533,674
RES_2693,3303500,298,115,134,164
RES_2694,3303500,575,216,251,324
RES_2695,3303500,575,222,258,317
RES_2696,3303500,874,334,388,486
RES_2697,3303500,3319,1237,1438,1881
RES_2698,3303500,1567,571,664,903
RES_2699,3303500,2419,892,1037,1382
RES_2700,3303500,265,97,113,152
RES_2701,3303500,329,127,148,181
RES_2702,3303500,643,249,290,353
RES_2703,3303500,363,141,164,199
RES_2704,3303500,152,53,62,90
RES_2705,3303500,1717,642,747,970
RES_2706,3303500,1213,457,531,682
RES_2707,3303500,1584,605,704,880
RES_2708,3303500,2344,878,1021,1323
RES_2709,3303500,412,145,169,243
RES_2710,3303500,681,257,299,382
RES_2711,3303500,71,27,31,40
RES_2712,3303500,235,87,101,134
RES_2713,3303500,338,118,137,201
RES_2714,3303500,184,67,78,106
RES_2715,3303500,78,29,34,44
RES_2716,3303500,87,31,36,51
RES_2717,3303500,760,305,355,405
RES_2718,3303500,369,133,155,214
RES_2719,3303500,79,25,29,50
RES_2720,3303500,111,45,52,59
RES_2721,3303500,503,196,228,275
RES_2722,3303500,810,285,331,479
RES_2723,3303500,544,192,223,321
RES_2724,3303500,46,17,20,26
RES_2725,3303500,185,68,79,106
RES_2726,3303500,240,87,101,139
RES_2727,3303500,421,139,162,259
RES_2728,3303500,193,68,79,114
RES_2729,3303500,985,352,409,576
RES_2730,3303500,111,40,47,64
RES_2731,3303500,186,61,71,115
RES_2732,3303500,298,101,117,181
RES_2733,3303500,114,36,42,72
RES_2734,3303500,123,38,44,79
RES_2735,3303500,74,28,33,41
RES_2736,3303500,219,78,91,128
RES_2737,3303500,80,30,35,45
RES_2738,3303500,42,16,19,23
RES_2739,3303500,183,60,70,113
RES_2740,3303500,34,13,15,19
RES_2741,3303500,181,68,79,102
RES_2742,3303500,81,30,35,46
RES_2743,3303500,197,78,91,106
RES_2744,3303500,17,6,7,10
RES_2745,3303500,474,182,212,262
RES_2746,3303500,275,93,108,167
RES_2747,3303500,103,38,44,59
RES_2748,3303500,322,117,136,186
RES_2749,3303500,191,70,81,110
RES_2750,3303500,444,158,184,260
RES_2751,3303500,1320,521,606,714
RES_2752,3303500,693,255,297,396
RES_2753,3303500,606,219,255,351
RES_2754,3303609,182,73,85,97
RES_2755,3303609,266,102,119,147
RES_2756,3303609,85,35,41,44
RES_2757,3303609,62,25,29,33
RES_2758,3303609,30,12,14,16
RES_2759,3303609,63,25,29,34
RES_2760,3303609,145,55,64,81
RES_2761,3303609,116,45,52,64
RES_2762,3303609,102,42,49,53
RES_2763,3303609,54,22,26,28
RES_2764,3303609,156,65,76,80
RES_2765,3303609,19,8,9,10
RES_2766,3303609,27,11,13,14
RES_2767,3303609,916,379,441,475
RES_2768,3303609,96,35,41,55
RES_2769,3303609,63,31,36,27
RES_2770,3303609,969,409,476,493
RES_2771,3303609,933,396,460,473
RES_2772,3303609,1326,570,663,663
RES_2773,3303609,2343,918,1068,1275
RES_2774,3303609,119,43,50,69
RES_2775,3303609,3498,1435,1669,1829
RES_2776,3303609,243,102,119,124
RES_2777,3303609,239,102,119,120
RES_2778,3303609,1947,757,880,1067
RES_2779,3303609,1942,771,897,1045
RES_2780,3303609,341,140,163,178
RES_2781,3303609,1108,468,544,564
RES_2782,3303609,5955,2407,2799,3156
RES_2783,3303609,1414,585,680,734
RES_2784,3303609,737,281,327,410
RES_2785,3303609,2004,751,873,1131
RES_2786,3303609,1177,487,566,611
RES_2787,3303609,213,93,108,105
RES_2788,3303609,3222,1313,1527,1695
RES_2789,3303609,1508,586,681,827
RES_2790,3303609,78,31,36,42
RES_2791,3303609,259,99,115,144
RES_2792,3303609,2,1,1,1
RES_2793,3303609,228,94,109,119
RES_2794,3303609,1859,757,880,979
RES_2795,3303609,10,4,5,5
RES_2796,3303609,424,180,209,215
RES_2797,3303609,147,65,76,71
RES_2798,3303609,8,3,3,5
RES_2799,3303609,3,1,1,2
RES_2800,3303609,187,75,87,100
RES_2801,3303609,238,104,121,117
RES_2802,3303609,596,248,288,308
RES_2803,3303609,385,166,193,192
RES_2804,3303609,415,177,206,209
RES_2805,3303609,561,220,256,305
RES_2806,3303609,496,210,244,252
RES_2807,3303609,398,187,217,181
RES_2808,3303609,594,239,278,316
RES_2809,3303906,19,9,10,9
RES_2810,3304003,1,0,0,1
RES_2811,3304003,14,6,7,7
RES_2812,3304003,445,188,208,237
RES_2813,3304003,2022,900,997,1025
RES_2814,3304003,38,17,19,19
RES_2815,3304003,15,7,8,7
RES_2816,3304003,56,23,25,31
RES_2817,3304003,1452,627,694,758
RES_2818,3304003,24,11,12,12
RES_2819,3304003,310,140,155,155
RES_2820,3304003,169,58,64,105
RES_2821,3304003,212,87,96,116
RES_2822,3304003,92,37,41,51
RES_2823,3304003,746,340,377,369
RES_2824,3304003,125,54,60,65
RES_2825,3304003,20,9,10,10
RES_2826,3304003,254,110,122,132
RES_2827,3304003,295,126,140,155
RES_2828,3304003,129,53,59,70
RES_2829,3304003,240,105,116,124
RES_2830,3304003,342,149,165,177
RES_2831,3304003,25,11,12,13
RES_2832,3304003,153,65,72,81
RES_2833,3304003,52,23,25,27
RES_2834,3304003,124,51,57,67
RES_2835,3304003,9,4,4,5
RES_2836,3304003,533,228,253,280
RES_2837,3304003,216,96,106,110
RES_2838,3304003,238,102,113,125
RES_2839,3304003,499,222,246,253
RES_2840,3304003,113,45,50,63
RES_2841,3304003,124,51,56,68
RES_2842,3304144,657,245,285,372
RES_2843,3304144,1984,784,912,1072
RES_2844,3304144,5066,1864,2168,2898
RES_2845,3304144,2453,915,1064,1389
RES_2846,3304144,2212,797,927,1285
RES_2847,3304144,1478,553,643,835
RES_2848,3304144,3797,1424,1656,2141
RES_2849,3304144,3483,1258,1463,2020
RES_2850,3304144,5054,1858,2161,2893
RES_2851,3304144,504,181,210,294
RES_2852,3304144,952,345,401,551
RES_2853,3304144,311,112,130,181
RES_2854,3304144,2340,873,1015,1325
RES_2855,3304144,796,299,348,448
RES_2856,3304144,3117,1195,1390,1727
RES_2857,3304144,1290,482,561,729
RES_2858,3304144,2154,815,948,1206
RES_2859,3304144,609,232,270,339
RES_2860,3304144,1213,450,523,690
RES_2861,3304144,869,333,387,482
RES_2862,3304144,363,140,163,200
RES_2863,3304144,1051,417,485,566
RES_2864,3304144,1374,524,609,765
RES_2865,3304144,491,183,213,278
RES_2866,3304144,993,386,449,544
RES_2867,3304144,1800,729,848,952
RES_2868,3304144,644,252,293,351
RES_2869,3304144,112,45,52,60
RES_2870,3304144,327,125,145,182
RES_2871,3304144,738,286,333,405
RES_2872,3304144,82,31,36,46
RES_2873,3304144,799,303,352,447
RES_2874,3304144,465,171,199,266
RES_2875,3304144,2563,949,1104,1459
RES_2876,3304144,940,347,404,536
RES_2877,3304144,221,82,95,126
RES_2878,3304144,658,233,271,387
RES_2879,3304144,1254,480,558,696
RES_2880,3304144,1052,415,483,569
RES_2881,3304144,638,253,294,344
RES_2882,3304144,62,23,27,35
RES_2883,3304144,112,43,50,62
RES_2884,3304144,199,75,87,112
RES_2885,3304144,499,180,209,290
RES_2886,3304144,471,186,216,255
RES_2887,3304144,451,173,201,250
RES_2888,3304144,516,176,205,311
RES_2889,3304144,99,37,43,56
RES_2890,3304144,1233,462,537,696
RES_2891,3304144,450,165,192,258
RES_2892,3304144,488,200,233,255
RES_2893,3304144,761,300,349,412
RES_2894,3304144,1113,426,495,618
RES_2895,3304144,1047,428,498,549
RES_2896,3304144,1652,601,699,953
RES_2897,3304144,1016,394,458,558
RES_2898,3304144,32,12,14,18
RES_2899,3304144,524,196,228,296
RES_2900,3304144,286,115,134,152
RES_2901,3304144,145,61,71,74
RES_2902,3304144,2,1,1,1
RES_2903,3304144,9,3,3,6
RES_2904,3304144,48,18,21,27
RES_2905,3304144,399,168,195,204
RES_2906,3304144,857,314,365,492
RES_2907,3304144,340,135,157,183
RES_2908,3304144,391,146,170,221
RES_2909,3304144,365,123,143,222
RES_2910,3304144,1503,571,664,839
RES_2911,3304144,2191,785,913,1278
RES_2912,3304144,5034,1906,2216,2818
RES_2913,3304144,3705,1389,1615,2090
RES_2914,3304144,654,240,279,375
RES_2915,3304144,398,144,167,231
RES_2916,3304144,630,239,278,352
RES_2917,3304144,5633,2144,2493,3140
RES_2918,3304144,3515,1308,1521,1994
RES_2919,3304144,3551,1339,1557,1994
RES_2920,3304144,3608,1414,1644,1964
RES_2921,3304144,586,221,257,329
RES_2922,3304144,3854,1460,1698,2156
RES_2923,3304144,4582,1718,1998,2584
RES_2924,3304144,6074,2269,2639,3435
RES_2925,3304144,1680,650,756,924
RES_2926,3304144,2081,773,899,1182
RES_2927,3304144,1119,437,508,611
RES_2928,3304144,281,96,112,169
RES_2929,3304144,2819,1086,1263,1556
RES_2930,3304144,1972,736,856,1116
RES_2931,3304144,800,309,359,441
RES_2932,3304144,4016,1493,1736,2280
RES_2933,3304144,2846,1121,1304,1542
RES_2934,3304144,2681,1009,1173,1508
RES_2935,3304144,1937,741,862,1075
RES_2936,3304144,489,179,208,281
RES_2937,3304144,1287,481,559,728
RES_2938,3304144,230,89,103,127
RES_2939,3304144,233,82,95,138
RES_2940,3304144,63,24,28,35
RES_2941,3304409,9,4,4,5
RES_2942,3304409,5,2,2,3
RES_2943,3304409,53,21,23,30
RES_2944,3304557,3884,1772,1994,1890
RES_2945,3304557,1711,773,870,841
RES_2946,3304557,5266,2322,2613,2653
RES_2947,3304557,9786,4293,4831,4955
RES_2948,3304557,1357,640,720,637
RES_2949,3304557,969,463,521,448
RES_2950,3304557,225,107,120,105
RES_2951,3304557,183,87,98,85
RES_2952,3304557,305,153,172,133
RES_2953,3304557,88,39,44,44
RES_2954,3304557,1254,624,702,552
RES_2955,3304557,4243,1886,2122,2121
RES_2956,3304557,1456,705,793,663
RES_2957,3304557,1636,791,890,746
RES_2958,3304557,2252,1047,1178,1074
RES_2959,3304557,575,264,297,278
RES_2960,3304557,590,275,309,281
RES_2961,3304557,6580,2935,3302,3278
RES_2962,3304557,1195,527,593,602
RES_2963,3304557,800,374,421,379
RES_2964,3304557,293,144,162,131
RES_2965,3304557,273,125,141,132
RES_2966,3304557,205,107,120,85
RES_2967,3304557,839,401,451,388
RES_2968,3304557,815,404,455,360
RES_2969,3304557,653,294,331,322
RES_2970,3304557,1530,696,783,747
RES_2971,3304557,363,149,168,195
RES_2972,3304557,332,177,199,133
RES_2973,3304557,569,237,267,302
RES_2974,3304557,301,135,152,149
RES_2975,3304557,753,343,386,367
RES_2976,3304557,844,398,448,396
RES_2977,3304557,895,426,479,416
RES_2978,3304557,355,162,182,173
RES_2979,3304557,740,337,379,361
RES_2980,3304557,922,456,513,409
RES_2981,3304557,350,177,199,151
RES_2982,3304557,5745,2792,3142,2603
RES_2983,3304557,1413,678,763,650
RES_2984,3304557,1058,468,527,531
RES_2985,3304557,1058,482,542,516
RES_2986,3304557,938,455,512,426
RES_2987,3304557,669,328,369,300
RES_2988,3304557,1985,838,943,1042
RES_2989,3304557,989,480,540,449
RES_2990,3304557,663,299,336,327
RES_2991,3304557,937,402,452,485
RES_2992,3304557,4319,1892,2129,2190
RES_2993,3304557,274,139,156,118
RES_2994,3304557,4923,2255,2537,2386
RES_2995,3304557,769,346,389,380
RES_2996,3304557,316,150,169,147
RES_2997,3304557,1502,702,790,712
RES_2998,3304557,315,128,144,171
RES_2999,3304557,2073,905,1018,1055
RES_3000,3304557,7318,3199,3600,3718
RES_3001,3304557,7037,3061,3444,3593
RES_3002,3304557,4187,2073,2333,1854
RES_3003,3304557,5146,2348,2642,2504
RES_3004,3304557,413,187,210,203
RES_3005,3304557,1317,597,672,645
RES_3006,3304557,1052,484,545,507
RES_3007,3304557,1524,724,815,709
RES_3008,3304557,487,216,243,244
RES_3009,3304557,1140,475,534,606
RES_3010,3304557,537,271,305,232
RES_3011,3304557,387,156,176,211
RES_3012,3304557,198,91,102,96
RES_3013,3304557,391,184,207,184
RES_3014,3304557,392,192,216,176
RES_3015,3304557,975,444,500,475
RES_3016,3304557,1893,911,1025,868
RES_3017,3304557,379,162,182,197
RES_3018,3304557,149,68,77,72
RES_3019,3304557,960,442,497,463
RES_3020,3304557,497,227,255,242
RES_3021,3304557,3585,1636,1841,1744
RES_3022,3304557,1160,517,582,578
RES_3023,3304557,3587,1556,1751,1836
RES_3024,3304557,598,264,297,301
RES_3025,3304557,5265,2475,2785,2480
RES_3026,3304557,1686,803,904,782
RES_3027,3304557,1179,543,611,568
RES_3028,3304557,264,128,144,120
RES_3029,3304557,10681,4909,5524,5157
RES_3030,3304557,16995,6880,7741,9254
RES_3031,3304557,16125,6585,7410,8715
RES_3032,3304557,3772,1573,1770,2002
RES_3033,3304557,3503,1280,1440,2063
RES_3034,3304557,1,0,0,1
RES_3035,3304557,1610,795,895,715
RES_3036,3304557,1093,503,566,527
RES_3037,3304557,1525,649,730,795
RES_3038,3304557,5160,2272,2556,2604
RES_3039,3304557,435,206,232,203
RES_3040,3304557,9508,3942,4436,5072
RES_3041,3304557,1707,754,848,859
RES_3042,3304557,4017,1680,1890,2127
RES_3043,3304557,12722,5198,5849,6873
RES_3044,3304557,1652,634,713,939
RES_3045,3304557,8554,3428,3857,4697
RES_3046,3304557,538,252,284,254
RES_3047,3304557,1284,613,690,594
RES_3048,3304557,373,180,203,170
RES_3049,3304557,3588,1511,1700,1888
RES_3050,3304557,12808,5536,6229,6579
RES_3051,3304557,689,336,378,311
RES_3052,3304557,1423,668,752,671
RES_3053,3304557,428,202,227,201
RES_3054,3304557,2986,1470,1654,1332
RES_3055,3304557,72,32,36,36
RES_3056,3304557,2330,910,1024,1306
RES_3057,3304557,1140,419,471,669
RES_3058,3304557,680,308,347,333
RES_3059,3304557,779,362,407,372
RES_3060,3304557,1272,576,648,624
RES_3061,3304557,135,57,64,71
RES_3062,3304557,2557,1115,1255,1302
RES_3063,3304557,12126,5103,5742,6384
RES_3064,3304557,2162,935,1052,1110
RES_3065,3304557,1481,632,711,770
RES_3066,3304557,16505,7235,8141,8364
RES_3067,3304557,19988,8811,9914,10074
RES_3068,3304557,1368,620,698,670
RES_3069,3304557,265,130,146,119
RES_3070,3304557,9159,3995,4495,4664
RES_3071,3304557,454,216,243,211
RES_3072,3304557,4420,1866,2100,2320
RES_3073,3304557,822,302,340,482
RES_3074,3304557,647,320,360,287
RES_3075,3304557,745,349,393,352
RES_3076,3304557,3854,1884,2120,1734
RES_3077,3304557,175,83,93,82
RES_3078,3304557,1667,720,810,857
RES_3079,3304557,2899,1184,1332,1567
RES_3080,3304557,394,196,221,173
RES_3081,3304557,255,104,117,138
RES_3082,3304557,3902,1631,1835,2067
RES_3083,3304557,7171,2836,3191,3980
RES_3084,3304557,1702,682,767,935
RES_3085,3304557,269,121,136,133
RES_3086,3304557,235,105,118,117
RES_3087,3304557,8991,3510,3949,5042
RES_3088,3304557,304,132,149,155
RES_3089,3304557,1987,969,1090,897
RES_3090,3304557,962,451,507,455
RES_3091,3304557,505,202,227,278
RES_3092,3304557,17592,7022,7901,9691
RES_3093,3304557,19318,7554,8500,10818
RES_3094,3304557,8798,3606,4058,4740
RES_3095,3304557,3594,1599,1799,1795
RES_3096,3304557,368,116,131,237
RES_3097,3304557,7021,2682,3018,4003
RES_3098,3304557,29587,11489,12928,16659
RES_3099,3304557,2534,1020,1148,1386
RES_3100,3304557,8743,3450,3882,4861
RES_3101,3304557,15151,6334,7127,8024
RES_3102,3304557,248,103,116,132
RES_3103,3304557,801,400,450,351
RES_3104,3304557,706,340,383,323
RES_3105,3304557,2427,1160,1305,1122
RES_3106,3304557,790,406,457,333
RES_3107,3304557,3558,1644,1850,1708
RES_3108,3304557,6504,3310,3724,2780
RES_3109,3304557,674,313,352,322
RES_3110,3304557,1693,658,740,953
RES_3111,3304557,11392,4308,4847,6545
RES_3112,3304557,14959,5880,6616,8343
RES_3113,3304557,680,239,269,411
RES_3114,3304557,5675,2198,2473,3202
RES_3115,3304557,2993,1408,1584,1409
RES_3116,3304557,729,258,290,439
RES_3117,3304557,7308,2869,3228,4080
RES_3118,3304557,255,90,101,154
RES_3119,3304557,15766,6060,6819,8947
RES_3120,3304557,1458,597,672,786
RES_3121,3304557,11856,4281,4817,7039
RES_3122,3304557,337,131,147,190
RES_3123,3304557,395,132,149,246
RES_3124,3304557,1941,733,825,1116
RES_3125,3304557,479,172,194,285
RES_3126,3304557,882,339,381,501
RES_3127,3304557,645,265,298,347
RES_3128,3304557,2397,876,986,1411
RES_3129,3304557,495,176,198,297
RES_3130,3304557,2760,1043,1174,1586
RES_3131,3304557,3673,1432,1611,2062
RES_3132,3304557,3672,1380,1553,2119
RES_3133,3304557,1337,553,622,715
RES_3134,3304557,131,52,59,72
RES_3135,3304557,1272,522,587,685
RES_3136,3304557,312,118,133,179
RES_3137,3304557,3555,1378,1551,2004
RES_3138,3304557,426,173,195,231
RES_3139,3304557,4660,1927,2168,2492
RES_3140,3304557,2644,1080,1215,1429
RES_3141,3304557,506,218,245,261
RES_3142,3304557,1252,541,609,643
RES_3143,3304557,512,213,240,272
RES_3144,3304557,601,243,273,328
RES_3145,3304557,1646,634,713,933
RES_3146,3304557,579,222,250,329
RES_3147,3304557,5226,2037,2292,2934
RES_3148,3304557,4662,1714,1929,2733
RES_3149,3304557,1987,972,1094,893
RES_3150,3304557,394,186,209,185
RES_3151,3304557,2491,1158,1303,1188
RES_3152,3304557,261,108,122,139
RES_3153,3304557,591,276,311,280
RES_3154,3304557,2133,1040,1170,963
RES_3155,3304557,7876,3756,4226,3650
RES_3156,3304557,608,297,334,274
RES_3157,3304557,758,350,394,364
RES_3158,3304557,66,29,33,33
RES_3159,3304557,1492,587,660,832
RES_3160,3304557,469,200,225,244
RES_3161,3304557,648,252,284,364
RES_3162,3304557,2160,740,833,1327
RES_3163,3304557,2803,1141,1284,1519
RES_3164,3304557,555,233,262,293
RES_3165,3304557,678,309,348,330
RES_3166,3304557,364,175,197,167
RES_3167,3304557,504,230,259,245
RES_3168,3304557,2384,1047,1178,1206
RES_3169,3304557,3563,1585,1783,1780
RES_3170,3304557,946,435,489,457
RES_3171,3304557,2922,1244,1400,1522
RES_3172,3304557,2732,1164,1310,1422
RES_3173,3304557,284,130,146,138
RES_3174,3304557,249,108,122,127
RES_3175,3304557,4330,1863,2096,2234
RES_3176,3304557,2084,941,1059,1025
RES_3177,3304557,1686,820,923,763
RES_3178,3304557,267,112,126,141
RES_3179,3304557,1371,606,682,689
RES_3180,3304557,28,12,13,15
RES_3181,3304557,695,294,331,364
RES_3182,3304557,3266,1526,1717,1549
RES_3183,3304557,1209,583,656,553
RES_3184,3304557,989,455,512,477
RES_3185,3304557,2297,1098,1235,1062
RES_3186,3304557,1514,683,769,745
RES_3187,3304557,4607,2056,2313,2294
RES_3188,3304557,2339,1031,1160,1179
RES_3189,3304557,2866,1293,1455,1411
RES_3190,3304557,387,174,196,191
RES_3191,3304557,1938,871,980,958
RES_3192,3304557,824,372,419,405
RES_3193,3304557,486,240,270,216
RES_3194,3304557,2507,1180,1328,1179
RES_3195,3304557,1870,809,910,960
RES_3196,3304557,3357,1446,1627,1730
RES_3197,3304557,1846,805,906,940
RES_3198,3304557,1452,667,751,701
RES_3199,3304557,3505,1601,1801,1704
RES_3200,3304557,142,70,79,63
RES_3201,3304557,186,86,97,89
RES_3202,3304557,227,104,117,110
RES_3203,3304557,2001,911,1025,976
RES_3204,3304557,773,355,399,374
RES_3205,3304557,614,279,314,300
RES_3206,3304557,159,71,80,79
RES_3207,3304557,2964,1380,1553,1411
RES_3208,3304557,726,331,372,354
RES_3209,3304557,82,42,47,35
RES_3210,3304557,250,114,128,122
RES_3211,3304557,2866,1218,1371,1495
RES_3212,3304557,1282,529,595,687
RES_3213,3304557,3067,1340,1508,1559
RES_3214,3304557,385,177,199,186
RES_3215,3304557,1699,641,721,978
RES_3216,3304557,2436,1007,1133,1303
RES_3217,3304557,4080,1720,1935,2145
RES_3218,3304557,8731,3728,4195,4536
RES_3219,3304557,1480,624,702,778
RES_3220,3304557,16742,6479,7290,9452
RES_3221,3304557,9310,3750,4220,5090
RES_3222,3304557,6927,2857,3215,3712
RES_3223,3304557,13863,5401,6077,7786
RES_3224,3304557,6692,2675,3010,3682
RES_3225,3304557,16839,6691,7529,9310
RES_3226,3304557,7964,3338,3756,4208
RES_3227,3304557,8549,3628,4082,4467
RES_3228,3304557,16118,6402,7204,8914
RES_3229,3304557,414,175,197,217
RES_3230,3304557,1039,444,500,539
RES_3231,3304557,205,95,107,98
RES_3232,3304557,5378,2430,2734,2644
RES_3233,3304557,1695,787,886,809
RES_3234,3304557,619,278,313,306
RES_3235,3304557,29,13,15,14
RES_3236,3304557,377,165,186,191
RES_3237,3304557,208,97,109,99
RES_3238,3304557,614,292,329,285
RES_3239,3304557,656,282,317,339
RES_3240,3304557,1093,491,552,541
RES_3241,3304557,352,150,169,183
RES_3242,3304557,2411,1096,1233,1178
RES_3243,3304557,1555,692,779,776
RES_3244,3304557,1141,514,578,563
RES_3245,3304557,1850,860,968,882
RES_3246,3304557,1458,677,762,696
RES_3247,3304557,84,41,46,38
RES_3248,3304557,434,185,208,226
RES_3249,3304557,714,283,318,396
RES_3250,3304557,344,143,161,183
RES_3251,3304557,135,64,72,63
RES_3252,3304557,106,36,41,65
RES_3253,3304557,15,7,8,7
RES_3254,3304557,56,25,28,28
RES_3255,3304557,361,152,171,190
RES_3256,3304557,1693,728,819,874
RES_3257,3304557,822,322,362,460
RES_3258,3304557,4,2,2,2
RES_3259,3304557,157,66,74,83
RES_3260,3304557,206,99,111,95
RES_3261,3304557,1006,464,522,484
RES_3262,3304557,1766,768,864,902
RES_3263,3304557,176,85,96,80
RES_3264,3304557,940,420,473,467
RES_3265,3304557,7390,3040,3421,3969
RES_3266,3304557,2948,1267,1426,1522
RES_3267,3304557,3649,1509,1698,1951
RES_3268,3304557,3661,1551,1745,1916
RES_3269,3304557,4091,1746,1965,2126
RES_3270,3304557,236,100,113,123
RES_3271,3304557,1615,662,745,870
RES_3272,3304557,8297,3476,3911,4386
RES_3273,3304557,2266,1024,1152,1114
RES_3274,3304557,6440,2617,2945,3495
RES_3275,3304557,8570,3596,4046,4524
RES_3276,3304557,3233,1296,1458,1775
RES_3277,3304557,14328,5758,6479,7849
RES_3278,3304557,8692,3638,4094,4598
RES_3279,3304557,402,154,173,229
RES_3280,3304557,2091,838,943,1148
RES_3281,3304557,394,165,186,208
RES_3282,3304557,751,346,389,362
RES_3283,3304557,2028,946,1064,964
RES_3284,3304557,1071,476,536,535
RES_3285,3304557,440,216,243,197
RES_3286,3304557,5172,2377,2675,2497
RES_3287,3304557,1346,583,656,690
RES_3288,3304557,4818,1896,2133,2685
RES_3289,3304557,224,99,111,113
RES_3290,3304557,13362,5588,6288,7074
RES_3291,3304557,2389,960,1080,1309
RES_3292,3304557,3829,1602,1803,2026
RES_3293,3304557,637,261,294,343
RES_3294,3304557,3584,1628,1832,1752
RES_3295,3304557,109,54,61,48
RES_3296,3304557,400,190,214,186
RES_3297,3304557,773,351,395,378
RES_3298,3304557,1714,756,851,863
RES_3299,3304557,1312,637,717,595
RES_3300,3304557,79,38,43,36
RES_3301,3304557,644,250,281,363
RES_3302,3304557,6881,2785,3134,3747
RES_3303,3304557,7721,3073,3458,4263
RES_3304,3304557,8881,3554,3999,4882
RES_3305,3304557,3961,1568,1764,2197
RES_3306,3304557,498,218,245,253
RES_3307,3304557,105,46,52,53
RES_3308,3304557,155,69,78,77
RES_3309,3304557,922,430,484,438
RES_3310,3304557,869,407,458,411
RES_3311,3304557,738,335,377,361
RES_3312,3304557,904,451,507,397
RES_3313,3304557,537,241,271,266
RES_3314,3304557,567,240,270,297
RES_3315,3304557,5628,2648,2980,2648
RES_3316,3304557,912,397,447,465
RES_3317,3304557,4313,2049,2306,2007
RES_3318,3304557,373,178,200,173
RES_3319,3304557,4508,1997,2247,2261
RES_3320,3304557,1433,681,766,667
RES_3321,3304557,1559,726,817,742
RES_3322,3304557,898,408,459,439
RES_3323,3304557,527,229,258,269
RES_3324,3304557,2823,1251,1408,1415
RES_3325,3304557,1841,872,981,860
RES_3326,3304557,511,237,267,244
RES_3327,3304557,2619,1143,1286,1333
RES_3328,3304557,343,157,177,166
RES_3329,3304557,304,130,146,158
RES_3330,3304557,508,232,261,247
RES_3331,3304557,1827,804,905,922
RES_3332,3304557,6506,2728,3070,3436
RES_3333,3304557,1874,843,949,925
RES_3334,3304557,2576,1132,1274,1302
RES_3335,3304557,1374,619,696,678
RES_3336,3304557,785,355,399,386
RES_3337,3304557,1118,529,595,523
RES_3338,3304557,3337,1441,1621,1716
RES_3339,3304557,3471,1444,1625,1846
RES_3340,3304557,237,90,101,136
RES_3341,3304557,2465,1026,1154,1311
RES_3342,3304557,8794,3659,4117,4677
RES_3343,3304557,4038,1647,1853,2185
RES_3344,3304557,167,71,80,87
RES_3345,3304557,3362,1408,1584,1778
RES_3346,3304557,2678,1190,1339,1339
RES_3347,3304557,165,76,86,79
RES_3348,3304557,1411,672,756,655
RES_3349,3304557,177,86,97,80
RES_3350,3304557,246,109,123,123
RES_3351,3304557,2313,1091,1228,1085
RES_3352,3304557,135,64,72,63
RES_3353,3304557,269,124,140,129
RES_3354,3304557,245,108,122,123
RES_3355,3304557,459,203,228,231
RES_3356,3304557,484,209,235,249
RES_3357,3304557,2839,1268,1427,1412
RES_3358,3304557,6885,2949,3318,3567
RES_3359,3304557,8385,3535,3978,4407
RES_3360,3304557,5476,2331,2623,2853
RES_3361,3304557,9652,3959,4455,5197
RES_3362,3304557,3712,1544,1737,1975
RES_3363,3304557,1899,789,888,1011
RES_3364,3304557,2525,1038,1168,1357
RES_3365,3304557,1193,535,602,591
RES_3366,3304557,2440,1068,1202,1238
RES_3367,3304557,309,137,154,155
RES_3368,3304557,928,416,468,460
RES_3369,3304557,1690,733,825,865
RES_3370,3304557,1530,673,757,773
RES_3371,3304557,1759,793,892,867
RES_3372,3304557,5651,2468,2777,2874
RES_3373,3304557,1821,797,897,924
RES_3374,3304557,3298,1474,1659,1639
RES_3375,3304557,5964,2446,2752,3212
RES_3376,3304557,1735,727,818,917
RES_3377,3304557,260,104,117,143
RES_3378,3304557,11894,5024,5653,6241
RES_3379,3304557,3395,1440,1620,1775
RES_3380,3304557,2237,867,976,1261
RES_3381,3304557,417,182,205,212
RES_3382,3304557,1416,679,764,652
RES_3383,3304557,1134,513,577,557
RES_3384,3304557,276,133,150,126
RES_3385,3304557,2414,1139,1282,1132
RES_3386,3304557,141,67,75,66
RES_3387,3304557,1059,460,518,541
RES_3388,3304557,345,159,179,166
RES_3389,3304557,541,261,294,247
RES_3390,3304557,5730,2613,2940,2790
RES_3391,3304557,7605,3404,3830,3775
RES_3392,3304557,56,27,30,26
RES_3393,3304557,1127,482,542,585
RES_3394,3304557,3852,1614,1816,2036
RES_3395,3304557,1569,647,728,841
RES_3396,3304557,3545,1554,1749,1796
RES_3397,3304557,7210,2981,3354,3856
RES_3398,3304557,3021,1287,1448,1573
RES_3399,3304557,3786,1598,1798,1988
RES_3400,3304557,4182,1748,1967,2215
RES_3401,3304557,1358,578,650,708
RES_3402,3304557,463,197,222,241
RES_3403,3304557,3497,1617,1819,1678
RES_3404,3304557,12,5,6,6
RES_3405,3304557,775,406,457,318
RES_3406,3304557,530,251,282,248
RES_3407,3304557,191,83,93,98
RES_3408,3304557,1165,528,594,571
RES_3409,3304557,901,393,442,459
RES_3410,3304557,312,155,174,138
RES_3411,3304557,356,168,189,167
RES_3412,3304557,1182,507,570,612
RES_3413,3304557,1533,658,740,793
RES_3414,3304557,4567,1908,2147,2420
RES_3415,3304557,1273,515,579,694
RES_3416,3304557,7162,3181,3579,3583
RES_3417,3304557,1046,447,503,543
RES_3418,3304557,7970,3443,3874,4096
RES_3419,3304557,1575,697,784,791
RES_3420,3304557,4599,1980,2228,2371
RES_3421,3304557,3306,1387,1561,1745
RES_3422,3304557,2716,1121,1261,1455
RES_3423,3304557,1617,696,783,834
RES_3424,3304557,1224,562,632,592
RES_3425,3304557,1197,516,581,616
RES_3426,3304557,474,201,226,248
RES_3427,3304557,344,148,167,177
RES_3428,3304557,764,349,393,371
RES_3429,3304557,1277,578,650,627
RES_3430,3304557,1222,545,613,609
RES_3431,3304557,911,408,459,452
RES_3432,3304557,2664,1089,1225,1439
RES_3433,3304557,825,360,405,420
RES_3434,3304557,6996,2997,3372,3624
RES_3435,3304557,362,151,170,192
RES_3436,3304557,4099,1816,2043,2056
RES_3437,3304557,5631,2402,2703,2928
RES_3438,3304557,1598,714,803,795
RES_3439,3304557,5883,2512,2827,3056
RES_3440,3304557,515,222,250,265
RES_3441,3304557,591,261,294,297
RES_3442,3304557,196,91,102,94
RES_3443,3304557,126,60,68,58
RES_3444,3304557,315,145,163,152
RES_3445,3304557,1538,758,853,685
RES_3446,3304557,594,259,291,303
RES_3447,3304557,183,81,91,92
RES_3448,3304557,315,127,143,172
RES_3449,3304557,278,147,165,113
RES_3450,3304557,508,211,237,271
RES_3451,3304557,540,239,269,271
RES_3452,3304557,4928,2404,2705,2223
RES_3453,3304557,1446,662,745,701
RES_3454,3304557,349,133,150,199
RES_3455,3304557,3974,1917,2157,1817
RES_3456,3304557,2323,995,1120,1203
RES_3457,3304557,329,142,160,169
RES_3458,3304557,718,322,362,356
RES_3459,3304557,7673,3472,3907,3766
RES_3460,3304557,329,161,181,148
RES_3461,3304557,443,216,243,200
RES_3462,3304557,1152,504,567,585
RES_3463,3304557,2434,1050,1181,1253
RES_3464,3304557,7372,3231,3636,3736
RES_3465,3304557,1971,883,994,977
RES_3466,3304557,1487,635,715,772
RES_3467,3304557,6073,2623,2951,3122
RES_3468,3304557,1274,549,618,656
RES_3469,3304557,1714,788,887,827
RES_3470,3304557,1266,566,637,629
RES_3471,3304557,3076,1432,1611,1465
RES_3472,3304557,1523,688,774,749
RES_3473,3304557,499,218,245,254
RES_3474,3304557,4361,1950,2194,2167
RES_3475,3304557,4925,2116,2381,2544
RES_3476,3304557,2105,885,996,1109
RES_3477,3304557,1819,781,879,940
RES_3478,3304557,6290,2726,3067,3223
RES_3479,3304557,2403,1054,1186,1217
RES_3480,3304557,799,357,402,397
RES_3481,3304557,1517,694,781,736
RES_3482,3304557,286,127,143,143
RES_3483,3304557,100,40,45,55
RES_3484,3304557,759,331,372,387
RES_3485,3304557,178,82,92,86
RES_3486,3304557,4094,1882,2118,1976
RES_3487,3304557,445,179,201,244
RES_3488,3304557,188,97,109,79
RES_3489,3304557,565,249,280,285
RES_3490,3304557,111,57,64,47
RES_3491,3304557,3752,1549,1743,2009
RES_3492,3304557,6528,2936,3304,3224
RES_3493,3304557,4347,2044,2300,2047
RES_3494,3304557,5794,2378,2676,3118
RES_3495,3304557,4720,2034,2289,2431
RES_3496,3304557,1364,575,647,717
RES_3497,3304557,1194,533,600,594
RES_3498,3304557,2136,952,1071,1065
RES_3499,3304557,1083,451,507,576
RES_3500,3304557,954,428,482,472
RES_3501,3304557,592,260,293,299
RES_3502,3304557,1509,685,771,738
RES_3503,3304557,11359,4844,5451,5908
RES_3504,3304557,4757,2053,2310,2447
RES_3505,3304557,1350,601,676,674
RES_3506,3304557,5895,2681,3017,2878
RES_3507,3304557,3335,1427,1606,1729
RES_3508,3304557,5258,2522,2838,2420
RES_3509,3304557,630,266,299,331
RES_3510,3304557,652,284,320,332
RES_3511,3304557,1038,449,505,533
RES_3512,3304557,1399,607,683,716
RES_3513,3304557,1015,465,523,492
RES_3514,3304557,449,211,237,212
RES_3515,3304557,488,221,249,239
RES_3516,3304557,993,451,507,486
RES_3517,3304557,228,105,118,110
RES_3518,3304557,578,254,286,292
RES_3519,3304557,1309,548,617,692
RES_3520,3304557,6089,2501,2814,3275
RES_3521,3304557,8748,3737,4205,4543
RES_3522,3304557,1931,773,870,1061
RES_3523,3304557,641,256,288,353
RES_3524,3304557,2221,954,1073,1148
RES_3525,3304557,77,32,36,41
RES_3526,3304557,374,197,222,152
RES_3527,3304557,1200,554,623,577
RES_3528,3304557,1675,900,1013,662
RES_3529,3304557,578,236,266,312
RES_3530,3304557,1464,697,784,680
RES_3531,3304557,311,140,158,153
RES_3532,3304557,1379,633,712,667
RES_3533,3304557,536,279,314,222
RES_3534,3304557,2377,1126,1267,1110
RES_3535,3304557,3157,1246,1402,1755
RES_3536,3304557,1466,562,632,834
RES_3537,3304557,12130,4509,5074,7056
RES_3538,3304557,904,352,396,508
RES_3539,3304557,8247,3280,3691,4556
RES_3540,3304557,7478,2963,3334,4144
RES_3541,3304557,1758,730,821,937
RES_3542,3304557,4312,1711,1925,2387
RES_3543,3304557,248,104,117,131
RES_3544,3304557,8257,3470,3904,4353
RES_3545,3304557,5272,2385,2684,2588
RES_3546,3304557,4505,1854,2086,2419
RES_3547,3304557,4559,1918,2158,2401
RES_3548,3304557,8999,3761,4232,4767
RES_3549,3304557,5016,2317,2607,2409
RES_3550,3304557,5860,2459,2767,3093
RES_3551,3304557,11537,4894,5507,6030
RES_3552,3304557,1087,502,565,522
RES_3553,3304557,468,203,228,240
RES_3554,3304557,4927,2050,2307,2620
RES_3555,3304557,236,104,117,119
RES_3556,3304557,183,83,93,90
RES_3557,3304557,709,349,393,316
RES_3558,3304557,318,152,171,147
RES_3559,3304557,4924,2098,2361,2563
RES_3560,3304557,1811,752,846,965
RES_3561,3304557,2538,1177,1324,1214
RES_3562,3304557,7715,3061,3444,4271
RES_3563,3304557,6722,2726,3067,3655
RES_3564,3304557,2733,1156,1301,1432
RES_3565,3304557,2373,994,1118,1255
RES_3566,3304557,3592,1645,1851,1741
RES_3567,3304557,3754,1687,1898,1856
RES_3568,3304557,436,219,246,190
RES_3569,3304557,1385,651,733,652
RES_3570,3304557,640,292,329,311
RES_3571,3304557,2430,1106,1244,1186
RES_3572,3304557,449,212,239,210
RES_3573,3304557,159,77,87,72
RES_3574,3304557,847,392,441,406
RES_3575,3304557,3279,1452,1634,1645
RES_3576,3304557,95,36,41,54
RES_3577,3304557,2280,947,1066,1214
RES_3578,3304557,587,301,339,248
RES_3579,3304557,178,76,86,92
RES_3580,3304557,408,184,207,201
RES_3581,3304557,906,371,417,489
RES_3582,3304557,1774,773,870,904
RES_3583,3304557,4885,2059,2317,2568
RES_3584,3304557,3130,1328,1494,1636
RES_3585,3304557,709,291,327,382
RES_3586,3304557,375,176,198,177
RES_3587,3304557,218,99,111,107
RES_3588,3304557,371,168,189,182
RES_3589,3304557,630,283,318,312
RES_3590,3304557,1955,810,911,1044
RES_3591,3304557,7975,3371,3793,4182
RES_3592,3304557,5236,2325,2616,2620
RES_3593,3304557,3654,1510,1699,1955
RES_3594,3304557,1861,756,851,1010
RES_3595,3304557,5013,2144,2412,2601
RES_3596,3304557,5018,2233,2513,2505
RES_3597,3304557,1100,484,545,555
RES_3598,3304557,679,322,362,317
RES_3599,3304557,798,371,417,381
RES_3600,3304557,977,498,560,417
RES_3601,3304557,517,254,286,231
RES_3602,3304557,355,159,179,176
RES_3603,3304557,310,143,161,149
RES_3604,3304557,114,51,57,57
RES_3605,3304557,341,151,170,171
RES_3606,3304557,851,390,439,412
RES_3607,3304557,426,191,215,211
RES_3608,3304557,867,374,421,446
RES_3609,3304557,3561,1509,1698,1863
RES_3610,3304557,3322,1396,1571,1751
RES_3611,3304557,1446,623,701,745
RES_3612,3304557,1349,554,623,726
RES_3613,3304557,1251,520,585,666
RES_3614,3304557,6643,2794,3144,3499
RES_3615,3304557,8180,3504,3943,4237
RES_3616,3304557,806,367,413,393
RES_3617,3304557,1551,646,727,824
RES_3618,3304557,1226,517,582,644
RES_3619,3304557,651,308,347,304
RES_3620,3304557,1861,813,915,946
RES_3621,3304557,1597,661,744,853
RES_3622,3304557,5311,2281,2567,2744
RES_3623,3304557,5479,2313,2603,2876
RES_3624,3304557,753,315,354,399
RES_3625,3304557,1237,573,645,592
RES_3626,3304557,501,233,262,239
RES_3627,3304557,2599,1106,1244,1355
RES_3628,3304557,5791,2490,2802,2989
RES_3629,3304557,785,325,366,419
RES_3630,3304557,4324,1843,2074,2250
RES_3631,3304557,676,318,358,318
RES_3632,3304557,2189,1016,1143,1046
RES_3633,3304557,459,203,228,231
RES_3634,3304557,3830,1774,1996,1834
RES_3635,3304557,647,304,342,305
RES_3636,3304557,8479,3507,3946,4533
RES_3637,3304557,6126,2521,2837,3289
RES_3638,3304557,1891,822,925,966
RES_3639,3304557,5454,2237,2517,2937
RES_3640,3304557,1588,629,708,880
RES_3641,3304557,805,326,367,438
RES_3642,3304557,3329,1406,1582,1747
RES_3643,3304557,1337,531,597,740
RES_3644,3304557,1021,435,489,532
RES_3645,3304557,2998,1233,1387,1611
RES_3646,3304557,549,227,255,294
RES_3647,3304557,2884,1202,1352,1532
RES_3648,3304557,1896,784,882,1014
RES_3649,3304557,4985,2037,2292,2693
RES_3650,3304557,5942,2517,2832,3110
RES_3651,3304557,6865,2837,3192,3673
RES_3652,3304557,3468,1424,1602,1866
RES_3653,3304557,11858,4990,5615,6243
RES_3654,3304557,794,314,353,441
RES_3655,3304557,2855,1280,1440,1415
RES_3656,3304557,6434,2913,3278,3156
RES_3657,3304557,9353,4011,4513,4840
RES_3658,3304557,4716,1913,2153,2563
RES_3659,3304557,8709,3651,4108,4601
RES_3660,3304557,3741,1760,1980,1761
RES_3661,3304557,975,386,434,541
RES_3662,3304557,2196,1031,1160,1036
RES_3663,3304557,202,90,101,101
RES_3664,3304557,147,61,69,78
RES_3665,3304557,191,86,97,94
RES_3666,3304557,726,328,369,357
RES_3667,3304557,569,247,278,291
RES_3668,3304557,457,198,223,234
RES_3669,3304557,1556,671,755,801
RES_3670,3304557,301,136,153,148
RES_3671,3304557,1902,808,909,993
RES_3672,3304557,5032,2211,2488,2544
RES_3673,3304557,2511,1093,1230,1281
RES_3674,3304557,3129,1614,1816,1313
RES_3675,3304557,1848,759,854,994
RES_3676,3304557,1611,630,709,902
RES_3677,3304557,257,119,134,123
RES_3678,3304557,836,363,408,428
RES_3679,3304557,5067,2228,2507,2560
RES_3680,3304557,4112,1873,2108,2004
RES_3681,3304557,53,26,29,24
RES_3682,3304557,1077,444,500,577
RES_3683,3304557,2518,1043,1174,1344
RES_3684,3304557,161,69,78,83
RES_3685,3304557,3142,1376,1548,1594
RES_3686,3304557,418,182,205,213
RES_3687,3304557,228,100,113,115
RES_3688,3304557,517,230,259,258
RES_3689,3304557,518,247,278,240
RES_3690,3304557,1510,644,725,785
RES_3691,3304557,1704,733,825,879
RES_3692,3304557,1393,620,698,695
RES_3693,3304557,6524,2779,3127,3397
RES_3694,3304557,5015,2070,2329,2686
RES_3695,3304557,421,177,199,222
RES_3696,3304557,1066,440,495,571
RES_3697,3304557,4416,1858,2091,2325
RES_3698,3304557,2067,935,1052,1015
RES_3699,3304557,786,349,393,393
RES_3700,3304557,313,137,154,159
RES_3701,3304557,56,25,28,28
RES_3702,3304557,1519,706,794,725
RES_3703,3304557,1648,715,805,843
RES_3704,3304557,4595,2017,2270,2325
RES_3705,3304557,3856,1842,2073,1783
RES_3706,3304557,107,48,54,53
RES_3707,3304557,1292,629,708,584
RES_3708,3304557,782,365,411,371
RES_3709,3304557,2039,923,1039,1000
RES_3710,3304557,1566,686,772,794
RES_3711,3304557,90,40,45,45
RES_3712,3304557,1505,669,753,752
RES_3713,3304557,268,123,138,130
RES_3714,3304557,115,50,56,59
RES_3715,3304557,2659,1178,1325,1334
RES_3716,3304557,4060,1854,2086,1974
RES_3717,3304557,2124,902,1015,1109
RES_3718,3304557,4615,1952,2196,2419
RES_3719,3304557,2522,1007,1133,1389
RES_3720,3304557,3784,1630,1834,1950
RES_3721,3304557,2598,1134,1276,1322
RES_3722,3304557,160,65,73,87
RES_3723,3304557,490,213,240,250
RES_3724,3304557,72,32,36,36
RES_3725,3304557,503,231,260,243
RES_3726,3304557,141,62,70,71
RES_3727,3304557,697,304,342,355
RES_3728,3304557,744,357,402,342
RES_3729,3304557,447,198,223,224
RES_3730,3304557,896,401,451,445
RES_3731,3304557,1610,656,738,872
RES_3732,3304557,412,181,204,208
RES_3733,3304557,1942,787,886,1056
RES_3734,3304557,7533,3139,3532,4001
RES_3735,3304557,2295,925,1041,1254
RES_3736,3304557,904,371,417,487
RES_3737,3304557,4148,1767,1988,2160
RES_3738,3304557,5384,2266,2550,2834
RES_3739,3304557,3544,1532,1724,1820
RES_3740,3304557,1433,700,788,645
RES_3741,3304557,297,135,152,145
RES_3742,3304557,2186,918,1033,1153
RES_3743,3304557,1745,814,916,829
RES_3744,3304557,136,58,65,71
RES_3745,3304557,346,165,186,160
RES_3746,3304557,1304,585,658,646
RES_3747,3304557,830,387,435,395
RES_3748,3304557,2580,1127,1268,1312
RES_3749,3304557,65,28,31,34
RES_3750,3304557,905,395,444,461
RES_3751,3304557,156,67,75,81
RES_3752,3304557,133,64,72,61
RES_3753,3304557,1521,655,737,784
RES_3754,3304557,4565,2016,2268,2297
RES_3755,3304557,3742,1574,1771,1971
RES_3756,3304557,179,78,88,91
RES_3757,3304557,771,360,405,366
RES_3758,3304557,217,98,110,107
RES_3759,3304557,884,385,433,451
RES_3760,3304557,1458,623,701,757
RES_3761,3304557,5724,2439,2744,2980
RES_3762,3304557,1465,635,715,750
RES_3763,3304557,1590,709,798,792
RES_3764,3304557,170,72,81,89
RES_3765,3304557,92,34,38,54
RES_3766,3304557,230,97,109,121
RES_3767,3304557,5019,2092,2354,2665
RES_3768,3304557,6210,2640,2971,3239
RES_3769,3304557,2228,974,1096,1132
RES_3770,3304557,6782,2947,3316,3466
RES_3771,3304557,8118,3450,3882,4236
RES_3772,3304557,2984,1277,1437,1547
RES_3773,3304557,1261,536,603,658
RES_3774,3304557,1605,654,736,869
RES_3775,3304557,1154,494,556,598
RES_3776,3304557,556,246,277,279
RES_3777,3304557,443,196,221,222
RES_3778,3304557,4467,1874,2109,2358
RES_3779,3304557,4145,1744,1962,2183
RES_3780,3304557,1600,687,773,827
RES_3781,3304557,1894,807,908,986
RES_3782,3304557,1485,637,717,768
RES_3783,3304557,1407,603,678,729
RES_3784,3304557,1008,443,498,510
RES_3785,3304557,295,130,146,149
RES_3786,3304557,1450,632,711,739
RES_3787,3304557,462,212,239,223
RES_3788,3304557,2474,1021,1149,1325
RES_3789,3304557,1037,415,467,570
RES_3790,3304557,1733,710,799,934
RES_3791,3304557,8333,3475,3910,4423
RES_3792,3304557,7468,3111,3501,3967
RES_3793,3304557,4084,1760,1980,2104
RES_3794,3304557,3569,1499,1687,1882
RES_3795,3304557,317,135,152,165
RES_3796,3304557,570,236,266,304
RES_3797,3304557,128,50,56,72
RES_3798,3304557,106,44,50,56
RES_3799,3304557,3106,1313,1477,1629
RES_3800,3304557,6800,2883,3244,3556
RES_3801,3304557,1970,773,870,1100
RES_3802,3304557,581,231,260,321
RES_3803,3304557,3220,1325,1491,1729
RES_3804,3304557,6601,2765,3111,3490
RES_3805,3304557,6925,2868,3227,3698
RES_3806,3304557,4776,2065,2324,2452
RES_3807,3304557,412,175,197,215
RES_3808,3304557,1827,808,909,918
RES_3809,3304557,224,88,99,125
RES_3810,3304557,242,111,125,117
RES_3811,3304557,78,34,38,40
RES_3812,3304557,28,12,13,15
RES_3813,3304557,307,137,154,153
RES_3814,3304557,209,87,98,111
RES_3815,3304557,1361,584,657,704
RES_3816,3304557,6353,2687,3023,3330
RES_3817,3304557,3124,1239,1394,1730
RES_3818,3304557,3820,1600,1800,2020
RES_3819,3304557,415,184,207,208
RES_3820,3304557,475,214,241,234
RES_3821,3304557,1095,470,529,566
RES_3822,3304557,4082,1670,1879,2203
RES_3823,3304557,7580,3215,3618,3962
RES_3824,3304557,2198,909,1023,1175
RES_3825,3304557,1207,524,590,617
RES_3826,3304557,54,24,27,27
RES_3827,3304557,539,226,254,285
RES_3828,3304557,673,288,324,349
RES_3829,3304557,161,72,81,80
RES_3830,3304557,109,48,54,55
RES_3831,3304557,740,330,371,369
RES_3832,3304557,306,126,142,164
RES_3833,3304557,2306,1046,1177,1129
RES_3834,3304557,308,138,155,153
RES_3835,3304557,1914,844,950,964
RES_3836,3304557,1420,651,733,687
RES_3837,3304557,585,266,299,286
RES_3838,3304557,682,311,350,332
RES_3839,3304557,685,304,342,343
RES_3840,3304557,49,22,25,24
RES_3841,3304557,491,254,286,205
RES_3842,3304557,1738,754,848,890
RES_3843,3304557,559,266,299,260
RES_3844,3304557,3041,1493,1680,1361
RES_3845,3304557,293,144,162,131
RES_3846,3304557,174,88,99,75
RES_3847,3304557,439,182,205,234
RES_3848,3304557,8323,3699,4162,4161
RES_3849,3304557,5103,2448,2755,2348
RES_3850,3304557,1140,456,513,627
RES_3851,3304557,3667,1678,1888,1779
RES_3852,3304557,71,31,35,36
RES_3853,3304557,87,37,42,45
RES_3854,3304557,1202,547,615,587
RES_3855,3304557,2613,1101,1239,1374
RES_3856,3304557,8446,4060,4568,3878
RES_3857,3304557,3288,1618,1821,1467
RES_3858,3304557,484,234,263,221
RES_3859,3304557,990,432,486,504
RES_3860,3304557,625,280,315,310
RES_3861,3304557,2590,1108,1247,1343
RES_3862,3304557,1357,625,703,654
RES_3863,3304557,11751,5385,6059,5692
RES_3864,3304557,5681,2649,2981,2700
RES_3865,3304557,574,245,276,298
RES_3866,3304557,6885,3135,3528,3357
RES_3867,3304557,249,103,116,133
RES_3868,3304557,819,359,404,415
RES_3869,3304557,3318,1512,1701,1617
RES_3870,3304557,772,332,374,398
RES_3871,3304557,792,348,392,400
RES_3872,3304557,793,352,396,397
RES_3873,3304557,879,415,467,412
RES_3874,3304557,2032,1021,1149,883
RES_3875,3304557,2,1,1,1
RES_3876,3304557,2336,1066,1199,1137
RES_3877,3304557,3592,1560,1755,1837
RES_3878,3304557,3082,1381,1554,1528
RES_3879,3304557,2659,1315,1480,1179
RES_3880,3304557,655,330,371,284
RES_3881,3304557,997,442,497,500
RES_3882,3304557,5492,2780,3128,2364
RES_3883,3304557,6639,3366,3787,2852
RES_3884,3304557,1208,487,548,660
RES_3885,3304557,465,214,241,224
RES_3886,3304557,1009,442,497,512
RES_3887,3304557,289,123,138,151
RES_3888,3304557,3376,1743,1961,1415
RES_3889,3304557,284,111,125,159
RES_3890,3304557,1010,397,447,563
RES_3891,3304557,184,79,89,95
RES_3892,3304557,62,27,30,32
RES_3893,3304557,400,182,205,195
RES_3894,3304557,336,152,171,165
RES_3895,3304557,12,5,6,6
RES_3896,3304557,74,29,33,41
RES_3897,3304557,110,50,56,54
RES_3898,3304557,9335,4776,5374,3961
RES_3899,3304557,809,336,378,431
RES_3900,3304557,365,187,210,155
RES_3901,3304557,2968,1417,1594,1374
RES_3902,3304557,1407,662,745,662
RES_3903,3304557,3319,1610,1812,1507
RES_3904,3304557,323,161,181,142
RES_3905,3304557,261,114,128,133
RES_3906,3304557,143,62,70,73
RES_3907,3304557,248,106,119,129
RES_3908,3304557,1528,675,760,768
RES_3909,3304557,4034,1948,2192,1842
RES_3910,3304557,437,200,225,212
RES_3911,3304557,588,280,315,273
RES_3912,3304557,882,411,462,420
RES_3913,3304557,140,62,70,70
RES_3914,3304557,140,59,66,74
RES_3915,3304557,2199,984,1107,1092
RES_3916,3304557,87,39,44,43
RES_3917,3304557,755,340,383,372
RES_3918,3304557,242,117,132,110
RES_3919,3304557,789,338,380,409
RES_3920,3304557,5436,2559,2879,2557
RES_3921,3304557,2226,1048,1179,1047
RES_3922,3304557,459,224,252,207
RES_3923,3304557,211,92,104,107
RES_3924,3304557,208,106,119,89
RES_3925,3304557,14948,7562,8509,6439
RES_3926,3304557,23073,11592,13043,10030
RES_3927,3304557,7291,3701,4164,3127
RES_3928,3304557,1054,522,587,467
RES_3929,3304557,2574,1131,1273,1301
RES_3930,3304557,633,289,325,308
RES_3931,3304557,421,191,215,206
RES_3932,3304557,680,320,360,320
RES_3933,3304557,813,371,417,396
RES_3934,3304557,954,447,503,451
RES_3935,3304557,863,399,449,414
RES_3936,3304557,1315,610,686,629
RES_3937,3304557,464,222,250,214
RES_3938,3304557,64,35,39,25
RES_3939,3304557,618,287,323,295
RES_3940,3304557,863,407,458,405
RES_3941,3304557,127,54,61,66
RES_3942,3304557,319,142,160,159
RES_3943,3304557,3133,1436,1616,1517
RES_3944,3304557,1111,486,547,564
RES_3945,3304557,332,165,186,146
RES_3946,3304557,5105,2451,2758,2347
RES_3947,3304557,4,2,2,2
RES_3948,3304557,4912,2327,2618,2294
RES_3949,3304557,5336,2466,2775,2561
RES_3950,3304557,1321,547,615,706
RES_3951,3304557,1837,822,925,912
RES_3952,3304557,2524,1065,1198,1326
RES_3953,3304557,5248,2157,2427,2821
RES_3954,3304557,1418,648,729,689
RES_3955,3304557,710,301,339,371
RES_3956,3304557,2432,1099,1237,1195
RES_3957,3304557,416,198,223,193
RES_3958,3304557,632,311,350,282
RES_3959,3304557,1928,904,1017,911
RES_3960,3304557,4805,2217,2495,2310
RES_3961,3304557,2400,1059,1192,1208
RES_3962,3304557,2049,982,1105,944
RES_3963,3304557,1088,564,635,453
RES_3964,3304557,302,144,162,140
RES_3965,3304557,1046,551,620,426
RES_3966,3304557,5402,2618,2946,2456
RES_3967,3304557,1470,782,880,590
RES_3968,3304557,690,306,344,346
RES_3969,3304557,600,265,298,302
RES_3970,3304557,10574,4700,5288,5286
RES_3971,3304557,2259,1005,1131,1128
RES_3972,3304557,2939,1304,1467,1472
RES_3973,3304557,10390,4640,5221,5169
RES_3974,3304557,450,214,241,209
RES_3975,3304557,181,78,88,93
RES_3976,3304557,263,116,131,132
RES_3977,3304557,192,93,105,87
RES_3978,3304557,176,67,75,101
RES_3979,3304557,12,5,6,6
RES_3980,3304557,145,68,77,68
RES_3981,3304557,323,147,165,158
RES_3982,3304557,1382,598,673,709
RES_3983,3304557,30,13,15,15
RES_3984,3304557,4018,1748,1967,2051
RES_3985,3304557,4060,1858,2091,1969
RES_3986,3304557,915,398,448,467
RES_3987,3304557,3205,1450,1632,1573
RES_3988,3304557,4817,2300,2588,2229
RES_3989,3304557,5896,2511,2825,3071
RES_3990,3304557,1442,712,801,641
RES_3991,3304557,170,77,87,83
RES_3992,3304557,249,109,123,126
RES_3993,3304557,546,254,286,260
RES_3994,3304557,462,198,223,239
RES_3995,3304557,557,268,302,255
RES_3996,3304557,1117,531,597,520
RES_3997,3304557,1554,694,781,773
RES_3998,3304557,2759,1228,1382,1377
RES_3999,3304557,3530,1558,1753,1777
RES_4000,3304557,5814,2643,2974,2840
RES_4001,3304557,3420,1513,1702,1718
RES_4002,3304557,3942,1717,1932,2010
RES_4003,3304557,444,217,244,200
RES_4004,3304557,2480,1018,1145,1335
RES_4005,3304557,6964,2728,3070,3894
RES_4006,3304557,6389,2753,3098,3291
RES_4007,3304557,2052,890,1001,1051
RES_4008,3304557,660,297,334,326
RES_4009,3304557,300,130,146,154
RES_4010,3304557,9938,4375,4923,5015
RES_4011,3304557,13722,6175,6948,6774
RES_4012,3304557,1744,742,835,909
RES_4013,3304557,809,357,402,407
RES_4014,3304557,4897,2172,2444,2453
RES_4015,3304557,638,285,321,317
RES_4016,3304557,357,162,182,175
RES_4017,3304557,600,298,335,265
RES_4018,3304557,350,156,176,174
RES_4019,3304557,739,351,395,344
RES_4020,3304557,485,223,251,234
RES_4021,3304557,188,82,92,96
RES_4022,3304557,256,129,145,111
RES_4023,3304557,525,229,258,267
RES_4024,3304557,153,73,82,71
RES_4025,3304557,1757,805,906,851
RES_4026,3304557,3580,1588,1787,1793
RES_4027,3304557,479,193,217,262
RES_4028,3304557,3503,1591,1790,1713
RES_4029,3304557,6111,2607,2933,3178
RES_4030,3304557,6501,2812,3164,3337
RES_4031,3304557,1687,679,764,923
RES_4032,3304557,4869,2196,2471,2398
RES_4033,3304557,7006,3053,3435,3571
RES_4034,3304557,365,151,170,195
RES_4035,3304557,1259,546,614,645
RES_4036,3304557,461,208,234,227
RES_4037,3304557,761,365,411,350
RES_4038,3304557,366,171,192,174
RES_4039,3304557,539,262,295,244
RES_4040,3304557,12,5,6,6
RES_4041,3304557,2036,1011,1138,898
RES_4042,3304557,695,348,392,303
RES_4043,3304557,1642,713,802,840
RES_4044,3304557,3114,1399,1574,1540
RES_4045,3304557,188,86,97,91
RES_4046,3304557,1078,487,548,530
RES_4047,3304557,3828,1677,1887,1941
RES_4048,3304557,756,341,384,372
RES_4049,3304557,6004,2693,3030,2974
RES_4050,3304557,7153,3168,3565,3588
RES_4051,3304557,7164,3176,3574,3590
RES_4052,3304557,1005,468,527,478
RES_4053,3304557,2435,1101,1239,1196
RES_4054,3304557,7704,3389,3813,3891
RES_4055,3304557,4067,1706,1920,2147
RES_4056,3304557,4096,1765,1986,2110
RES_4057,3304557,341,147,165,176
RES_4058,3304557,2177,939,1057,1120
RES_4059,3304557,3894,1661,1869,2025
RES_4060,3304557,7455,3265,3674,3781
RES_4061,3304557,5694,2374,2671,3023
RES_4062,3304557,438,180,203,235
RES_4063,3304557,4521,2132,2399,2122
RES_4064,3304557,9399,4001,4502,4897
RES_4065,3304557,7083,3008,3385,3698
RES_4066,3304557,3698,1600,1800,1898
RES_4067,3304557,421,178,200,221
RES_4068,3304557,1522,689,775,747
RES_4069,3304557,989,433,487,502
RES_4070,3304557,496,219,246,250
RES_4071,3304557,718,341,384,334
RES_4072,3304557,75,33,37,38
RES_4073,3304557,102,48,54,48
RES_4074,3304557,261,121,136,125
RES_4075,3304557,852,381,429,423
RES_4076,3304557,441,205,231,210
RES_4077,3304557,346,167,188,158
RES_4078,3304557,1082,492,554,528
RES_4079,3304557,54,28,31,23
RES_4080,3304557,375,175,197,178
RES_4081,3304557,483,215,242,241
RES_4082,3304557,451,203,228,223
RES_4083,3304557,285,137,154,131
RES_4084,3304557,207,88,99,108
RES_4085,3304557,928,429,483,445
RES_4086,3304557,44,19,21,23
RES_4087,3304557,2643,1110,1249,1394
RES_4088,3304557,664,245,276,388
RES_4089,3304557,3341,1448,1629,1712
RES_4090,3304557,688,313,352,336
RES_4091,3304557,850,355,399,451
RES_4092,3304557,2601,1094,1231,1370
RES_4093,3304557,3986,1725,1941,2045
RES_4094,3304557,945,426,479,466
RES_4095,3304557,1132,460,518,614
RES_4096,3304557,5485,2364,2660,2825
RES_4097,3304557,1803,786,884,919
RES_4098,3304557,1977,896,1008,969
RES_4099,3304557,622,273,307,315
RES_4100,3304557,1009,515,579,430
RES_4101,3304557,939,429,483,456
RES_4102,3304557,368,159,179,189
RES_4103,3304557,171,67,75,96
RES_4104,3304557,2356,1131,1273,1083
RES_4105,3304557,556,240,270,286
RES_4106,3304557,523,227,255,268
RES_4107,3304557,707,315,354,353
RES_4108,3304557,531,246,277,254
RES_4109,3304557,146,64,72,74
RES_4110,3304557,2174,1051,1183,991
RES_4111,3304557,194,89,100,94
RES_4112,3304557,2481,1044,1175,1306
RES_4113,3304557,5942,2557,2877,3065
RES_4114,3304557,4603,2050,2307,2296
RES_4115,3304557,5494,2367,2663,2831
RES_4116,3304557,8596,3565,4011,4585
RES_4117,3304557,4678,1946,2190,2488
RES_4118,3304557,2620,1106,1244,1376
RES_4119,3304557,1843,843,949,894
RES_4120,3304557,4470,1883,2119,2351
RES_4121,3304557,1796,766,862,934
RES_4122,3304557,1642,756,851,791
RES_4123,3304557,986,451,507,479
RES_4124,3304557,563,243,273,290
RES_4125,3304557,888,404,455,433
RES_4126,3304557,2351,1069,1203,1148
RES_4127,3304557,3295,1510,1699,1596
RES_4128,3304557,759,334,376,383
RES_4129,3304557,848,376,423,425
RES_4130,3304557,835,384,432,403
RES_4131,3304557,755,334,376,379
RES_4132,3304557,279,125,141,138
RES_4133,3304557,1064,481,541,523
RES_4134,3304557,1079,489,550,529
RES_4135,3304557,3235,1449,1630,1605
RES_4136,3304557,704,326,367,337
RES_4137,3304557,530,249,280,250
RES_4138,3304557,628,288,324,304
RES_4139,3304557,909,412,464,445
RES_4140,3304557,4853,2015,2267,2586
RES_4141,3304557,2249,948,1067,1182
RES_4142,3304557,3676,1662,1870,1806
RES_4143,3304557,6950,2829,3183,3767
RES_4144,3304557,2304,937,1054,1250
RES_4145,3304557,2425,1066,1199,1226
RES_4146,3304557,4894,2106,2370,2524
RES_4147,3304557,1488,641,721,767
RES_4148,3304557,717,329,370,347
RES_4149,3304557,1809,816,918,891
RES_4150,3304557,448,196,221,227
RES_4151,3304557,683,307,345,338
RES_4152,3304557,537,252,284,253
RES_4153,3304557,82,36,40,42
RES_4154,3304557,426,179,201,225
RES_4155,3304557,1365,632,711,654
RES_4156,3304557,1167,554,623,544
RES_4157,3304557,2102,898,1010,1092
RES_4158,3304557,3853,1601,1801,2052
RES_4159,3304557,985,433,487,498
RES_4160,3304557,504,214,241,263
RES_4161,3304557,2194,942,1060,1134
RES_4162,3304557,3408,1513,1702,1706
RES_4163,3304557,630,318,358,272
RES_4164,3304557,66,32,36,30
RES_4165,3304557,630,273,307,323
RES_4166,3304557,999,510,574,425
RES_4167,3304557,762,336,378,384
RES_4168,3304557,2874,1242,1398,1476
RES_4169,3304557,317,159,179,138
RES_4170,3304557,522,277,312,210
RES_4171,3304557,554,256,288,266
RES_4172,3304557,904,431,485,419
RES_4173,3304557,600,291,327,273
RES_4174,3304557,602,307,345,257
RES_4175,3304557,493,240,270,223
RES_4176,3304557,3301,1540,1733,1568
RES_4177,3304557,1609,672,756,853
RES_4178,3304557,648,297,334,314
RES_4179,3304557,2076,820,923,1153
RES_4180,3304557,1414,662,745,669
RES_4181,3304557,69,30,34,35
RES_4182,3304557,1872,805,906,966
RES_4183,3304557,745,360,405,340
RES_4184,3304557,1789,817,919,870
RES_4185,3304557,380,172,194,186
RES_4186,3304557,1400,593,667,733
RES_4187,3304557,910,390,439,471
RES_4188,3304557,1151,482,542,609
RES_4189,3304557,7175,3080,3466,3709
RES_4190,3304557,3441,1532,1724,1717
RES_4191,3304557,89,37,42,47
RES_4192,3304557,2180,972,1094,1086
RES_4193,3304557,666,303,341,325
RES_4194,3304557,1501,660,743,758
RES_4195,3304557,379,168,189,190
RES_4196,3304557,1744,793,892,852
RES_4197,3304557,581,272,306,275
RES_4198,3304557,702,368,414,288
RES_4199,3304557,3573,1603,1804,1769
RES_4200,3304557,6970,3014,3391,3579
RES_4201,3304557,1924,827,931,993
RES_4202,3304557,1331,574,646,685
RES_4203,3304557,5978,2722,3063,2915
RES_4204,3304557,5144,2481,2792,2352
RES_4205,3304557,3565,1563,1759,1806
RES_4206,3304557,11474,5063,5697,5777
RES_4207,3304557,7012,3082,3468,3544
RES_4208,3304557,3434,1466,1650,1784
RES_4209,3304557,5029,2165,2436,2593
RES_4210,3304557,4731,2126,2392,2339
RES_4211,3304557,567,258,290,277
RES_4212,3304557,29,13,15,14
RES_4213,3304557,5688,2393,2693,2995
RES_4214,3304557,14916,6403,7205,7711
RES_4215,3304557,4626,1926,2167,2459
RES_4216,3304557,5037,2159,2429,2608
RES_4217,3304557,3975,1764,1985,1990
RES_4218,3304557,478,219,246,232
RES_4219,3304557,1073,505,568,505
RES_4220,3304557,1354,592,666,688
RES_4221,3304557,6676,2890,3252,3424
RES_4222,3304557,10400,4527,5094,5306
RES_4223,3304557,5311,2292,2579,2732
RES_4224,3304557,6453,2847,3203,3250
RES_4225,3304557,2051,939,1057,994
RES_4226,3304557,2939,1277,1437,1502
RES_4227,3304557,7526,3150,3544,3982
RES_4228,3304557,577,238,268,309
RES_4229,3304557,916,377,424,492
RES_4230,3304557,482,223,251,231
RES_4231,3304557,153,69,78,75
RES_4232,3304557,970,431,485,485
RES_4233,3304557,3405,1530,1722,1683
RES_4234,3304557,97,48,54,43
RES_4235,3304557,211,96,108,103
RES_4236,3304557,30,13,15,15
RES_4237,3304557,697,292,329,368
RES_4238,3304557,326,154,173,153
RES_4239,3304557,582,271,305,277
RES_4240,3304557,675,308,347,328
RES_4241,3304557,307,142,160,147
RES_4242,3304557,767,344,387,380
RES_4243,3304557,555,260,293,262
RES_4244,3304557,369,168,189,180
RES_4245,3304557,388,186,209,179
RES_4246,3304557,567,271,305,262
RES_4247,3304557,347,151,170,177
RES_4248,3304557,1054,470,529,525
RES_4249,3304557,215,103,116,99
RES_4250,3304557,749,337,379,370
RES_4251,3304557,546,252,284,262
RES_4252,3304557,420,188,212,208
RES_4253,3304557,696,329,370,326
RES_4254,3304557,1567,728,819,748
RES_4255,3304557,333,144,162,171
RES_4256,3304557,435,198,223,212
RES_4257,3304557,692,302,340,352
RES_4258,3304557,658,291,327,331
RES_4259,3304557,205,93,105,100
RES_4260,3304557,530,242,272,258
RES_4261,3304557,1128,519,584,544
RES_4262,3304557,501,218,245,256
RES_4263,3304557,865,387,435,430
RES_4264,3304557,791,348,392,399
RES_4265,3304557,2674,1198,1348,1326
RES_4266,3304557,6001,2653,2985,3016
RES_4267,3304557,5973,2680,3016,2957
RES_4268,3304557,4127,1762,1983,2144
RES_4269,3304557,4222,1786,2010,2212
RES_4270,3304557,4585,1942,2185,2400
RES_4271,3304557,3958,1790,2014,1944
RES_4272,3304557,2150,941,1059,1091
RES_4273,3304557,9449,4212,4739,4710
RES_4274,3304557,2553,1106,1244,1309
RES_4275,3304557,2449,1057,1189,1260
RES_4276,3304557,826,334,376,450
RES_4277,3304557,129,58,65,64
RES_4278,3304557,1408,598,673,735
RES_4279,3304557,2604,941,1059,1545
RES_4280,3304557,225,100,113,112
RES_4281,3304557,148,56,63,85
RES_4282,3304557,294,112,126,168
RES_4283,3304557,2193,951,1070,1123
RES_4284,3304557,7116,3111,3501,3615
RES_4285,3304557,722,344,387,335
RES_4286,3304557,119,50,56,63
RES_4287,3304557,1941,955,1075,866
RES_4288,3304557,633,279,314,319
RES_4289,3304557,946,414,466,480
RES_4290,3304557,1479,662,745,734
RES_4291,3304557,807,332,374,433
RES_4292,3304557,323,137,154,169
RES_4293,3304557,1514,652,734,780
RES_4294,3304557,208,89,100,108
RES_4295,3304557,4647,1982,2230,2417
RES_4296,3304557,1561,701,789,772
RES_4297,3304557,4,2,2,2
RES_4298,3304557,1603,682,767,836
RES_4299,3304557,2085,925,1041,1044
RES_4300,3304557,4637,2044,2300,2337
RES_4301,3304557,195,86,97,98
RES_4302,3304557,5134,2483,2794,2340
RES_4303,3304557,1468,658,740,728
RES_4304,3304557,9109,4064,4573,4536
RES_4305,3304557,7086,3100,3488,3598
RES_4306,3304557,5366,2361,2657,2709
RES_4307,3304557,6612,2893,3255,3357
RES_4308,3304557,6693,3048,3430,3263
RES_4309,3304557,2067,972,1094,973
RES_4310,3304557,3311,1537,1729,1582
RES_4311,3304557,5034,2334,2626,2408
RES_4312,3304557,7210,3208,3610,3600
RES_4313,3304557,2485,1091,1228,1257
RES_4314,3304557,4880,2065,2324,2556
RES_4315,3304557,4494,1943,2186,2308
RES_4316,3304557,6017,2890,3252,2765
RES_4317,3304557,9730,4452,5009,4721
RES_4318,3304557,3621,1707,1921,1700
RES_4319,3304557,5331,2299,2587,2744
RES_4320,3304557,4283,1783,2006,2277
RES_4321,3304557,10188,4368,4915,5273
RES_4322,3304557,5205,2240,2520,2685
RES_4323,3304557,4404,1899,2137,2267
RES_4324,3304557,6986,3103,3492,3494
RES_4325,3304557,736,347,390,346
RES_4326,3304557,1376,559,629,747
RES_4327,3304557,9066,3915,4405,4661
RES_4328,3304557,3978,1792,2016,1962
RES_4329,3304557,2603,1102,1240,1363
RES_4330,3304557,1742,824,927,815
RES_4331,3304557,1507,698,785,722
RES_4332,3304557,524,229,258,266
RES_4333,3304557,422,193,217,205
RES_4334,3304557,238,109,123,115
RES_4335,3304557,4067,1777,1999,2068
RES_4336,3304557,277,124,140,137
RES_4337,3304557,2198,1162,1307,891
RES_4338,3304557,966,471,530,436
RES_4339,3304557,3082,1386,1560,1522
RES_4340,3304557,68,33,37,31
RES_4341,3304557,463,215,242,221
RES_4342,3304557,786,354,398,388
RES_4343,3304557,427,185,208,219
RES_4344,3304557,253,111,125,128
RES_4345,3304557,729,330,371,358
RES_4346,3304557,397,170,191,206
RES_4347,3304557,404,163,183,221
RES_4348,3304557,2782,1213,1365,1417
RES_4349,3304557,395,187,210,185
RES_4350,3304557,213,100,113,100
RES_4351,3304557,816,388,437,379
RES_4352,3304557,579,261,294,285
RES_4353,3304557,480,212,239,241
RES_4354,3304557,799,351,395,404
RES_4355,3304557,1065,478,538,527
RES_4356,3304557,1673,810,911,762
RES_4357,3304557,1480,665,748,732
RES_4358,3304557,334,152,171,163
RES_4359,3304557,755,334,376,379
RES_4360,3304557,1026,457,514,512
RES_4361,3304557,154,64,72,82
RES_4362,3304557,294,114,128,166
RES_4363,3304557,612,265,298,314
RES_4364,3304557,146,67,75,71
RES_4365,3304557,404,191,215,189
RES_4366,3304557,894,407,458,436
RES_4367,3304557,1995,910,1024,971
RES_4368,3304557,2210,994,1118,1092
RES_4369,3304557,756,337,379,377
RES_4370,3304557,197,85,96,101
RES_4371,3304557,747,337,379,368
RES_4372,3304557,878,396,446,432
RES_4373,3304557,456,203,228,228
RES_4374,3304557,715,322,362,353
RES_4375,3304557,2376,1063,1196,1180
RES_4376,3304557,2001,900,1013,988
RES_4377,3304557,308,145,163,145
RES_4378,3304557,802,374,421,381
RES_4379,3304557,2335,1096,1233,1102
RES_4380,3304557,4030,1836,2066,1964
RES_4381,3304557,7576,3368,3790,3786
RES_4382,3304557,3861,1767,1988,1873
RES_4383,3304557,8081,3619,4072,4009
RES_4384,3304557,5933,2636,2966,2967
RES_4385,3304557,7825,3563,4009,3816
RES_4386,3304557,4150,1903,2141,2009
RES_4387,3304557,910,400,450,460
RES_4388,3304557,7045,3054,3436,3609
RES_4389,3304557,5178,2311,2600,2578
RES_4390,3304557,3620,1541,1734,1886
RES_4391,3304557,4830,2113,2378,2452
RES_4392,3304557,170,68,77,93
RES_4393,3304557,1314,612,689,625
RES_4394,3304557,1950,864,972,978
RES_4395,3304557,1088,461,519,569
RES_4396,3304557,169,75,84,85
RES_4397,3304557,3386,1525,1716,1670
RES_4398,3304557,1445,712,801,644
RES_4399,3304557,230,98,110,120
RES_4400,3304557,989,442,497,492
RES_4401,3304557,2573,1182,1330,1243
RES_4402,3304557,6869,3103,3492,3377
RES_4403,3304557,2127,979,1102,1025
RES_4404,3304557,5138,2304,2592,2546
RES_4405,3304557,2315,1022,1150,1165
RES_4406,3304557,2515,1107,1246,1269
RES_4407,3304557,1659,742,835,824
RES_4408,3304557,27,12,13,14
RES_4409,3304557,632,308,347,285
RES_4410,3304557,162,70,79,83
RES_4411,3304557,235,120,135,100
RES_4412,3304557,394,182,205,189
RES_4413,3304557,875,454,511,364
RES_4414,3304557,144,66,74,70
RES_4415,3304557,1188,569,640,548
RES_4416,3304557,708,281,316,392
RES_4417,3304557,947,455,512,435
RES_4418,3304557,5749,2600,2926,2823
RES_4419,3304557,5459,2593,2918,2541
RES_4420,3304557,413,200,225,188
RES_4421,3304557,2866,1292,1454,1412
RES_4422,3304557,4127,1900,2138,1989
RES_4423,3304557,1859,911,1025,834
RES_4424,3304557,2269,970,1091,1178
RES_4425,3304557,3979,1752,1971,2008
RES_4426,3304557,4655,2083,2344,2311
RES_4427,3304557,3168,1499,1687,1481
RES_4428,3304557,2081,932,1049,1032
RES_4429,3304557,816,370,416,400
RES_4430,3304557,1167,556,626,541
RES_4431,3304557,189,87,98,91
RES_4432,3304557,121,55,62,59
RES_4433,3304557,573,252,284,289
RES_4434,3304557,675,297,334,341
RES_4435,3304557,163,73,82,81
RES_4436,3304557,1214,572,644,570
RES_4437,3304557,330,150,169,161
RES_4438,3304557,895,419,471,424
RES_4439,3304557,229,98,110,119
RES_4440,3304557,196,88,99,97
RES_4441,3304557,460,217,244,216
RES_4442,3304557,532,247,278,254
RES_4443,3304557,1159,537,604,555
RES_4444,3304557,2366,1049,1180,1186
RES_4445,3304557,5355,2391,2690,2665
RES_4446,3304557,443,190,214,229
RES_4447,3304557,904,426,479,425
RES_4448,3304557,3549,1634,1839,1710
RES_4449,3304557,404,212,239,165
RES_4450,3304557,7,3,3,4
RES_4451,3304557,2234,994,1118,1116
RES_4452,3304557,6217,2797,3147,3070
RES_4453,3304557,5663,2667,3001,2662
RES_4454,3304557,130,60,68,62
RES_4455,3304557,613,276,311,302
RES_4456,3304557,1174,503,566,608
RES_4457,3304557,1838,782,880,958
RES_4458,3304557,663,287,323,340
RES_4459,3304557,5372,2315,2605,2767
RES_4460,3304557,8150,3490,3927,4223
RES_4461,3304557,5097,2318,2608,2489
RES_4462,3304557,3726,1704,1917,1809
RES_4463,3304557,348,174,196,152
RES_4464,3304557,2434,1105,1243,1191
RES_4465,3304557,4381,2107,2371,2010
RES_4466,3304557,1890,860,968,922
RES_4467,3304557,38,17,19,19
RES_4468,3304557,3572,1495,1682,1890
RES_4469,3304557,2360,960,1080,1280
RES_4470,3304557,5248,2449,2756,2492
RES_4471,3304557,6755,2777,3125,3630
RES_4472,3304557,4293,1766,1987,2306
RES_4473,3304557,6170,2791,3140,3030
RES_4474,3304557,3916,1840,2070,1846
RES_4475,3304557,514,239,269,245
RES_4476,3304557,535,225,253,282
RES_4477,3304557,945,474,533,412
RES_4478,3304557,3604,1669,1878,1726
RES_4479,3304557,3599,1600,1800,1799
RES_4480,3304557,2163,962,1082,1081
RES_4481,3304557,2563,1077,1212,1351
RES_4482,3304557,4247,1823,2051,2196
RES_4483,3304557,4778,1950,2194,2584
RES_4484,3304557,4276,1729,1945,2331
RES_4485,3304557,5757,2508,2822,2935
RES_4486,3304557,6698,3026,3405,3293
RES_4487,3304557,4193,2025,2279,1914
RES_4488,3304557,1292,604,680,612
RES_4489,3304557,2677,1344,1512,1165
RES_4490,3304557,5867,2576,2899,2968
RES_4491,3304557,5853,2484,2795,3058
RES_4492,3304557,5285,2325,2616,2669
RES_4493,3304557,2264,931,1048,1216
RES_4494,3304557,1890,761,856,1034
RES_4495,3304557,4227,1749,1968,2259
RES_4496,3304557,3858,1630,1834,2024
RES_4497,3304557,4738,2137,2405,2333
RES_4498,3304557,6203,2793,3143,3060
RES_4499,3304557,1625,713,802,823
RES_4500,3304557,1049,481,541,508
RES_4501,3304557,487,211,237,250
RES_4502,3304557,459,203,228,231
RES_4503,3304557,1027,474,533,494
RES_4504,3304557,4936,2332,2624,2312
RES_4505,3304557,4405,1940,2183,2222
RES_4506,3304557,4258,1768,1989,2269
RES_4507,3304557,3847,1589,1788,2059
RES_4508,3304557,1682,707,796,886
RES_4509,3304557,1688,787,886,802
RES_4510,3304557,5792,2447,2753,3039
RES_4511,3304557,5232,2488,2800,2432
RES_4512,3304557,4645,2137,2405,2240
RES_4513,3304557,3161,1565,1761,1400
RES_4514,3304557,117,56,63,54
RES_4515,3304557,185,86,97,88
RES_4516,3304557,32,14,16,16
RES_4517,3304557,3081,1346,1515,1566
RES_4518,3304557,5522,2398,2698,2824
RES_4519,3304557,2636,1112,1251,1385
RES_4520,3304557,6059,2595,2920,3139
RES_4521,3304557,2661,1062,1195,1466
RES_4522,3304557,469,206,232,237
RES_4523,3304557,3992,1708,1922,2070
RES_4524,3304557,2735,1277,1437,1298
RES_4525,3304557,2877,1450,1632,1245
RES_4526,3304557,934,461,519,415
RES_4527,3304557,3387,1673,1882,1505
RES_4528,3304557,1592,714,803,789
RES_4529,3304557,2025,957,1077,948
RES_4530,3304557,2042,931,1048,994
RES_4531,3304557,4871,2109,2373,2498
RES_4532,3304557,6046,2581,2904,3142
RES_4533,3304557,1173,557,627,546
RES_4534,3304557,7433,3471,3906,3527
RES_4535,3304557,672,317,357,315
RES_4536,3304557,3854,1638,1843,2011
RES_4537,3304557,3241,1440,1620,1621
RES_4538,3304557,675,312,351,324
RES_4539,3304557,14,6,7,7
RES_4540,3304557,740,351,395,345
RES_4541,3304557,5906,2675,3010,2896
RES_4542,3304557,4269,1901,2139,2130
RES_4543,3304557,249,123,138,111
RES_4544,3304557,4254,1935,2177,2077
RES_4545,3304557,5987,2736,3079,2908
RES_4546,3304557,74,34,38,36
RES_4547,3304557,758,339,381,377
RES_4548,3304557,425,173,195,230
RES_4549,3304557,818,346,389,429
RES_4550,3304557,2833,1274,1434,1399
RES_4551,3304557,1341,601,676,665
RES_4552,3304557,1619,709,798,821
RES_4553,3304557,1037,459,516,521
RES_4554,3304557,421,199,224,197
RES_4555,3304557,1150,519,584,566
RES_4556,3304557,1057,512,576,481
RES_4557,3304557,405,180,203,202
RES_4558,3304557,4,2,2,2
RES_4559,3304557,10,4,4,6
RES_4560,3304557,510,211,237,273
RES_4561,3304557,199,87,98,101
RES_4562,3304557,3053,1403,1579,1474
RES_4563,3304557,457,214,241,216
RES_4564,3304557,400,194,218,182
RES_4565,3304557,373,171,192,181
RES_4566,3304557,217,93,105,112
RES_4567,3304557,216,97,109,107
RES_4568,3304557,205,90,101,104
RES_4569,3304557,358,168,189,169
RES_4570,3304557,273,131,147,126
RES_4571,3304557,352,154,173,179
RES_4572,3304557,134,60,68,66
RES_4573,3304557,136,54,61,75
RES_4574,3304557,217,100,113,104
RES_4575,3304557,79,32,36,43
RES_4576,3304557,251,121,136,115
RES_4577,3304557,136,59,66,70
RES_4578,3304557,403,203,228,175
RES_4579,3304557,304,132,149,155
RES_4580,3304557,460,207,233,227
RES_4581,3304557,305,153,172,133
RES_4582,3304557,259,122,137,122
RES_4583,3304557,47,22,25,22
RES_4584,3304557,140,66,74,66
RES_4585,3304557,532,239,269,263
RES_4586,3304557,596,278,313,283
RES_4587,3304557,437,203,228,209
RES_4588,3304557,400,186,209,191
RES_4589,3304557,121,50,56,65
RES_4590,3304557,129,63,71,58
RES_4591,3304557,810,381,429,381
RES_4592,3304557,342,153,172,170
RES_4593,3304557,542,243,273,269
RES_4594,3304557,1103,500,563,540
RES_4595,3304557,403,177,199,204
RES_4596,3304557,72,32,36,36
RES_4597,3304557,1158,521,586,572
RES_4598,3304557,306,135,152,154
RES_4599,3304557,181,81,91,90
RES_4600,3304557,78,32,36,42
RES_4601,3304557,1236,550,619,617
RES_4602,3304557,2458,1156,1301,1157
RES_4603,3304557,317,140,158,159
RES_4604,3304557,341,141,159,182
RES_4605,3304557,1999,937,1054,945
RES_4606,3304557,2154,928,1044,1110
RES_4607,3304557,2549,1137,1279,1270
RES_4608,3304557,2394,1082,1217,1177
RES_4609,3304557,5428,2362,2658,2770
RES_4610,3304557,4253,1886,2122,2131
RES_4611,3304557,1123,527,593,530
RES_4612,3304557,380,179,201,179
RES_4613,3304557,2612,1284,1445,1167
RES_4614,3304557,2730,1253,1410,1320
RES_4615,3304557,2332,1009,1135,1197
RES_4616,3304557,1572,686,772,800
RES_4617,3304557,78,35,39,39
RES_4618,3304557,183,79,89,94
RES_4619,3304557,2059,953,1072,987
RES_4620,3304557,335,167,188,147
RES_4621,3304557,158,76,86,72
RES_4622,3304557,338,175,197,141
RES_4623,3304557,393,173,195,198
RES_4624,3304557,506,240,270,236
RES_4625,3304557,79,33,37,42
RES_4626,3304557,640,321,361,279
RES_4627,3304557,208,102,115,93
RES_4628,3304557,2805,1281,1441,1364
RES_4629,3304557,3083,1469,1653,1430
RES_4630,3304557,1796,815,917,879
RES_4631,3304557,5569,2586,2910,2659
RES_4632,3304557,5243,2360,2655,2588
RES_4633,3304557,6038,2667,3001,3037
RES_4634,3304557,3331,1465,1648,1683
RES_4635,3304557,916,426,479,437
RES_4636,3304557,3814,1793,2017,1797
RES_4637,3304557,2652,1189,1338,1314
RES_4638,3304557,3080,1379,1552,1528
RES_4639,3304557,4542,2026,2280,2262
RES_4640,3304557,4028,1800,2025,2003
RES_4641,3304557,2561,1252,1409,1152
RES_4642,3304557,679,330,371,308
RES_4643,3304557,311,140,158,153
RES_4644,3304557,334,163,183,151
RES_4645,3304557,5880,2652,2984,2896
RES_4646,3304557,7312,3346,3765,3547
RES_4647,3304557,1179,530,596,583
RES_4648,3304557,1875,840,945,930
RES_4649,3304557,249,121,136,113
RES_4650,3304557,435,213,240,195
RES_4651,3304557,210,101,114,96
RES_4652,3304557,439,200,225,214
RES_4653,3304557,1043,490,551,492
RES_4654,3304557,213,92,104,109
RES_4655,3304557,1062,462,520,542
RES_4656,3304557,1254,587,660,594
RES_4657,3304557,524,242,272,252
RES_4658,3304557,3330,1568,1764,1566
RES_4659,3304557,9053,4074,4584,4469
RES_4660,3304557,4802,2179,2452,2350
RES_4661,3304557,5358,2555,2875,2483
RES_4662,3304557,7679,3755,4225,3454
RES_4663,3304557,7340,3209,3611,3729
RES_4664,3304557,2449,1169,1315,1134
RES_4665,3304557,4749,2200,2475,2274
RES_4666,3304557,4023,1868,2102,1921
RES_4667,3304557,1794,895,1007,787
RES_4668,3304557,1779,847,953,826
RES_4669,3304557,5694,2670,3004,2690
RES_4670,3304557,4582,2149,2418,2164
RES_4671,3304557,7150,3183,3582,3568
RES_4672,3304557,3890,1707,1921,1969
RES_4673,3304557,2317,1138,1280,1037
RES_4674,3304557,4822,2193,2468,2354
RES_4675,3304557,1840,796,896,944
RES_4676,3304557,1270,580,653,617
RES_4677,3304557,193,97,109,84
RES_4678,3304557,486,235,264,222
RES_4679,3304557,1165,562,632,533
RES_4680,3304557,374,167,188,186
RES_4681,3304557,340,163,183,157
RES_4682,3304557,597,264,297,300
RES_4683,3304557,2492,1088,1224,1268
RES_4684,3304557,357,175,197,160
RES_4685,3304557,1591,742,835,756
RES_4686,3304557,3444,1525,1716,1728
RES_4687,3304557,1210,536,603,607
RES_4688,3304557,358,158,178,180
RES_4689,3304557,3139,1331,1498,1641
RES_4690,3304557,3096,1371,1543,1553
RES_4691,3304557,296,175,197,99
RES_4692,3304557,710,300,338,372
RES_4693,3304557,62,33,37,25
RES_4694,3304557,1071,478,538,533
RES_4695,3304557,475,214,241,234
RES_4696,3304557,952,418,470,482
RES_4697,3304557,4732,2065,2324,2408
RES_4698,3304557,4277,1877,2112,2165
RES_4699,3304557,3277,1408,1584,1693
RES_4700,3304557,3264,1503,1691,1573
RES_4701,3304557,6529,2894,3256,3273
RES_4702,3304557,753,350,394,359
RES_4703,3304557,8,4,4,4
RES_4704,3304557,1265,590,664,601
RES_4705,3304557,3782,1664,1872,1910
RES_4706,3304557,6020,2856,3214,2806
RES_4707,3304557,6453,2810,3162,3291
RES_4708,3304557,816,376,423,393
RES_4709,3304557,1882,862,970,912
RES_4710,3304557,4799,2333,2625,2174
RES_4711,3304557,1298,588,662,636
RES_4712,3304557,4510,1921,2162,2348
RES_4713,3304557,1752,810,911,841
RES_4714,3304557,5135,2275,2560,2575
RES_4715,3304557,718,325,366,352
RES_4716,3304557,384,172,194,190
RES_4717,3304557,1904,908,1022,882
RES_4718,3304557,1004,461,519,485
RES_4719,3304557,2482,1045,1176,1306
RES_4720,3304557,1457,700,788,669
RES_4721,3304557,1377,634,713,664
RES_4722,3304557,704,322,362,342
RES_4723,3304557,591,275,309,282
RES_4724,3304557,279,127,143,136
RES_4725,3304557,772,348,392,380
RES_4726,3304557,435,209,235,200
RES_4727,3304557,617,292,329,288
RES_4728,3304557,3599,1624,1827,1772
RES_4729,3304557,369,159,179,190
RES_4730,3304557,1916,892,1004,912
RES_4731,3304557,816,394,443,373
RES_4732,3304557,671,304,342,329
RES_4733,3304557,1346,612,689,657
RES_4734,3304557,284,130,146,138
RES_4735,3304557,455,194,218,237
RES_4736,3304557,1108,508,572,536
RES_4737,3304557,663,315,354,309
RES_4738,3304557,4434,2101,2364,2070
RES_4739,3304557,1445,730,821,624
RES_4740,3304557,1138,507,570,568
RES_4741,3304557,2399,1083,1219,1180
RES_4742,3304557,413,193,217,196
RES_4743,3304557,4,2,2,2
RES_4744,3304557,88,39,44,44
RES_4745,3304557,1834,804,905,929
RES_4746,3304557,1439,618,695,744
RES_4747,3304557,628,278,313,315
RES_4748,3304557,1379,585,658,721
RES_4749,3304557,2043,855,962,1081
RES_4750,3304557,140,62,70,70
RES_4751,3304557,757,345,388,369
RES_4752,3304557,7208,3209,3611,3597
RES_4753,3304557,116,43,48,68
RES_4754,3304557,2574,1211,1363,1211
RES_4755,3304557,2346,1102,1240,1106
RES_4756,3304557,3067,1424,1602,1465
RES_4757,3304557,2080,963,1084,996
RES_4758,3304557,3536,1551,1745,1791
RES_4759,3304557,4617,2011,2263,2354
RES_4760,3304557,59,26,29,30
RES_4761,3304557,2537,1179,1327,1210
RES_4762,3304557,2755,1246,1402,1353
RES_4763,3304557,3618,1558,1753,1865
RES_4764,3304557,3319,1478,1663,1656
RES_4765,3304557,6389,2881,3242,3147
RES_4766,3304557,5479,2542,2860,2619
RES_4767,3304557,390,184,207,183
RES_4768,3304557,1636,771,868,768
RES_4769,3304557,3184,1450,1632,1552
RES_4770,3304557,4988,2175,2447,2541
RES_4771,3304557,5474,2408,2710,2764
RES_4772,3304557,2340,944,1062,1278
RES_4773,3304557,2862,1301,1464,1398
RES_4774,3304557,3401,1517,1707,1694
RES_4775,3304557,2103,1037,1167,936
RES_4776,3304557,108,47,53,55
RES_4777,3304557,2879,1314,1479,1400
RES_4778,3304557,3135,1450,1632,1503
RES_4779,3304557,2896,1305,1468,1428
RES_4780,3304557,5104,2306,2595,2509
RES_4781,3304557,4433,1969,2216,2217
RES_4782,3304557,3657,1605,1806,1851
RES_4783,3304557,2766,1246,1402,1364
RES_4784,3304557,2935,1323,1489,1446
RES_4785,3304557,6361,3144,3538,2823
RES_4786,3304557,862,418,470,392
RES_4787,3304557,1899,852,959,940
RES_4788,3304557,695,304,342,353
RES_4789,3304557,303,136,153,150
RES_4790,3304557,3447,1575,1772,1675
RES_4791,3304557,3287,1554,1749,1538
RES_4792,3304557,3669,1674,1884,1785
RES_4793,3304557,6265,2857,3215,3050
RES_4794,3304557,3196,1460,1643,1553
RES_4795,3304557,2269,1012,1139,1130
RES_4796,3304557,2969,1349,1518,1451
RES_4797,3304557,947,413,465,482
RES_4798,3304557,1575,730,821,754
RES_4799,3304557,1262,595,669,593
RES_4800,3304557,397,187,210,187
RES_4801,3304557,1339,630,709,630
RES_4802,3304557,6764,3011,3388,3376
RES_4803,3304557,5971,2666,3000,2971
RES_4804,3304557,2510,1104,1242,1268
RES_4805,3304557,1442,624,702,740
RES_4806,3304557,1757,807,908,849
RES_4807,3304557,7,3,3,4
RES_4808,3304557,6503,2937,3305,3198
RES_4809,3304557,2178,984,1107,1071
RES_4810,3304557,249,118,133,116
RES_4811,3304557,618,283,318,300
RES_4812,3304557,757,370,416,341
RES_4813,3304557,6232,2660,2993,3239
RES_4814,3304557,5153,2255,2537,2616
RES_4815,3304557,4212,1837,2067,2145
RES_4816,3304557,2071,873,982,1089
RES_4817,3304557,639,298,335,304
RES_4818,3304557,714,333,375,339
RES_4819,3304557,2393,1144,1287,1106
RES_4820,3304557,2005,979,1102,903
RES_4821,3304557,2238,984,1107,1131
RES_4822,3304557,955,422,475,480
RES_4823,3304557,148,66,74,74
RES_4824,3304557,317,151,170,147
RES_4825,3304557,1899,974,1096,803
RES_4826,3304557,1977,1013,1140,837
RES_4827,3304557,621,259,291,330
RES_4828,3304557,2171,1002,1127,1044
RES_4829,3304557,1970,916,1031,939
RES_4830,3304557,522,249,280,242
RES_4831,3304557,838,370,416,422
RES_4832,3304557,322,147,165,157
RES_4833,3304557,750,334,376,374
RES_4834,3304557,825,388,437,388
RES_4835,3304557,249,111,125,124
RES_4836,3304557,1246,571,642,604
RES_4837,3304557,88,38,43,45
RES_4838,3304557,64,28,31,33
RES_4839,3304557,109,45,51,58
RES_4840,3304557,182,79,89,93
RES_4841,3304557,483,210,236,247
RES_4842,3304557,561,237,267,294
RES_4843,3304557,1028,475,534,494
RES_4844,3304557,404,200,225,179
RES_4845,3304557,281,133,150,131
RES_4846,3304557,1847,825,928,919
RES_4847,3304557,878,415,467,411
RES_4848,3304557,661,307,345,316
RES_4849,3304557,221,93,105,116
RES_4850,3304557,1602,712,801,801
RES_4851,3304557,474,200,225,249
RES_4852,3304557,290,118,133,157
RES_4853,3304557,976,440,495,481
RES_4854,3304557,974,415,467,507
RES_4855,3304557,560,255,287,273
RES_4856,3304557,838,405,456,382
RES_4857,3304557,686,309,348,338
RES_4858,3304557,1217,550,619,598
RES_4859,3304557,1062,482,542,520
RES_4860,3304557,1786,844,950,836
RES_4861,3304557,635,294,331,304
RES_4862,3304557,1119,511,575,544
RES_4863,3304557,144,69,78,66
RES_4864,3304557,274,123,138,136
RES_4865,3304557,442,203,228,214
RES_4866,3304557,238,93,105,133
RES_4867,3304557,179,79,89,90
RES_4868,3304557,2856,1263,1421,1435
RES_4869,3304557,1447,644,725,722
RES_4870,3304557,1102,487,548,554
RES_4871,3304557,309,140,158,151
RES_4872,3304557,623,288,324,299
RES_4873,3304557,222,104,117,105
RES_4874,3304557,1904,801,901,1003
RES_4875,3304557,1599,674,758,841
RES_4876,3304557,493,217,244,249
RES_4877,3304557,3328,1390,1564,1764
RES_4878,3304557,4957,2144,2412,2545
RES_4879,3304557,3538,1525,1716,1822
RES_4880,3304557,2069,922,1037,1032
RES_4881,3304557,204,101,114,90
RES_4882,3304557,1314,548,617,697
RES_4883,3304557,4499,1877,2112,2387
RES_4884,3304557,3482,1474,1659,1823
RES_4885,3304557,5596,2526,2842,2754
RES_4886,3304557,4880,2142,2410,2470
RES_4887,3304557,1824,828,932,892
RES_4888,3304557,381,155,174,207
RES_4889,3304557,2982,1254,1411,1571
RES_4890,3304557,3523,1525,1716,1807
RES_4891,3304557,1763,802,902,861
RES_4892,3304557,4612,2105,2369,2243
RES_4893,3304557,2133,940,1058,1075
RES_4894,3304557,240,102,115,125
RES_4895,3304557,1379,637,717,662
RES_4896,3304557,316,138,155,161
RES_4897,3304557,758,340,383,375
RES_4898,3304557,178,74,83,95
RES_4899,3304557,149,60,68,81
RES_4900,3304557,318,140,158,160
RES_4901,3304557,85,32,36,49
RES_4902,3304557,124,54,61,63
RES_4903,3304557,110,50,56,54
RES_4904,3304557,943,410,461,482
RES_4905,3304557,2023,843,949,1074
RES_4906,3304557,508,217,244,264
RES_4907,3304557,727,313,352,375
RES_4908,3304557,324,123,138,186
RES_4909,3304557,766,312,351,415
RES_4910,3304557,3345,1476,1661,1684
RES_4911,3304557,1403,645,726,677
RES_4912,3304557,373,151,170,203
RES_4913,3304557,1325,603,678,647
RES_4914,3304557,1639,728,819,820
RES_4915,3304557,80,35,39,41
RES_4916,3304557,2227,989,1113,1114
RES_4917,3304557,1018,438,493,525
RES_4918,3304557,3574,1533,1725,1849
RES_4919,3304557,977,441,496,481
RES_4920,3304557,4673,2065,2324,2349
RES_4921,3304557,5153,2297,2585,2568
RES_4922,3304557,1582,684,770,812
RES_4923,3304557,3439,1483,1669,1770
RES_4924,3304557,1131,492,554,577
RES_4925,3304557,973,426,479,494
RES_4926,3304557,2571,1153,1297,1274
RES_4927,3304557,466,215,242,224
RES_4928,3304557,845,383,431,414
RES_4929,3304557,645,288,324,321
RES_4930,3304557,807,360,405,402
RES_4931,3304557,426,194,218,208
RES_4932,3304557,3198,1474,1659,1539
RES_4933,3304557,781,356,401,380
RES_4934,3304557,2229,1018,1145,1084
RES_4935,3304557,2849,1198,1348,1501
RES_4936,3304557,3117,1373,1545,1572
RES_4937,3304557,2088,916,1031,1057
RES_4938,3304557,2739,1238,1393,1346
RES_4939,3304557,280,124,140,140
RES_4940,3304557,476,209,235,241
RES_4941,3304557,415,184,207,208
RES_4942,3304557,255,116,131,124
RES_4943,3304557,671,298,335,336
RES_4944,3304557,751,283,318,433
RES_4945,3304557,6212,2547,2866,3346
RES_4946,3304557,5637,2344,2637,3000
RES_4947,3304557,4495,1922,2163,2332
RES_4948,3304557,732,303,341,391
RES_4949,3304557,3848,1625,1828,2020
RES_4950,3304557,3000,1281,1441,1559
RES_4951,3304557,1890,824,927,963
RES_4952,3304557,519,224,252,267
RES_4953,3304557,782,325,366,416
RES_4954,3304557,2442,1040,1170,1272
RES_4955,3304557,4602,2031,2285,2317
RES_4956,3304557,5287,2328,2619,2668
RES_4957,3304557,2656,1221,1374,1282
RES_4958,3304557,2599,1143,1286,1313
RES_4959,3304557,2006,923,1039,967
RES_4960,3304557,669,285,321,348
RES_4961,3304557,589,251,282,307
RES_4962,3304557,3196,1434,1614,1582
RES_4963,3304557,5027,2109,2373,2654
RES_4964,3304557,1045,466,524,521
RES_4965,3304557,2063,884,995,1068
RES_4966,3304557,1336,605,681,655
RES_4967,3304557,961,439,494,467
RES_4968,3304557,545,262,295,250
RES_4969,3304557,208,96,108,100
RES_4970,3304557,6702,3095,3483,3219
RES_4971,3304557,1604,729,820,784
RES_4972,3304557,724,327,368,356
RES_4973,3304557,1747,824,927,820
RES_4974,3304557,66,29,33,33
RES_4975,3304557,2047,843,949,1098
RES_4976,3304557,394,148,167,227
RES_4977,3304557,3282,1361,1531,1751
RES_4978,3304557,4686,1893,2130,2556
RES_4979,3304557,2980,1250,1407,1573
RES_4980,3304557,4356,1788,2012,2344
RES_4981,3304557,2550,1075,1210,1340
RES_4982,3304557,5259,2529,2846,2413
RES_4983,3304557,894,443,498,396
RES_4984,3304557,553,241,271,282
RES_4985,3304557,1645,812,914,731
RES_4986,3304557,577,265,298,279
RES_4987,3304557,1004,473,532,472
RES_4988,3304557,296,135,152,144
RES_4989,3304557,1772,762,857,915
RES_4990,3304557,491,183,206,285
RES_4991,3304557,520,257,289,231
RES_4992,3304557,232,99,111,121
RES_4993,3304557,2541,1193,1342,1199
RES_4994,3304557,1222,547,615,607
RES_4995,3304557,2365,1103,1241,1124
RES_4996,3304557,4034,1868,2102,1932
RES_4997,3304557,1011,460,518,493
RES_4998,3304557,1659,807,908,751
RES_4999,3304557,48,21,24,24
RES_5000,3304557,1183,548,617,566
RES_5001,3304557,72,32,36,36
RES_5002,3304557,551,245,276,275
RES_5003,3304557,4775,1974,2221,2554
RES_5004,3304557,6036,2662,2995,3041
RES_5005,3304557,7139,2995,3370,3769
RES_5006,3304557,6379,2954,3324,3055
RES_5007,3304557,4414,1893,2130,2284
RES_5008,3304557,3277,1385,1558,1719
RES_5009,3304557,2225,892,1004,1221
RES_5010,3304557,47,21,24,23
RES_5011,3304557,433,181,204,229
RES_5012,3304557,92,38,43,49
RES_5013,3304557,692,290,326,366
RES_5014,3304557,3203,1446,1627,1576
RES_5015,3304557,176,83,93,83
RES_5016,3304557,1265,583,656,609
RES_5017,3304557,116,48,54,62
RES_5018,3304557,1994,856,963,1031
RES_5019,3304557,7556,3319,3735,3821
RES_5020,3304557,1456,635,715,741
RES_5021,3304557,1309,569,640,669
RES_5022,3304557,5102,2267,2551,2551
RES_5023,3304557,2826,1227,1381,1445
RES_5024,3304557,115,51,57,58
RES_5025,3304557,4105,1852,2084,2021
RES_5026,3304557,6396,2942,3310,3086
RES_5027,3304557,3707,1653,1860,1847
RES_5028,3304557,7146,3193,3593,3553
RES_5029,3304557,1236,552,621,615
RES_5030,3304557,561,252,284,277
RES_5031,3304557,1012,456,513,499
RES_5032,3304557,50,22,25,25
RES_5033,3304557,506,225,253,253
RES_5034,3304557,200,84,95,105
RES_5035,3304557,134,60,68,66
RES_5036,3304557,380,173,195,185
RES_5037,3304557,1138,510,574,564
RES_5038,3304557,265,123,138,127
RES_5039,3304557,126,53,60,66
RES_5040,3304557,81,36,40,41
RES_5041,3304557,214,93,105,109
RES_5042,3304557,2077,923,1039,1038
RES_5043,3304557,1402,628,707,695
RES_5044,3304557,140,62,70,70
RES_5045,3304557,124,57,64,60
RES_5046,3304557,183,82,92,91
RES_5047,3304557,54,24,27,27
RES_5048,3304557,136,59,66,70
RES_5049,3304557,97,44,50,47
RES_5050,3304557,272,114,128,144
RES_5051,3304557,469,198,223,246
RES_5052,3304557,706,304,342,364
RES_5053,3304557,1177,510,574,603
RES_5054,3304557,1382,577,649,733
RES_5055,3304557,5495,2400,2701,2794
RES_5056,3304557,537,215,242,295
RES_5057,3304557,5556,2428,2732,2824
RES_5058,3304557,967,407,458,509
RES_5059,3304557,4912,2159,2429,2483
RES_5060,3304557,527,238,268,259
RES_5061,3304557,293,128,144,149
RES_5062,3304557,536,240,270,266
RES_5063,3304557,8312,3672,4132,4180
RES_5064,3304557,4548,1985,2234,2314
RES_5065,3304557,1448,658,740,708
RES_5066,3304557,1153,512,576,577
RES_5067,3304557,7895,3449,3881,4014
RES_5068,3304557,961,422,475,486
RES_5069,3304557,1687,726,817,870
RES_5070,3304557,203,93,105,98
RES_5071,3304557,1036,456,513,523
RES_5072,3304557,8,4,4,4
RES_5073,3304557,300,140,158,142
RES_5074,3304557,778,346,389,389
RES_5075,3304557,275,137,154,121
RES_5076,3304557,1121,480,540,581
RES_5077,3304557,4197,1942,2185,2012
RES_5078,3304557,5348,2468,2777,2571
RES_5079,3304557,720,344,387,333
RES_5080,3304557,2163,975,1097,1066
RES_5081,3304557,5852,2708,3047,2805
RES_5082,3304557,1173,559,629,544
RES_5083,3304557,4624,2134,2401,2223
RES_5084,3304557,282,131,147,135
RES_5085,3304557,453,198,223,230
RES_5086,3304557,317,147,165,152
RES_5087,3304557,217,98,110,107
RES_5088,3304557,1164,598,673,491
RES_5089,3304557,132,57,64,68
RES_5090,3304557,2934,1370,1542,1392
RES_5091,3304557,868,398,448,420
RES_5092,3304557,1846,848,954,892
RES_5093,3304557,520,247,278,242
RES_5094,3304557,96,46,52,44
RES_5095,3304557,150,69,78,72
RES_5096,3304557,131,60,68,63
RES_5097,3304557,204,98,110,94
RES_5098,3304557,983,446,502,481
RES_5099,3304557,1110,557,627,483
RES_5100,3304557,121,65,73,48
RES_5101,3304557,1405,710,799,606
RES_5102,3304557,2052,1052,1184,868
RES_5103,3304557,1394,678,763,631
RES_5104,3304557,5723,2742,3085,2638
RES_5105,3304557,1502,787,886,616
RES_5106,3304557,3252,1632,1836,1416
RES_5107,3304557,100,44,50,50
RES_5108,3304557,1038,502,565,473
RES_5109,3304557,289,132,149,140
RES_5110,3304557,92,39,44,48
RES_5111,3304557,602,227,255,347
RES_5112,3304557,509,202,227,282
RES_5113,3304557,749,292,329,420
RES_5114,3304557,30,13,15,15
RES_5115,3304557,632,262,295,337
RES_5116,3304557,37,16,18,19
RES_5117,3304557,501,224,252,249
RES_5118,3304557,760,360,405,355
RES_5119,3304557,1924,981,1104,820
RES_5120,3304557,515,244,275,240
RES_5121,3304557,3738,1858,2091,1647
RES_5122,3304557,2341,1143,1286,1055
RES_5123,3304557,275,122,137,138
RES_5124,3304557,526,274,308,218
RES_5125,3304557,4372,2253,2535,1837
RES_5126,3304557,8084,4004,4505,3579
RES_5127,3304557,354,201,226,128
RES_5128,3304557,494,276,311,183
RES_5129,3304557,1968,950,1069,899
RES_5130,3304557,4234,2151,2420,1814
RES_5131,3304557,4139,2147,2416,1723
RES_5132,3304557,2495,1250,1407,1088
RES_5133,3304557,3217,1689,1900,1317
RES_5134,3304557,5557,2928,3295,2262
RES_5135,3304557,376,198,223,153
RES_5136,3304557,549,298,335,214
RES_5137,3304557,1024,518,583,441
RES_5138,3304557,457,220,248,209
RES_5139,3304557,1909,815,917,992
RES_5140,3304557,465,195,219,246
RES_5141,3304557,3960,1705,1918,2042
RES_5142,3304557,5770,2287,2573,3197
RES_5143,3304557,2093,958,1078,1015
RES_5144,3304557,3224,1335,1502,1722
RES_5145,3304557,3950,1840,2070,1880
RES_5146,3304557,7,3,3,4
RES_5147,3304557,428,189,213,215
RES_5148,3304557,447,186,209,238
RES_5149,3304557,1045,466,524,521
RES_5150,3304557,1461,677,762,699
RES_5151,3304557,49,22,25,24
RES_5152,3304557,250,102,115,135
RES_5153,3304557,4089,1761,1981,2108
RES_5154,3304557,444,208,234,210
RES_5155,3304557,2192,966,1087,1105
RES_5156,3304557,613,223,251,362
RES_5157,3304557,4981,2034,2289,2692
RES_5158,3304557,725,327,368,357
RES_5159,3304557,230,102,115,115
RES_5160,3304557,1802,806,907,895
RES_5161,3304557,2035,737,829,1206
RES_5162,3304557,4882,1772,1994,2888
RES_5163,3304557,426,189,213,213
RES_5164,3304557,1710,784,882,828
RES_5165,3304557,5067,2189,2463,2604
RES_5166,3304557,2211,917,1032,1179
RES_5167,3304557,919,405,456,463
RES_5168,3304557,3766,1489,1675,2091
RES_5169,3304557,780,252,284,496
RES_5170,3304557,1405,581,654,751
RES_5171,3304557,1004,389,438,566
RES_5172,3304557,1975,855,962,1013
RES_5173,3304557,2641,1202,1352,1289
RES_5174,3304557,6880,2608,2935,3945
RES_5175,3304557,3599,1474,1659,1940
RES_5176,3304557,6716,2862,3220,3496
RES_5177,3304557,357,146,164,193
RES_5178,3304557,6489,2556,2876,3613
RES_5179,3304557,1443,501,564,879
RES_5180,3304557,1300,520,585,715
RES_5181,3304557,7531,3099,3487,4044
RES_5182,3304557,773,315,354,419
RES_5183,3304557,1204,461,519,685
RES_5184,3304557,20504,8442,9499,11005
RES_5185,3304557,741,372,419,322
RES_5186,3304557,3194,1328,1494,1700
RES_5187,3304557,4293,1782,2005,2288
RES_5188,3304557,5448,2212,2489,2959
RES_5189,3304557,4290,1942,2185,2105
RES_5190,3304557,808,425,478,330
RES_5191,3304557,4219,1824,2052,2167
RES_5192,3304557,1134,476,536,598
RES_5193,3304557,425,178,200,225
RES_5194,3304557,1082,458,515,567
RES_5195,3304557,218,116,131,87
RES_5196,3304557,118,50,56,62
RES_5197,3304557,729,351,395,334
RES_5198,3304557,277,158,178,99
RES_5199,3304557,2213,1048,1179,1034
RES_5200,3304557,2368,1170,1316,1052
RES_5201,3304557,1068,494,556,512
RES_5202,3304557,264,140,158,106
RES_5203,3304557,828,421,474,354
RES_5204,3304557,985,471,530,455
RES_5205,3304557,87,43,48,39
RES_5206,3304557,1264,630,709,555
RES_5207,3304557,129,58,65,64
RES_5208,3304557,3637,1736,1953,1684
RES_5209,3304557,255,112,126,129
RES_5210,3304557,1178,532,599,579
RES_5211,3304557,1374,653,735,639
RES_5212,3304557,1027,433,487,540
RES_5213,3304557,1341,628,707,634
RES_5214,3304557,534,247,278,256
RES_5215,3304557,534,250,281,253
RES_5216,3304557,931,408,459,472
RES_5217,3304557,11119,5328,5995,5124
RES_5218,3304557,682,324,365,317
RES_5219,3304557,70,31,35,35
RES_5220,3304557,1559,760,855,704
RES_5221,3304557,849,397,447,402
RES_5222,3304557,156,74,83,73
RES_5223,3304557,1314,628,707,607
RES_5224,3304557,473,231,260,213
RES_5225,3304557,879,407,458,421
RES_5226,3304557,102,50,56,46
RES_5227,3304557,15,7,8,7
RES_5228,3304557,180,77,87,93
RES_5229,3304557,100,44,50,50
RES_5230,3304557,99,48,54,45
RES_5231,3304557,458,224,252,206
RES_5232,3304557,555,287,323,232
RES_5233,3304557,785,367,413,372
RES_5234,3304557,14,6,7,7
RES_5235,3304557,166,101,114,52
RES_5236,3304557,60,27,30,30
RES_5237,3304557,1650,785,883,767
RES_5238,3304557,1266,583,656,610
RES_5239,3304557,429,175,197,232
RES_5240,3304557,1708,777,874,834
RES_5241,3304557,36,16,18,18
RES_5242,3304557,687,277,312,375
RES_5243,3304557,1541,724,815,726
RES_5244,3304557,971,430,484,487
RES_5245,3304557,1142,513,577,565
RES_5246,3304557,484,216,243,241
RES_5247,3304557,316,144,162,154
RES_5248,3304557,588,267,300,288
RES_5249,3304557,396,162,182,214
RES_5250,3304557,580,293,330,250
RES_5251,3304557,1417,662,745,672
RES_5252,3304557,1237,593,667,570
RES_5253,3304557,468,212,239,229
RES_5254,3304557,627,324,365,262
RES_5255,3304557,219,105,118,101
RES_5256,3304557,176,92,104,72
RES_5257,3304557,1087,496,558,529
RES_5258,3304557,1269,618,695,574
RES_5259,3304557,624,304,342,282
RES_5260,3304557,200,86,97,103
RES_5261,3304557,855,388,437,418
RES_5262,3304557,117,49,55,62
RES_5263,3304557,6667,3335,3753,2914
RES_5264,3304557,202,93,105,97
RES_5265,3304557,45,20,22,23
RES_5266,3304557,1640,764,860,780
RES_5267,3304557,1152,483,543,609
RES_5268,3304557,137,77,87,50
RES_5269,3304557,375,163,183,192
RES_5270,3304557,9301,4330,4872,4429
RES_5271,3304557,1866,891,1003,863
RES_5272,3304557,283,123,138,145
RES_5273,3304557,325,155,174,151
RES_5274,3304557,3198,1644,1850,1348
RES_5275,3304557,6704,3286,3697,3007
RES_5276,3304557,2348,1099,1237,1111
RES_5277,3304557,5573,2649,2981,2592
RES_5278,3304557,2444,1163,1309,1135
RES_5279,3304557,5345,2745,3089,2256
RES_5280,3304557,6488,2939,3307,3181
RES_5281,3304557,4352,1932,2174,2178
RES_5282,3304557,2430,1110,1249,1181
RES_5283,3304557,1345,586,659,686
RES_5284,3304557,6505,2829,3183,3322
RES_5285,3304557,3865,1726,1942,1923
RES_5286,3304557,1687,834,938,749
RES_5287,3304557,255,110,124,131
RES_5288,3304557,8189,3587,4036,4153
RES_5289,3304557,6252,2721,3062,3190
RES_5290,3304557,3779,1673,1882,1897
RES_5291,3304557,2039,896,1008,1031
RES_5292,3304557,8333,3629,4083,4250
RES_5293,3304557,2373,1061,1194,1179
RES_5294,3304557,624,362,407,217
RES_5295,3304557,3965,1741,1959,2006
RES_5296,3304557,1784,923,1039,745
RES_5297,3304557,3119,1461,1644,1475
RES_5298,3304557,498,239,269,229
RES_5299,3304557,755,355,399,356
RES_5300,3304557,217,98,110,107
RES_5301,3304557,661,306,344,317
RES_5302,3304557,333,179,201,132
RES_5303,3304557,158,74,83,75
RES_5304,3304557,341,168,189,152
RES_5305,3304557,111,48,54,57
RES_5306,3304557,1894,962,1082,812
RES_5307,3304557,3789,1973,2220,1569
RES_5308,3304557,288,161,181,107
RES_5309,3304557,3535,1851,2083,1452
RES_5310,3304557,2765,1512,1701,1064
RES_5311,3304557,328,167,188,140
RES_5312,3304557,4962,2592,2917,2045
RES_5313,3304557,187,94,106,81
RES_5314,3304557,1319,756,851,468
RES_5315,3304557,1200,620,698,502
RES_5316,3304557,216,106,119,97
RES_5317,3304557,719,373,420,299
RES_5318,3304557,20,9,10,10
RES_5319,3304557,164,81,91,73
RES_5320,3304557,594,254,286,308
RES_5321,3304557,1104,472,531,573
RES_5322,3304557,781,351,395,386
RES_5323,3304557,2698,1169,1315,1383
RES_5324,3304557,6565,2875,3235,3330
RES_5325,3304557,7041,3040,3421,3620
RES_5326,3304557,631,278,313,318
RES_5327,3304557,4046,1737,1954,2092
RES_5328,3304557,214,101,114,100
RES_5329,3304557,558,234,263,295
RES_5330,3304557,1828,837,942,886
RES_5331,3304557,372,158,178,194
RES_5332,3304557,39,17,19,20
RES_5333,3304557,309,132,149,160
RES_5334,3304557,38,17,19,19
RES_5335,3304557,2302,1024,1152,1150
RES_5336,3304557,2101,913,1027,1074
RES_5337,3304557,5122,2360,2655,2467
RES_5338,3304557,1288,599,674,614
RES_5339,3304557,1518,747,841,677
RES_5340,3304557,5215,2381,2679,2536
RES_5341,3304557,8285,3852,4334,3951
RES_5342,3304557,420,201,226,194
RES_5343,3304557,3384,1544,1737,1647
RES_5344,3304557,586,230,259,327
RES_5345,3304557,4645,2083,2344,2301
RES_5346,3304557,2584,1287,1448,1136
RES_5347,3304557,119,50,56,63
RES_5348,3304557,1704,719,809,895
RES_5349,3304557,3169,1403,1579,1590
RES_5350,3304557,3119,1345,1513,1606
RES_5351,3304557,654,284,320,334
RES_5352,3304557,1499,700,788,711
RES_5353,3304557,653,278,313,340
RES_5354,3304557,217,102,115,102
RES_5355,3304557,1495,656,738,757
RES_5356,3304557,123,54,61,62
RES_5357,3304557,2858,1236,1391,1467
RES_5358,3304557,1538,650,731,807
RES_5359,3304557,4074,1775,1997,2077
RES_5360,3304557,232,104,117,115
RES_5361,3304557,262,120,135,127
RES_5362,3304557,963,431,485,478
RES_5363,3304557,553,244,275,278
RES_5364,3304557,688,321,361,327
RES_5365,3304557,3026,1306,1470,1556
RES_5366,3304557,6036,2720,3061,2975
RES_5367,3304557,1035,451,507,528
RES_5368,3304557,95,39,44,51
RES_5369,3304557,3349,1527,1718,1631
RES_5370,3304557,1440,670,754,686
RES_5371,3304557,332,130,146,186
RES_5372,3304557,411,224,252,159
RES_5373,3304557,6127,2602,2928,3199
RES_5374,3304557,5635,2521,2837,2798
RES_5375,3304557,5080,2169,2441,2639
RES_5376,3304557,4157,1816,2043,2114
RES_5377,3304557,1020,461,519,501
RES_5378,3304557,5666,2619,2947,2719
RES_5379,3304557,8613,4055,4563,4050
RES_5380,3304557,947,403,453,494
RES_5381,3304557,1895,873,982,913
RES_5382,3304557,6093,2677,3012,3081
RES_5383,3304557,8498,3659,4117,4381
RES_5384,3304557,3318,1434,1614,1704
RES_5385,3304557,391,191,215,176
RES_5386,3304557,4360,1954,2199,2161
RES_5387,3304557,3535,1533,1725,1810
RES_5388,3304557,2026,873,982,1044
RES_5389,3304557,5,2,2,3
RES_5390,3304557,129,60,68,61
RES_5391,3304557,1252,562,632,620
RES_5392,3304557,5751,2621,2949,2802
RES_5393,3304557,995,476,536,459
RES_5394,3304557,530,254,286,244
RES_5395,3304557,212,105,118,94
RES_5396,3304557,258,105,118,140
RES_5397,3304557,2320,1007,1133,1187
RES_5398,3304557,2745,1191,1340,1405
RES_5399,3304557,699,281,316,383
RES_5400,3304557,523,233,262,261
RES_5401,3304557,1023,447,503,520
RES_5402,3304557,168,71,80,88
RES_5403,3304557,141,62,70,71
RES_5404,3304557,438,166,187,251
RES_5405,3304557,429,195,219,210
RES_5406,3304557,1077,470,529,548
RES_5407,3304557,109,52,59,50
RES_5408,3304557,1008,447,503,505
RES_5409,3304557,1759,794,893,866
RES_5410,3304557,83,35,39,44
RES_5411,3304557,244,109,123,121
RES_5412,3304557,800,363,408,392
RES_5413,3304557,326,153,172,154
RES_5414,3304557,457,203,228,229
RES_5415,3304557,384,180,203,181
RES_5416,3304557,2558,1153,1297,1261
RES_5417,3304557,810,369,415,395
RES_5418,3304557,276,121,136,140
RES_5419,3304557,1068,468,527,541
RES_5420,3304557,2365,1023,1151,1214
RES_5421,3304557,444,186,209,235
RES_5422,3304557,1456,597,672,784
RES_5423,3304557,785,322,362,423
RES_5424,3304557,1292,565,636,656
RES_5425,3304557,1048,459,516,532
RES_5426,3304557,5781,2730,3072,2709
RES_5427,3304557,6214,2983,3356,2858
RES_5428,3304557,723,346,389,334
RES_5429,3304557,363,161,181,182
RES_5430,3304557,1073,507,570,503
RES_5431,3304557,3199,1508,1697,1502
RES_5432,3304557,6559,3134,3526,3033
RES_5433,3304557,93,44,50,43
RES_5434,3304557,312,142,160,152
RES_5435,3304557,432,191,215,217
RES_5436,3304557,1208,576,648,560
RES_5437,3304557,2988,1374,1546,1442
RES_5438,3304557,758,345,388,370
RES_5439,3304557,617,281,316,301
RES_5440,3304557,438,204,230,208
RES_5441,3304557,1652,740,833,819
RES_5442,3304557,913,429,483,430
RES_5443,3304557,3317,1571,1768,1549
RES_5444,3304557,1170,562,632,538
RES_5445,3304557,1049,482,542,507
RES_5446,3304557,426,194,218,208
RES_5447,3304557,500,243,273,227
RES_5448,3304557,780,362,407,373
RES_5449,3304557,1642,831,935,707
RES_5450,3304557,1874,902,1015,859
RES_5451,3304557,565,257,289,276
RES_5452,3304557,4292,2020,2273,2019
RES_5453,3304557,2462,1142,1285,1177
RES_5454,3304557,4,2,2,2
RES_5455,3304557,1283,581,654,629
RES_5456,3304557,4733,2164,2435,2298
RES_5457,3304557,5921,2699,3037,2884
RES_5458,3304557,4555,2053,2310,2245
RES_5459,3304557,295,135,152,143
RES_5460,3304557,640,305,343,297
RES_5461,3304557,321,147,165,156
RES_5462,3304557,1718,789,888,830
RES_5463,3304557,2128,986,1109,1019
RES_5464,3304557,2786,1281,1441,1345
RES_5465,3304557,3431,1551,1745,1686
RES_5466,3304557,8,4,4,4
RES_5467,3304557,7,3,3,4
RES_5468,3304557,1152,564,635,517
RES_5469,3304557,435,201,226,209
RES_5470,3304557,2262,1066,1199,1063
RES_5471,3304557,493,241,271,222
RES_5472,3304557,97,42,47,50
RES_5473,3304557,1556,705,793,763
RES_5474,3304557,2884,1346,1515,1369
RES_5475,3304557,801,390,439,362
RES_5476,3304557,1968,908,1022,946
RES_5477,3304557,1165,524,590,575
RES_5478,3304557,448,212,239,209
RES_5479,3304557,836,394,443,393
RES_5480,3304557,1293,632,711,582
RES_5481,3304557,4153,1995,2245,1908
RES_5482,3304557,919,442,497,422
RES_5483,3304557,92,51,57,35
RES_5484,3304557,751,355,399,352
RES_5485,3304557,480,273,307,173
RES_5486,3304557,740,344,387,353
RES_5487,3304557,253,111,125,128
RES_5488,3304557,136,58,65,71
RES_5489,3304557,79,34,38,41
RES_5490,3304557,1464,683,769,695
RES_5491,3304557,1021,477,537,484
RES_5492,3304557,544,318,358,186
RES_5493,3304557,234,100,113,121
RES_5494,3304557,147,64,72,75
RES_5495,3304557,1131,528,594,537
RES_5496,3304557,1827,967,1088,739
RES_5497,3304557,100,43,48,52
RES_5498,3304557,326,149,168,158
RES_5499,3304557,409,197,222,187
RES_5500,3304557,804,372,419,385
RES_5501,3304557,285,123,138,147
RES_5502,3304557,1401,644,725,676
RES_5503,3304557,502,238,268,234
RES_5504,3304557,160,73,82,78
RES_5505,3304557,226,104,117,109
RES_5506,3304557,1050,470,529,521
RES_5507,3304557,509,242,272,237
RES_5508,3304557,493,229,258,235
RES_5509,3304557,302,132,149,153
RES_5510,3304557,340,158,178,162
RES_5511,3304557,485,197,222,263
RES_5512,3304557,1027,458,515,512
RES_5513,3304557,463,214,241,222
RES_5514,3304557,60,28,31,29
RES_5515,3304557,61,27,30,31
RES_5516,3304557,515,245,276,239
RES_5517,3304557,263,124,140,123
RES_5518,3304557,1539,729,820,719
RES_5519,3304557,172,83,93,79
RES_5520,3304557,2443,1096,1233,1210
RES_5521,3304557,883,389,438,445
RES_5522,3304557,306,140,158,148
RES_5523,3304557,220,106,119,101
RES_5524,3304557,68,30,34,34
RES_5525,3304557,882,404,455,427
RES_5526,3304557,1407,655,737,670
RES_5527,3304557,590,270,304,286
RES_5528,3304557,448,201,226,222
RES_5529,3304557,511,223,251,260
RES_5530,3304557,680,304,342,338
RES_5531,3304557,194,92,104,90
RES_5532,3304557,369,175,197,172
RES_5533,3304557,117,53,60,57
RES_5534,3304557,170,79,89,81
RES_5535,3304557,136,66,74,62
RES_5536,3304557,253,129,145,108
RES_5537,3304557,2297,1048,1179,1118
RES_5538,3304557,180,78,88,92
RES_5539,3304557,227,107,120,107
RES_5540,3304557,299,141,159,140
RES_5541,3304557,234,107,120,114
RES_5542,3304557,988,458,515,473
RES_5543,3304557,365,165,186,179
RES_5544,3304557,513,238,268,245
RES_5545,3304557,1499,672,756,743
RES_5546,3304557,379,175,197,182
RES_5547,3304557,2605,1213,1365,1240
RES_5548,3304557,540,266,299,241
RES_5549,3304557,343,155,174,169
RES_5550,3304557,1671,836,941,730
RES_5551,3304557,5145,2530,2847,2298
RES_5552,3304557,1574,763,859,715
RES_5553,3304557,812,376,423,389
RES_5554,3304557,334,161,181,153
RES_5555,3304557,158,82,92,66
RES_5556,3304557,692,301,339,353
RES_5557,3304557,176,79,89,87
RES_5558,3304557,151,64,72,79
RES_5559,3304557,212,88,99,113
RES_5560,3304557,267,121,136,131
RES_5561,3304557,1014,450,506,508
RES_5562,3304557,217,91,102,115
RES_5563,3304557,538,240,270,268
RES_5564,3304557,475,217,244,231
RES_5565,3304557,396,179,201,195
RES_5566,3304557,458,204,230,228
RES_5567,3304557,336,151,170,166
RES_5568,3304557,353,172,194,159
RES_5569,3304557,1037,461,519,518
RES_5570,3304557,428,168,189,239
RES_5571,3304557,665,272,306,359
RES_5572,3304557,1903,846,952,951
RES_5573,3304557,3407,1469,1653,1754
RES_5574,3304557,1387,630,709,678
RES_5575,3304557,2688,1167,1313,1375
RES_5576,3304557,1472,663,746,726
RES_5577,3304557,1206,628,707,499
RES_5578,3304557,3887,1650,1857,2030
RES_5579,3304557,2093,931,1048,1045
RES_5580,3304557,237,93,105,132
RES_5581,3304557,3844,1624,1827,2017
RES_5582,3304557,1653,735,827,826
RES_5583,3304557,646,282,317,329
RES_5584,3304557,661,299,336,325
RES_5585,3304557,1918,839,944,974
RES_5586,3304557,361,161,181,180
RES_5587,3304557,3872,1701,1914,1958
RES_5588,3304557,533,223,251,282
RES_5589,3304557,508,233,262,246
RES_5590,3304557,166,81,91,75
RES_5591,3304557,586,266,299,287
RES_5592,3304557,144,62,70,74
RES_5593,3304557,1693,749,843,850
RES_5594,3304557,4378,1884,2120,2258
RES_5595,3304557,286,116,131,155
RES_5596,3304557,852,393,442,410
RES_5597,3304557,1109,508,572,537
RES_5598,3304557,210,101,114,96
RES_5599,3304557,3669,1591,1790,1879
RES_5600,3304557,1770,723,814,956
RES_5601,3304557,1862,947,1066,796
RES_5602,3304557,6431,3075,3460,2971
RES_5603,3304557,2847,1400,1575,1272
RES_5604,3304557,1288,651,733,555
RES_5605,3304557,401,218,245,156
RES_5606,3304557,871,418,470,401
RES_5607,3304557,139,69,78,61
RES_5608,3304557,1325,552,621,704
RES_5609,3304557,8267,3547,3991,4276
RES_5610,3304557,4546,1987,2236,2310
RES_5611,3304557,2044,890,1001,1043
RES_5612,3304557,1920,803,904,1016
RES_5613,3304557,5711,2496,2809,2902
RES_5614,3304557,4547,1922,2163,2384
RES_5615,3304557,3694,1668,1877,1817
RES_5616,3304557,875,419,471,404
RES_5617,3304557,547,240,270,277
RES_5618,3304557,133,55,62,71
RES_5619,3304557,2037,913,1027,1010
RES_5620,3304557,470,231,260,210
RES_5621,3304557,333,147,165,168
RES_5622,3304557,784,371,417,367
RES_5623,3304557,629,278,313,316
RES_5624,3304557,2856,1189,1338,1518
RES_5625,3304557,518,216,243,275
RES_5626,3304557,9337,3996,4496,4841
RES_5627,3304557,4757,2236,2516,2241
RES_5628,3304557,1343,616,693,650
RES_5629,3304557,2123,871,980,1143
RES_5630,3304557,458,223,251,207
RES_5631,3304557,1339,625,703,636
RES_5632,3304557,231,107,120,111
RES_5633,3304557,597,274,308,289
RES_5634,3304557,306,130,146,160
RES_5635,3304557,1513,616,693,820
RES_5636,3304557,614,281,316,298
RES_5637,3304557,1030,458,515,515
RES_5638,3304557,7647,3433,3863,3784
RES_5639,3304557,2877,1283,1444,1433
RES_5640,3304557,781,338,380,401
RES_5641,3304557,313,140,158,155
RES_5642,3304557,581,245,276,305
RES_5643,3304557,228,109,123,105
RES_5644,3304557,236,106,119,117
RES_5645,3304557,1512,710,799,713
RES_5646,3304557,1905,901,1014,891
RES_5647,3304557,145,72,81,64
RES_5648,3304557,655,285,321,334
RES_5649,3304557,1471,673,757,714
RES_5650,3304557,405,182,205,200
RES_5651,3304557,983,348,392,591
RES_5652,3304557,684,243,273,411
RES_5653,3304557,482,170,191,291
RES_5654,3304557,243,83,93,150
RES_5655,3304557,366,127,143,223
RES_5656,3304557,227,102,115,112
RES_5657,3304557,216,102,115,101
RES_5658,3304557,285,121,136,149
RES_5659,3304557,613,271,305,308
RES_5660,3304557,1696,742,835,861
RES_5661,3304557,1046,454,511,535
RES_5662,3304557,509,224,252,257
RES_5663,3304557,893,376,423,470
RES_5664,3304557,508,228,257,251
RES_5665,3304557,215,102,115,100
RES_5666,3304557,1151,505,568,583
RES_5667,3304557,1035,466,524,511
RES_5668,3304557,98,43,48,50
RES_5669,3304557,193,83,93,100
RES_5670,3304557,179,77,87,92
RES_5671,3304557,86,33,37,49
RES_5672,3304557,956,422,475,481
RES_5673,3304557,355,157,177,178
RES_5674,3304557,1454,639,719,735
RES_5675,3304557,1060,473,532,528
RES_5676,3304557,7132,3202,3603,3529
RES_5677,3304557,17329,8198,9224,8105
RES_5678,3304557,5305,2344,2637,2668
RES_5679,3304557,484,233,262,222
RES_5680,3304557,549,241,271,278
RES_5681,3304557,342,162,182,160
RES_5682,3304557,492,214,241,251
RES_5683,3304557,133,70,79,54
RES_5684,3304557,11161,5711,6426,4735
RES_5685,3304557,3441,1758,1978,1463
RES_5686,3304557,39762,19567,22017,17745
RES_5687,3304557,10442,5204,5856,4586
RES_5688,3304557,3459,1696,1908,1551
RES_5689,3304557,3756,1857,2090,1666
RES_5690,3304557,569,242,272,297
RES_5691,3304557,1505,646,727,778
RES_5692,3304557,1056,487,548,508
RES_5693,3304557,3656,1671,1880,1776
RES_5694,3304557,4222,1927,2168,2054
RES_5695,3304557,134,62,70,64
RES_5696,3304557,375,174,196,179
RES_5697,3304557,1536,686,772,764
RES_5698,3304557,1234,572,644,590
RES_5699,3304557,4616,2051,2308,2308
RES_5700,3304557,1472,667,751,721
RES_5701,3304557,1381,618,695,686
RES_5702,3304557,595,279,314,281
RES_5703,3304557,1176,554,623,553
RES_5704,3304557,880,386,434,446
RES_5705,3304557,4734,2161,2432,2302
RES_5706,3304557,2325,1056,1188,1137
RES_5707,3304557,1340,622,700,640
RES_5708,3304557,85,43,48,37
RES_5709,3304557,482,214,241,241
RES_5710,3304557,783,358,403,380
RES_5711,3304557,691,319,359,332
RES_5712,3304557,1591,744,837,754
RES_5713,3304557,1143,496,558,585
RES_5714,3304557,7723,3577,4025,3698
RES_5715,3304557,2554,1131,1273,1281
RES_5716,3304557,4739,2144,2412,2327
RES_5717,3304557,576,249,280,296
RES_5718,3304557,236,117,132,104
RES_5719,3304557,793,343,386,407
RES_5720,3304557,1034,484,545,489
RES_5721,3304557,264,126,142,122
RES_5722,3304557,894,458,515,379
RES_5723,3304557,71,35,39,32
RES_5724,3304557,10188,4884,5496,4692
RES_5725,3304557,16531,7908,8898,7633
RES_5726,3304557,4599,2037,2292,2307
RES_5727,3304557,612,272,306,306
RES_5728,3304557,4097,1915,2155,1942
RES_5729,3304557,16203,7655,8613,7590
RES_5730,3304557,2018,938,1055,963
RES_5731,3304557,667,313,352,315
RES_5732,3304557,212,101,114,98
RES_5733,3304557,6850,3129,3521,3329
RES_5734,3304557,921,436,491,430
RES_5735,3304557,12224,5589,6289,5935
RES_5736,3304557,201,90,101,100
RES_5737,3304557,3200,1446,1627,1573
RES_5738,3304557,6299,2829,3183,3116
RES_5739,3304557,2217,1047,1178,1039
RES_5740,3304557,5369,2491,2803,2566
RES_5741,3304557,259,125,141,118
RES_5742,3304557,4314,2014,2266,2048
RES_5743,3304557,2182,1057,1189,993
RES_5744,3304557,349,168,189,160
RES_5745,3304557,7129,3511,3951,3178
RES_5746,3304557,6776,3454,3886,2890
RES_5747,3304557,637,320,360,277
RES_5748,3304557,1086,544,612,474
RES_5749,3304557,3004,1406,1582,1422
RES_5750,3304557,802,353,397,405
RES_5751,3304557,3623,1607,1808,1815
RES_5752,3304557,1278,604,680,598
RES_5753,3304557,2208,938,1055,1153
RES_5754,3304557,3081,1454,1636,1445
RES_5755,3304557,3263,1544,1737,1526
RES_5756,3304557,4641,2173,2445,2196
RES_5757,3304557,2625,1162,1307,1318
RES_5758,3304557,10777,4767,5364,5413
RES_5759,3304557,1691,748,842,849
RES_5760,3304557,2122,992,1116,1006
RES_5761,3304557,2691,1191,1340,1351
RES_5762,3304557,3024,1338,1506,1518
RES_5763,3304557,200,91,102,98
RES_5764,3304557,726,336,378,348
RES_5765,3304557,5502,2561,2882,2620
RES_5766,3304557,1862,877,987,875
RES_5767,3304557,894,419,471,423
RES_5768,3304557,2685,1199,1349,1336
RES_5769,3304557,10524,4731,5323,5201
RES_5770,3304557,1816,817,919,897
RES_5771,3304557,2749,1210,1361,1388
RES_5772,3304557,3975,1814,2041,1934
RES_5773,3304904,58,25,29,29
RES_5774,3304904,347,137,159,188
RES_5775,3304904,8403,3427,3985,4418
RES_5776,3304904,919,346,402,517
RES_5777,3304904,1555,577,671,884
RES_5778,3304904,1830,717,834,996
RES_5779,3304904,266,104,121,145
RES_5780,3304904,3283,1279,1487,1796
RES_5781,3304904,357,148,172,185
RES_5782,3304904,1989,764,888,1101
RES_5783,3304904,553,215,250,303
RES_5784,3304904,182,71,83,99
RES_5785,3304904,3523,1417,1648,1875
RES_5786,3304904,4514,1830,2128,2386
RES_5787,3304904,2853,1158,1347,1506
RES_5788,3304904,122,47,55,67
RES_5789,3304904,6280,2463,2864,3416
RES_5790,3304904,2267,910,1058,1209
RES_5791,3304904,1803,744,865,938
RES_5792,3304904,334,140,163,171
RES_5793,3304904,612,247,287,325
RES_5794,3304904,130,49,57,73
RES_5795,3304904,1385,529,615,770
RES_5796,3304904,384,150,174,210
RES_5797,3304904,304,128,149,155
RES_5798,3304904,1758,658,765,993
RES_5799,3304904,2259,950,1105,1154
RES_5800,3304904,411,156,181,230
RES_5801,3304904,786,324,377,409
RES_5802,3304904,1585,655,762,823
RES_5803,3304904,3385,1366,1588,1797
RES_5804,3304904,3132,1334,1551,1581
RES_5805,3304904,2187,885,1029,1158
RES_5806,3304904,4028,1648,1916,2112
RES_5807,3304904,4607,1839,2139,2468
RES_5808,3304904,614,254,295,319
RES_5809,3304904,2177,909,1057,1120
RES_5810,3304904,2555,1028,1195,1360
RES_5811,3304904,2016,777,904,1112
RES_5812,3304904,514,214,249,265
RES_5813,3304904,2574,1037,1206,1368
RES_5814,3304904,1359,556,647,712
RES_5815,3304904,693,259,301,392
RES_5816,3304904,1213,513,597,616
RES_5817,3304904,2590,1000,1163,1427
RES_5818,3304904,640,245,285,355
RES_5819,3304904,1021,409,476,545
RES_5820,3304904,181,93,108,73
RES_5821,3304904,69,28,33,36
RES_5822,3304904,1066,454,528,538
RES_5823,3304904,2420,994,1156,1264
RES_5824,3304904,1394,554,644,750
RES_5825,3304904,404,176,205,199
RES_5826,3304904,528,210,244,284
RES_5827,3304904,1857,749,871,986
RES_5828,3304904,1086,441,513,573
RES_5829,3304904,4329,1708,1986,2343
RES_5830,3304904,2855,1143,1329,1526
RES_5831,3304904,712,344,400,312
RES_5832,3304904,1845,841,978,867
RES_5833,3304904,86,40,47,39
RES_5834,3304904,433,153,178,255
RES_5835,3304904,246,98,114,132
RES_5836,3304904,391,156,181,210
RES_5837,3304904,478,219,255,223
RES_5838,3304904,768,317,369,399
RES_5839,3304904,1215,515,599,616
RES_5840,3304904,716,306,356,360
RES_5841,3304904,1570,640,744,826
RES_5842,3304904,1146,469,545,601
RES_5843,3304904,3426,1384,1609,1817
RES_5844,3304904,3646,1542,1793,1853
RES_5845,3304904,1060,436,507,553
RES_5846,3304904,2242,896,1042,1200
RES_5847,3304904,1931,823,957,974
RES_5848,3304904,982,410,477,505
RES_5849,3304904,532,208,242,290
RES_5850,3304904,2033,835,971,1062
RES_5851,3304904,356,151,176,180
RES_5852,3304904,2148,856,995,1153
RES_5853,3304904,1301,545,634,667
RES_5854,3304904,4953,1994,2319,2634
RES_5855,3304904,1204,483,562,642
RES_5856,3304904,1286,517,601,685
RES_5857,3304904,7074,2744,3191,3883
RES_5858,3304904,2439,955,1111,1328
RES_5859,3304904,592,268,312,280
RES_5860,3304904,1228,526,612,616
RES_5861,3304904,897,331,385,512
RES_5862,3304904,835,314,365,470
RES_5863,3304904,936,395,459,477
RES_5864,3304904,427,156,181,246
RES_5865,3304904,3235,1242,1444,1791
RES_5866,3304904,1582,609,708,874
RES_5867,3304904,968,390,454,514
RES_5868,3304904,740,275,320,420
RES_5869,3304904,4616,1831,2129,2487
RES_5870,3304904,1021,425,494,527
RES_5871,3304904,2530,1024,1191,1339
RES_5872,3304904,4015,1620,1884,2131
RES_5873,3304904,177,67,78,99
RES_5874,3304904,309,136,158,151
RES_5875,3304904,331,139,162,169
RES_5876,3304904,315,137,159,156
RES_5877,3304904,2964,1155,1343,1621
RES_5878,3304904,4156,1689,1964,2192
RES_5879,3304904,3536,1469,1708,1828
RES_5880,3304904,106,42,49,57
RES_5881,3304904,605,248,288,317
RES_5882,3304904,99,39,45,54
RES_5883,3304904,752,297,345,407
RES_5884,3304904,379,162,188,191
RES_5885,3304904,1480,581,676,804
RES_5886,3304904,447,189,220,227
RES_5887,3304904,1128,447,520,608
RES_5888,3304904,208,77,90,118
RES_5889,3304904,1438,597,694,744
RES_5890,3304904,3959,1593,1852,2107
RES_5891,3304904,4587,1908,2219,2368
RES_5892,3304904,1366,551,641,725
RES_5893,3304904,22,9,10,12
RES_5894,3304904,3854,1528,1777,2077
RES_5895,3304904,2425,985,1145,1280
RES_5896,3304904,2739,1119,1301,1438
RES_5897,3304904,206,90,105,101
RES_5898,3304904,160,72,84,76
RES_5899,3304904,90,40,47,43
RES_5900,3304904,701,303,352,349
RES_5901,3304904,697,287,334,363
RES_5902,3304904,901,384,447,454
RES_5903,3304904,254,97,113,141
RES_5904,3304904,96,41,48,48
RES_5905,3304904,1724,671,780,944
RES_5906,3304904,4017,1568,1823,2194
RES_5907,3304904,4661,1823,2120,2541
RES_5908,3304904,4769,1804,2098,2671
RES_5909,3304904,2091,842,979,1112
RES_5910,3304904,528,201,234,294
RES_5911,3304904,1339,554,644,695
RES_5912,3304904,304,125,145,159
RES_5913,3304904,68,28,33,35
RES_5914,3304904,3943,1655,1925,2018
RES_5915,3304904,3435,1408,1637,1798
RES_5916,3304904,1172,483,562,610
RES_5917,3304904,363,144,167,196
RES_5918,3304904,154,68,79,75
RES_5919,3304904,1520,629,731,789
RES_5920,3304904,2038,814,947,1091
RES_5921,3304904,1328,547,636,692
RES_5922,3304904,202,80,93,109
RES_5923,3304904,333,125,145,188
RES_5924,3304904,350,127,148,202
RES_5925,3304904,1708,676,786,922
RES_5926,3304904,1948,804,935,1013
RES_5927,3304904,4022,1557,1811,2211
RES_5928,3304904,5553,2221,2583,2970
RES_5929,3304904,6396,2680,3116,3280
RES_5930,3304904,2895,1129,1313,1582
RES_5931,3304904,4162,1703,1980,2182
RES_5932,3304904,1994,809,941,1053
RES_5933,3304904,392,154,179,213
RES_5934,3304904,1074,430,500,574
RES_5935,3304904,2663,1125,1308,1355
RES_5936,3304904,684,274,319,365
RES_5937,3304904,1640,669,778,862
RES_5938,3304904,2207,913,1062,1145
RES_5939,3304904,3159,1309,1522,1637
RES_5940,3304904,3449,1426,1658,1791
RES_5941,3304904,171,74,86,85
RES_5942,3304904,610,255,297,313
RES_5943,3304904,1041,416,484,557
RES_5944,3304904,3252,1378,1602,1650
RES_5945,3304904,5099,2077,2415,2684
RES_5946,3304904,1483,610,709,774
RES_5947,3304904,793,303,352,441
RES_5948,3304904,535,222,258,277
RES_5949,3304904,1089,466,542,547
RES_5950,3304904,1142,470,547,595
RES_5951,3304904,373,156,181,192
RES_5952,3304904,1083,446,519,564
RES_5953,3304904,587,239,278,309
RES_5954,3304904,594,261,304,290
RES_5955,3304904,486,202,235,251
RES_5956,3304904,419,176,205,214
RES_5957,3304904,204,81,94,110
RES_5958,3304904,82,34,40,42
RES_5959,3304904,845,422,491,354
RES_5960,3304904,491,220,256,235
RES_5961,3304904,470,195,227,243
RES_5962,3304904,57,22,26,31
RES_5963,3304904,693,293,341,352
RES_5964,3304904,421,170,198,223
RES_5965,3304904,565,214,249,316
RES_5966,3304904,413,174,202,211
RES_5967,3304904,398,177,206,192
RES_5968,3304904,479,189,220,259
RES_5969,3304904,1632,710,826,806
RES_5970,3304904,856,354,412,444
RES_5971,3304904,3523,1522,1770,1753
RES_5972,3304904,3590,1482,1723,1867
RES_5973,3304904,264,111,129,135
RES_5974,3304904,180,68,79,101
RES_5975,3304904,2111,894,1040,1071
RES_5976,3304904,743,304,354,389
RES_5977,3304904,2584,1033,1201,1383
RES_5978,3304904,173,73,85,88
RES_5979,3304904,4042,1650,1919,2123
RES_5980,3304904,3894,1581,1838,2056
RES_5981,3304904,1856,761,885,971
RES_5982,3304904,1731,748,870,861
RES_5983,3304904,428,185,215,213
RES_5984,3304904,1362,549,638,724
RES_5985,3304904,675,273,317,358
RES_5986,3304904,1764,726,844,920
RES_5987,3304904,99,42,49,50
RES_5988,3304904,40,16,19,21
RES_5989,3304904,190,87,101,89
RES_5990,3304904,1567,642,747,820
RES_5991,3304904,1643,720,837,806
RES_5992,3304904,1338,541,629,709
RES_5993,3304904,2146,924,1074,1072
RES_5994,3304904,474,204,237,237
RES_5995,3304904,1187,494,574,613
RES_5996,3304904,904,371,431,473
RES_5997,3304904,1174,519,604,570
RES_5998,3304904,109,41,48,61
RES_5999,3304904,165,69,80,85
RES_6000,3304904,287,119,138,149
RES_6001,3304904,703,306,356,347
RES_6002,3304904,653,275,320,333
RES_6003,3304904,325,130,151,174
RES_6004,3304904,142,57,66,76
RES_6005,3304904,1109,440,512,597
RES_6006,3304904,926,395,459,467
RES_6007,3304904,3419,1397,1625,1794
RES_6008,3304904,481,206,240,241
RES_6009,3304904,910,365,424,486
RES_6010,3304904,827,355,413,414
RES_6011,3304904,1632,685,797,835
RES_6012,3304904,4279,1768,2056,2223
RES_6013,3304904,1127,470,547,580
RES_6014,3304904,4055,1697,1973,2082
RES_6015,3304904,3089,1272,1479,1610
RES_6016,3304904,340,138,160,180
RES_6017,3304904,261,111,129,132
RES_6018,3304904,147,64,74,73
RES_6019,3304904,2132,844,981,1151
RES_6020,3304904,1291,570,663,628
RES_6021,3304904,739,279,324,415
RES_6022,3304904,638,269,313,325
RES_6023,3304904,411,165,192,219
RES_6024,3304904,1293,542,630,663
RES_6025,3304904,3752,1551,1804,1948
RES_6026,3304904,394,183,213,181
RES_6027,3304904,1117,510,593,524
RES_6028,3304904,3137,1354,1575,1562
RES_6029,3304904,550,230,267,283
RES_6030,3304904,509,224,260,249
RES_6031,3304904,1115,466,542,573
RES_6032,3304904,632,261,304,328
RES_6033,3304904,836,338,393,443
RES_6034,3304904,2665,1083,1259,1406
RES_6035,3304904,2817,1136,1321,1496
RES_6036,3304904,387,158,184,203
RES_6037,3304904,412,169,197,215
RES_6038,3304904,1245,508,591,654
RES_6039,3304904,1258,474,551,707
RES_6040,3304904,2887,1152,1340,1547
RES_6041,3304904,249,103,120,129
RES_6042,3304904,1083,440,512,571
RES_6043,3304904,2913,1144,1330,1583
RES_6044,3304904,918,398,463,455
RES_6045,3304904,428,181,210,218
RES_6046,3304904,339,150,174,165
RES_6047,3304904,1601,662,770,831
RES_6048,3304904,1646,669,778,868
RES_6049,3304904,394,158,184,210
RES_6050,3304904,550,229,266,284
RES_6051,3304904,2460,1020,1186,1274
RES_6052,3304904,3259,1379,1604,1655
RES_6053,3304904,1600,635,738,862
RES_6054,3304904,867,362,421,446
RES_6055,3304904,1923,822,956,967
RES_6056,3304904,532,244,284,248
RES_6057,3304904,575,247,287,288
RES_6058,3304904,309,127,148,161
RES_6059,3304904,625,273,317,308
RES_6060,3304904,1095,457,531,564
RES_6061,3304904,2598,1125,1308,1290
RES_6062,3304904,1484,619,720,764
RES_6063,3304904,752,309,359,393
RES_6064,3304904,117,51,59,58
RES_6065,3304904,2357,995,1157,1200
RES_6066,3304904,1511,662,770,741
RES_6067,3304904,821,353,410,411
RES_6068,3304904,2492,1041,1211,1281
RES_6069,3304904,422,179,208,214
RES_6070,3304904,467,210,244,223
RES_6071,3304904,106,50,58,48
RES_6072,3304904,1650,667,776,874
RES_6073,3304904,331,132,154,177
RES_6074,3304904,538,215,250,288
RES_6075,3304904,121,48,56,65
RES_6076,3304904,2619,1061,1234,1385
RES_6077,3304904,212,85,99,113
RES_6078,3304904,255,112,130,125
RES_6079,3304904,858,354,412,446
RES_6080,3304904,529,212,247,282
RES_6081,3304904,242,97,113,129
RES_6082,3304904,514,221,257,257
RES_6083,3304904,634,285,331,303
RES_6084,3304904,140,59,69,71
RES_6085,3304904,514,215,250,264
RES_6086,3304904,354,165,192,162
RES_6087,3304904,456,178,207,249
RES_6088,3304904,304,123,143,161
RES_6089,3304904,2075,885,1029,1046
RES_6090,3304904,1892,779,906,986
RES_6091,3304904,216,89,103,113
RES_6092,3304904,871,360,419,452
RES_6093,3304904,2626,1086,1263,1363
RES_6094,3304904,2835,1146,1333,1502
RES_6095,3304904,1869,824,958,911
RES_6096,3304904,2452,1033,1201,1251
RES_6097,3304904,1863,766,891,972
RES_6098,3304904,2067,848,986,1081
RES_6099,3304904,471,208,242,229
RES_6100,3304904,3614,1480,1721,1893
RES_6101,3304904,2354,985,1145,1209
RES_6102,3304904,364,169,197,167
RES_6103,3304904,450,179,208,242
RES_6104,3304904,748,303,352,396
RES_6105,3304904,257,113,131,126
RES_6106,3304904,378,193,224,154
RES_6107,3304904,146,61,71,75
RES_6108,3304904,51,25,29,22
RES_6109,3304904,438,190,221,217
RES_6110,3304904,376,159,185,191
RES_6111,3304904,330,133,155,175
RES_6112,3304904,334,139,162,172
RES_6113,3304904,2122,907,1055,1067
RES_6114,3304904,165,71,83,82
RES_6115,3304904,2395,1074,1249,1146
RES_6116,3304904,1240,525,611,629
RES_6117,3304904,769,324,377,392
RES_6118,3304904,13,5,6,7
RES_6119,3304904,331,132,154,177
RES_6120,3304904,1105,480,558,547
RES_6121,3304904,630,265,308,322
RES_6122,3304904,1156,519,604,552
RES_6123,3304904,3871,1624,1888,1983
RES_6124,3304904,3565,1544,1795,1770
RES_6125,3304904,1880,833,969,911
RES_6126,3304904,3208,1356,1577,1631
RES_6127,3304904,7226,3086,3589,3637
RES_6128,3304904,6447,2724,3168,3279
RES_6129,3304904,6937,3000,3489,3448
RES_6130,3304904,2469,1076,1251,1218
RES_6131,3304904,4254,1756,2042,2212
RES_6132,3304904,6889,2897,3369,3520
RES_6133,3304904,5411,2346,2728,2683
RES_6134,3304904,2746,1186,1379,1367
RES_6135,3304904,1586,669,778,808
RES_6136,3304904,3821,1579,1836,1985
RES_6137,3304904,1144,477,555,589
RES_6138,3304904,223,95,110,113
RES_6139,3304904,181,70,81,100
RES_6140,3304904,178,82,95,83
RES_6141,3304904,462,202,235,227
RES_6142,3304904,558,230,267,291
RES_6143,3304904,182,79,92,90
RES_6144,3304904,1823,764,888,935
RES_6145,3304904,2250,990,1151,1099
RES_6146,3304904,107,45,52,55
RES_6147,3304904,62,25,29,33
RES_6148,3304904,456,190,221,235
RES_6149,3304904,735,314,365,370
RES_6150,3304904,4182,1716,1995,2187
RES_6151,3304904,722,294,342,380
RES_6152,3304904,1689,718,835,854
RES_6153,3304904,4201,1788,2079,2122
RES_6154,3304904,3506,1487,1729,1777
RES_6155,3304904,335,149,173,162
RES_6156,3304904,2324,978,1137,1187
RES_6157,3304904,1434,594,691,743
RES_6158,3304904,224,100,116,108
RES_6159,3304904,61,32,37,24
RES_6160,3304904,126,50,58,68
RES_6161,3304904,486,197,229,257
RES_6162,3304904,1042,444,516,526
RES_6163,3304904,918,378,440,478
RES_6164,3304904,2051,873,1015,1036
RES_6165,3304904,839,351,408,431
RES_6166,3304904,1036,399,464,572
RES_6167,3304904,922,374,435,487
RES_6168,3304904,2237,959,1115,1122
RES_6169,3304904,446,202,235,211
RES_6170,3304904,3876,1699,1976,1900
RES_6171,3304904,356,146,170,186
RES_6172,3304904,1860,770,895,965
RES_6173,3304904,556,248,288,268
RES_6174,3304904,2802,1167,1357,1445
RES_6175,3304904,943,405,471,472
RES_6176,3304904,393,167,194,199
RES_6177,3304904,72,30,35,37
RES_6178,3304904,702,282,328,374
RES_6179,3304904,1187,512,595,592
RES_6180,3304904,159,62,72,87
RES_6181,3304904,919,353,410,509
RES_6182,3304904,1147,489,569,578
RES_6183,3304904,4484,1906,2216,2268
RES_6184,3304904,282,114,133,149
RES_6185,3304904,2474,1067,1241,1233
RES_6186,3304904,504,204,237,267
RES_6187,3304904,313,130,151,162
RES_6188,3304904,868,344,400,468
RES_6189,3304904,150,52,60,90
RES_6190,3304904,278,122,142,136
RES_6191,3304904,379,154,179,200
RES_6192,3304904,1243,513,597,646
RES_6193,3304904,3829,1839,2139,1690
RES_6194,3304904,665,295,343,322
RES_6195,3304904,1397,579,673,724
RES_6196,3304904,5622,2419,2813,2809
RES_6197,3304904,1444,616,716,728
RES_6198,3304904,34,14,16,18
RES_6199,3304904,350,140,163,187
RES_6200,3304904,208,80,93,115
RES_6201,3304904,671,275,320,351
RES_6202,3304904,1555,658,765,790
RES_6203,3304904,1329,526,612,717
RES_6204,3304904,666,266,309,357
RES_6205,3304904,803,352,409,394
RES_6206,3304904,1509,641,745,764
RES_6207,3304904,5661,2440,2837,2824
RES_6208,3304904,1743,750,872,871
RES_6209,3304904,3335,1400,1628,1707
RES_6210,3304904,2385,962,1119,1266
RES_6211,3304904,2040,898,1044,996
RES_6212,3304904,2758,1173,1364,1394
RES_6213,3304904,1340,578,672,668
RES_6214,3304904,1165,501,583,582
RES_6215,3304904,38,16,19,19
RES_6216,3304904,167,74,86,81
RES_6217,3304904,69,26,30,39
RES_6218,3304904,3357,1333,1550,1807
RES_6219,3304904,3007,1231,1431,1576
RES_6220,3304904,483,186,216,267
RES_6221,3304904,144,61,71,73
RES_6222,3304904,860,363,422,438
RES_6223,3304904,1222,522,607,615
RES_6224,3304904,97,44,51,46
RES_6225,3304904,2111,851,990,1121
RES_6226,3304904,494,203,236,258
RES_6227,3304904,430,165,192,238
RES_6228,3304904,4105,1666,1937,2168
RES_6229,3304904,3598,1462,1700,1898
RES_6230,3304904,1604,648,754,850
RES_6231,3304904,904,389,452,452
RES_6232,3304904,578,228,265,313
RES_6233,3304904,3938,1547,1799,2139
RES_6234,3304904,1430,540,628,802
RES_6235,3304904,1467,568,661,806
RES_6236,3304904,2801,1076,1251,1550
RES_6237,3304904,3457,1364,1586,1871
RES_6238,3304904,199,72,84,115
RES_6239,3304904,403,158,184,219
RES_6240,3304904,2353,950,1105,1248
RES_6241,3304904,3585,1453,1690,1895
RES_6242,3304904,3175,1273,1480,1695
RES_6243,3304904,572,215,250,322
RES_6244,3304904,1452,585,680,772
RES_6245,3304904,299,122,142,157
RES_6246,3304904,434,182,212,222
RES_6247,3304904,2772,1083,1259,1513
RES_6248,3304904,398,175,204,194
RES_6249,3304904,1247,552,642,605
RES_6250,3304904,369,153,178,191
RES_6251,3304904,2341,1093,1271,1070
RES_6252,3304904,4252,1763,2050,2202
RES_6253,3304904,1046,478,556,490
RES_6254,3304904,1658,638,742,916
RES_6255,3304904,80,33,38,42
RES_6256,3304904,1142,426,495,647
RES_6257,3304904,2978,1163,1352,1626
RES_6258,3304904,381,149,173,208
RES_6259,3304904,732,330,384,348
RES_6260,3304904,2116,842,979,1137
RES_6261,3304904,770,319,371,399
RES_6262,3304904,990,407,473,517
RES_6263,3304904,139,57,66,73
RES_6264,3304904,4169,1585,1843,2326
RES_6265,3304904,1640,677,787,853
RES_6266,3304904,116,43,50,66
RES_6267,3304904,2487,980,1140,1347
RES_6268,3304904,3385,1311,1525,1860
RES_6269,3304904,83,37,43,40
RES_6270,3304904,391,165,192,199
RES_6271,3304904,1253,504,586,667
RES_6272,3304904,5846,2325,2704,3142
RES_6273,3304904,886,323,376,510
RES_6274,3304904,4888,1929,2243,2645
RES_6275,3304904,141,56,65,76
RES_6276,3304904,683,277,322,361
RES_6277,3304904,929,358,416,513
RES_6278,3304904,1969,782,909,1060
RES_6279,3304904,5778,2244,2609,3169
RES_6280,3304904,655,260,302,353
RES_6281,3304904,241,85,99,142
RES_6282,3304904,1070,404,470,600
RES_6283,3304904,2070,786,914,1156
RES_6284,3304904,2041,805,936,1105
RES_6285,3304904,1120,475,552,568
RES_6286,3304904,2936,1119,1301,1635
RES_6287,3304904,587,241,280,307
RES_6288,3304904,1227,456,530,697
RES_6289,3304904,1083,385,448,635
RES_6290,3304904,128,48,56,72
RES_6291,3304904,3347,1295,1506,1841
RES_6292,3304904,3138,1277,1485,1653
RES_6293,3304904,310,119,138,172
RES_6294,3304904,736,344,400,336
RES_6295,3304904,819,351,408,411
RES_6296,3304904,10611,4518,5254,5357
RES_6297,3304904,1815,618,719,1096
RES_6298,3304904,952,367,427,525
RES_6299,3304904,1667,637,741,926
RES_6300,3304904,969,360,419,550
RES_6301,3304904,3172,1220,1419,1753
RES_6302,3304904,101,43,50,51
RES_6303,3304904,2663,1045,1215,1448
RES_6304,3304904,146,64,74,72
RES_6305,3304904,541,197,229,312
RES_6306,3304904,605,261,304,301
RES_6307,3304904,804,369,429,375
RES_6308,3304904,696,259,301,395
RES_6309,3304904,1393,556,647,746
RES_6310,3304904,460,192,223,237
RES_6311,3304904,2654,1053,1224,1430
RES_6312,3304904,1655,671,780,875
RES_6313,3304904,879,363,422,457
RES_6314,3304904,3512,1424,1656,1856
RES_6315,3304904,1979,762,886,1093
RES_6316,3304904,1098,452,526,572
RES_6317,3304904,1914,814,947,967
RES_6318,3304904,655,333,387,268
RES_6319,3304904,1152,519,604,548
RES_6320,3304904,1226,488,567,659
RES_6321,3304904,2163,895,1041,1122
RES_6322,3304904,561,231,269,292
RES_6323,3304904,1006,403,469,537
RES_6324,3304904,10,4,5,5
RES_6325,3304904,302,121,141,161
RES_6326,3304904,5,2,2,3
RES_6327,3304904,78,32,37,41
RES_6328,3304904,45,18,21,24
RES_6329,3304904,74,32,37,37
RES_6330,3304904,123,45,52,71
RES_6331,3304904,22,9,10,12
RES_6332,3304904,8,3,3,5
RES_6333,3304904,63,26,30,33
RES_6334,3304904,40,16,19,21
RES_6335,3304904,648,247,287,361
RES_6336,3304904,2394,939,1092,1302
RES_6337,3304904,106,49,57,49
RES_6338,3304904,218,87,101,117
RES_6339,3304904,355,137,159,196
RES_6340,3304904,62,27,31,31
RES_6341,3304904,498,209,243,255
RES_6342,3304904,538,206,240,298
RES_6343,3304904,608,246,286,322
RES_6344,3304904,919,395,459,460
RES_6345,3304904,270,112,130,140
RES_6346,3304904,1932,729,848,1084
RES_6347,3304904,2538,1035,1204,1334
RES_6348,3304904,1106,443,515,591
RES_6349,3304904,121,48,56,65
RES_6350,3304904,934,362,421,513
RES_6351,3304904,1708,676,786,922
RES_6352,3304904,3238,1300,1512,1726
RES_6353,3304904,127,48,56,71
RES_6354,3304904,566,224,260,306
RES_6355,3304904,743,299,348,395
RES_6356,3304904,631,253,294,337
RES_6357,3304904,411,171,199,212
RES_6358,3304904,530,211,245,285
RES_6359,3304904,511,222,258,253
RES_6360,3304904,999,408,474,525
RES_6361,3304904,775,322,374,401
RES_6362,3304904,2316,960,1116,1200
RES_6363,3304904,211,87,101,110
RES_6364,3304904,1664,758,881,783
RES_6365,3304904,1583,670,779,804
RES_6366,3304904,520,212,247,273
RES_6367,3304904,86,34,40,46
RES_6368,3304904,232,89,103,129
RES_6369,3304904,1065,444,516,549
RES_6370,3304904,776,332,386,390
RES_6371,3304904,2583,980,1140,1443
RES_6372,3304904,5638,2280,2651,2987
RES_6373,3304904,831,340,395,436
RES_6374,3304904,867,348,405,462
RES_6375,3304904,1216,463,538,678
RES_6376,3304904,520,221,257,263
RES_6377,3304904,2682,1150,1337,1345
RES_6378,3304904,436,164,191,245
RES_6379,3304904,1097,418,486,611
RES_6380,3304904,793,346,402,391
RES_6381,3304904,926,374,435,491
RES_6382,3304904,5053,2052,2386,2667
RES_6383,3304904,2952,1168,1358,1594
RES_6384,3304904,284,115,134,150
RES_6385,3304904,489,194,226,263
RES_6386,3304904,141,56,65,76
RES_6387,3305109,1591,616,716,875
RES_6388,3305109,1650,650,756,894
RES_6389,3305109,2121,850,988,1133
RES_6390,3305109,8581,3333,3876,4705
RES_6391,3305109,1815,705,820,995
RES_6392,3305109,706,270,314,392
RES_6393,3305109,2289,927,1078,1211
RES_6394,3305109,5318,2120,2465,2853
RES_6395,3305109,4736,1886,2193,2543
RES_6396,3305109,5713,2262,2630,3083
RES_6397,3305109,5428,2217,2578,2850
RES_6398,3305109,4457,1777,2066,2391
RES_6399,3305109,6774,2677,3113,3661
RES_6400,3305109,6909,2815,3273,3636
RES_6401,3305109,1505,589,685,820
RES_6402,3305109,1859,742,863,996
RES_6403,3305109,6709,2709,3150,3559
RES_6404,3305109,9259,3713,4318,4941
RES_6405,3305109,2553,1016,1181,1372
RES_6406,3305109,1601,645,750,851
RES_6407,3305109,1002,390,454,548
RES_6408,3305109,891,352,409,482
RES_6409,3305109,2660,1068,1242,1418
RES_6410,3305109,385,147,171,214
RES_6411,3305109,871,359,417,454
RES_6412,3305109,688,276,321,367
RES_6413,3305109,678,286,333,345
RES_6414,3305109,420,169,197,223
RES_6415,3305109,749,320,372,377
RES_6416,3305109,36,14,16,20
RES_6417,3305109,806,323,376,430
RES_6418,3305109,2253,890,1035,1218
RES_6419,3305109,984,405,471,513
RES_6420,3305109,385,146,170,215
RES_6421,3305109,358,155,180,178
RES_6422,3305109,980,397,462,518
RES_6423,3305109,477,189,220,257
RES_6424,3305109,519,226,263,256
RES_6425,3305109,514,209,243,271
RES_6426,3305109,954,391,455,499
RES_6427,3305109,428,166,193,235
RES_6428,3305109,390,155,180,210
RES_6429,3305109,553,218,254,299
RES_6430,3305109,113,48,56,57
RES_6431,3305109,746,316,367,379
RES_6432,3305109,416,170,198,218
RES_6433,3305109,1114,467,543,571
RES_6434,3305109,334,130,151,183
RES_6435,3305109,1308,517,601,707
RES_6436,3305109,3957,1574,1830,2127
RES_6437,3305109,3609,1406,1635,1974
RES_6438,3305109,215,88,102,113
RES_6439,3305109,5325,2117,2462,2863
RES_6440,3305109,3294,1308,1521,1773
RES_6441,3305109,447,167,194,253
RES_6442,3305109,2505,1006,1170,1335
RES_6443,3305109,2826,1122,1305,1521
RES_6444,3305109,1170,479,557,613
RES_6445,3305109,1168,460,535,633
RES_6446,3305109,2593,1011,1176,1417
RES_6447,3305109,7283,2763,3213,4070
RES_6448,3305109,1121,410,477,644
RES_6449,3305109,2082,845,983,1099
RES_6450,3305109,10090,3846,4472,5618
RES_6451,3305109,6943,2689,3127,3816
RES_6452,3305109,7484,2902,3375,4109
RES_6453,3305109,4605,1801,2094,2511
RES_6454,3305109,9382,3639,4232,5150
RES_6455,3305109,4051,1543,1794,2257
RES_6456,3305109,558,190,221,337
RES_6457,3305109,1239,478,556,683
RES_6458,3305109,2733,1088,1265,1468
RES_6459,3305109,587,233,271,316
RES_6460,3305109,5793,2215,2576,3217
RES_6461,3305109,1046,399,464,582
RES_6462,3305109,1084,423,492,592
RES_6463,3305109,7235,2863,3329,3906
RES_6464,3305109,2944,1060,1233,1711
RES_6465,3305109,695,280,326,369
RES_6466,3305109,1984,791,920,1064
RES_6467,3305109,600,233,271,329
RES_6468,3305109,6378,2524,2935,3443
RES_6469,3305109,9687,3784,4400,5287
RES_6470,3305109,2080,827,962,1118
RES_6471,3305109,994,413,480,514
RES_6472,3305109,268,98,114,154
RES_6473,3305109,61,27,31,30
RES_6474,3305109,2981,1215,1413,1568
RES_6475,3305109,2286,942,1095,1191
RES_6476,3305109,246,102,119,127
RES_6477,3305109,7726,3160,3675,4051
RES_6478,3305109,3893,1564,1819,2074
RES_6479,3305109,178,73,85,93
RES_6480,3305109,4856,1922,2235,2621
RES_6481,3305109,1366,560,651,715
RES_6482,3305109,439,183,213,226
RES_6483,3305109,754,309,359,395
RES_6484,3305109,188,82,95,93
RES_6485,3305109,520,208,242,278
RES_6486,3305109,535,215,250,285
RES_6487,3305109,1351,531,617,734
RES_6488,3305109,2866,1179,1371,1495
RES_6489,3305109,1804,717,834,970
RES_6490,3305109,5141,2023,2352,2789
RES_6491,3305109,3274,1292,1502,1772
RES_6492,3305109,3715,1495,1738,1977
RES_6493,3305109,2198,852,991,1207
RES_6494,3305109,3061,1206,1402,1659
RES_6495,3305109,1133,446,519,614
RES_6496,3305109,2129,844,981,1148
RES_6497,3305109,184,73,85,99
RES_6498,3305109,2581,1040,1209,1372
RES_6499,3305109,894,352,409,485
RES_6500,3305109,431,167,194,237
RES_6501,3305109,258,100,116,142
RES_6502,3305109,906,383,445,461
RES_6503,3305109,2690,1053,1224,1466
RES_6504,3305109,3551,1389,1615,1936
RES_6505,3305109,1727,703,817,910
RES_6506,3305109,558,226,263,295
RES_6507,3305109,3695,1446,1681,2014
RES_6508,3305109,3443,1358,1579,1864
RES_6509,3305109,5445,2140,2489,2956
RES_6510,3305109,5044,2020,2349,2695
RES_6511,3305109,1172,473,550,622
RES_6512,3305109,521,225,262,259
RES_6513,3305109,949,381,443,506
RES_6514,3305109,1164,452,526,638
RES_6515,3305109,2682,1069,1243,1439
RES_6516,3305109,282,108,126,156
RES_6517,3305109,859,341,397,462
RES_6518,3305109,973,371,431,542
RES_6519,3305109,2094,882,1026,1068
RES_6520,3305109,409,158,184,225
RES_6521,3305109,6256,2448,2847,3409
RES_6522,3305109,7399,2985,3471,3928
RES_6523,3305109,845,323,376,469
RES_6524,3305109,2224,861,1001,1223
RES_6525,3305109,1209,463,538,671
RES_6526,3305109,721,275,320,401
RES_6527,3305109,1746,685,797,949
RES_6528,3305109,2193,873,1015,1178
RES_6529,3305109,3217,1282,1491,1726
RES_6530,3305109,819,314,365,454
RES_6531,3305109,3222,1277,1485,1737
RES_6532,3305109,6173,2443,2841,3332
RES_6533,3305109,1972,770,895,1077
RES_6534,3305109,5522,2183,2539,2983
RES_6535,3305109,12229,4722,5491,6738
RES_6536,3305109,4480,1793,2085,2395
RES_6537,3305109,1077,423,492,585
RES_6538,3305109,1826,738,858,968
RES_6539,3305109,454,174,202,252
RES_6540,3305109,2526,919,1069,1457
RES_6541,3305109,6717,2669,3104,3613
RES_6542,3305109,1287,495,576,711
RES_6543,3305109,810,327,380,430
RES_6544,3305109,397,168,195,202
RES_6545,3305109,6362,2497,2904,3458
RES_6546,3305109,1931,718,835,1096
RES_6547,3305109,3755,1477,1718,2037
RES_6548,3305109,4270,1645,1913,2357
RES_6549,3305109,2250,825,959,1291
RES_6550,3305109,4570,1778,2068,2502
RES_6551,3305109,3699,1446,1681,2018
RES_6552,3305109,7915,3079,3580,4335
RES_6553,3305109,3685,1454,1691,1994
RES_6554,3305109,1815,716,833,982
RES_6555,3305109,535,226,263,272
RES_6556,3305554,317,117,136,181
RES_6557,3305554,521,189,220,301
RES_6558,3305554,1671,644,749,922
RES_6559,3305554,554,199,231,323
RES_6560,3305554,1452,525,611,841
RES_6561,3305554,51,20,23,28
RES_6562,3305554,41,16,19,22
RES_6563,3305554,821,318,370,451
RES_6564,3305554,91,36,42,49
RES_6565,3305554,112,41,48,64
RES_6566,3305554,130,47,55,75
RES_6567,3305554,84,34,40,44
RES_6568,3305554,51,20,23,28
RES_6569,3305554,163,69,80,83
RES_6570,3305554,130,50,58,72
RES_6571,3305554,2363,940,1093,1270
RES_6572,3305554,71,24,28,43
RES_6573,3305554,150,57,66,84
RES_6574,3305554,408,162,188,220
RES_6575,3305554,777,303,352,425
RES_6576,3305554,858,336,391,467
RES_6577,3305554,88,34,40,48
RES_6578,3305554,23,9,10,13
RES_6579,3305554,1008,409,476,532
RES_6580,3305554,1284,516,600,684
RES_6581,3305554,149,60,70,79
RES_6582,3305554,1696,658,765,931
RES_6583,3305554,732,271,315,417
RES_6584,3305554,1256,497,578,678
RES_6585,3305554,241,104,121,120
RES_6586,3305554,904,370,430,474
RES_6587,3305554,442,166,193,249
RES_6588,3305554,2561,983,1143,1418
RES_6589,3305554,979,387,450,529
RES_6590,3305554,12,5,6,6
RES_6591,3305554,653,240,279,374
RES_6592,3305554,99,35,41,58
RES_6593,3305554,37,14,16,21
RES_6594,3305554,1475,599,697,778
RES_6595,3305554,3265,1263,1469,1796
RES_6596,3305554,2683,1035,1204,1479
RES_6597,3305554,226,83,97,129
RES_6598,3305554,409,151,176,233
RES_6599,3305554,1155,482,561,594
RES_6600,3305554,3218,1276,1484,1734
RES_6601,3305554,2739,1046,1216,1523
RES_6602,3305554,388,148,172,216
RES_6603,3305554,58,22,26,32
RES_6604,3305554,64,23,27,37
RES_6605,3305554,589,224,260,329
RES_6606,3305554,1767,715,831,936
RES_6607,3305554,1555,600,698,857
RES_6608,3305554,1187,463,538,649
RES_6609,3305554,47,18,21,26
RES_6610,3305554,67,26,30,37
RES_6611,3305554,45,17,20,25
RES_6612,3305554,933,355,413,520
RES_6613,3305554,52,20,23,29
RES_6614,3305554,75,29,34,41
RES_6615,3305554,615,224,260,355
RES_6616,3305554,45,17,20,25
RES_6617,3305554,60,23,27,33
RES_6618,3305554,1161,454,528,633
RES_6619,3305554,1,0,0,1
RES_6620,3305554,260,87,101,159
RES_6621,3305554,708,300,349,359
RES_6622,3305554,378,140,163,215
RES_6623,3305554,863,315,366,497
RES_6624,3305554,566,199,231,335
RES_6625,3305554,50,19,22,28
RES_6626,3305554,768,285,331,437
RES_6627,3305554,1850,715,831,1019
RES_6628,3305554,96,35,41,55
RES_6629,3305554,98,38,44,54
RES_6630,3305554,433,176,205,228
RES_6631,3305554,758,292,340,418
RES_6632,3305554,2035,797,927,1108
RES_6633,3305554,2975,1145,1331,1644
RES_6634,3305554,2800,1094,1272,1528
RES_6635,3305554,619,234,272,347
RES_6636,3305554,8,3,3,5
RES_6637,3305554,137,49,57,80
RES_6638,3305554,177,63,73,104
RES_6639,3305554,309,128,149,160
RES_6640,3305554,50,15,17,33
RES_6641,3305554,953,335,390,563
RES_6642,3305554,608,233,271,337
RES_6643,3305554,1928,754,877,1051
RES_6644,3305554,2182,831,966,1216
RES_6645,3305554,3124,1236,1437,1687
RES_6646,3305554,1742,670,779,963
RES_6647,3305554,270,103,120,150
RES_6648,3305554,190,69,80,110
RES_6649,3305554,929,356,414,515
RES_6650,3305554,1483,550,640,843
RES_6651,3305554,1174,451,524,650
RES_6652,3305554,677,252,293,384
RES_6653,3305554,645,238,277,368
RES_6654,3305554,1224,479,557,667
RES_6655,3305554,481,179,208,273
RES_6656,3305554,189,69,80,109
