id,road_connector_m,over_1500m
RES_0000,49.12920429423034,False
RES_0001,46.35539883129106,False
RES_0002,2.8361083253016575,False
RES_0003,88.14910769658252,False
RES_0004,28.446673737430896,False
RES_0005,14.661493600398543,False
RES_0006,33.17503161334464,False
RES_0007,76.07935449121574,False
RES_0008,1.478059366849149,False
RES_0009,3.2418694509956505,False
RES_0010,0.8865732406281155,False
RES_0011,57.26583000056905,False
RES_0012,15.013555767052182,False
RES_0013,32.78228888793362,False
RES_0014,15.06175585978103,False
RES_0015,3.961380704938936,False
RES_0016,12.349833346681585,False
RES_0017,31.878077930597254,False
RES_0018,9.780610062896676,False
RES_0019,72.09536312224627,False
RES_0020,14.821684833885515,False
RES_0021,57.733776152411316,False
RES_0022,5.911888833119617,False
RES_0023,35.50312041724911,False
RES_0024,11.846497667823655,False
RES_0025,42.16604315160593,False
RES_0026,22.80085103238365,False
RES_0027,6.960324405091957,False
RES_0028,80.0233075800114,False
RES_0029,54.86193566718,False
RES_0030,37.3302340806387,False
RES_0031,86.29675424443148,False
RES_0032,19.36245078112141,False
RES_0033,41.10526124226288,False
RES_0034,9.921159996237904,False
RES_0035,4.496914422298564,False
RES_0036,77.12062059391513,False
RES_0037,5.701022557943083,False
RES_0038,64.77246424253029,False
RES_0039,38.29768789827242,False
RES_0040,15.77186379105672,False
RES_0041,80.63121622296593,False
RES_0042,51.45103581966931,False
RES_0043,17.810684621056165,False
RES_0044,24.941290673017072,False
RES_0045,5.566893651019656,False
RES_0046,17.243753129891545,False
RES_0047,25.328116847020993,False
RES_0048,261.6865816397575,False
RES_0049,7.495294223177881,False
RES_0050,16.78922149066483,False
RES_0051,5.805899305769581,False
RES_0052,13.031817017691749,False
RES_0053,7.999987564867785,False
RES_0054,40.45597751120282,False
RES_0055,11.405597958420254,False
RES_0056,60.75043862211307,False
RES_0057,6.698292876272727,False
RES_0058,4.7197404355559724,False
RES_0059,30.347436227651475,False
RES_0060,5.002314335596079,False
RES_0061,19.181527147790824,False
RES_0062,10.035557517899193,False
RES_0063,2.7358730557085043,False
RES_0064,7.433126664133784,False
RES_0065,12.360977285561553,False
RES_0066,3.7838592146263967,False
RES_0067,50.35795770673059,False
RES_0068,35.57518533055511,False
RES_0069,53.271143136606085,False
RES_0070,15.854995288158209,False
RES_0071,95.60357236587532,False
RES_0072,12.992674423730271,False
RES_0073,61.838237733107114,False
RES_0074,12.619064285947816,False
RES_0075,5.579549862222349,False
RES_0076,16.157569246349336,False
RES_0077,28.921794819400063,False
RES_0078,7.1510998560868915,False
RES_0079,37.68182281892194,False
RES_0080,68.7615086618286,False
RES_0081,5.0772492094296195,False
RES_0082,53.16659308521086,False
RES_0083,5.8581440372764,False
RES_0084,38.78882385953862,False
RES_0085,11.09223875025882,False
RES_0086,46.25424286298192,False
RES_0087,9.594992791704135,False
RES_0088,20.934040442044143,False
RES_0089,18.375808715943045,False
RES_0090,11.725557106970601,False
RES_0091,9.78811237455819,False
RES_0092,22.503299899253076,False
RES_0093,10.047124655566044,False
RES_0094,59.588054439885845,False
RES_0095,7.48604260832492,False
RES_0096,14.518256028334127,False
RES_0097,6.3796043522140495,False
RES_0098,12.537831563044666,False
RES_0099,40.80253058916633,False
RES_0100,9.044169424865672,False
RES_0101,30.357004743747773,False
RES_0102,73.08699430418436,False
RES_0103,10.232787985306231,False
RES_0104,7.051934168679475,False
RES_0105,4.243019108500092,False
RES_0106,87.24935835490841,False
RES_0107,8.052488892408345,False
RES_0108,40.34211208103613,False
RES_0109,6.348542739338599,False
RES_0110,13.170365649705754,False
RES_0111,4.621178229622891,False
RES_0112,1.5113451977581918,False
RES_0113,3.6395020587310385,False
RES_0114,10.305269768623674,False
RES_0115,6.168794411413219,False
RES_0116,7.512351965551984,False
RES_0117,16.3215436496958,False
RES_0118,49.61880724779387,False
RES_0119,64.24469739388914,False
RES_0120,37.91181792825386,False
RES_0121,13.388491381242629,False
RES_0122,13.13742317642503,False
RES_0123,9.254769769316606,False
RES_0124,109.36399375002772,False
RES_0125,4.68480466165882,False
RES_0126,39.044108200946326,False
RES_0127,4.5550493786683015,False
RES_0128,14.897893179803496,False
RES_0129,7.785685370988464,False
RES_0130,35.81267696611801,False
RES_0131,16.25464969555545,False
RES_0132,26.790689047650666,False
RES_0133,10.32722461794244,False
RES_0134,38.4916925652724,False
RES_0135,24.026460578503844,False
RES_0136,10.589351717255509,False
RES_0137,14.004152399527227,False
RES_0138,95.54211162672159,False
RES_0139,11.409038413627211,False
RES_0140,16.24693431608943,False
RES_0141,22.77359930852926,False
RES_0142,21.855936365067343,False
RES_0143,5.659024874971314,False
RES_0144,10.213724816041754,False
RES_0145,8.852563220346852,False
RES_0146,34.548780930254345,False
RES_0147,67.68552078869641,False
RES_0148,36.74099168808604,False
RES_0149,40.30699461693073,False
RES_0150,47.284377821343725,False
RES_0151,47.3875423895606,False
RES_0152,8.793227071514986,False
RES_0153,13.61804645413063,False
RES_0154,38.01095150719846,False
RES_0155,13.049939285248591,False
RES_0156,2.9736074022252765,False
RES_0157,19.420392651726175,False
RES_0158,10.179834405339799,False
RES_0159,17.78541956058976,False
RES_0160,16.343827428296713,False
RES_0161,26.4072409703031,False
RES_0162,22.631497235636957,False
RES_0163,16.888198570624127,False
RES_0164,45.68636523694546,False
RES_0165,23.756938908079995,False
RES_0166,34.06678047155343,False
RES_0167,48.535870506447374,False
RES_0168,14.46040356401098,False
RES_0169,17.74677973725668,False
RES_0170,62.812233060489355,False
RES_0171,20.623652505727314,False
RES_0172,57.50567650922783,False
RES_0173,9.637046374625656,False
RES_0174,2.223743662833727,False
RES_0175,29.141559805161442,False
RES_0176,4.651635461908867,False
RES_0177,20.659642923231132,False
RES_0178,7.707901061857732,False
RES_0179,24.769069922010143,False
RES_0180,15.378180704622048,False
RES_0181,1.9918146581118972,False
RES_0182,20.62896950823548,False
RES_0183,22.42630229954983,False
RES_0184,25.578706117740612,False
RES_0185,18.8484047052902,False
RES_0186,5.684565038654386,False
RES_0187,48.76473298916623,False
RES_0188,25.691658427335575,False
RES_0189,3.9373800815468756,False
RES_0190,36.58372924120999,False
RES_0191,32.09835945829401,False
RES_0192,25.559404843348805,False
RES_0193,29.012888073578004,False
RES_0194,8.160439762542849,False
RES_0195,12.797385595054665,False
RES_0196,39.544175783404675,False
RES_0197,38.38651471308016,False
RES_0198,23.88546525339496,False
RES_0199,48.465596043910814,False
RES_0200,8.803736859460281,False
RES_0201,6.958454156552822,False
RES_0202,25.025122908928715,False
RES_0203,5.084750267831279,False
RES_0204,24.413112687086432,False
RES_0205,21.85612695826945,False
RES_0206,30.850740418858546,False
RES_0207,3.4640440197990254,False
RES_0208,9.457556062316273,False
RES_0209,43.012741386974696,False
RES_0210,49.38242151503108,False
RES_0211,19.931297438007757,False
RES_0212,10.782600474999454,False
RES_0213,105.97001356269621,False
RES_0214,55.19609027977763,False
RES_0215,14.757729039016708,False
RES_0216,3.2588144804459898,False
RES_0217,42.89256029733219,False
RES_0218,28.048838005438576,False
RES_0219,104.88593413722512,False
RES_0220,11.391118733912386,False
RES_0221,43.38746491678337,False
RES_0222,13.029637235682477,False
RES_0223,16.014149988646402,False
RES_0224,9.631572730374822,False
RES_0225,5.098248479303506,False
RES_0226,16.79561639114287,False
RES_0227,21.659857982003267,False
RES_0228,17.59064841517036,False
RES_0229,20.24587038462512,False
RES_0230,44.88296284144368,False
RES_0231,8.358596269104929,False
RES_0232,20.102583480156426,False
RES_0233,7.2633713783952185,False
RES_0234,20.375428780206526,False
RES_0235,5.815619586335813,False
RES_0236,9.92997904546123,False
RES_0237,22.194463803642968,False
RES_0238,42.24141849161824,False
RES_0239,23.729951992761475,False
RES_0240,8.367386186050835,False
RES_0241,10.743531969459978,False
RES_0242,12.429597635497144,False
RES_0243,41.99452673241267,False
RES_0244,13.599429769175375,False
RES_0245,2.0052974075641776,False
RES_0246,5.808581825967152,False
RES_0247,23.512180509298208,False
RES_0248,15.590649610615431,False
RES_0249,8.418900627360754,False
RES_0250,19.379625572998513,False
RES_0251,7.165274127824719,False
RES_0252,56.40213501693613,False
RES_0253,40.5236484278171,False
RES_0254,6.982063312011765,False
RES_0255,11.438995947103901,False
RES_0256,18.86654027923756,False
RES_0257,11.49435100111172,False
RES_0258,22.38866524969778,False
RES_0259,36.28630898266915,False
RES_0260,62.860466645281164,False
RES_0261,52.20650929212359,False
RES_0262,19.383320185541375,False
RES_0263,72.82836153133289,False
RES_0264,25.823164425788857,False
RES_0265,77.93705838384709,False
RES_0266,37.73083610815956,False
RES_0267,33.71822831384986,False
RES_0268,1.573991483766103,False
RES_0269,4.900357714553159,False
RES_0270,4.562110080119752,False
RES_0271,14.933875503888437,False
RES_0272,12.483756818076678,False
RES_0273,37.35510868666137,False
RES_0274,94.76382571965746,False
RES_0275,20.647577361093532,False
RES_0276,3.384096163726265,False
RES_0277,17.111783300835466,False
RES_0278,104.20956631888826,False
RES_0279,12.5614740466035,False
RES_0280,23.953062718012138,False
RES_0281,6.920757504869368,False
RES_0282,563.2136743607567,False
RES_0283,47.37756254478495,False
RES_0284,18.07436342875459,False
RES_0285,15.678547535117536,False
RES_0286,59.96624282479029,False
RES_0287,14.664367080221398,False
RES_0288,21.40188637119693,False
RES_0289,39.36555209612918,False
RES_0290,8.531660563784873,False
RES_0291,83.04230969145134,False
RES_0292,16.16253793516874,False
RES_0293,13.67307107368784,False
RES_0294,9.202299517265226,False
RES_0295,19.322417028846026,False
RES_0296,13.134236450594043,False
RES_0297,4.8267310932118335,False
RES_0298,27.867805849254868,False
RES_0299,11.443243431479171,False
RES_0300,46.80835652654167,False
RES_0301,30.183042695521323,False
RES_0302,33.012089606638256,False
RES_0303,11.961876904848465,False
RES_0304,48.06814025034641,False
RES_0305,23.000178690198958,False
RES_0306,40.5284031275135,False
RES_0307,7.0546708118272585,False
RES_0308,11.356215503204048,False
RES_0309,17.94622790285495,False
RES_0310,12.279801985663713,False
RES_0311,13.179120290799714,False
RES_0312,21.602052378552745,False
RES_0313,31.2118190148604,False
RES_0314,44.71826101093477,False
RES_0315,53.706692604937636,False
RES_0316,23.031201456606446,False
RES_0317,27.63546588606553,False
RES_0318,57.761899037913516,False
RES_0319,21.766071200001882,False
RES_0320,54.70318118421928,False
RES_0321,11.561229035785923,False
RES_0322,16.840926920973356,False
RES_0323,26.154842110992316,False
RES_0324,3.97998181351151,False
RES_0325,92.78245402981494,False
RES_0326,82.11989954798271,False
RES_0327,2.9590725418581556,False
RES_0328,58.96472679398911,False
RES_0329,36.93331913056157,False
RES_0330,6.114506551037591,False
RES_0331,41.117948393257684,False
RES_0332,77.88726234415667,False
RES_0333,15.238030761495727,False
RES_0334,32.651628774731535,False
RES_0335,113.25001874125658,False
RES_0336,16.28492612971319,False
RES_0337,68.54159907483594,False
RES_0338,57.73849213304532,False
RES_0339,45.75182638075228,False
RES_0340,93.32804090819536,False
RES_0341,77.79604944250832,False
RES_0342,65.36113770136534,False
RES_0343,72.36719609962131,False
RES_0344,23.910316891974716,False
RES_0345,82.63642961098526,False
RES_0346,40.66066288154717,False
RES_0347,69.81106678000566,False
RES_0348,58.75259174152187,False
RES_0349,5.185540020128212,False
RES_0350,61.21253916269634,False
RES_0351,22.02813654432497,False
RES_0352,49.07911487796133,False
RES_0353,50.3170757203272,False
RES_0354,22.90493124070868,False
RES_0355,44.64337900957709,False
RES_0356,50.14552797693998,False
RES_0357,9.08878705189922,False
RES_0358,38.43528505962499,False
RES_0359,37.571889871582805,False
RES_0360,18.346707442499408,False
RES_0361,5.891316459245942,False
RES_0362,79.04581769081643,False
RES_0363,69.08082807679942,False
RES_0364,0.9740816887630716,False
RES_0365,36.136178434473486,False
RES_0366,19.3225578834048,False
RES_0367,67.12930995332943,False
RES_0368,43.44616838929315,False
RES_0369,8.048676835171067,False
RES_0370,10.390450000308794,False
RES_0371,1.6792931819212473,False
RES_0372,150.24143767051928,False
RES_0373,41.590895811375105,False
RES_0374,34.998074765328525,False
RES_0375,36.41243746955168,False
RES_0376,37.627400924554834,False
RES_0377,53.432327792652096,False
RES_0378,11.358278666385182,False
RES_0379,50.36707294527549,False
RES_0380,3.189091545712939,False
RES_0381,58.889610301640396,False
RES_0382,9.43558446839348,False
RES_0383,7.866652002127822,False
RES_0384,80.96552176042701,False
RES_0385,15.280819556584612,False
RES_0386,39.42562032640002,False
RES_0387,61.194900400403334,False
RES_0388,34.88811124439795,False
RES_0389,65.33307668460255,False
RES_0390,63.71494919854087,False
RES_0391,42.58692998355176,False
RES_0392,103.47832820883163,False
RES_0393,97.89803403027385,False
RES_0394,43.80559756410704,False
RES_0395,44.48130365867135,False
RES_0396,76.87135347193154,False
RES_0397,50.932712714659026,False
RES_0398,11.09518211202941,False
RES_0399,13.339715461570487,False
RES_0400,12.45997460695427,False
RES_0401,17.585047210783266,False
RES_0402,35.044961980412204,False
RES_0403,53.75972342375123,False
RES_0404,23.629786213445556,False
RES_0405,36.41642828107563,False
RES_0406,10.432548996044163,False
RES_0407,27.268462255937308,False
RES_0408,43.869452881678164,False
RES_0409,11.992859017000086,False
RES_0410,2.015419249249396,False
RES_0411,9.699161330575201,False
RES_0412,8.842752163179584,False
RES_0413,13.834991012310036,False
RES_0414,2.5077120328055877,False
RES_0415,70.67268509329665,False
RES_0416,31.529158506713138,False
RES_0417,2.9378076159393904,False
RES_0418,2.8620448088216586,False
RES_0419,8.251527186178073,False
RES_0420,8.370331909493885,False
RES_0421,18.749696548565687,False
RES_0422,13.665137829628659,False
RES_0423,34.703167809359144,False
RES_0424,36.102699442188616,False
RES_0425,3.1899883173910664,False
RES_0426,12.987696922604798,False
RES_0427,9.494279701688662,False
RES_0428,12.080408020052658,False
RES_0429,4.7763739313311655,False
RES_0430,12.466821773487286,False
RES_0431,38.27489080099452,False
RES_0432,9.913920249984049,False
RES_0433,5.648718760890621,False
RES_0434,83.59125532492295,False
RES_0435,22.16798107169653,False
RES_0436,70.19789912656235,False
RES_0437,30.190784050984757,False
RES_0438,38.21655811487201,False
RES_0439,50.606249020479055,False
RES_0440,38.01262181783294,False
RES_0441,30.457463325182598,False
RES_0442,18.640076489039338,False
RES_0443,6.096272821451698,False
RES_0444,55.28788861080104,False
RES_0445,9.1749496672286,False
RES_0446,103.22727502445328,False
RES_0447,17.404284725926665,False
RES_0448,36.60519549703371,False
RES_0449,7.912206670862074,False
RES_0450,23.426161630106957,False
RES_0451,17.80922764111682,False
RES_0452,15.59467364209162,False
RES_0453,75.75542016640362,False
RES_0454,7.003864679948694,False
RES_0455,6.726008785963381,False
RES_0456,4.870410067544398,False
RES_0457,48.10264725852199,False
RES_0458,15.123501376386292,False
RES_0459,74.14304335919309,False
RES_0460,5.431652359655019,False
RES_0461,14.97334962922234,False
RES_0462,9.875683259444704,False
RES_0463,14.084797198724232,False
RES_0464,4.013981805253612,False
RES_0465,17.689717995596055,False
RES_0466,21.53830197956254,False
RES_0467,66.65763685325885,False
RES_0468,24.98941011397978,False
RES_0469,115.69232306055144,False
RES_0470,24.127132134284977,False
RES_0471,37.751694499480884,False
RES_0472,10.79133540698876,False
RES_0473,44.621234333511055,False
RES_0474,4.370303350730266,False
RES_0475,24.04996498990284,False
RES_0476,6.933994615767739,False
RES_0477,18.40890106629656,False
RES_0478,24.527196056615477,False
RES_0479,16.54464803348789,False
RES_0480,27.8417529950676,False
RES_0481,60.971525645458605,False
RES_0482,16.370421104248983,False
RES_0483,23.214679593756138,False
RES_0484,113.09321668538085,False
RES_0485,87.17131811796845,False
RES_0486,15.281645114369171,False
RES_0487,53.22318764589302,False
RES_0488,29.068794328742637,False
RES_0489,8.65485885663573,False
RES_0490,13.060751126386902,False
RES_0491,57.80702473650693,False
RES_0492,2.9384658571556814,False
RES_0493,15.933660536648416,False
RES_0494,25.084356260695568,False
RES_0495,6.963371799056744,False
RES_0496,27.47339470330035,False
RES_0497,13.462930975769938,False
RES_0498,37.42673111108738,False
RES_0499,43.423635726095085,False
RES_0500,21.824754225001417,False
RES_0501,4.556917648821075,False
RES_0502,3.1458513207071532,False
RES_0503,4.549003854518385,False
RES_0504,16.96410171897133,False
RES_0505,1.7937225132771986,False
RES_0506,12.874879484232473,False
RES_0507,49.145175932288524,False
RES_0508,33.90952537351469,False
RES_0509,5.1205636806987895,False
RES_0510,17.618077931445608,False
RES_0511,12.189161170930989,False
RES_0512,28.44781117221541,False
RES_0513,42.59907402320884,False
RES_0514,54.746735959585685,False
RES_0515,77.73216959088644,False
RES_0516,100.70367036704543,False
RES_0517,29.354416233203246,False
RES_0518,9.381192809368008,False
RES_0519,13.730187597034092,False
RES_0520,11.458567136522802,False
RES_0521,68.14951353953485,False
RES_0522,24.15839918991023,False
RES_0523,36.01017351437858,False
RES_0524,22.238361346112967,False
RES_0525,28.34535742526763,False
RES_0526,22.948032241463217,False
RES_0527,104.96300928762035,False
RES_0528,9.813744691194373,False
RES_0529,14.214785414419739,False
RES_0530,57.417521204886974,False
RES_0531,79.40435628324295,False
RES_0532,50.08590716273413,False
RES_0533,20.552973250101328,False
RES_0534,46.46654026243204,False
RES_0535,23.636934739017377,False
RES_0536,5.230266142789318,False
RES_0537,20.54270379942956,False
RES_0538,34.48447867861904,False
RES_0539,14.615326294551807,False
RES_0540,22.535737552379125,False
RES_0541,111.44325610494826,False
RES_0542,35.25433180552264,False
RES_0543,8.469597152485658,False
RES_0544,12.70179046019083,False
RES_0545,31.704343989491342,False
RES_0546,68.9481923311121,False
RES_0547,5.647016247967716,False
RES_0548,3.145269489963205,False
RES_0549,44.116116348696956,False
RES_0550,13.75555959833695,False
RES_0551,12.430157682765516,False
RES_0552,3.809571508159452,False
RES_0553,61.90301437018738,False
RES_0554,32.43189724689997,False
RES_0555,37.62567519586379,False
RES_0556,5.611650474165689,False
RES_0557,68.17998089319504,False
RES_0558,69.65542941429258,False
RES_0559,4.128597756822006,False
RES_0560,87.97402087615656,False
RES_0561,36.24890381045758,False
RES_0562,15.008439780733552,False
RES_0563,32.71523776766423,False
RES_0564,1.7642692413024401,False
RES_0565,34.258626137550145,False
RES_0566,8.702507742761616,False
RES_0567,8.739170585172166,False
RES_0568,23.618137809964637,False
RES_0569,37.01265029730215,False
RES_0570,3.8326582866607266,False
RES_0571,37.69269771421293,False
RES_0572,6.774056476603577,False
RES_0573,34.779833904692275,False
RES_0574,61.35379678821225,False
RES_0575,9.208920737642739,False
RES_0576,53.10655825680424,False
RES_0577,50.503869742033935,False
RES_0578,9.303632233573083,False
RES_0579,11.320494739035968,False
RES_0580,40.68291430561116,False
RES_0581,2.124021116361384,False
RES_0582,23.256302685837824,False
RES_0583,35.14597718468604,False
RES_0584,78.02889889349274,False
RES_0585,4.584939089958529,False
RES_0586,11.170920329075466,False
RES_0587,17.53732257242512,False
RES_0588,53.26063265717609,False
RES_0589,55.00566079945589,False
RES_0590,65.22640357334221,False
RES_0591,30.133915278183775,False
RES_0592,33.20505077397591,False
RES_0593,28.60489229550542,False
RES_0594,15.520684108907227,False
RES_0595,40.76690016824118,False
RES_0596,24.425846733669598,False
RES_0597,31.314978656024493,False
RES_0598,31.388004461759163,False
RES_0599,3.275700015746824,False
RES_0600,29.9280675355421,False
RES_0601,54.48645655420186,False
RES_0602,13.861891924280654,False
RES_0603,16.42775672243312,False
RES_0604,34.2921909571411,False
RES_0605,26.47116894382535,False
RES_0606,12.611935825261856,False
RES_0607,41.277960401787205,False
RES_0608,15.23446667837256,False
RES_0609,70.36861830078662,False
RES_0610,40.67376060302803,False
RES_0611,8.527344309446018,False
RES_0612,69.431833066507,False
RES_0613,19.68352920331215,False
RES_0614,7.580919060774096,False
RES_0615,38.57156701433702,False
RES_0616,9.593348602670988,False
RES_0617,13.011007273025823,False
RES_0618,92.71785691366227,False
RES_0619,47.753899868381424,False
RES_0620,3.4227424055305975,False
RES_0621,19.413724893038477,False
RES_0622,4.812508614725615,False
RES_0623,14.21550770397327,False
RES_0624,103.57113039346962,False
RES_0625,52.37031419916117,False
RES_0626,54.4677429161118,False
RES_0627,11.27248890061823,False
RES_0628,26.038028467635346,False
RES_0629,4.2752141411011655,False
RES_0630,58.03191430760994,False
RES_0631,12.84073152905423,False
RES_0632,18.265374081552423,False
RES_0633,17.336344419217433,False
RES_0634,52.59623224573636,False
RES_0635,11.018834504422452,False
RES_0636,22.56396945834742,False
RES_0637,10.605872047286812,False
RES_0638,10.835286922308178,False
RES_0639,80.62793240950012,False
RES_0640,24.514768133258293,False
RES_0641,92.59994567466408,False
RES_0642,20.00870419622747,False
RES_0643,24.24271840482199,False
RES_0644,9.029701751571515,False
RES_0645,24.589031241673403,False
RES_0646,71.17217297925991,False
RES_0647,14.327184678625125,False
RES_0648,45.792219388891525,False
RES_0649,24.410183233414365,False
RES_0650,60.76062991555108,False
RES_0651,31.66529161245719,False
RES_0652,37.10830742662645,False
RES_0653,6.971385887498615,False
RES_0654,31.25492745809724,False
RES_0655,27.82697681992284,False
RES_0656,7.1920125860425665,False
RES_0657,26.471001387979747,False
RES_0658,6.237371141230498,False
RES_0659,1.9088321610555012,False
RES_0660,3.924865947507747,False
RES_0661,16.877171590247322,False
RES_0662,10.085824612439527,False
RES_0663,54.89324151075385,False
RES_0664,10.477585224766305,False
RES_0665,7.530239017731252,False
RES_0666,1.9597267419412205,False
RES_0667,0.8446008750469733,False
RES_0668,51.78755730927759,False
RES_0669,4.815644092087302,False
RES_0670,16.081103561418,False
RES_0671,31.74653529895036,False
RES_0672,25.33878822824123,False
RES_0673,46.26171214362364,False
RES_0674,34.89240389344637,False
RES_0675,18.84402265870004,False
RES_0676,2.756995248271458,False
RES_0677,40.27366564125842,False
RES_0678,7.952851034513777,False
RES_0679,3.35704227477761,False
RES_0680,11.759937655343688,False
RES_0681,12.228770388157677,False
RES_0682,1.6625319520898045,False
RES_0683,366.58937735007595,False
RES_0684,9.524953957888508,False
RES_0685,11.960510141555972,False
RES_0686,124.37807305833314,False
RES_0687,5.103160930456264,False
RES_0688,41.61214011788855,False
RES_0689,10.75415493439897,False
RES_0690,22.477841351092167,False
RES_0691,22.99619164132336,False
RES_0692,5.938692642652845,False
RES_0693,51.63514545603395,False
RES_0694,11.065569168817891,False
RES_0695,4.080147303836168,False
RES_0696,18.95510973523062,False
RES_0697,17.095297227123904,False
RES_0698,5.593868411272012,False
RES_0699,40.64611100393903,False
RES_0700,19.005526201807932,False
RES_0701,14.600904772557517,False
RES_0702,46.65160027323415,False
RES_0703,25.154407919322708,False
RES_0704,30.64903948955543,False
RES_0705,36.830409442013824,False
RES_0706,11.423217755337763,False
RES_0707,39.337639484286626,False
RES_0708,38.629955081063265,False
RES_0709,15.607994776876096,False
RES_0710,681.1717640386463,False
RES_0711,49.621065076187634,False
RES_0712,11.257023431445734,False
RES_0713,9.657036003689786,False
RES_0714,17.275952688866674,False
RES_0715,12.826073519605755,False
RES_0716,17.635320563850158,False
RES_0717,248.87162316838712,False
RES_0718,8.681307314535678,False
RES_0719,2.063829191109937,False
RES_0720,124.19258148339998,False
RES_0721,13.595201820627878,False
RES_0722,64.90900817063033,False
RES_0723,11.568121548763278,False
RES_0724,56.521019113664444,False
RES_0725,389.7280535159119,False
RES_0726,6.501951569588151,False
RES_0727,56.48535021891278,False
RES_0728,164.9945944785554,False
RES_0729,43.0699213206104,False
RES_0730,7.6703667854590165,False
RES_0731,100.1433147148164,False
RES_0732,425.6448165915392,False
RES_0733,18.780180910717593,False
RES_0734,1.7618473206612213,False
RES_0735,41.804488102295494,False
RES_0736,6.555582178596615,False
RES_0737,57.28583273131822,False
RES_0738,11.2394300277693,False
RES_0739,6.7240367548523805,False
RES_0740,56.51101785971024,False
RES_0741,24.73925410605712,False
RES_0742,22.25089390154564,False
RES_0743,14.241145677689293,False
RES_0744,26.580660410059437,False
RES_0745,56.18712672835029,False
RES_0746,8.296488827733084,False
RES_0747,85.63162100199881,False
RES_0748,136.18710892070433,False
RES_0749,13.793776853451886,False
RES_0750,23.0273170904279,False
RES_0751,77.89390391620256,False
RES_0752,35.06999237921862,False
RES_0753,90.1468672375495,False
RES_0754,15.300732784562197,False
RES_0755,44.16100764085656,False
RES_0756,22.716229992786523,False
RES_0757,49.80821671375033,False
RES_0758,38.55048885138718,False
RES_0759,70.27613691471198,False
RES_0760,68.99602365065972,False
RES_0761,89.46343996832607,False
RES_0762,13.450548832900799,False
RES_0763,15.635636244485369,False
RES_0764,79.30804845199714,False
RES_0765,23.85407399701407,False
RES_0766,54.1269727939353,False
RES_0767,13.425241981816166,False
RES_0768,14.380525371169545,False
RES_0769,8.339397455317789,False
RES_0770,39.908455795460235,False
RES_0771,7.387386590568918,False
RES_0772,60.69073823085765,False
RES_0773,22.79971403408417,False
RES_0774,5.967216972377541,False
RES_0775,170.8963680542293,False
RES_0776,40.76202019996374,False
RES_0777,84.51391589566943,False
RES_0778,36.13587833467829,False
RES_0779,13.68064127741629,False
RES_0780,19.145772610397586,False
RES_0781,49.14465868189394,False
RES_0782,42.23503830873959,False
RES_0783,18.60321580702101,False
RES_0784,40.39486158230454,False
RES_0785,14.594504256437911,False
RES_0786,46.209008371803996,False
RES_0787,43.134876528032756,False
RES_0788,60.24123048606049,False
RES_0789,8.2253017870488,False
RES_0790,59.20404041443026,False
RES_0791,39.444102305029986,False
RES_0792,24.937633778911906,False
RES_0793,11.3978047408079,False
RES_0794,45.99795350788679,False
RES_0795,24.24667617622581,False
RES_0796,48.966319854624416,False
RES_0797,48.36642154852229,False
RES_0798,12.480366664142553,False
RES_0799,61.72502564861136,False
RES_0800,8.2950422844883,False
RES_0801,98.23405915895343,False
RES_0802,21.03794698614943,False
RES_0803,5.779357850194465,False
RES_0804,11.670563533088796,False
RES_0805,39.21775437831429,False
RES_0806,0.599036950568179,False
RES_0807,10.59622646669855,False
RES_0808,46.87901869680852,False
RES_0809,8.061379007422104,False
RES_0810,3.8827934738369057,False
RES_0811,33.01399165715492,False
RES_0812,41.88297332963106,False
RES_0813,66.81126477084092,False
RES_0814,73.76422871181364,False
RES_0815,73.33487242956464,False
RES_0816,7.229371739465994,False
RES_0817,31.2398181424411,False
RES_0818,27.99859764417913,False
RES_0819,8.89417104211825,False
RES_0820,52.57546152533045,False
RES_0821,24.68785635959745,False
RES_0822,6.453336242305957,False
RES_0823,27.448784205144822,False
RES_0824,13.913343473564245,False
RES_0825,3.9841987761355973,False
RES_0826,9.028444486631821,False
RES_0827,76.86781629553681,False
RES_0828,32.13410401423408,False
RES_0829,48.07189070810931,False
RES_0830,13.323152168787727,False
RES_0831,19.700540840778363,False
RES_0832,80.82730506794356,False
RES_0833,81.92393537417782,False
RES_0834,11.970304460438793,False
RES_0835,4.2120237703936505,False
RES_0836,32.65244848557196,False
RES_0837,63.083475881430374,False
RES_0838,47.07873875076805,False
RES_0839,41.262937141247455,False
RES_0840,7.9480377370034745,False
RES_0841,23.309806108271356,False
RES_0842,31.531922005959927,False
RES_0843,103.1754175547339,False
RES_0844,49.982446880604584,False
RES_0845,21.2783915979887,False
RES_0846,5.220930539698239,False
RES_0847,2.1335094695557077,False
RES_0848,5.610150401931859,False
RES_0849,14.566084892157683,False
RES_0850,12.048846254145344,False
RES_0851,42.63933320545884,False
RES_0852,38.7756689639717,False
RES_0853,119.41071636788935,False
RES_0854,41.00255697738413,False
RES_0855,33.80611035788339,False
RES_0856,3.471048581887247,False
RES_0857,31.215078753564693,False
RES_0858,111.28942788799371,False
RES_0859,87.16252489524638,False
RES_0860,32.9983710443055,False
RES_0861,63.34440715659843,False
RES_0862,71.12684705090113,False
RES_0863,14.533720825605359,False
RES_0864,22.87477829185714,False
RES_0865,38.76648889146101,False
RES_0866,31.495958024487585,False
RES_0867,26.561132888687347,False
RES_0868,5.634500681993237,False
RES_0869,25.62580289632573,False
RES_0870,63.82750293740879,False
RES_0871,10.984910540173127,False
RES_0872,7.103825835731215,False
RES_0873,63.34652285436104,False
RES_0874,21.15556645743984,False
RES_0875,7.179986993535937,False
RES_0876,29.71642443666606,False
RES_0877,9.091878967179017,False
RES_0878,18.65573838464798,False
RES_0879,8.597292979849712,False
RES_0880,12.515317561980474,False
RES_0881,81.08335004889354,False
RES_0882,31.723519896767698,False
RES_0883,206.6390930844237,False
RES_0884,147.08935580106396,False
RES_0885,34.92060715184608,False
RES_0886,46.527301359971496,False
RES_0887,7.870563685803571,False
RES_0888,40.63538491522608,False
RES_0889,137.37135040561725,False
RES_0890,50.958473675188856,False
RES_0891,42.2490095928181,False
RES_0892,89.21766528802543,False
RES_0893,4.489676055519526,False
RES_0894,42.2246546698018,False
RES_0895,61.1562601336767,False
RES_0896,6.685534720075369,False
RES_0897,8.184280125665202,False
RES_0898,6.250594851925496,False
RES_0899,3.97659110241525,False
RES_0900,5.484927211227058,False
RES_0901,57.7721410410959,False
RES_0902,8.470785544059531,False
RES_0903,61.64065450553904,False
RES_0904,8.993756190305362,False
RES_0905,15.090270833721918,False
RES_0906,1.9543213649561029,False
RES_0907,4.603903134111489,False
RES_0908,22.54341330715688,False
RES_0909,11.590928901006519,False
RES_0910,7.2929249210230545,False
RES_0911,3.070253804251154,False
RES_0912,59.883039344154895,False
RES_0913,15.139603747310561,False
RES_0914,49.418213924518426,False
RES_0915,19.11950514435505,False
RES_0916,26.089857095368895,False
RES_0917,1.167498917449329,False
RES_0918,2.067322138619853,False
RES_0919,17.472960235357647,False
RES_0920,80.40063446938152,False
RES_0921,41.24458248253449,False
RES_0922,26.41663385711132,False
RES_0923,53.54126311300242,False
RES_0924,33.302430201425075,False
RES_0925,125.3701991856706,False
RES_0926,62.65231469119085,False
RES_0927,48.38410347300625,False
RES_0928,32.160520720770805,False
RES_0929,10.984990936717333,False
RES_0930,65.70262332690658,False
RES_0931,27.47388127848015,False
RES_0932,56.026678634377134,False
RES_0933,2.4746011766776834,False
RES_0934,66.34458491388501,False
RES_0935,118.81110423456664,False
RES_0936,17.23085919829628,False
RES_0937,5.905522775637919,False
RES_0938,77.79428797854797,False
RES_0939,13.613059981110876,False
RES_0940,14.704432535610275,False
RES_0941,65.98545964761686,False
RES_0942,24.54115092569515,False
RES_0943,9.977132274912519,False
RES_0944,27.649362040148034,False
RES_0945,60.583926318351,False
RES_0946,22.666724864826133,False
RES_0947,16.33566571772398,False
RES_0948,30.295144828775005,False
RES_0949,6.654165127863816,False
RES_0950,5.69628336830122,False
RES_0951,54.90905424281555,False
RES_0952,21.330271941975173,False
RES_0953,50.56742112016229,False
RES_0954,42.127827066248884,False
RES_0955,12.693192739630339,False
RES_0956,18.30420243981107,False
RES_0957,38.85106214924687,False
RES_0958,41.9130717512509,False
RES_0959,41.712099071449494,False
RES_0960,21.695818966663694,False
RES_0961,10.1687285643416,False
RES_0962,9.512991968041161,False
RES_0963,7.765688326685472,False
RES_0964,12.013735652972889,False
RES_0965,7.348586889247762,False
RES_0966,25.900911811750472,False
RES_0967,100.76563326371901,False
RES_0968,27.66991431630073,False
RES_0969,41.7267350326418,False
RES_0970,16.35213693298729,False
RES_0971,97.03029806246808,False
RES_0972,16.074011029773242,False
RES_0973,87.35482029295773,False
RES_0974,53.726517800570846,False
RES_0975,35.079931648189294,False
RES_0976,39.21713368767717,False
RES_0977,42.30337558098438,False
RES_0978,20.307547330024168,False
RES_0979,31.63914336939984,False
RES_0980,22.361178307350215,False
RES_0981,15.058994056342003,False
RES_0982,12.94692549651625,False
RES_0983,5.95861576735912,False
RES_0984,75.56951916799372,False
RES_0985,76.91961311060354,False
RES_0986,33.36782363770273,False
RES_0987,51.20422654016148,False
RES_0988,60.66227347257944,False
RES_0989,23.05908376146622,False
RES_0990,141.81477632864323,False
RES_0991,23.216838607529102,False
RES_0992,89.51669628435597,False
RES_0993,12.772122256469787,False
RES_0994,10.087946819083584,False
RES_0995,23.105911373054056,False
RES_0996,3.2436319850171724,False
RES_0997,69.3026470396743,False
RES_0998,3.2366269101922116,False
RES_0999,29.83082827811565,False
RES_1000,27.352425899777643,False
RES_1001,54.22301737658802,False
RES_1002,18.212657849112343,False
RES_1003,7.280949147254551,False
RES_1004,63.18998804080866,False
RES_1005,4.854691953990718,False
RES_1006,48.40342387641146,False
RES_1007,33.59643115561316,False
RES_1008,9.667063354571242,False
RES_1009,47.997735452020564,False
RES_1010,37.95922544458317,False
RES_1011,12.659997985026315,False
RES_1012,8.862198898200393,False
RES_1013,72.12396762819992,False
RES_1014,47.26616372539941,False
RES_1015,22.388377982616728,False
RES_1016,32.41424862697569,False
RES_1017,8.373148717524574,False
RES_1018,24.37396102589898,False
RES_1019,15.367794876038005,False
RES_1020,8.517868186956637,False
RES_1021,8.937481177397824,False
RES_1022,5.660174365273424,False
RES_1023,87.49895423222328,False
RES_1024,27.783827860645886,False
RES_1025,4.348919572393842,False
RES_1026,50.559396377046944,False
RES_1027,4.679027211380252,False
RES_1028,56.66214238568118,False
RES_1029,2802.375867172285,True
RES_1030,80.18808063880068,False
RES_1031,85.70365575735752,False
RES_1032,40.11979518317736,False
RES_1033,32.694294839604716,False
RES_1034,76.05845230464395,False
RES_1035,3.0523849740308604,False
RES_1036,36.1229433737378,False
RES_1037,47.9306302163317,False
RES_1038,36.95999744668839,False
RES_1039,2925.407579019176,True
RES_1040,45.67277088778921,False
RES_1041,23.348530475459444,False
RES_1042,19.751820120574767,False
RES_1043,32.9842546940272,False
RES_1044,52.27587535228552,False
RES_1045,12.103617102014535,False
RES_1046,7.483154308321435,False
RES_1047,88.5196833158861,False
RES_1048,31.993277401495053,False
RES_1049,61.32870123572744,False
RES_1050,15.879110654734397,False
RES_1051,131.21859324019195,False
RES_1052,16.438670371138222,False
RES_1053,6.790959016033244,False
RES_1054,4.487108210373344,False
RES_1055,112.31860368335794,False
RES_1056,70.08152916226862,False
RES_1057,90.53935776250006,False
RES_1058,25.938195504606277,False
RES_1059,96.7769531454599,False
RES_1060,92.38759567281468,False
RES_1061,15.928316524368324,False
RES_1062,12.50494785033754,False
RES_1063,18.65373305747104,False
RES_1064,42.79887200670442,False
RES_1065,34.130841456406046,False
RES_1066,33.969460055419496,False
RES_1067,21.670981915831206,False
RES_1068,9.246813365213841,False
RES_1069,37.08789871258136,False
RES_1070,18.92645313316906,False
RES_1071,80.23506149794596,False
RES_1072,42.31497035513179,False
RES_1073,238.07413607678743,False
RES_1074,134.04123423373363,False
RES_1075,63.425257058881954,False
RES_1076,89.93123474756436,False
RES_1077,1.8258317721503994,False
RES_1078,68.85960136157053,False
RES_1079,670.8129735914786,False
RES_1080,190.86522277145144,False
RES_1081,56.52058154206075,False
RES_1082,28.71360422123002,False
RES_1083,64.4047189498045,False
RES_1084,121.04454077937308,False
RES_1085,29.720510476919532,False
RES_1086,71.00955664861195,False
RES_1087,33.82563335788808,False
RES_1088,42.869669189426574,False
RES_1089,25.191518436017308,False
RES_1090,17.34661200837145,False
RES_1091,46.964788995727325,False
RES_1092,17.883893287401214,False
RES_1093,44.97937280695214,False
RES_1094,10.835441141559505,False
RES_1095,53.38258417626379,False
RES_1096,46.34392177721727,False
RES_1097,2.1250834214736845,False
RES_1098,28.697390657677833,False
RES_1099,7.514747406760276,False
RES_1100,33.454325803444796,False
RES_1101,6.665664704221244,False
RES_1102,3.6923932246070397,False
RES_1103,54.828697312133585,False
RES_1104,126.43847003043876,False
RES_1105,87.70585061736658,False
RES_1106,34.04846448221669,False
RES_1107,24.828889845259813,False
RES_1108,78.6673684596045,False
RES_1109,17.3056454224781,False
RES_1110,46.989010660562414,False
RES_1111,35.464093077840204,False
RES_1112,21.867627410141274,False
RES_1113,10.353950940525456,False
RES_1114,30.294316252916072,False
RES_1115,30.42770655407646,False
RES_1116,6.5881174804278135,False
RES_1117,32.218091717013856,False
RES_1118,34.52453846075286,False
RES_1119,40.7555225368497,False
RES_1120,10.959638312802738,False
RES_1121,252.59365269802836,False
RES_1122,288.82610194045276,False
RES_1123,385.4938277049388,False
RES_1124,47.45362067254981,False
RES_1125,13.078446395714906,False
RES_1126,12.592858376155041,False
RES_1127,19.935304372403372,False
RES_1128,44.717272092659016,False
RES_1129,39.503547059438446,False
RES_1130,11.026989971079242,False
RES_1131,63.74332673026448,False
RES_1132,30.773338011891223,False
RES_1133,9.019985829236758,False
RES_1134,3.7534985614536205,False
RES_1135,4.926611693447585,False
RES_1136,49.37331877172391,False
RES_1137,14.075025277190132,False
RES_1138,10.71911177629945,False
RES_1139,10.130672232460071,False
RES_1140,5.0161871941625,False
RES_1141,6.847329335180139,False
RES_1142,11.917845603082865,False
RES_1143,22.179822175038787,False
RES_1144,37.44487017251141,False
RES_1145,81.57254577140154,False
RES_1146,5.486018728933214,False
RES_1147,24.76196301660295,False
RES_1148,764.2907295892459,False
RES_1149,4.629963746631993,False
RES_1150,348.35097963222603,False
RES_1151,361.8874440486099,False
RES_1152,22.56965341309088,False
RES_1153,43.091058570925874,False
RES_1154,43.87682852185113,False
RES_1155,39.099670836125256,False
RES_1156,0.7382651358325307,False
RES_1157,41.217790420056104,False
RES_1158,1.964101967712389,False
RES_1159,36.77794194923082,False
RES_1160,19.408814860644622,False
RES_1161,29.016340895853,False
RES_1162,8.13478021958567,False
RES_1163,95.07624534227541,False
RES_1164,10.539357334176527,False
RES_1165,2.342706577927526,False
RES_1166,42.29469729494351,False
RES_1167,33.96547299156213,False
RES_1168,2.1766651548853124,False
RES_1169,12.403002995395061,False
RES_1170,34.49922512481367,False
RES_1171,7.457986546890533,False
RES_1172,16.273110865199975,False
RES_1173,2.517804759139908,False
RES_1174,21.022760526062527,False
RES_1175,2.106825577038907,False
RES_1176,13.89612528891185,False
RES_1177,12.288514515694516,False
RES_1178,12.424097008545738,False
RES_1179,35.23063733551949,False
RES_1180,4.353045801793459,False
RES_1181,9.34582535032485,False
RES_1182,8.011110070877573,False
RES_1183,14.580388025109878,False
RES_1184,47.322966073551584,False
RES_1185,14.287126899628644,False
RES_1186,9.144747664200352,False
RES_1187,10.284265269068845,False
RES_1188,8.268887759351857,False
RES_1189,24.462335872304322,False
RES_1190,14.644667450114547,False
RES_1191,125.92801669777323,False
RES_1192,14.078337039963792,False
RES_1193,23.114538257334196,False
RES_1194,30.86081998519801,False
RES_1195,4.8115115507323605,False
RES_1196,16.407680604800177,False
RES_1197,54.652010093350675,False
RES_1198,4.517425582479558,False
RES_1199,1.7269069879122576,False
RES_1200,15.00450400918646,False
RES_1201,5.846222615398932,False
RES_1202,39.34162426037454,False
RES_1203,45.48263652340423,False
RES_1204,57.21841621610333,False
RES_1205,25.70357248853916,False
RES_1206,52.21763096268097,False
RES_1207,2.723184729491024,False
RES_1208,42.403758702517955,False
RES_1209,25.511725218166795,False
RES_1210,72.09091767979766,False
RES_1211,60.18468643114949,False
RES_1212,20.397116010498205,False
RES_1213,13.971885289394363,False
RES_1214,15.993083576409044,False
RES_1215,68.40093614119398,False
RES_1216,12.81503043776785,False
RES_1217,29.392710042024785,False
RES_1218,3.635394687188216,False
RES_1219,64.75066975682644,False
RES_1220,0.9382742869143615,False
RES_1221,9.685376946186624,False
RES_1222,11.823301714593347,False
RES_1223,55.165916871558586,False
RES_1224,30.579356503575593,False
RES_1225,20.840863498700386,False
RES_1226,14.927892842518641,False
RES_1227,6.597210708121376,False
RES_1228,11.228535092771265,False
RES_1229,86.85197135310072,False
RES_1230,35.840343633536584,False
RES_1231,17.890922132921045,False
RES_1232,27.093727474850166,False
RES_1233,8.85968870373974,False
RES_1234,24.54025408289838,False
RES_1235,13.327296162441739,False
RES_1236,15.743690062883095,False
RES_1237,60.500634071261146,False
RES_1238,6.106371340219533,False
RES_1239,26.789314229170653,False
RES_1240,20.423052127616504,False
RES_1241,48.38923903293841,False
RES_1242,12.948686264737866,False
RES_1243,18.96679513962445,False
RES_1244,19.35542646759938,False
RES_1245,36.52889284853228,False
RES_1246,51.915879830568464,False
RES_1247,35.10285426111764,False
RES_1248,23.191804813980966,False
RES_1249,53.548169310470854,False
RES_1250,21.034797476264455,False
RES_1251,8.42296708012739,False
RES_1252,58.1632209244114,False
RES_1253,7.095500348996543,False
RES_1254,27.130378991797844,False
RES_1255,222.93706758005138,False
RES_1256,9.070579137700781,False
RES_1257,45.93202273605054,False
RES_1258,441.8232861000522,False
RES_1259,5.490182521672781,False
RES_1260,9.838592523791476,False
RES_1261,14.409793858773039,False
RES_1262,43.277980497565096,False
RES_1263,66.16187363456037,False
RES_1264,55.80005928395343,False
RES_1265,111.86185237923145,False
RES_1266,5.168692064855164,False
RES_1267,12.27930853371618,False
RES_1268,36.67377080331742,False
RES_1269,57.332439102751046,False
RES_1270,14.705382298885455,False
RES_1271,31.529416971448,False
RES_1272,48.7946227982923,False
RES_1273,58.22683402252404,False
RES_1274,3.0898109771454823,False
RES_1275,73.89976485532245,False
RES_1276,49.596920680030244,False
RES_1277,20.26805482748199,False
RES_1278,0.9866475964767221,False
RES_1279,19.11383123845215,False
RES_1280,30.78827789814166,False
RES_1281,13.465803898731464,False
RES_1282,44.39110674998122,False
RES_1283,38.146409641820476,False
RES_1284,41.93117351500778,False
RES_1285,11.93011944798502,False
RES_1286,6.012612566150616,False
RES_1287,47.29752031100407,False
RES_1288,30.93814623532315,False
RES_1289,9.992355733882896,False
RES_1290,68.70282513523095,False
RES_1291,52.52593128246786,False
RES_1292,14.390586447784154,False
RES_1293,47.55049971485793,False
RES_1294,12.433936894698068,False
RES_1295,22.59083448585851,False
RES_1296,32.00314736568904,False
RES_1297,84.30152520650833,False
RES_1298,7.125844710660985,False
RES_1299,14.38426198420092,False
RES_1300,48.5879280846882,False
RES_1301,7.579689288148525,False
RES_1302,66.12485539084867,False
RES_1303,6.837211390163679,False
RES_1304,45.014532831577355,False
RES_1305,16.212403871118177,False
RES_1306,8.690422204854983,False
RES_1307,39.20400351695804,False
RES_1308,7.618005412594006,False
RES_1309,38.519873626517956,False
RES_1310,20.821217086317773,False
RES_1311,24.800293710078407,False
RES_1312,2.893123375564054,False
RES_1313,7.941563866555626,False
RES_1314,25.611551380661364,False
RES_1315,11.285983620168802,False
RES_1316,10.513090996598859,False
RES_1317,64.3774355907192,False
RES_1318,6.457901382685673,False
RES_1319,3.7210068270610765,False
RES_1320,81.08534804283381,False
RES_1321,8.07092713269514,False
RES_1322,8.849320457448076,False
RES_1323,649.8235938815061,False
RES_1324,108.23008159937356,False
RES_1325,24.75041021542145,False
RES_1326,9.148186323688718,False
RES_1327,16.058629902778964,False
RES_1328,32.05211054850406,False
RES_1329,7.172270781535459,False
RES_1330,17.066768672503688,False
RES_1331,45.38151863422925,False
RES_1332,15.129392007426466,False
RES_1333,10.392738422663474,False
RES_1334,10.288509033829717,False
RES_1335,1.7296198139735455,False
RES_1336,8.442031223718146,False
RES_1337,11.050124363094822,False
RES_1338,33.26662614819323,False
RES_1339,57.97988754979539,False
RES_1340,24.923020594739466,False
RES_1341,24.697539577731348,False
RES_1342,15.116230005392465,False
RES_1343,23.005674955785175,False
RES_1344,21.26952778171877,False
RES_1345,37.494404882605906,False
RES_1346,151.1259102955596,False
RES_1347,34.73020808060972,False
RES_1348,23.739421769750784,False
RES_1349,12.265962194799863,False
RES_1350,47.447307657569674,False
RES_1351,20.236969098139987,False
RES_1352,58.59406734978631,False
RES_1353,22.037952972186723,False
RES_1354,4.087488859370097,False
RES_1355,14.737576251772808,False
RES_1356,70.79850560307071,False
RES_1357,13.425583486381539,False
RES_1358,13.155362141977658,False
RES_1359,17.620277862420537,False
RES_1360,6.520500770788969,False
RES_1361,5.333987614481301,False
RES_1362,45.439681502917324,False
RES_1363,10.324215314269695,False
RES_1364,17.848059274545538,False
RES_1365,19.749661889719658,False
RES_1366,108.50501286141106,False
RES_1367,41.25301473182056,False
RES_1368,100.03668289183031,False
RES_1369,7.946036974913735,False
RES_1370,25.133075056593032,False
RES_1371,13.725193345011151,False
RES_1372,2.894123515671646,False
RES_1373,64.26652757899635,False
RES_1374,27.764669794252836,False
RES_1375,60.10247463838925,False
RES_1376,43.43311316485318,False
RES_1377,29.08522335001144,False
RES_1378,78.71253987684014,False
RES_1379,16.18937392972339,False
RES_1380,58.039202365128375,False
RES_1381,39.37704627678956,False
RES_1382,20.106285416767445,False
RES_1383,26.600934133759708,False
RES_1384,23.518606718447398,False
RES_1385,39.45976669526649,False
RES_1386,7.219005704215476,False
RES_1387,15.930358625367159,False
RES_1388,4.3521320089559765,False
RES_1389,11.6674583951156,False
RES_1390,7.439261813830311,False
RES_1391,18.953672947683014,False
RES_1392,4.994429791544685,False
RES_1393,23.114529731073592,False
RES_1394,37.09036021347033,False
RES_1395,15.655228234623406,False
RES_1396,13.524377483925745,False
RES_1397,19.115852230806738,False
RES_1398,73.97629832446302,False
RES_1399,10.172030104404426,False
RES_1400,8.063132218392155,False
RES_1401,66.36720175252658,False
RES_1402,9.498000027337858,False
RES_1403,56.99480717179111,False
RES_1404,21.69826184676423,False
RES_1405,34.52609199345308,False
RES_1406,612.4139248044897,False
RES_1407,17.78878372593877,False
RES_1408,82.2678973699298,False
RES_1409,7.848087129866398,False
RES_1410,31.0064359795192,False
RES_1411,19.662657401169326,False
RES_1412,45.955959267448414,False
RES_1413,14.399872241516638,False
RES_1414,42.725075619928376,False
RES_1415,13.629214338667959,False
RES_1416,75.3410619580165,False
RES_1417,57.92663459425969,False
RES_1418,9.215377131627886,False
RES_1419,75.52253721293589,False
RES_1420,8.169497554986169,False
RES_1421,23.392265128929495,False
RES_1422,21.244862579711782,False
RES_1423,5.67841974770607,False
RES_1424,13.83912784227844,False
RES_1425,3.108753303560526,False
RES_1426,24.983094336433535,False
RES_1427,39.275339907623966,False
RES_1428,983.6038690257243,False
RES_1429,88.34359851210549,False
RES_1430,163.25974409872842,False
RES_1431,12.978784448894963,False
RES_1432,6.044827389644602,False
RES_1433,15.77520588327482,False
RES_1434,510.4465765885726,False
RES_1435,13.739580218275087,False
RES_1436,8.973955238731202,False
RES_1437,13.115450576534323,False
RES_1438,68.62907714361751,False
RES_1439,117.97740013635936,False
RES_1440,4.197384449468326,False
RES_1441,18.9877719598763,False
RES_1442,4.23765580524762,False
RES_1443,12.475583773502226,False
RES_1444,2.6459095981205385,False
RES_1445,337.858674730068,False
RES_1446,38.273445318931515,False
RES_1447,2.0478045868539385,False
RES_1448,11.041457242458128,False
RES_1449,5.490433491285995,False
RES_1450,13.08296427475859,False
RES_1451,21.97796975122796,False
RES_1452,50.62012991800256,False
RES_1453,3.9905259962633646,False
RES_1454,6.94742533785531,False
RES_1455,2.571042576251427,False
RES_1456,21.02198882324906,False
RES_1457,57.92560070074517,False
RES_1458,23.940715382334403,False
RES_1459,5.511426699000592,False
RES_1460,5.636080984745862,False
RES_1461,16.290847069317845,False
RES_1462,4.391003087353186,False
RES_1463,18.443533048520813,False
RES_1464,19.57280099137527,False
RES_1465,2.261704961385334,False
RES_1466,19.896625428487095,False
RES_1467,28.129550203609597,False
RES_1468,38.672618180392085,False
RES_1469,23.28921509366464,False
RES_1470,16.577904559003656,False
RES_1471,168.8487123016374,False
RES_1472,92.72231752259772,False
RES_1473,41.10556555295525,False
RES_1474,84.3328638866919,False
RES_1475,4.934023366759652,False
RES_1476,48.82895458472294,False
RES_1477,82.98996749769856,False
RES_1478,117.86124771554611,False
RES_1479,15.952721794273389,False
RES_1480,22.22901929393221,False
RES_1481,78.54501980148747,False
RES_1482,12.282782075037776,False
RES_1483,16.38595488053484,False
RES_1484,4.502417130120439,False
RES_1485,8.818511831429749,False
RES_1486,95.48709954838205,False
RES_1487,339.2089675897924,False
RES_1488,17.21139367517431,False
RES_1489,20.77006276491355,False
RES_1490,58.194722391893734,False
RES_1491,4.744544310467041,False
RES_1492,35.43873306026127,False
RES_1493,37.12303485669355,False
RES_1494,57.72301443373522,False
RES_1495,19.27679884009086,False
RES_1496,17.199403812209177,False
RES_1497,3.99764848515983,False
RES_1498,38.04857214564412,False
RES_1499,11.53918047642965,False
RES_1500,29.685461778331852,False
RES_1501,2.9304640869217393,False
RES_1502,2.9030224051563867,False
RES_1503,38.21707045091343,False
RES_1504,84.17936150060065,False
RES_1505,13.211188279230202,False
RES_1506,53.22082898862907,False
RES_1507,39.852985619219666,False
RES_1508,106.09927018678857,False
RES_1509,2894.2624922085183,True
RES_1510,2834.103230817394,True
RES_1511,1219.4749812013063,False
RES_1512,9.651967579754222,False
RES_1513,2483.8712418015016,True
RES_1514,73.73422493716487,False
RES_1515,15074.718564062092,True
RES_1516,1167.1785702239636,False
RES_1517,11.815270191294319,False
RES_1518,212.63620742497574,False
RES_1519,14.324433165185795,False
RES_1520,28.312332251101303,False
RES_1521,6.618947779283705,False
RES_1522,19.440557706469384,False
RES_1523,6.505773100281341,False
RES_1524,54.1706051343876,False
RES_1525,127.94519020978998,False
RES_1526,12.00728312709764,False
RES_1527,7.734104376519423,False
RES_1528,117.72063166877605,False
RES_1529,26.36229534180995,False
RES_1530,2.7838803167361337,False
RES_1531,36.43928683434382,False
RES_1532,44.71569853509796,False
RES_1533,8.005459339938957,False
RES_1534,3.9844915734675066,False
RES_1535,192.29953027696862,False
RES_1536,72.8700870571371,False
RES_1537,39.4877542435251,False
RES_1538,8.38901698999831,False
RES_1539,310.49511463183495,False
RES_1540,75.64893959942863,False
RES_1541,13.513378898677438,False
RES_1542,58.98585460261009,False
RES_1543,11.702584017775866,False
RES_1544,79.19432134442579,False
RES_1545,21.11741773932264,False
RES_1546,47.032552479879634,False
RES_1547,80.1047876190635,False
RES_1548,142.16272659312776,False
RES_1549,4.795574369325756,False
RES_1550,44.99499089966767,False
RES_1551,2.461539984366699,False
RES_1552,59.81581254920015,False
RES_1553,10.584445258790877,False
RES_1554,8.927173616389151,False
RES_1555,40.386912387890405,False
RES_1556,3.7157844929174026,False
RES_1557,68.08320152924892,False
RES_1558,1.6908517609020102,False
RES_1559,22.445863884233066,False
RES_1560,31.991225043748784,False
RES_1561,8.319462353044388,False
RES_1562,45.62155048368984,False
RES_1563,20.197553263389555,False
RES_1564,341.0956236242851,False
RES_1565,13.062519641313497,False
RES_1566,205.44253710108734,False
RES_1567,8.600051478462088,False
RES_1568,20.444373321430028,False
RES_1569,32.169893429139314,False
RES_1570,57.68206237520772,False
RES_1571,23.424321440457295,False
RES_1572,39.907895525863196,False
RES_1573,256.2119301544509,False
RES_1574,127.02361163158075,False
RES_1575,5.1116137256800105,False
RES_1576,56.65123396915724,False
RES_1577,31.521309486220044,False
RES_1578,1.5293067706899828,False
RES_1579,10.864942656498712,False
RES_1580,23.07763828361514,False
RES_1581,41.1923041304497,False
RES_1582,13.391870560811288,False
RES_1583,13.618231349542562,False
RES_1584,37.51680827128055,False
RES_1585,81.28496500662524,False
RES_1586,4.950326057093799,False
RES_1587,7.5274368407004335,False
RES_1588,84.8500262809676,False
RES_1589,251.80352769734645,False
RES_1590,16.937897156860547,False
RES_1591,16.996499655359077,False
RES_1592,108.09479391854356,False
RES_1593,18.47641673440022,False
RES_1594,49.93523594131096,False
RES_1595,9.457520275038922,False
RES_1596,10.64542167921898,False
RES_1597,11.821118472833264,False
RES_1598,3.71851792352377,False
RES_1599,9.934570866379136,False
RES_1600,7.75738253440133,False
RES_1601,29.698607046019053,False
RES_1602,10.31418498034112,False
RES_1603,66.36303706415279,False
RES_1604,16.965349901057095,False
RES_1605,252.52955476272598,False
RES_1606,67.96161714029057,False
RES_1607,66.46510090416065,False
RES_1608,233.86615128150743,False
RES_1609,12.479945995221586,False
RES_1610,3.8857027833385116,False
RES_1611,11.574743335094071,False
RES_1612,12.21938288912061,False
RES_1613,46.31121791575108,False
RES_1614,13.069567666707433,False
RES_1615,86.9899974479324,False
RES_1616,12.262767765573262,False
RES_1617,7.525478022042369,False
RES_1618,96.70544595101507,False
RES_1619,15.949978824688111,False
RES_1620,9.43722910167095,False
RES_1621,66.21588856952368,False
RES_1622,25.258565029409866,False
RES_1623,75.30544324775052,False
RES_1624,89.05264091462554,False
RES_1625,4.574816377589033,False
RES_1626,11.04684545856741,False
RES_1627,34.302095531920784,False
RES_1628,65.64298983561525,False
RES_1629,78.74530990821359,False
RES_1630,33.39835627065686,False
RES_1631,90.21751717362554,False
RES_1632,8.146786274986981,False
RES_1633,53.18428596113005,False
RES_1634,68.1356429422417,False
RES_1635,14.572140682468312,False
RES_1636,42.17681611189956,False
RES_1637,124.13822219285974,False
RES_1638,45.46643193734116,False
RES_1639,58.14260778024836,False
RES_1640,99.07292643943718,False
RES_1641,18.368886498685242,False
RES_1642,132.7091063694817,False
RES_1643,53.47411645977762,False
RES_1644,15.067091394480453,False
RES_1645,12.194800095958547,False
RES_1646,16.258669612976707,False
RES_1647,174.59209461184423,False
RES_1648,45.53577469341809,False
RES_1649,61.95413150029879,False
RES_1650,99.1889833514753,False
RES_1651,46.10114766425258,False
RES_1652,5.679591064006992,False
RES_1653,41.4692277707387,False
RES_1654,6.882838404076893,False
RES_1655,55.25971454006652,False
RES_1656,32.51168953808955,False
RES_1657,6.5166692355644935,False
RES_1658,20.799454275656043,False
RES_1659,12.388079969256617,False
RES_1660,20.419760226046815,False
RES_1661,54.83661775453857,False
RES_1662,39.289898179245974,False
RES_1663,62.48351426126049,False
RES_1664,132.29454071025972,False
RES_1665,12.188927692975222,False
RES_1666,219.46293148003977,False
RES_1667,30.84589625990393,False
RES_1668,33.43534856756623,False
RES_1669,34.39182985576087,False
RES_1670,92.34109952247924,False
RES_1671,14.005585375064731,False
RES_1672,38.380699773789274,False
RES_1673,12.659966064113028,False
RES_1674,25.66202577471582,False
RES_1675,16.602314520781736,False
RES_1676,51.10662340569143,False
RES_1677,17.612617482999795,False
RES_1678,52.628571651388334,False
RES_1679,57.23407604596502,False
RES_1680,20.9182719574102,False
RES_1681,34.960553124216524,False
RES_1682,16.141853782984736,False
RES_1683,27.956360016645544,False
RES_1684,37.00833715603464,False
RES_1685,22.29701338388397,False
RES_1686,141.45120391839495,False
RES_1687,14.179389979964867,False
RES_1688,22.432477506350036,False
RES_1689,23.642137056657116,False
RES_1690,16.101595882609296,False
RES_1691,99.05395884658306,False
RES_1692,68.80011154065724,False
RES_1693,88.42485752934604,False
RES_1694,44.71618542415379,False
RES_1695,47.131341114144135,False
RES_1696,13.46245920336388,False
RES_1697,73.89567780198348,False
RES_1698,52.61465576328186,False
RES_1699,11.873823090788397,False
RES_1700,17.023251604473444,False
RES_1701,79.81642841983103,False
RES_1702,105.11183891533796,False
RES_1703,49.54916870359023,False
RES_1704,16.371501508064803,False
RES_1705,3.3620742953587164,False
RES_1706,61.126783402944405,False
RES_1707,19.951683629149322,False
RES_1708,53.16670047025847,False
RES_1709,18.42039043433902,False
RES_1710,42.77838677225007,False
RES_1711,62.14551647114134,False
RES_1712,44.150935197241296,False
RES_1713,28.087228936811236,False
RES_1714,24.061440146049634,False
RES_1715,14.360832191912484,False
RES_1716,35.43349428758703,False
RES_1717,48.16560598037867,False
RES_1718,42.04503173596724,False
RES_1719,31.846709156665607,False
RES_1720,18.39432887417342,False
RES_1721,68.2700394180148,False
RES_1722,64.34040380401194,False
RES_1723,31.28313438474145,False
RES_1724,36.06100254621205,False
RES_1725,18.275776168512657,False
RES_1726,32.943122793289106,False
RES_1727,26.774355091674515,False
RES_1728,24.622278633120533,False
RES_1729,14.86900495636106,False
RES_1730,3.1810068835346,False
RES_1731,31.029023245414038,False
RES_1732,66.68785351201137,False
RES_1733,19.632248082755847,False
RES_1734,37.127921573688724,False
RES_1735,27.449892204059605,False
RES_1736,176.8548940701101,False
RES_1737,87.02565263157014,False
RES_1738,74.30712384198921,False
RES_1739,83.87935090658199,False
RES_1740,10.163023944441509,False
RES_1741,15.441310376332732,False
RES_1742,74.54338251852484,False
RES_1743,17.374808790410228,False
RES_1744,66.8335255304023,False
RES_1745,37.69064368163941,False
RES_1746,89.72513551091193,False
RES_1747,17.350621483698596,False
RES_1748,32.100335108750016,False
RES_1749,12.205978165554749,False
RES_1750,40.55731756491556,False
RES_1751,13.515934771312617,False
RES_1752,52.1899130663004,False
RES_1753,22.620926222311287,False
RES_1754,31.901270842373403,False
RES_1755,28.160416259261833,False
RES_1756,12.238426693278024,False
RES_1757,68.27434428708135,False
RES_1758,34.33915814538472,False
RES_1759,39.86925997955628,False
RES_1760,84.02341734624797,False
RES_1761,46.87213613950296,False
RES_1762,19.42902564171951,False
RES_1763,11.716899446700113,False
RES_1764,35.890635978351604,False
RES_1765,46.93574913708219,False
RES_1766,17.239145111253347,False
RES_1767,43.628233173147706,False
RES_1768,35.7662884458857,False
RES_1769,40.75435012836015,False
RES_1770,26.57439418574593,False
RES_1771,48.25280863868883,False
RES_1772,19.62738365956171,False
RES_1773,31.993362638061946,False
RES_1774,66.16043611998279,False
RES_1775,35.823343882947455,False
RES_1776,22.354508535251863,False
RES_1777,63.862129262941,False
RES_1778,83.4319121270173,False
RES_1779,75.8326332998061,False
RES_1780,111.7656606413395,False
RES_1781,24.42265843782328,False
RES_1782,47.05517487067755,False
RES_1783,53.88104476782441,False
RES_1784,32.66176275570503,False
RES_1785,50.22674569442972,False
RES_1786,8.541191353420254,False
RES_1787,10.946155172615107,False
RES_1788,14.864917469162162,False
RES_1789,4.044662463275164,False
RES_1790,15.412544113081845,False
RES_1791,34.2942589896028,False
RES_1792,70.01094347230327,False
RES_1793,50.05570009236419,False
RES_1794,98.596130501428,False
RES_1795,9.842029294748485,False
RES_1796,24.432017640987866,False
RES_1797,41.05104329235336,False
RES_1798,15.382441303079624,False
RES_1799,71.97712763273665,False
RES_1800,37.64762792501636,False
RES_1801,7.766853954844541,False
RES_1802,50.14913490842512,False
RES_1803,43.69077278753659,False
RES_1804,9.035600401242432,False
RES_1805,27.77396631135047,False
RES_1806,11.068590902293275,False
RES_1807,8.010854778170144,False
RES_1808,8.638047107273021,False
RES_1809,22.993342328538347,False
RES_1810,21.976354673766657,False
RES_1811,37.68718662961507,False
RES_1812,56.51557135621335,False
RES_1813,28.979428739372178,False
RES_1814,4.583595024946104,False
RES_1815,24.86473461648634,False
RES_1816,70.585199286406,False
RES_1817,72.4873360305577,False
RES_1818,27.93947142876247,False
RES_1819,31.125514973340362,False
RES_1820,72.57447319988925,False
RES_1821,13.151972641240027,False
RES_1822,60.68542089353386,False
RES_1823,6.519119394403051,False
RES_1824,6.255818201702026,False
RES_1825,3.4764934985006204,False
RES_1826,35.179892489350394,False
RES_1827,24.49077939877762,False
RES_1828,2.397761968837698,False
RES_1829,24.999639398879513,False
RES_1830,18.680458761944877,False
RES_1831,24.756934000002232,False
RES_1832,5.296010266307911,False
RES_1833,14.262482357370786,False
RES_1834,53.76183313022592,False
RES_1835,10.987427846454098,False
RES_1836,7.5403858302063576,False
RES_1837,24.741649377270218,False
RES_1838,18.17932804226085,False
RES_1839,0.6153051889165074,False
RES_1840,20.190438068641093,False
RES_1841,16.77160960670143,False
RES_1842,15.470919591342586,False
RES_1843,6.951262031149077,False
RES_1844,107.58136207420924,False
RES_1845,49.06480956988377,False
RES_1846,8.242708086745708,False
RES_1847,8.346012862522585,False
RES_1848,20.859032883697942,False
RES_1849,3.7960010084266664,False
RES_1850,7.00745166032938,False
RES_1851,65.32562427711255,False
RES_1852,3.573406704047254,False
RES_1853,58.332739504785486,False
RES_1854,20.67198062859985,False
RES_1855,4.121597712329408,False
RES_1856,36.67527543790469,False
RES_1857,23.309047919604403,False
RES_1858,11.900232679123034,False
RES_1859,2.9197551989996255,False
RES_1860,15.684729818826865,False
RES_1861,16.464362330983835,False
RES_1862,71.0050925556251,False
RES_1863,3.4684036546832573,False
RES_1864,8.04058683278772,False
RES_1865,11.058572278823437,False
RES_1866,5.830187885222387,False
RES_1867,44.1656115165014,False
RES_1868,10.76980232364174,False
RES_1869,6.350836405390173,False
RES_1870,15.2987469888233,False
RES_1871,44.27301692875065,False
RES_1872,10.147543705198633,False
RES_1873,67.31904465309039,False
RES_1874,31.75160125283482,False
RES_1875,39.767525710375736,False
RES_1876,57.652957893634316,False
RES_1877,23.18915119342941,False
RES_1878,115.97432749362618,False
RES_1879,16.852340893491238,False
RES_1880,66.35992221082694,False
RES_1881,86.91827225009074,False
RES_1882,1.444471231749664,False
RES_1883,5.542758438842902,False
RES_1884,17.75211864263467,False
RES_1885,23.993213035422322,False
RES_1886,27.541044673863556,False
RES_1887,5.893744029944457,False
RES_1888,29.37791003631566,False
RES_1889,8.296260940664581,False
RES_1890,16.81149874857372,False
RES_1891,4.96369057897942,False
RES_1892,26.592125215164234,False
RES_1893,6.447715839496173,False
RES_1894,2.1156581867306152,False
RES_1895,24.112971386257204,False
RES_1896,30.940159639539335,False
RES_1897,48.57194617646201,False
RES_1898,71.16546401146648,False
RES_1899,38.08298692832345,False
RES_1900,37.874896093063114,False
RES_1901,27.611752920836675,False
RES_1902,24.22931828569507,False
RES_1903,20.415300043836357,False
RES_1904,27.551566666940605,False
RES_1905,26.50616023498305,False
RES_1906,33.27603923418949,False
RES_1907,185.43070546059846,False
RES_1908,23.33182241904659,False
RES_1909,28.0082325082253,False
RES_1910,28.931073625798522,False
RES_1911,18.69609152419098,False
RES_1912,34.26769614787107,False
RES_1913,9.769115132341359,False
RES_1914,32.79679463078176,False
RES_1915,123.62444982062476,False
RES_1916,4.125105482937443,False
RES_1917,448.81384704641715,False
RES_1918,19.15817441899107,False
RES_1919,2.905679528137934,False
RES_1920,5.9740347687910305,False
RES_1921,18.055543309841063,False
RES_1922,14.02113064994399,False
RES_1923,3.75305696006846,False
RES_1924,3.0079495271787304,False
RES_1925,28.589390710752983,False
RES_1926,23.345697648940973,False
RES_1927,49.58326732926392,False
RES_1928,6.451978609299479,False
RES_1929,48.45982952970351,False
RES_1930,33.44093762514258,False
RES_1931,10.574841262635408,False
RES_1932,1.5961839605120813,False
RES_1933,11.21360168215766,False
RES_1934,45.40416994288422,False
RES_1935,25.106372057717383,False
RES_1936,63.473413183151585,False
RES_1937,13.695992862609254,False
RES_1938,5.517703856445036,False
RES_1939,27.798132298878144,False
RES_1940,11.674334249719447,False
RES_1941,19.222155224122005,False
RES_1942,30.89010526466325,False
RES_1943,36.33434281990174,False
RES_1944,11.73519890289348,False
RES_1945,49.708805119978386,False
RES_1946,56.394974629448534,False
RES_1947,7.129917712432262,False
RES_1948,83.53836071532841,False
RES_1949,51.451300981987316,False
RES_1950,5.032908145144348,False
RES_1951,10.271356509589268,False
RES_1952,50.63909169178077,False
RES_1953,7.805514628966348,False
RES_1954,11.662604564985447,False
RES_1955,60.579159507591164,False
RES_1956,14.741958625621505,False
RES_1957,36.17652713138442,False
RES_1958,28.991237720521198,False
RES_1959,22.526900891170648,False
RES_1960,21.99209244674189,False
RES_1961,9.323252727962032,False
RES_1962,28.897003085746203,False
RES_1963,112.01654811410127,False
RES_1964,90.15763031487835,False
RES_1965,110.26882377867756,False
RES_1966,8.1749581480609,False
RES_1967,1.441600229576656,False
RES_1968,78.75161981145129,False
RES_1969,51.15873060269104,False
RES_1970,14.520184472675698,False
RES_1971,101.58725910971366,False
RES_1972,3.771014086008098,False
RES_1973,9.759943938415114,False
RES_1974,22.28416132818006,False
RES_1975,4.7028095211276595,False
RES_1976,14.693137350106303,False
RES_1977,16.528438578398045,False
RES_1978,88.01160699824268,False
RES_1979,100.25551413695915,False
RES_1980,20.21367804238649,False
RES_1981,15.386226931542623,False
RES_1982,15.269792884379607,False
RES_1983,4.043594787286687,False
RES_1984,12.026389291079145,False
RES_1985,2.8335967863985183,False
RES_1986,157.30005469105944,False
RES_1987,6.789062811599088,False
RES_1988,6.987794014377557,False
RES_1989,7.119413570369985,False
RES_1990,10.147128739755978,False
RES_1991,1.289134953064563,False
RES_1992,55.633942512920775,False
RES_1993,28.589580042467176,False
RES_1994,3.1459756918012745,False
RES_1995,16.65428436149483,False
RES_1996,19.782883148518895,False
RES_1997,10.70701971390065,False
RES_1998,107.22868692932084,False
RES_1999,104.16890070048127,False
RES_2000,53.22291710885151,False
RES_2001,46.445820072497405,False
RES_2002,19.020741331207034,False
RES_2003,36.4629661954547,False
RES_2004,69.13409464871414,False
RES_2005,5.622515773458738,False
RES_2006,9.538985958219282,False
RES_2007,14.663429671100062,False
RES_2008,41.70809173740083,False
RES_2009,22.683815372813932,False
RES_2010,25.358116105992266,False
RES_2011,20.033752476221803,False
RES_2012,3.6893860090419883,False
RES_2013,28.872015385418372,False
RES_2014,4.864381987239288,False
RES_2015,38.020575297820535,False
RES_2016,12.735370405436106,False
RES_2017,27.9107722032959,False
RES_2018,24.516497099286987,False
RES_2019,8.758522770621001,False
RES_2020,13.756735700161673,False
RES_2021,5.92846512050832,False
RES_2022,4.676679631559128,False
RES_2023,37.462778587375595,False
RES_2024,8.791375769240148,False
RES_2025,43.670574957435065,False
RES_2026,20.88347159301243,False
RES_2027,39.50991238461387,False
RES_2028,155.5033316711825,False
RES_2029,8.597647246977695,False
RES_2030,31.00975872867272,False
RES_2031,47.88411989959074,False
RES_2032,125.166879183693,False
RES_2033,104.31516914683172,False
RES_2034,32.88859437630918,False
RES_2035,57.87796675250295,False
RES_2036,9.847180367167155,False
RES_2037,9.979118368568185,False
RES_2038,3.806571645704562,False
RES_2039,46.83357032763082,False
RES_2040,6.190915261143661,False
RES_2041,7.749327095084614,False
RES_2042,7.1301897797665825,False
RES_2043,24.85119507428948,False
RES_2044,24.47981667183508,False
RES_2045,1.1155039034656742,False
RES_2046,9.691882243825495,False
RES_2047,53.15537517086158,False
RES_2048,333.8410647792358,False
RES_2049,8.645543067050959,False
RES_2050,12.521409432246514,False
RES_2051,44.568570964935724,False
RES_2052,6.450234588044504,False
RES_2053,109.47081888472661,False
RES_2054,12.232937639084675,False
RES_2055,5.713267319547805,False
RES_2056,21.080304277200867,False
RES_2057,76.84041313130813,False
RES_2058,13.419268080927562,False
RES_2059,11.97255008694913,False
RES_2060,24.117197049789464,False
RES_2061,2.1265730421432685,False
RES_2062,23.069276032639472,False
RES_2063,26.919428685549924,False
RES_2064,6.7369744987831846,False
RES_2065,54.68437098839385,False
RES_2066,38.057564500315515,False
RES_2067,40.2513050427756,False
RES_2068,35.1467993557389,False
RES_2069,17.855661471455015,False
RES_2070,8.346823667760168,False
RES_2071,14.836711285097698,False
RES_2072,5.96820853806308,False
RES_2073,3.391941359598433,False
RES_2074,28.53693730246014,False
RES_2075,39.32055621218218,False
RES_2076,12.678295238798572,False
RES_2077,20.899444776323488,False
RES_2078,38.266113168088474,False
RES_2079,37.261889964421286,False
RES_2080,15.770715440713294,False
RES_2081,72.15629609923565,False
RES_2082,39.17625393864481,False
RES_2083,8.77634045232783,False
RES_2084,5.892066838739965,False
RES_2085,15.327035581028554,False
RES_2086,11.815189058426354,False
RES_2087,29.25530522865768,False
RES_2088,21.585544724620753,False
RES_2089,15.094185450363595,False
RES_2090,38.48630671618382,False
RES_2091,33.25598042134302,False
RES_2092,23.450800334619647,False
RES_2093,7.142211959893812,False
RES_2094,42.030176213290474,False
RES_2095,4.51318159638043,False
RES_2096,8.895166698567333,False
RES_2097,13.685573688958506,False
RES_2098,28.947492715771578,False
RES_2099,36.20981557203711,False
RES_2100,36.866433363037615,False
RES_2101,41.92154807520556,False
RES_2102,8.956980946851884,False
RES_2103,3.866962415033699,False
RES_2104,5.897418483885639,False
RES_2105,100.9455135121477,False
RES_2106,3.976751478033835,False
RES_2107,9.79946173359654,False
RES_2108,8.107929301164265,False
RES_2109,7.618084856257313,False
RES_2110,53.0399868833913,False
RES_2111,1.929108825963803,False
RES_2112,53.56143727363176,False
RES_2113,8.51620924518153,False
RES_2114,7.482834636616065,False
RES_2115,18.03337504592462,False
RES_2116,25.022899721955493,False
RES_2117,8.494888865792838,False
RES_2118,15.262882306568029,False
RES_2119,25.141270196752874,False
RES_2120,23.92078421902632,False
RES_2121,30.82462419117317,False
RES_2122,14.455235622840119,False
RES_2123,8.971098928330953,False
RES_2124,17.19703707151918,False
RES_2125,12.099613598001763,False
RES_2126,13.955438358375446,False
RES_2127,11.535453282820969,False
RES_2128,43.4612783477242,False
RES_2129,13.65256754256242,False
RES_2130,24.564715506942758,False
RES_2131,3.9980380277812437,False
RES_2132,52.20766666285919,False
RES_2133,9.788015557708846,False
RES_2134,24.521576779992458,False
RES_2135,32.737194818073995,False
RES_2136,14.037829315173235,False
RES_2137,40.07840053596412,False
RES_2138,9.358044857320508,False
RES_2139,26.058299383766855,False
RES_2140,4.4721721997915065,False
RES_2141,12.72953751506045,False
RES_2142,14.902124122841688,False
RES_2143,24.425568339013722,False
RES_2144,15.489858003397318,False
RES_2145,19.63838958039498,False
RES_2146,38.748410340180584,False
RES_2147,8.206045572451108,False
RES_2148,13.554173553963615,False
RES_2149,2.6701622919958825,False
RES_2150,4.42498508881648,False
RES_2151,33.379931526520764,False
RES_2152,50.80706140955018,False
RES_2153,51.70868377440658,False
RES_2154,7.378297558958253,False
RES_2155,4.524041947291321,False
RES_2156,5.933941520376977,False
RES_2157,17.953466489646527,False
RES_2158,50.185899771377684,False
RES_2159,25.851891528015965,False
RES_2160,29.054566471189656,False
RES_2161,0.6692452521513197,False
RES_2162,0.6087047338864329,False
RES_2163,19.22470302289052,False
RES_2164,25.197963837333727,False
RES_2165,17.61532803068852,False
RES_2166,20.686589607126038,False
RES_2167,29.956165953668297,False
RES_2168,52.11725717787108,False
RES_2169,16.775374281801184,False
RES_2170,3.8065697401116805,False
RES_2171,9.189473684330828,False
RES_2172,6.344762109325764,False
RES_2173,60.86951070468352,False
RES_2174,62.715529452561235,False
RES_2175,22.377394316793893,False
RES_2176,98.52753093455111,False
RES_2177,15.272403801788823,False
RES_2178,5.213984772977633,False
RES_2179,85.90205309932246,False
RES_2180,170.35478787246748,False
RES_2181,5.653635337707478,False
RES_2182,5.0953321517773675,False
RES_2183,117.51486249884154,False
RES_2184,64.5175653256344,False
RES_2185,20.41101438124648,False
RES_2186,6.723296147577719,False
RES_2187,29.27925271941591,False
RES_2188,90.83161611270715,False
RES_2189,9.78935988303066,False
RES_2190,21.323871634330693,False
RES_2191,45.04334862394272,False
RES_2192,35.60960366313647,False
RES_2193,38.194690052527605,False
RES_2194,10.957920099754489,False
RES_2195,71.39175592771664,False
RES_2196,8.82582364556859,False
RES_2197,114.56145138624883,False
RES_2198,147.7534954640664,False
RES_2199,57.5488226060024,False
RES_2200,14.95045014697838,False
RES_2201,27.168878348363503,False
RES_2202,28.737756814294677,False
RES_2203,57.670369940456865,False
RES_2204,35.052893800125275,False
RES_2205,6.407871048068287,False
RES_2206,31.904016450369262,False
RES_2207,26.19592708724525,False
RES_2208,25.314928489693635,False
RES_2209,26.37381471395968,False
RES_2210,7.5822547159292615,False
RES_2211,42.00466903816303,False
RES_2212,28.25131914530151,False
RES_2213,22.337402247398995,False
RES_2214,23.65757107036417,False
RES_2215,2.9009658292250795,False
RES_2216,48.80937588286713,False
RES_2217,24.280058844169908,False
RES_2218,23.948819785525362,False
RES_2219,11.187887180130293,False
RES_2220,22.65613312277295,False
RES_2221,4.162008025906527,False
RES_2222,29.461673478549333,False
RES_2223,18.597727436079474,False
RES_2224,2.7426113403912566,False
RES_2225,58.40150754743982,False
RES_2226,50.8677920325509,False
RES_2227,60.85659641694241,False
RES_2228,33.18288620835233,False
RES_2229,60.320422861428284,False
RES_2230,19.772267049183547,False
RES_2231,29.21964983723719,False
RES_2232,12.677373457201883,False
RES_2233,19.390968754495734,False
RES_2234,141.7301776694787,False
RES_2235,41.95664568851612,False
RES_2236,13.9141765288074,False
RES_2237,36.3436872851482,False
RES_2238,42.0660369421073,False
RES_2239,79.07462778294823,False
RES_2240,11.613003841440623,False
RES_2241,46.208816742862965,False
RES_2242,9.472603315483793,False
RES_2243,61.54603309159778,False
RES_2244,12.959904605620727,False
RES_2245,11.188655698270475,False
RES_2246,27.991408636390712,False
RES_2247,20.421813667293343,False
RES_2248,75.79564314475259,False
RES_2249,24.69523636883025,False
RES_2250,46.21993202957107,False
RES_2251,6.51819507685425,False
RES_2252,37.53088421949186,False
RES_2253,28.713768594884986,False
RES_2254,27.901711426754016,False
RES_2255,77.40760982997077,False
RES_2256,0.8852441010638725,False
RES_2257,18.01059175195808,False
RES_2258,41.71150062840745,False
RES_2259,38.482611556127004,False
RES_2260,25.159323435043852,False
RES_2261,13.936308672166636,False
RES_2262,68.05099230766791,False
RES_2263,8.193496679111723,False
RES_2264,21.220962431094495,False
RES_2265,32.70780374796458,False
RES_2266,16.771671865903073,False
RES_2267,58.288011311784466,False
RES_2268,12.242781929110803,False
RES_2269,24.745791712822232,False
RES_2270,27.05132937397178,False
RES_2271,25.328828857592903,False
RES_2272,31.042426017642764,False
RES_2273,24.063814526680584,False
RES_2274,23.898391426554177,False
RES_2275,83.58644466538124,False
RES_2276,20.448909669706634,False
RES_2277,15.420394089427559,False
RES_2278,3.9688260472967327,False
RES_2279,34.94305310209815,False
RES_2280,15.19077612800273,False
RES_2281,28.128066303017228,False
RES_2282,9.610538313573603,False
RES_2283,33.978744426968476,False
RES_2284,28.441836844079372,False
RES_2285,38.834545078428164,False
RES_2286,24.38168363154106,False
RES_2287,9.982990494036423,False
RES_2288,54.31835515132595,False
RES_2289,15.853248011754681,False
RES_2290,9.707234787848751,False
RES_2291,6.144760585135424,False
RES_2292,54.43358095136461,False
RES_2293,34.59978370744577,False
RES_2294,10.361151812692041,False
RES_2295,3.1859758368546234,False
RES_2296,8.338140902414281,False
RES_2297,71.31574602526749,False
RES_2298,6.419011919684817,False
RES_2299,20.8326470045363,False
RES_2300,18.637495989569928,False
RES_2301,38.9744035793338,False
RES_2302,10.742281811196683,False
RES_2303,9.546082099212693,False
RES_2304,5.318368202640697,False
RES_2305,4.6306965393155295,False
RES_2306,57.228693883638456,False
RES_2307,1.0561847769602215,False
RES_2308,20.150341748060235,False
RES_2309,13.22808297908181,False
RES_2310,28.50517444576655,False
RES_2311,18.4391570236904,False
RES_2312,28.645964804491886,False
RES_2313,24.067450532591014,False
RES_2314,12.80645325766281,False
RES_2315,63.02152646211558,False
RES_2316,55.26852029756357,False
RES_2317,22.679967156273037,False
RES_2318,27.053766061073357,False
RES_2319,5.8786894420176905,False
RES_2320,73.70503352054031,False
RES_2321,2.54284405576583,False
RES_2322,8.094171700553526,False
RES_2323,42.53670339487079,False
RES_2324,38.42619327375969,False
RES_2325,36.630521500425075,False
RES_2326,7.463244671901242,False
RES_2327,74.71385962280445,False
RES_2328,65.097826749554,False
RES_2329,66.85492239099901,False
RES_2330,10.328946506002733,False
RES_2331,48.817253461027605,False
RES_2332,26.47774749651382,False
RES_2333,3.9534419437984907,False
RES_2334,14.904503975514626,False
RES_2335,23.441703467196383,False
RES_2336,20.762139554024902,False
RES_2337,9.614727838807775,False
RES_2338,8.270939169894092,False
RES_2339,27.195888378244156,False
RES_2340,21.93393234581304,False
RES_2341,3.402477373194775,False
RES_2342,7.6386583158051575,False
RES_2343,4.531782271360821,False
RES_2344,8.522354777201393,False
RES_2345,6.558644538004042,False
RES_2346,44.034318847021595,False
RES_2347,19.316904923911512,False
RES_2348,24.360338125085434,False
RES_2349,19.066737004657544,False
RES_2350,8.91894554817505,False
RES_2351,8.192201529080652,False
RES_2352,29.82292314878055,False
RES_2353,1.449042844039935,False
RES_2354,17.38652359874035,False
RES_2355,21.030067566523243,False
RES_2356,40.62841998965354,False
RES_2357,84.84475417293517,False
RES_2358,122.3867118314617,False
RES_2359,61.80926477609083,False
RES_2360,33.75622292028593,False
RES_2361,3.223879503022986,False
RES_2362,8.95403920681242,False
RES_2363,14.735037261330877,False
RES_2364,72.04920562132689,False
RES_2365,26.82593331118182,False
RES_2366,10.351147256795949,False
RES_2367,17.262048187290446,False
RES_2368,36.950629382910904,False
RES_2369,15.430109089215843,False
RES_2370,34.83520060300374,False
RES_2371,9.97970150866675,False
RES_2372,50.59815744213032,False
RES_2373,33.199457850252315,False
RES_2374,28.751747363818218,False
RES_2375,73.14881261899563,False
RES_2376,15.027289256531315,False
RES_2377,9.8528038669323,False
RES_2378,71.1307541701767,False
RES_2379,13.677430954725661,False
RES_2380,18.10812154849945,False
RES_2381,21.539043630981556,False
RES_2382,16.84059511381029,False
RES_2383,48.40436284741256,False
RES_2384,29.10876557987209,False
RES_2385,9.450093096269828,False
RES_2386,6.261065995438877,False
RES_2387,15.305723307896452,False
RES_2388,82.62592337993405,False
RES_2389,17.133418450842278,False
RES_2390,21.407742464586317,False
RES_2391,85.69048926291075,False
RES_2392,3.0727517835023748,False
RES_2393,3.7035392115058414,False
RES_2394,26.490108518940886,False
RES_2395,41.486816243892,False
RES_2396,29.971699572794098,False
RES_2397,19.131937045040953,False
RES_2398,11.296372579811122,False
RES_2399,78.93183832990556,False
RES_2400,39.08918950118354,False
RES_2401,26.54816831962778,False
RES_2402,72.69471591199454,False
RES_2403,44.68326269445039,False
RES_2404,25.925145947767867,False
RES_2405,21.551230913149876,False
RES_2406,66.54977303055588,False
RES_2407,15.604139958365499,False
RES_2408,4.076810581796239,False
RES_2409,103.65421107535808,False
RES_2410,36.12647788951966,False
RES_2411,56.77665097572601,False
RES_2412,8.18988434685817,False
RES_2413,38.34708002360286,False
RES_2414,29.635757163575708,False
RES_2415,2.9452777754303567,False
RES_2416,15.300357578776222,False
RES_2417,12.084131664963762,False
RES_2418,12.584796077904087,False
RES_2419,6.452654442287884,False
RES_2420,18.861245312724925,False
RES_2421,51.65459781399596,False
RES_2422,43.66665069767592,False
RES_2423,13.870312676790247,False
RES_2424,44.61600445793479,False
RES_2425,20.436403397058992,False
RES_2426,25.798233853219774,False
RES_2427,16.33049523151633,False
RES_2428,7.175372952522462,False
RES_2429,73.17515505535819,False
RES_2430,17.105862255918943,False
RES_2431,24.410071986093858,False
RES_2432,13.670068072397846,False
RES_2433,9.25026293567955,False
RES_2434,45.519483176399085,False
RES_2435,103.40386409738319,False
RES_2436,51.58831154470128,False
RES_2437,105.34123571097017,False
RES_2438,46.45484012071821,False
RES_2439,12.792797698200236,False
RES_2440,48.561474361680425,False
RES_2441,2.1234866298087476,False
RES_2442,6.854087766662249,False
RES_2443,13.770535476078837,False
RES_2444,10.206466207960162,False
RES_2445,14.002443268232426,False
RES_2446,32.06811564845795,False
RES_2447,41.056463234441,False
RES_2448,31.658761952678606,False
RES_2449,35.338592961544585,False
RES_2450,29.2828444048849,False
RES_2451,21.016210713847716,False
RES_2452,12.616469258668133,False
RES_2453,36.662364270930006,False
RES_2454,63.43097278162207,False
RES_2455,1.3815303309954203,False
RES_2456,130.490895579028,False
RES_2457,21.835237551078425,False
RES_2458,4.306651194136151,False
RES_2459,4.454950626013239,False
RES_2460,11.341466855023304,False
RES_2461,8.889134031047659,False
RES_2462,20.315205752258088,False
RES_2463,18.30896529430579,False
RES_2464,29.937834668821953,False
RES_2465,72.64417537649481,False
RES_2466,212.3658589804679,False
RES_2467,23.41854443282919,False
RES_2468,15.861096168047878,False
RES_2469,10.647898953110076,False
RES_2470,6.479819246320373,False
RES_2471,36.40926429053799,False
RES_2472,27.22712685636937,False
RES_2473,14.30642481704439,False
RES_2474,26.20428707977499,False
RES_2475,66.66919525268116,False
RES_2476,3.617542993688588,False
RES_2477,38.06487673318623,False
RES_2478,49.713416217160855,False
RES_2479,53.000439387430625,False
RES_2480,24.23143902747632,False
RES_2481,55.10988635688858,False
RES_2482,9.390429102444616,False
RES_2483,875.8134417889434,False
RES_2484,12.60122936137661,False
RES_2485,11.605110481850847,False
RES_2486,55.831207278798324,False
RES_2487,46.63828123295759,False
RES_2488,15.977999653263508,False
RES_2489,98.81652080041141,False
RES_2490,24.416332268667915,False
RES_2491,44.26603189664874,False
RES_2492,69.3802374682663,False
RES_2493,94.34048528565728,False
RES_2494,27.163227750725017,False
RES_2495,33.91107754382267,False
RES_2496,45.010122618572375,False
RES_2497,423.6209308029414,False
RES_2498,202.52838950294785,False
RES_2499,84.26996698169505,False
RES_2500,44.64034057673135,False
RES_2501,22.799044770321217,False
RES_2502,21.358232762824098,False
RES_2503,14.379044308614569,False
RES_2504,0.2836705684558688,False
RES_2505,89.9202992431467,False
RES_2506,76.89551518013698,False
RES_2507,10.983207403734147,False
RES_2508,43.637121609304415,False
RES_2509,22.457284679834093,False
RES_2510,37.14352748358211,False
RES_2511,27.85243030234151,False
RES_2512,32.11015925935645,False
RES_2513,47.09960729074839,False
RES_2514,20.498474195099043,False
RES_2515,12.16558523803018,False
RES_2516,51.384147856084724,False
RES_2517,25.56179973484498,False
RES_2518,3.9307737641775966,False
RES_2519,8.663816692990332,False
RES_2520,47.23312913398935,False
RES_2521,28.766780068842824,False
RES_2522,27.64331115672319,False
RES_2523,67.01606672206937,False
RES_2524,111.97712785506104,False
RES_2525,28.458749775796502,False
RES_2526,85.21579517671616,False
RES_2527,26.189741946008876,False
RES_2528,8.471160883806757,False
RES_2529,27.071230729901266,False
RES_2530,32.149763157344,False
RES_2531,34.221013103770524,False
RES_2532,37.73755691431898,False
RES_2533,114.86253080229456,False
RES_2534,78.33327171958977,False
RES_2535,1.0765045950507595,False
RES_2536,23.189860815524163,False
RES_2537,38.974213016262084,False
RES_2538,17.699676401246037,False
RES_2539,12.12587441023591,False
RES_2540,23.646008444123243,False
RES_2541,51.36218859652274,False
RES_2542,25.675256448666392,False
RES_2543,7.852681131041426,False
RES_2544,31.39601950181014,False
RES_2545,34.11105637173383,False
RES_2546,46.940018830869,False
RES_2547,49.725176335533334,False
RES_2548,18.511347376011265,False
RES_2549,9.709152134531084,False
RES_2550,30.529801954014847,False
RES_2551,8.13401641139834,False
RES_2552,11.494075475137011,False
RES_2553,26.59204996226914,False
RES_2554,16.886911104491293,False
RES_2555,18.618159847732823,False
RES_2556,4.4773616249805395,False
RES_2557,10.253353417614365,False
RES_2558,17.69480856253276,False
RES_2559,4.424006484440571,False
RES_2560,26.391338347976887,False
RES_2561,17.607587663327532,False
RES_2562,7.051334932965815,False
RES_2563,17.990001865894683,False
RES_2564,9.380322667251335,False
RES_2565,6.173074476112568,False
RES_2566,8.083901588784203,False
RES_2567,48.909789261310785,False
RES_2568,9.664544443491897,False
RES_2569,19.730771344536056,False
RES_2570,6.201578765772072,False
RES_2571,26.199155835951796,False
RES_2572,47.050973223580485,False
RES_2573,148.29147790485555,False
RES_2574,9.090974622840383,False
RES_2575,1.9839494279930678,False
RES_2576,5.447062141572951,False
RES_2577,77.0379920830495,False
RES_2578,14.744129044541042,False
RES_2579,26.034860118643383,False
RES_2580,62.13195180700196,False
RES_2581,4.895005887246035,False
RES_2582,35.164609136707426,False
RES_2583,4.244157083060757,False
RES_2584,24.5208186995869,False
RES_2585,4.131173687484573,False
RES_2586,30.234612952809258,False
RES_2587,36.61787825946286,False
RES_2588,23.78846498466821,False
RES_2589,10.529512429843951,False
RES_2590,21.340085171702814,False
RES_2591,3.8986211746994965,False
RES_2592,32.40942044168944,False
RES_2593,21.96070939152725,False
RES_2594,29.572769815907474,False
RES_2595,26.06164134036313,False
RES_2596,46.49122883724139,False
RES_2597,6.312920567522772,False
RES_2598,15.223928372622069,False
RES_2599,34.19553155681922,False
RES_2600,14.139240559174219,False
RES_2601,47.518512144860665,False
RES_2602,7.441086130767628,False
RES_2603,1.3325995330092095,False
RES_2604,7.1576267250180186,False
RES_2605,24.168716971797277,False
RES_2606,91.26152218207572,False
RES_2607,43.76984062998617,False
RES_2608,11.237293392258556,False
RES_2609,35.16075459836913,False
RES_2610,25.216722376282146,False
RES_2611,76.36756444867935,False
RES_2612,43.8216267033585,False
RES_2613,32.59916776811341,False
RES_2614,88.23572837301477,False
RES_2615,43.69332366907271,False
RES_2616,11.89089683021932,False
RES_2617,8.386569159875359,False
RES_2618,9.638383073025299,False
RES_2619,11.43374625458924,False
RES_2620,14.820690094334532,False
RES_2621,34.557074131546045,False
RES_2622,48.51184309552073,False
RES_2623,17.505102754190627,False
RES_2624,16.204104817272786,False
RES_2625,23.09358222749597,False
RES_2626,9.865414034568474,False
RES_2627,42.036880137196896,False
RES_2628,59.373150603808995,False
RES_2629,110.93873901013201,False
RES_2630,5.621428116158207,False
RES_2631,42.93418409596946,False
RES_2632,35.884745759884055,False
RES_2633,8.672263272468948,False
RES_2634,18.871187013275765,False
RES_2635,39.54539831668887,False
RES_2636,37.521576468976804,False
RES_2637,40.74874770893347,False
RES_2638,14.01341933520833,False
RES_2639,14.751420256919616,False
RES_2640,1.5032284434813934,False
RES_2641,42.953193493741686,False
RES_2642,66.57277661224981,False
RES_2643,7.5691699405477015,False
RES_2644,27.20064497968033,False
RES_2645,21.180107948301078,False
RES_2646,20.50748788278162,False
RES_2647,13.79215639379486,False
RES_2648,12.002314752304084,False
RES_2649,13.964240511383963,False
RES_2650,32.241388172020656,False
RES_2651,23.256734499955087,False
RES_2652,4.8445912454071784,False
RES_2653,15.089870811776525,False
RES_2654,30.141281833168613,False
RES_2655,86.65904758955634,False
RES_2656,2.9920351100385187,False
RES_2657,21.656989453180547,False
RES_2658,147.85680962986407,False
RES_2659,13.805567722798836,False
RES_2660,4.437016665977306,False
RES_2661,18.825487947831103,False
RES_2662,18.377824438372134,False
RES_2663,16.083746828893464,False
RES_2664,35.2612724340414,False
RES_2665,109.98629354499555,False
RES_2666,0.8878993162652221,False
RES_2667,8.555576870134995,False
RES_2668,5.454232292954023,False
RES_2669,27.79753509806421,False
RES_2670,44.345772530021414,False
RES_2671,15.286612588413641,False
RES_2672,50.38929295152598,False
RES_2673,40.92990338011464,False
RES_2674,42.707530432159324,False
RES_2675,19.836271546437075,False
RES_2676,1.6918467305951874,False
RES_2677,55.268736368234755,False
RES_2678,33.061583988109696,False
RES_2679,81.36465824413472,False
RES_2680,3.237136307449542,False
RES_2681,116.08641353921172,False
RES_2682,3.4668845128895027,False
RES_2683,16.41353163598856,False
RES_2684,8.302994682996804,False
RES_2685,1.440347832482671,False
RES_2686,30.107664032559338,False
RES_2687,11.573157120244806,False
RES_2688,14.2437405848258,False
RES_2689,46.91067178650366,False
RES_2690,42.34976109919764,False
RES_2691,50.00682118042838,False
RES_2692,33.71954337184597,False
RES_2693,25.104875907791737,False
RES_2694,41.19115863893744,False
RES_2695,15.929787469587863,False
RES_2696,8.078914079980324,False
RES_2697,2.9863682563580514,False
RES_2698,15.95549490862469,False
RES_2699,8.571298257013371,False
RES_2700,13.747297793801327,False
RES_2701,54.91795914763236,False
RES_2702,14.398954577228396,False
RES_2703,9.447017279751257,False
RES_2704,41.01170484683293,False
RES_2705,35.92660579856233,False
RES_2706,38.07644677009651,False
RES_2707,9.90987371211181,False
RES_2708,29.24632291985898,False
RES_2709,107.07171461262983,False
RES_2710,43.432730536837816,False
RES_2711,40.88670520982839,False
RES_2712,4.265386049361951,False
RES_2713,30.386568313368386,False
RES_2714,51.14295523103628,False
RES_2715,162.35508313790373,False
RES_2716,451.81887202368216,False
RES_2717,18.62938369802834,False
RES_2718,46.14685177948872,False
RES_2719,5.5875967029512985,False
RES_2720,31.571535419559492,False
RES_2721,29.69707041461154,False
RES_2722,35.699436014906894,False
RES_2723,22.035383062767952,False
RES_2724,35.74324688539934,False
RES_2725,25.05356726313593,False
RES_2726,9.667797706495826,False
RES_2727,83.11217939235236,False
RES_2728,35.51996136880651,False
RES_2729,35.49545254726857,False
RES_2730,50.29717893019335,False
RES_2731,103.65622959820865,False
RES_2732,23.761032155390964,False
RES_2733,45.420334876761814,False
RES_2734,6.009044295397892,False
RES_2735,20.34410967775546,False
RES_2736,111.45321827126246,False
RES_2737,51.76793331615436,False
RES_2738,12.5934342271802,False
RES_2739,74.14874273313238,False
RES_2740,26.526473474692672,False
RES_2741,2.865881811573655,False
RES_2742,11.980969033067446,False
RES_2743,23.98970937403435,False
RES_2744,19.62023190350842,False
RES_2745,35.143796815403114,False
RES_2746,41.75145246467494,False
RES_2747,26.20588001937467,False
RES_2748,49.0317742777215,False
RES_2749,6.957851772519603,False
RES_2750,34.23889908773747,False
RES_2751,13.992972188114749,False
RES_2752,28.0413670462321,False
RES_2753,28.797974416794386,False
RES_2754,60.04490260356858,False
RES_2755,46.02643595145352,False
RES_2756,281.59222497564906,False
RES_2757,6.379138277789586,False
RES_2758,16.852076477120892,False
RES_2759,12.24336294022564,False
RES_2760,217.4962471434191,False
RES_2761,167.56117847698712,False
RES_2762,45.48873007112024,False
RES_2763,133.36413282695233,False
RES_2764,440.78063715124284,False
RES_2765,6.2026696419438325,False
RES_2766,108.25009880353905,False
RES_2767,2.9222675076057323,False
RES_2768,33.85751332788804,False
RES_2769,19.12405188851115,False
RES_2770,46.65600211633709,False
RES_2771,22.84976865949287,False
RES_2772,7.275415166469968,False
RES_2773,25.17215683736331,False
RES_2774,12.385858998283558,False
RES_2775,34.12952319059175,False
RES_2776,37.2523955194195,False
RES_2777,36.74378926668256,False
RES_2778,9.327076841919137,False
RES_2779,17.860167347945975,False
RES_2780,10.326236205024493,False
RES_2781,8.816831625005868,False
RES_2782,4.196052163470477,False
RES_2783,25.812583891104925,False
RES_2784,26.36101006164226,False
RES_2785,25.950167973728533,False
RES_2786,10.180070166380855,False
RES_2787,16.786178241535534,False
RES_2788,58.195940024588445,False
RES_2789,32.903179319234425,False
RES_2790,23.043904885630162,False
RES_2791,41.687095119918496,False
RES_2792,179.87884200705562,False
RES_2793,25.36424383917267,False
RES_2794,31.12905211510288,False
RES_2795,40.82538538879473,False
RES_2796,20.04495615169859,False
RES_2797,212.8828091469515,False
RES_2798,4.825994131695011,False
RES_2799,61.58260072096018,False
RES_2800,7.985207433427197,False
RES_2801,19.243824835303236,False
RES_2802,45.9142393201258,False
RES_2803,15.491213383791884,False
RES_2804,33.96505296210541,False
RES_2805,3.751888708106925,False
RES_2806,4.85099665985148,False
RES_2807,22.980005806917514,False
RES_2808,38.93085766486942,False
RES_2809,24.335372790704138,False
RES_2810,7.728453359680413,False
RES_2811,2.942322207674766,False
RES_2812,24.896093617072435,False
RES_2813,4.408026013326354,False
RES_2814,99.30669293405072,False
RES_2815,10.558488985926614,False
RES_2816,35.96417649857538,False
RES_2817,6.787131750519367,False
RES_2818,7.495410627074438,False
RES_2819,5.1385802885747625,False
RES_2820,20.649916320794805,False
RES_2821,121.0785691758726,False
RES_2822,57.40899284863037,False
RES_2823,7.549157137436163,False
RES_2824,12.690266245529006,False
RES_2825,15.078765777122161,False
RES_2826,3.881501047703391,False
RES_2827,42.607194948018396,False
RES_2828,18.258873604346746,False
RES_2829,9.946502797121394,False
RES_2830,28.33513617850894,False
RES_2831,57.03690184993861,False
RES_2832,142.04398200674515,False
RES_2833,60.47144138909583,False
RES_2834,2.3012293626559885,False
RES_2835,17.340393219284064,False
RES_2836,30.978806196692418,False
RES_2837,14.137954479007275,False
RES_2838,9.080988974979,False
RES_2839,7.883612796010151,False
RES_2840,38.0936269967248,False
RES_2841,123.66275864369544,False
RES_2842,19.312444934697506,False
RES_2843,3.322803952092799,False
RES_2844,47.33571827036942,False
RES_2845,38.73200668296861,False
RES_2846,115.57388628687973,False
RES_2847,28.31998655009827,False
RES_2848,31.939940855052104,False
RES_2849,32.700784907073114,False
RES_2850,13.716811766489126,False
RES_2851,2.130202833182816,False
RES_2852,16.18027084614914,False
RES_2853,12.328273287326333,False
RES_2854,32.74897398679407,False
RES_2855,8.11359285953762,False
RES_2856,31.171294454246333,False
RES_2857,32.63768778784039,False
RES_2858,9.61792741166841,False
RES_2859,4.680440707903475,False
RES_2860,22.457149809013305,False
RES_2861,11.230489401388411,False
RES_2862,36.69246245814457,False
RES_2863,9.306306487129028,False
RES_2864,32.54316559989485,False
RES_2865,31.919377165838558,False
RES_2866,23.43232143472453,False
RES_2867,38.62030140614288,False
RES_2868,1.732276704287656,False
RES_2869,2.8561789123320156,False
RES_2870,38.45413599668372,False
RES_2871,11.033717501360421,False
RES_2872,3.8314231448798983,False
RES_2873,3.3810255759546353,False
RES_2874,8.446994787018706,False
RES_2875,31.539991309448155,False
RES_2876,6.611110099039064,False
RES_2877,63.14066316265225,False
RES_2878,9.495128207729028,False
RES_2879,44.28022748213792,False
RES_2880,17.66364989232796,False
RES_2881,18.1618859805082,False
RES_2882,37.70279454603546,False
RES_2883,39.50424699540403,False
RES_2884,2.5298545515003665,False
RES_2885,61.54673383317017,False
RES_2886,28.288633441209463,False
RES_2887,63.970529298640905,False
RES_2888,67.75347467097639,False
RES_2889,227.39887539344136,False
RES_2890,18.382610336220083,False
RES_2891,10.561250211116747,False
RES_2892,70.11016638426312,False
RES_2893,6.908817329287099,False
RES_2894,11.237973211791012,False
RES_2895,37.24745661062984,False
RES_2896,30.08245160370613,False
RES_2897,19.21042410663729,False
RES_2898,6.293907609254656,False
RES_2899,20.273836348583558,False
RES_2900,3.5197766106985626,False
RES_2901,71.28825920667147,False
RES_2902,3.513619043352508,False
RES_2903,5.137998548860994,False
RES_2904,71.53228211492399,False
RES_2905,32.855441699671886,False
RES_2906,14.331934830881996,False
RES_2907,8.930645487807624,False
RES_2908,19.916572199318345,False
RES_2909,27.97564935022857,False
RES_2910,2.707423050747442,False
RES_2911,54.0249350285318,False
RES_2912,164.94547651935542,False
RES_2913,70.92107836362253,False
RES_2914,35.96681463013406,False
RES_2915,14.663907629626568,False
RES_2916,66.27541280909129,False
RES_2917,78.86658031920719,False
RES_2918,36.92257619554101,False
RES_2919,10.330179769864653,False
RES_2920,31.658112446171767,False
RES_2921,46.312235404583376,False
RES_2922,24.427526333967734,False
RES_2923,12.451390888890915,False
RES_2924,59.73111646643403,False
RES_2925,50.71784698991162,False
RES_2926,38.704156138909134,False
RES_2927,4.866978674767381,False
RES_2928,21.37628157585604,False
RES_2929,12.713562294571961,False
RES_2930,27.32148860106045,False
RES_2931,5.377826902545785,False
RES_2932,29.509381753299806,False
RES_2933,2.2505932489698086,False
RES_2934,4.52070342136238,False
RES_2935,20.4103621591834,False
RES_2936,18.652784015044645,False
RES_2937,24.59598004021279,False
RES_2938,65.6602504041179,False
RES_2939,55.98893294076541,False
RES_2940,1.7498237455262113,False
RES_2941,8.450314440414369,False
RES_2942,12.5458039419283,False
RES_2943,569.5522834670701,False
RES_2944,57.595176326262546,False
RES_2945,6.960546952661163,False
RES_2946,27.187647271909388,False
RES_2947,1.808179111792103,False
RES_2948,33.22271003152445,False
RES_2949,34.240717513888576,False
RES_2950,19.739783370404254,False
RES_2951,28.238528388043747,False
RES_2952,16.65697868936004,False
RES_2953,21.601539068484556,False
RES_2954,29.573862657896726,False
RES_2955,35.427018424072976,False
RES_2956,9.490440552884865,False
RES_2957,27.05901785226148,False
RES_2958,43.182926033079184,False
RES_2959,42.582028676538805,False
RES_2960,24.19560995877176,False
RES_2961,14.307661330536694,False
RES_2962,9.505586101665958,False
RES_2963,37.585519398065856,False
RES_2964,92.83956597124387,False
RES_2965,18.78684331488665,False
RES_2966,26.95656157260208,False
RES_2967,17.50997919611754,False
RES_2968,19.063582247406345,False
RES_2969,63.50512703521148,False
RES_2970,12.576501699019456,False
RES_2971,3.193578166856672,False
RES_2972,6.0677088128667185,False
RES_2973,44.777721804098874,False
RES_2974,8.34667649025068,False
RES_2975,4.451358290220813,False
RES_2976,11.836974405875537,False
RES_2977,26.330391150744614,False
RES_2978,18.29911168430894,False
RES_2979,32.43681103545327,False
RES_2980,23.33529803434436,False
RES_2981,25.728112072332145,False
RES_2982,25.738058610074685,False
RES_2983,17.805903170052353,False
RES_2984,3.948906853416477,False
RES_2985,27.261712640309526,False
RES_2986,19.216468075273962,False
RES_2987,25.978856806921133,False
RES_2988,3.974383927699333,False
RES_2989,5.392800981295817,False
RES_2990,24.337912153206087,False
RES_2991,37.82217318333214,False
RES_2992,21.656709195067354,False
RES_2993,49.85342939901019,False
RES_2994,71.60622869758683,False
RES_2995,26.959506481068235,False
RES_2996,104.90517313168966,False
RES_2997,15.44788087036909,False
RES_2998,2.2584225245996525,False
RES_2999,4.747303952853074,False
RES_3000,4.846452205660669,False
RES_3001,22.060739101155068,False
RES_3002,7.586865025409847,False
RES_3003,5.701716156622896,False
RES_3004,9.435523483018567,False
RES_3005,87.64324664777425,False
RES_3006,19.535537307511476,False
RES_3007,22.08109451844997,False
RES_3008,49.23778715836969,False
RES_3009,51.20963225178444,False
RES_3010,67.25226587899266,False
RES_3011,114.88184533860162,False
RES_3012,72.54159066677074,False
RES_3013,11.780402718599476,False
RES_3014,17.082783100566743,False
RES_3015,19.754864984705844,False
RES_3016,6.4754150787974485,False
RES_3017,47.83102766273095,False
RES_3018,7.76945907016636,False
RES_3019,49.01967325012943,False
RES_3020,51.92313337578722,False
RES_3021,32.8623484332653,False
RES_3022,46.32627719114952,False
RES_3023,37.05303215056954,False
RES_3024,13.326222159406163,False
RES_3025,20.56530368386577,False
RES_3026,21.904344187924817,False
RES_3027,3.570567745416991,False
RES_3028,6.563594194533293,False
RES_3029,63.945715997818944,False
RES_3030,9.955000996693265,False
RES_3031,65.38816522460291,False
RES_3032,15.840455126300991,False
RES_3033,15.965927328033505,False
RES_3034,2.6038398167383914,False
RES_3035,47.42027026374427,False
RES_3036,9.562751032023296,False
RES_3037,1.6238925327030806,False
RES_3038,14.368360235780639,False
RES_3039,3.7722124354703834,False
RES_3040,52.137865973377316,False
RES_3041,13.599609676508033,False
RES_3042,30.72000263147128,False
RES_3043,13.929961605252437,False
RES_3044,29.09557087651712,False
RES_3045,13.375858548225398,False
RES_3046,35.2730354800107,False
RES_3047,104.2459121606252,False
RES_3048,14.983800371498711,False
RES_3049,40.39202043461893,False
RES_3050,24.448222510248943,False
RES_3051,4.123572805720617,False
RES_3052,35.07473230813945,False
RES_3053,24.731017027007695,False
RES_3054,104.34557837538131,False
RES_3055,17.601246990412797,False
RES_3056,14.974470920703617,False
RES_3057,24.53072004831487,False
RES_3058,35.91022268794057,False
RES_3059,73.70910691659111,False
RES_3060,42.1483024639315,False
RES_3061,27.905740252110494,False
RES_3062,79.60159709577157,False
RES_3063,12.400594552188055,False
RES_3064,24.312989105288395,False
RES_3065,64.52396246840124,False
RES_3066,21.617149297640918,False
RES_3067,48.18453666249619,False
RES_3068,44.530980143751385,False
RES_3069,12.627528618821895,False
RES_3070,13.881258803489036,False
RES_3071,51.10436937157498,False
RES_3072,6.232037268548435,False
RES_3073,39.58909021828311,False
RES_3074,26.264767626973185,False
RES_3075,20.18018145626674,False
RES_3076,116.14078332476838,False
RES_3077,74.01720397063666,False
RES_3078,12.706397632298257,False
RES_3079,32.88822784231982,False
RES_3080,306.4766686359064,False
RES_3081,41.65979739270178,False
RES_3082,0.7770851121772041,False
RES_3083,39.99575153817312,False
RES_3084,15.522766998047267,False
RES_3085,91.68478002021418,False
RES_3086,28.79988608910272,False
RES_3087,74.4606127413522,False
RES_3088,26.47908740443168,False
RES_3089,51.12716837140054,False
RES_3090,128.37771030412037,False
RES_3091,25.833103468927657,False
RES_3092,17.783131461586187,False
RES_3093,37.48992391240565,False
RES_3094,36.095789438308834,False
RES_3095,4.024631144453738,False
RES_3096,22.703485665165722,False
RES_3097,47.65131236814474,False
RES_3098,47.04027227435959,False
RES_3099,49.18338522820279,False
RES_3100,40.34435876841945,False
RES_3101,58.911940202144464,False
RES_3102,9.358235239925477,False
RES_3103,20.707709580151334,False
RES_3104,54.680158557583106,False
RES_3105,11.446264948305961,False
RES_3106,33.52205870815756,False
RES_3107,8.172871014423299,False
RES_3108,12.066338949300178,False
RES_3109,9.692970898821256,False
RES_3110,20.603873322501485,False
RES_3111,34.695154700464464,False
RES_3112,26.55424124386545,False
RES_3113,40.52196480226101,False
RES_3114,20.453660158156957,False
RES_3115,73.77961161359596,False
RES_3116,40.98007852050807,False
RES_3117,3.772027738145783,False
RES_3118,47.858941415187,False
RES_3119,14.01907791325392,False
RES_3120,23.711425140102946,False
RES_3121,41.07342065113243,False
RES_3122,25.082252940045947,False
RES_3123,47.88579003112349,False
RES_3124,11.70221715788201,False
RES_3125,32.689317936398965,False
RES_3126,44.625709447337954,False
RES_3127,32.15471408702963,False
RES_3128,13.830538477142335,False
RES_3129,29.38848613805411,False
RES_3130,20.170066126486432,False
RES_3131,33.65620187669304,False
RES_3132,5.318543073354793,False
RES_3133,31.528081857688594,False
RES_3134,45.7313558350671,False
RES_3135,12.922408159839708,False
RES_3136,8.785366521424256,False
RES_3137,64.38859993123907,False
RES_3138,43.60622082185655,False
RES_3139,60.91584880568578,False
RES_3140,54.4117428718251,False
RES_3141,16.674548117324953,False
RES_3142,9.16793907680303,False
RES_3143,12.093228177440684,False
RES_3144,251.83269651263652,False
RES_3145,19.38727271182185,False
RES_3146,10.394301740777351,False
RES_3147,12.87192815414133,False
RES_3148,36.79617825271269,False
RES_3149,47.57684572474843,False
RES_3150,12.752269159538447,False
RES_3151,9.107477124718056,False
RES_3152,1.8862619779528498,False
RES_3153,70.41903944557939,False
RES_3154,18.417516187896982,False
RES_3155,43.28297575314022,False
RES_3156,22.532889602179306,False
RES_3157,54.353663030682725,False
RES_3158,55.88741761956507,False
RES_3159,25.092164503956354,False
RES_3160,26.92237932680444,False
RES_3161,21.824570035303203,False
RES_3162,26.529097157490547,False
RES_3163,12.125843114623413,False
RES_3164,9.837097952742628,False
RES_3165,24.760951105497227,False
RES_3166,19.627958051944702,False
RES_3167,43.49215177416435,False
RES_3168,25.04661212412027,False
RES_3169,20.302726208691368,False
RES_3170,12.597911673979993,False
RES_3171,23.367018999953803,False
RES_3172,2.865471695473342,False
RES_3173,3.5068610307916823,False
RES_3174,44.1511788529065,False
RES_3175,8.867043428677144,False
RES_3176,6.63816722612794,False
RES_3177,25.596153008521416,False
RES_3178,7.951773026193393,False
RES_3179,52.64646743856886,False
RES_3180,5.872704498954815,False
RES_3181,37.92137422989395,False
RES_3182,7.0171432139953405,False
RES_3183,13.995603179163762,False
RES_3184,43.44437361260954,False
RES_3185,44.029406810252446,False
RES_3186,37.38901410819517,False
RES_3187,20.825428371030657,False
RES_3188,33.344576797184544,False
RES_3189,17.82213383160461,False
RES_3190,5.986990162428634,False
RES_3191,65.99200542244868,False
RES_3192,27.14230840577647,False
RES_3193,11.324212767353039,False
RES_3194,13.51937335533686,False
RES_3195,14.277851178618409,False
RES_3196,50.643067993074226,False
RES_3197,20.039537007704254,False
RES_3198,9.22343485295657,False
RES_3199,31.22706223543675,False
RES_3200,23.18441920127308,False
RES_3201,40.64943682177981,False
RES_3202,21.700166454570184,False
RES_3203,25.19013293354197,False
RES_3204,48.96007557781833,False
RES_3205,32.28000491315287,False
RES_3206,36.62072636698515,False
RES_3207,4.174240504880937,False
RES_3208,12.819535399441202,False
RES_3209,43.23981976278872,False
RES_3210,37.00853038255308,False
RES_3211,26.538463226604907,False
RES_3212,31.42481344395149,False
RES_3213,57.11767998005794,False
RES_3214,15.98610239288759,False
RES_3215,26.1977191686941,False
RES_3216,99.95441183913847,False
RES_3217,12.970981617956296,False
RES_3218,11.70523163188395,False
RES_3219,10.323282598487383,False
RES_3220,1.03301823358774,False
RES_3221,30.944780800891486,False
RES_3222,32.89639703297022,False
RES_3223,16.28551432256576,False
RES_3224,2.3468398357644813,False
RES_3225,14.134072166439028,False
RES_3226,58.14742943961477,False
RES_3227,43.83675654106102,False
RES_3228,11.608284459271914,False
RES_3229,16.262931498806207,False
RES_3230,22.88661191510991,False
RES_3231,94.79078039268315,False
RES_3232,46.55230713899675,False
RES_3233,1.748317116672568,False
RES_3234,42.038193178531216,False
RES_3235,156.1214903915835,False
RES_3236,20.932387265238525,False
RES_3237,11.65830694101879,False
RES_3238,27.49156270515762,False
RES_3239,3.53401165542509,False
RES_3240,5.381615179150861,False
RES_3241,10.40487242622481,False
RES_3242,7.53412386282659,False
RES_3243,71.15966476058118,False
RES_3244,93.6917015790102,False
RES_3245,9.027819946503925,False
RES_3246,49.03549923853924,False
RES_3247,87.71803906288626,False
RES_3248,44.34939181846193,False
RES_3249,11.207218863195875,False
RES_3250,33.31300910390689,False
RES_3251,35.80385005320915,False
RES_3252,51.50718791579011,False
RES_3253,43.49374865101921,False
RES_3254,5.977751141990244,False
RES_3255,40.6801933744387,False
RES_3256,1.115815065095755,False
RES_3257,27.02148251598512,False
RES_3258,8.222799764942554,False
RES_3259,6.59231987615861,False
RES_3260,30.79345399702246,False
RES_3261,4.426935817926438,False
RES_3262,4.286472012506612,False
RES_3263,135.11456685408137,False
RES_3264,3.9579478686494305,False
RES_3265,44.51602169195189,False
RES_3266,18.628022464293977,False
RES_3267,28.83932626910819,False
RES_3268,49.63462234553533,False
RES_3269,45.74986785681513,False
RES_3270,26.450533298619348,False
RES_3271,32.61334937625604,False
RES_3272,43.83102482151248,False
RES_3273,31.8407213447539,False
RES_3274,51.02285274706392,False
RES_3275,34.55871692604674,False
RES_3276,20.968562586042143,False
RES_3277,43.177195408638866,False
RES_3278,48.84623257930042,False
RES_3279,10.922860623207328,False
RES_3280,19.263902435899116,False
RES_3281,30.397538570048876,False
RES_3282,63.908068046339416,False
RES_3283,41.13417968505313,False
RES_3284,15.85576358341106,False
RES_3285,60.92769550351743,False
RES_3286,38.36424450489184,False
RES_3287,36.73056258116506,False
RES_3288,36.795690771664525,False
RES_3289,23.20770839943272,False
RES_3290,8.182132644611583,False
RES_3291,18.955867969974154,False
RES_3292,41.95686891778496,False
RES_3293,34.11774880847834,False
RES_3294,14.036581766460495,False
RES_3295,20.55274171161869,False
RES_3296,30.361024736713585,False
RES_3297,25.590034044621373,False
RES_3298,36.9413483102206,False
RES_3299,32.144860424185296,False
RES_3300,43.44996593625544,False
RES_3301,7.313216723518476,False
RES_3302,36.08239399784065,False
RES_3303,72.56677823690971,False
RES_3304,7.7211847237029545,False
RES_3305,4.086485434959308,False
RES_3306,11.858926266965076,False
RES_3307,43.30942099214449,False
RES_3308,32.49784401520842,False
RES_3309,19.299230618559196,False
RES_3310,47.1073037941715,False
RES_3311,91.96542289058979,False
RES_3312,31.662284226001034,False
RES_3313,5.274974339868516,False
RES_3314,25.20638990481417,False
RES_3315,6.200574892465985,False
RES_3316,16.785418951119887,False
RES_3317,20.38746196898953,False
RES_3318,35.71970903485446,False
RES_3319,16.52546832527771,False
RES_3320,60.05916146829934,False
RES_3321,22.20561438119184,False
RES_3322,40.50753915063919,False
RES_3323,35.8448110799208,False
RES_3324,78.63283645548745,False
RES_3325,51.59554789758187,False
RES_3326,4.9772410002391805,False
RES_3327,27.131486129871266,False
RES_3328,9.629313177666855,False
RES_3329,34.85150227705218,False
RES_3330,55.511052725065035,False
RES_3331,17.958735587360277,False
RES_3332,55.7116260299209,False
RES_3333,41.96809516750654,False
RES_3334,123.72394865742712,False
RES_3335,27.930242211852963,False
RES_3336,37.46540902782701,False
RES_3337,9.408467838561366,False
RES_3338,9.765631430253038,False
RES_3339,21.923308809391212,False
RES_3340,56.93339787361638,False
RES_3341,34.68456299551596,False
RES_3342,62.41012468548203,False
RES_3343,51.088725686478924,False
RES_3344,19.25361208309034,False
RES_3345,29.98648761313311,False
RES_3346,21.949616852013673,False
RES_3347,49.30344047412695,False
RES_3348,49.60238433658988,False
RES_3349,7.794079131443176,False
RES_3350,23.200206641604524,False
RES_3351,49.275506570539825,False
RES_3352,114.37669475844862,False
RES_3353,53.266607937881474,False
RES_3354,18.56965176709159,False
RES_3355,38.45058841557624,False
RES_3356,46.11069494261393,False
RES_3357,21.250389541566012,False
RES_3358,23.942755185611944,False
RES_3359,61.235084612599636,False
RES_3360,12.801133940277008,False
RES_3361,47.72739508442764,False
RES_3362,45.07568255105199,False
RES_3363,30.536553557206997,False
RES_3364,47.865142500542795,False
RES_3365,4.836242380155253,False
RES_3366,38.114554317403794,False
RES_3367,33.995721978378846,False
RES_3368,13.120362586893394,False
RES_3369,8.067461232281275,False
RES_3370,31.668104265168363,False
RES_3371,12.707884057339655,False
RES_3372,75.61204504213069,False
RES_3373,27.600979115577154,False
RES_3374,18.565193802476635,False
RES_3375,43.208690525378756,False
RES_3376,16.573437756176595,False
RES_3377,14.743209944106159,False
RES_3378,28.594431404293147,False
RES_3379,22.662872381081733,False
RES_3380,4.637608826091325,False
RES_3381,22.157382798528307,False
RES_3382,7.017577708706562,False
RES_3383,17.396133319627374,False
RES_3384,58.53798861440526,False
RES_3385,27.075008109411982,False
RES_3386,6.655690815514023,False
RES_3387,37.757382450802886,False
RES_3388,8.275296189757999,False
RES_3389,17.408034440394992,False
RES_3390,45.29905931289063,False
RES_3391,3.4380454252989576,False
RES_3392,24.4813033063952,False
RES_3393,11.267957082988566,False
RES_3394,32.43808858601622,False
RES_3395,8.100839940265452,False
RES_3396,12.799243033994369,False
RES_3397,1.1292664086778932,False
RES_3398,12.87047006710654,False
RES_3399,6.752523027744628,False
RES_3400,43.34492802585692,False
RES_3401,27.857655735439334,False
RES_3402,86.22149169229526,False
RES_3403,16.362041306859112,False
RES_3404,33.474812407563185,False
RES_3405,9.731249183768828,False
RES_3406,14.52561688872407,False
RES_3407,2.794524398211337,False
RES_3408,41.96264303508377,False
RES_3409,41.98457168395524,False
RES_3410,53.678276226169565,False
RES_3411,83.73571663214376,False
RES_3412,44.16285222939711,False
RES_3413,12.81558070709013,False
RES_3414,33.11304900152466,False
RES_3415,12.45690407859807,False
RES_3416,64.92301727444294,False
RES_3417,9.982909877625298,False
RES_3418,82.51636567716346,False
RES_3419,24.41021731504093,False
RES_3420,41.41885993738533,False
RES_3421,5.927323400868383,False
RES_3422,9.233858077735789,False
RES_3423,14.134733945275519,False
RES_3424,10.98915484316323,False
RES_3425,3.8116986988297414,False
RES_3426,31.291840056028892,False
RES_3427,40.34164056565089,False
RES_3428,4.855635303455311,False
RES_3429,19.08106848196841,False
RES_3430,53.4006894657588,False
RES_3431,51.06893654147533,False
RES_3432,25.193981859390586,False
RES_3433,31.646459576810066,False
RES_3434,82.50977500030463,False
RES_3435,60.05009152303009,False
RES_3436,92.65225578664167,False
RES_3437,25.243248877141077,False
RES_3438,7.059676696389313,False
RES_3439,16.45736542982192,False
RES_3440,20.63425253554712,False
RES_3441,61.23381148253566,False
RES_3442,44.87093511071409,False
RES_3443,36.71815041833732,False
RES_3444,29.043822306689666,False
RES_3445,7.901108530286658,False
RES_3446,3.070031239254098,False
RES_3447,38.373619286772794,False
RES_3448,47.15811442805001,False
RES_3449,4.920246698109147,False
RES_3450,3.4733581478384066,False
RES_3451,58.347133705657775,False
RES_3452,54.3055976301236,False
RES_3453,2.8737802804005064,False
RES_3454,58.40092058785757,False
RES_3455,19.44314831608638,False
RES_3456,22.979772400054276,False
RES_3457,1.9890496775683792,False
RES_3458,2.5419679894494567,False
RES_3459,15.447977094174659,False
RES_3460,48.665924919800865,False
RES_3461,38.59379706289046,False
RES_3462,34.82787290221004,False
RES_3463,7.05296648141372,False
RES_3464,9.247797912763644,False
RES_3465,72.3691198814869,False
RES_3466,70.00032295335133,False
RES_3467,51.111620977097175,False
RES_3468,64.23858773403722,False
RES_3469,32.11269021229036,False
RES_3470,57.40283743967969,False
RES_3471,11.048312648184394,False
RES_3472,16.303592216874534,False
RES_3473,35.21742001480412,False
RES_3474,19.81000148816398,False
RES_3475,23.732678691850065,False
RES_3476,6.888776721036426,False
RES_3477,24.19328841747324,False
RES_3478,27.924299215577935,False
RES_3479,2.343381840176494,False
RES_3480,5.914193162512728,False
RES_3481,43.11985104306168,False
RES_3482,18.390142804445084,False
RES_3483,17.0709298148946,False
RES_3484,68.77839905938639,False
RES_3485,25.1349245708222,False
RES_3486,13.68197558501429,False
RES_3487,57.10009555888781,False
RES_3488,24.13093284691868,False
RES_3489,52.025843203351336,False
RES_3490,41.97841943536477,False
RES_3491,49.68771651913456,False
RES_3492,34.70291726179793,False
RES_3493,28.14101567617902,False
RES_3494,46.20354317807469,False
RES_3495,12.315329241613892,False
RES_3496,30.027171346780182,False
RES_3497,60.91617737457515,False
RES_3498,7.799456910428287,False
RES_3499,31.579403998205937,False
RES_3500,51.50556714258353,False
RES_3501,106.24594108812094,False
RES_3502,52.30320044389953,False
RES_3503,28.595572345607664,False
RES_3504,23.63929588263778,False
RES_3505,11.051830724539219,False
RES_3506,20.173295166802315,False
RES_3507,29.349113470527623,False
RES_3508,15.122266391218062,False
RES_3509,60.410067258614845,False
RES_3510,87.65964654003247,False
RES_3511,14.233272517608995,False
RES_3512,137.91302943268292,False
RES_3513,19.908100791412927,False
RES_3514,65.31998321531293,False
RES_3515,23.64823332257119,False
RES_3516,57.29769552527226,False
RES_3517,23.758563462270917,False
RES_3518,99.47288620529879,False
RES_3519,14.585419873598964,False
RES_3520,9.184379245175654,False
RES_3521,16.96659920045705,False
RES_3522,38.24768056515209,False
RES_3523,3.078004360229081,False
RES_3524,16.812103282233952,False
RES_3525,86.53686935583956,False
RES_3526,48.270307471768746,False
RES_3527,52.732459871566114,False
RES_3528,25.519046705491444,False
RES_3529,67.05914273105508,False
RES_3530,75.89050890571788,False
RES_3531,50.72193888606616,False
RES_3532,28.10868204577998,False
RES_3533,56.92559849014036,False
RES_3534,23.772840262744733,False
RES_3535,40.01550511245448,False
RES_3536,30.332232512839788,False
RES_3537,36.02221687059888,False
RES_3538,30.547589539498844,False
RES_3539,21.48001213322126,False
RES_3540,15.813690813607998,False
RES_3541,10.518279401275954,False
RES_3542,47.22053882578071,False
RES_3543,21.13350013958726,False
RES_3544,26.783494462932584,False
RES_3545,70.4701203779437,False
RES_3546,54.90475434165814,False
RES_3547,3.1265222234139114,False
RES_3548,9.001361150794633,False
RES_3549,25.7358344338986,False
RES_3550,19.74591951210413,False
RES_3551,7.766917637048195,False
RES_3552,54.929305203199796,False
RES_3553,54.165458576865646,False
RES_3554,10.591407377747334,False
RES_3555,6.4448965103171245,False
RES_3556,60.825660404933416,False
RES_3557,27.79889979564801,False
RES_3558,13.63704567972112,False
RES_3559,38.36938226428569,False
RES_3560,66.98699159796261,False
RES_3561,54.578438672047966,False
RES_3562,51.93990253843586,False
RES_3563,35.74720803491334,False
RES_3564,90.27467976719775,False
RES_3565,18.167229856584648,False
RES_3566,11.8749741577514,False
RES_3567,4.581782447106687,False
RES_3568,13.588115657085883,False
RES_3569,25.71965918326996,False
RES_3570,38.66892530727792,False
RES_3571,6.2528463738191835,False
RES_3572,91.84557122744197,False
RES_3573,18.848937452639653,False
RES_3574,19.355982740451545,False
RES_3575,42.42479909735986,False
RES_3576,78.11868157326361,False
RES_3577,15.487670300207315,False
RES_3578,28.273848037790426,False
RES_3579,6.008215404705911,False
RES_3580,102.17535447235227,False
RES_3581,41.678913280752404,False
RES_3582,58.245486691537394,False
RES_3583,34.18935114972919,False
RES_3584,34.11113893178455,False
RES_3585,40.70691285419223,False
RES_3586,51.87629560826514,False
RES_3587,36.63437727265904,False
RES_3588,93.16442717926026,False
RES_3589,3.6929676188898015,False
RES_3590,52.08669890417789,False
RES_3591,5.901940298276734,False
RES_3592,20.507299593949615,False
RES_3593,22.87004051688425,False
RES_3594,16.185823792441116,False
RES_3595,14.881930860254236,False
RES_3596,42.53499767259512,False
RES_3597,69.24655370414021,False
RES_3598,12.855957322124455,False
RES_3599,26.21352395482293,False
RES_3600,41.16294960975508,False
RES_3601,66.40882296153157,False
RES_3602,37.43484282814126,False
RES_3603,35.53253035245752,False
RES_3604,32.69639122344868,False
RES_3605,84.25061594015357,False
RES_3606,12.405911565953668,False
RES_3607,44.701796742325115,False
RES_3608,52.08606984554417,False
RES_3609,84.10042248794811,False
RES_3610,68.80623921093847,False
RES_3611,0.6057884524765802,False
RES_3612,28.601726348743227,False
RES_3613,10.010908022180464,False
RES_3614,16.227982909328237,False
RES_3615,31.5991848680798,False
RES_3616,38.232891035827805,False
RES_3617,50.99599883014058,False
RES_3618,20.848713670641214,False
RES_3619,24.447308599823124,False
RES_3620,44.9215771143115,False
RES_3621,12.68797965538964,False
RES_3622,27.07858654262829,False
RES_3623,9.585811873843726,False
RES_3624,8.01558747174764,False
RES_3625,44.7546992985992,False
RES_3626,24.397821484168407,False
RES_3627,103.80198475400489,False
RES_3628,43.37073206012239,False
RES_3629,67.03322700553531,False
RES_3630,30.999115597791416,False
RES_3631,9.781120550855666,False
RES_3632,119.63412386614823,False
RES_3633,6.923459094569639,False
RES_3634,67.77434712530707,False
RES_3635,91.16813088784893,False
RES_3636,56.009345570521624,False
RES_3637,37.407035071096736,False
RES_3638,32.58362805510662,False
RES_3639,14.96075065546163,False
RES_3640,37.415161929853156,False
RES_3641,31.955995274290704,False
RES_3642,55.206648068566096,False
RES_3643,68.69592691592432,False
RES_3644,37.79703011064996,False
RES_3645,14.218697616413449,False
RES_3646,31.217536764325065,False
RES_3647,54.195419475544234,False
RES_3648,44.284863396414075,False
RES_3649,15.548310105396311,False
RES_3650,52.6807461078581,False
RES_3651,8.198766852278215,False
RES_3652,33.526955252484136,False
RES_3653,4.47125252958888,False
RES_3654,43.05745768778806,False
RES_3655,35.85019800139224,False
RES_3656,15.853568155810704,False
RES_3657,8.93583137107421,False
RES_3658,53.01493787760474,False
RES_3659,15.361220670070132,False
RES_3660,126.56354628636205,False
RES_3661,14.286668521617946,False
RES_3662,12.760285701729314,False
RES_3663,59.883971811647946,False
RES_3664,60.452916750302855,False
RES_3665,6.2808764549074665,False
RES_3666,8.816392930044424,False
RES_3667,17.75715665242001,False
RES_3668,52.88915637863133,False
RES_3669,10.95015262166973,False
RES_3670,64.92700953561379,False
RES_3671,33.38813249414731,False
RES_3672,71.19852087736047,False
RES_3673,15.31766072147918,False
RES_3674,32.603320170851,False
RES_3675,80.55369682283458,False
RES_3676,20.24142109912839,False
RES_3677,51.948496248415964,False
RES_3678,38.29767989370098,False
RES_3679,2.2394296418386004,False
RES_3680,11.101878755428654,False
RES_3681,48.12800103886111,False
RES_3682,44.83257085173483,False
RES_3683,16.946478132050906,False
RES_3684,47.82461412647882,False
RES_3685,31.50022472549113,False
RES_3686,4.4948248514869436,False
RES_3687,36.26667451863105,False
RES_3688,23.326380947838253,False
RES_3689,14.903004885797706,False
RES_3690,77.52898403445911,False
RES_3691,46.716443469512264,False
RES_3692,34.36716897912491,False
RES_3693,11.916209878884253,False
RES_3694,42.14707794084741,False
RES_3695,8.628063532439858,False
RES_3696,12.307698722774266,False
RES_3697,17.559867735334294,False
RES_3698,29.452981827457425,False
RES_3699,6.559664574031861,False
RES_3700,40.79270173380576,False
RES_3701,55.71451785404815,False
RES_3702,17.169496186556902,False
RES_3703,80.92721320743269,False
RES_3704,81.02067502527966,False
RES_3705,37.662147370136516,False
RES_3706,22.630742252243017,False
RES_3707,4.30380784153408,False
RES_3708,21.88531820418478,False
RES_3709,44.54647797784658,False
RES_3710,35.45831696571411,False
RES_3711,37.14838690060075,False
RES_3712,40.48741268750649,False
RES_3713,42.64619793320052,False
RES_3714,19.16711955217445,False
RES_3715,40.99884602087559,False
RES_3716,26.744361187019724,False
RES_3717,26.993869035968938,False
RES_3718,3.8485138472146296,False
RES_3719,51.48058564795667,False
RES_3720,34.03517527696508,False
RES_3721,58.70677118852348,False
RES_3722,40.79289183515029,False
RES_3723,38.829441048721804,False
RES_3724,59.393232935067175,False
RES_3725,8.686722340831405,False
RES_3726,46.31335711904174,False
RES_3727,45.677443558976925,False
RES_3728,18.684449537860676,False
RES_3729,3.4460243516349074,False
RES_3730,11.048840822446207,False
RES_3731,57.73202501519371,False
RES_3732,39.72628735905747,False
RES_3733,35.22552089053522,False
RES_3734,9.516508472673209,False
RES_3735,27.23565841604527,False
RES_3736,74.69914964504308,False
RES_3737,3.4875911636806407,False
RES_3738,76.65678789327359,False
RES_3739,24.661387185477636,False
RES_3740,22.839638635306887,False
RES_3741,57.38802307385286,False
RES_3742,16.37168938873518,False
RES_3743,2.4812295269323887,False
RES_3744,29.989432995227048,False
RES_3745,30.427846535238185,False
RES_3746,41.401686319295465,False
RES_3747,92.70664618419667,False
RES_3748,50.554978936810336,False
RES_3749,7.120543007617107,False
RES_3750,18.391982517928216,False
RES_3751,83.39365040590546,False
RES_3752,24.057346895439505,False
RES_3753,83.0436343995125,False
RES_3754,79.34592216705069,False
RES_3755,6.897148023974628,False
RES_3756,27.858440707798792,False
RES_3757,7.575639587049763,False
RES_3758,37.49737032746257,False
RES_3759,4.021210291556525,False
RES_3760,70.24916659879756,False
RES_3761,38.07492529447965,False
RES_3762,33.39261970915498,False
RES_3763,8.585341422320363,False
RES_3764,34.24974398885147,False
RES_3765,11.532533709247526,False
RES_3766,14.46405164918002,False
RES_3767,43.834827259789535,False
RES_3768,10.194167318894435,False
RES_3769,73.7469826395619,False
RES_3770,27.352311701051647,False
RES_3771,31.196958184505682,False
RES_3772,53.27096364681186,False
RES_3773,6.91205372051266,False
RES_3774,30.269261288622875,False
RES_3775,55.84563052855075,False
RES_3776,21.207575654156575,False
RES_3777,50.18376975654432,False
RES_3778,27.26849259255401,False
RES_3779,38.73593582579173,False
RES_3780,17.65925762582252,False
RES_3781,24.030341621683945,False
RES_3782,81.81344804191033,False
RES_3783,4.473477081158013,False
RES_3784,35.67513771135556,False
RES_3785,51.17729237169143,False
RES_3786,23.649197473760243,False
RES_3787,22.717513132204203,False
RES_3788,16.291658102270482,False
RES_3789,33.42751390268128,False
RES_3790,19.612195849665582,False
RES_3791,67.80420275693236,False
RES_3792,28.243487936178475,False
RES_3793,20.76356318781992,False
RES_3794,8.357261095393023,False
RES_3795,23.26394749961905,False
RES_3796,3.8644165891696227,False
RES_3797,22.923389226274427,False
RES_3798,11.496947801075788,False
RES_3799,49.17398921323831,False
RES_3800,6.626632872492177,False
RES_3801,9.414767190130629,False
RES_3802,13.721799157538147,False
RES_3803,34.14438016419215,False
RES_3804,52.48926025161159,False
RES_3805,39.32616960857076,False
RES_3806,115.04261231927717,False
RES_3807,6.5264617894294945,False
RES_3808,12.002289820511646,False
RES_3809,61.88344770808245,False
RES_3810,10.936779648233205,False
RES_3811,14.047925989864313,False
RES_3812,8.339360695155852,False
RES_3813,7.4617260465871285,False
RES_3814,12.894391527359717,False
RES_3815,41.48254678109446,False
RES_3816,102.84465572829019,False
RES_3817,13.578969708619063,False
RES_3818,32.600521529293715,False
RES_3819,42.67174056522806,False
RES_3820,71.76271026984271,False
RES_3821,27.336011830456343,False
RES_3822,18.820802030462456,False
RES_3823,21.53167221186668,False
RES_3824,40.59541856295039,False
RES_3825,13.331058172246504,False
RES_3826,50.07174360251755,False
RES_3827,13.06392754238419,False
RES_3828,63.76195784960821,False
RES_3829,37.41839837774211,False
RES_3830,4.57059269193461,False
RES_3831,27.875285365846917,False
RES_3832,51.00354585090494,False
RES_3833,13.779631724270887,False
RES_3834,46.84008333252583,False
RES_3835,30.192353115553196,False
RES_3836,17.19035954993463,False
RES_3837,68.44299885214379,False
RES_3838,34.06862856257097,False
RES_3839,50.67635693213063,False
RES_3840,18.16270248182468,False
RES_3841,105.08466810947898,False
RES_3842,6.0030542412543095,False
RES_3843,40.45632494746093,False
RES_3844,31.363964759342828,False
RES_3845,3.0034042976707096,False
RES_3846,37.8025842389149,False
RES_3847,20.314563800944835,False
RES_3848,102.01548946802073,False
RES_3849,25.505704030274774,False
RES_3850,315.8350868824973,False
RES_3851,6.7419147007456495,False
RES_3852,14.389024988830716,False
RES_3853,24.468268674148916,False
RES_3854,2.961783260995334,False
RES_3855,63.00050748963055,False
RES_3856,54.731462691083664,False
RES_3857,9.90090482273005,False
RES_3858,10.374092934118217,False
RES_3859,18.72625916701541,False
RES_3860,35.129315407647596,False
RES_3861,52.9722540613899,False
RES_3862,28.840932688745195,False
RES_3863,20.29187771847231,False
RES_3864,16.907890797898915,False
RES_3865,16.889143477970283,False
RES_3866,8.442878526695313,False
RES_3867,81.42907264892193,False
RES_3868,41.9248446264092,False
RES_3869,18.920435799285993,False
RES_3870,41.68008390635585,False
RES_3871,2.135167654070066,False
RES_3872,14.019310164220606,False
RES_3873,50.61620226790351,False
RES_3874,25.814763295826946,False
RES_3875,39.66001302691722,False
RES_3876,38.07936510631157,False
RES_3877,14.248488989426304,False
RES_3878,7.893064496472996,False
RES_3879,52.12902835907422,False
RES_3880,10.556780028875282,False
RES_3881,32.58408442338522,False
RES_3882,15.974958785253865,False
RES_3883,7.91997841725991,False
RES_3884,11.10604096206357,False
RES_3885,32.035988127427466,False
RES_3886,16.935862285390478,False
RES_3887,19.05873167614267,False
RES_3888,20.949707225627293,False
RES_3889,52.70171289914416,False
RES_3890,159.40942681083467,False
RES_3891,299.3259789651316,False
RES_3892,14.573462036572502,False
RES_3893,11.558347048756833,False
RES_3894,9.4827578056865,False
RES_3895,22.608344750317915,False
RES_3896,46.783528823521166,False
RES_3897,25.427360503404643,False
RES_3898,7.781579561541728,False
RES_3899,6.842162443919853,False
RES_3900,10.946469315337904,False
RES_3901,1.8952906036921053,False
RES_3902,5.881619339991991,False
RES_3903,3.8004746154261166,False
RES_3904,32.16092466317637,False
RES_3905,24.871850499933362,False
RES_3906,6.547325108912478,False
RES_3907,9.665602442608057,False
RES_3908,69.27438782001678,False
RES_3909,25.288349813385377,False
RES_3910,2.295577742931186,False
RES_3911,25.779841273842855,False
RES_3912,37.33270680552089,False
RES_3913,5.469100961367571,False
RES_3914,505.3490183478915,False
RES_3915,13.200865031084005,False
RES_3916,15.571259548014687,False
RES_3917,24.744387849799022,False
RES_3918,9.042777693110773,False
RES_3919,36.0270198289933,False
RES_3920,16.80265280004047,False
RES_3921,39.197604319435015,False
RES_3922,17.043643613877776,False
RES_3923,211.91352914066843,False
RES_3924,86.65695984513353,False
RES_3925,19.912296683499612,False
RES_3926,2.4906170746261087,False
RES_3927,9.62737156166751,False
RES_3928,2.1601588261850693,False
RES_3929,41.070680313293046,False
RES_3930,4.599431143037075,False
RES_3931,24.570500413102327,False
RES_3932,11.286502058211585,False
RES_3933,26.282113767507802,False
RES_3934,6.424863332252022,False
RES_3935,12.462935891114773,False
RES_3936,7.7431718543046335,False
RES_3937,5.154257423009475,False
RES_3938,11.819407201598095,False
RES_3939,8.590876216306398,False
RES_3940,10.738245879864053,False
RES_3941,63.78722552116705,False
RES_3942,10.661192942490086,False
RES_3943,10.919810628140683,False
RES_3944,27.448759691238145,False
RES_3945,20.17146314843427,False
RES_3946,12.050516967369841,False
RES_3947,95.4571879251105,False
RES_3948,48.401909413075394,False
RES_3949,5.914804516066483,False
RES_3950,13.307218704461915,False
RES_3951,75.89530821194309,False
RES_3952,44.60113423346008,False
RES_3953,78.13029018214166,False
RES_3954,6.651521017110124,False
RES_3955,13.762532481315533,False
RES_3956,15.735534987407139,False
RES_3957,18.60654018832538,False
RES_3958,20.84136329025808,False
RES_3959,63.13150289169665,False
RES_3960,33.43411463390693,False
RES_3961,14.232649746741243,False
RES_3962,51.1565192009577,False
RES_3963,51.09039424641369,False
RES_3964,12.684638648673449,False
RES_3965,10.45151577182684,False
RES_3966,16.2763019058003,False
RES_3967,12.059722172064783,False
RES_3968,58.47879623059983,False
RES_3969,23.32414150422734,False
RES_3970,6.837100651779612,False
RES_3971,9.759005963835715,False
RES_3972,22.354288085617807,False
RES_3973,20.492636401925598,False
RES_3974,28.723734772070138,False
RES_3975,17.009426709036383,False
RES_3976,11.273691183532193,False
RES_3977,11.196813977843387,False
RES_3978,6.96429507837902,False
RES_3979,23.546408310315268,False
RES_3980,38.88242888818712,False
RES_3981,52.94862188618189,False
RES_3982,30.231286391727394,False
RES_3983,4.214347732975014,False
RES_3984,20.359321571203296,False
RES_3985,67.85304747644649,False
RES_3986,50.95588302612399,False
RES_3987,22.86074360387107,False
RES_3988,30.441706342948926,False
RES_3989,11.574669492248782,False
RES_3990,41.62342277724246,False
RES_3991,31.00962103437949,False
RES_3992,24.167633454878732,False
RES_3993,10.75239034969517,False
RES_3994,6.546488339811988,False
RES_3995,26.895312247170075,False
RES_3996,13.890658278553706,False
RES_3997,6.7372573742282915,False
RES_3998,22.031285810940314,False
RES_3999,13.466232903869788,False
RES_4000,23.011242545175083,False
RES_4001,6.928849282548534,False
RES_4002,21.676609221202302,False
RES_4003,66.69902292537196,False
RES_4004,26.2561248582183,False
RES_4005,40.56414715602994,False
RES_4006,3.7848184284586996,False
RES_4007,4.615972615105774,False
RES_4008,5.061847013969766,False
RES_4009,28.967866927566174,False
RES_4010,16.763916599448862,False
RES_4011,52.116325667799856,False
RES_4012,9.887162046204084,False
RES_4013,85.40005251048171,False
RES_4014,75.42714388684185,False
RES_4015,224.77390297945263,False
RES_4016,36.643715365212365,False
RES_4017,16.036463352229298,False
RES_4018,3.6482208836820744,False
RES_4019,6.028189839185141,False
RES_4020,34.804826514426445,False
RES_4021,23.793289831153718,False
RES_4022,29.98757552644309,False
RES_4023,24.805464928720053,False
RES_4024,11.251980257664167,False
RES_4025,40.47604240659816,False
RES_4026,38.87802868804866,False
RES_4027,19.953317381514065,False
RES_4028,53.979852404048636,False
RES_4029,42.643267438995686,False
RES_4030,13.742270156924222,False
RES_4031,15.612536517867756,False
RES_4032,21.381756476277033,False
RES_4033,11.854409919143995,False
RES_4034,13.804880744896076,False
RES_4035,25.117549403215353,False
RES_4036,3.937810913148222,False
RES_4037,2.4280513367278154,False
RES_4038,9.428292926162143,False
RES_4039,53.87623271614824,False
RES_4040,32.82278758442998,False
RES_4041,4.607998411010302,False
RES_4042,7.682955855972674,False
RES_4043,32.117489778021564,False
RES_4044,21.24560243515204,False
RES_4045,4.164908477741702,False
RES_4046,54.0895818142641,False
RES_4047,44.79929764863127,False
RES_4048,102.59931173935735,False
RES_4049,24.920341349492926,False
RES_4050,6.181898016671438,False
RES_4051,67.85224694369504,False
RES_4052,77.57227425368283,False
RES_4053,135.87057595877408,False
RES_4054,28.35953850108929,False
RES_4055,34.08984836622466,False
RES_4056,6.111869561704089,False
RES_4057,16.18751888186334,False
RES_4058,8.312272371920075,False
RES_4059,14.187288869195351,False
RES_4060,20.323326627951406,False
RES_4061,5.81609255110408,False
RES_4062,37.71532936706964,False
RES_4063,51.16556412007262,False
RES_4064,23.97231523378722,False
RES_4065,19.78775532512813,False
RES_4066,20.66147741828699,False
RES_4067,26.039279239510936,False
RES_4068,25.067379703683248,False
RES_4069,3.560163231991703,False
RES_4070,22.60624727703506,False
RES_4071,1.284243274188958,False
RES_4072,52.76384258750115,False
RES_4073,40.31138590858151,False
RES_4074,54.21587332487133,False
RES_4075,7.0696257895304795,False
RES_4076,44.00132369476695,False
RES_4077,6.964089555833503,False
RES_4078,33.73538469268776,False
RES_4079,5.856439162489813,False
RES_4080,26.22282658039593,False
RES_4081,9.866242264994844,False
RES_4082,68.14635506179104,False
RES_4083,17.66399477381929,False
RES_4084,36.58373982657345,False
RES_4085,10.158960193438004,False
RES_4086,41.57263191841403,False
RES_4087,101.37410287800019,False
RES_4088,28.460619214739584,False
RES_4089,46.01821003255587,False
RES_4090,9.408873836892553,False
RES_4091,20.806894810359285,False
RES_4092,10.418024138149315,False
RES_4093,14.121751145231352,False
RES_4094,9.160768855551046,False
RES_4095,51.8803225242945,False
RES_4096,22.563569757708578,False
RES_4097,47.79589189904981,False
RES_4098,23.97183331862284,False
RES_4099,77.96615796965348,False
RES_4100,21.98777619579483,False
RES_4101,8.401760887071223,False
RES_4102,3.4926110897172498,False
RES_4103,43.64199031649698,False
RES_4104,37.3529685572582,False
RES_4105,39.41887304354911,False
RES_4106,68.45432927522157,False
RES_4107,43.311561396178305,False
RES_4108,11.662002987411414,False
RES_4109,20.47779807784598,False
RES_4110,24.13740129335201,False
RES_4111,7.351251538553325,False
RES_4112,17.042983889200148,False
RES_4113,7.133348837042863,False
RES_4114,8.911162016191037,False
RES_4115,36.275100359768636,False
RES_4116,32.671584634921594,False
RES_4117,77.33401806279527,False
RES_4118,32.15093189840385,False
RES_4119,33.5870222333329,False
RES_4120,56.052488901238476,False
RES_4121,16.353460672271215,False
RES_4122,26.901347506687824,False
RES_4123,3.8765572103198696,False
RES_4124,59.857408384176566,False
RES_4125,9.314808391211738,False
RES_4126,10.08607599243741,False
RES_4127,57.63679419707697,False
RES_4128,3.6809511346721737,False
RES_4129,22.933235612547705,False
RES_4130,43.1127828677113,False
RES_4131,7.229471289381773,False
RES_4132,90.43030950538939,False
RES_4133,7.878069941580869,False
RES_4134,15.009654553180757,False
RES_4135,15.916678467407575,False
RES_4136,16.36578607343633,False
RES_4137,86.90538404964477,False
RES_4138,7.36457977480159,False
RES_4139,24.1269988772428,False
RES_4140,23.643217013244417,False
RES_4141,40.257305394688935,False
RES_4142,5.034175206009596,False
RES_4143,9.626353321655554,False
RES_4144,40.933405982899004,False
RES_4145,45.71289851217318,False
RES_4146,10.927420311081171,False
RES_4147,22.043979233011225,False
RES_4148,21.319082310955142,False
RES_4149,14.03067637825486,False
RES_4150,64.43838005458392,False
RES_4151,47.22884155404437,False
RES_4152,10.217543695598104,False
RES_4153,22.226805416077358,False
RES_4154,3.8593589223420017,False
RES_4155,14.77697396212437,False
RES_4156,165.69123714424683,False
RES_4157,32.54760409596334,False
RES_4158,30.248261898493276,False
RES_4159,14.49252264414617,False
RES_4160,15.175990966166182,False
RES_4161,31.36641896391994,False
RES_4162,66.59661631647693,False
RES_4163,15.524751103064828,False
RES_4164,58.09551888102081,False
RES_4165,16.446611164662606,False
RES_4166,52.70828195227686,False
RES_4167,15.917065804532209,False
RES_4168,21.92201373463009,False
RES_4169,19.38067738349375,False
RES_4170,121.86698742939409,False
RES_4171,36.98706882996249,False
RES_4172,16.70807932902417,False
RES_4173,12.726116551417816,False
RES_4174,22.83151698141205,False
RES_4175,16.402229338849622,False
RES_4176,3.355402061887813,False
RES_4177,44.83019277314448,False
RES_4178,65.18326090712793,False
RES_4179,63.19223360079628,False
RES_4180,21.57783590140201,False
RES_4181,14.127769396753685,False
RES_4182,64.9530556211152,False
RES_4183,10.442993999716231,False
RES_4184,8.406841763604906,False
RES_4185,42.453080220009504,False
RES_4186,30.532528010961048,False
RES_4187,52.39038474866028,False
RES_4188,11.11071156317164,False
RES_4189,63.634019818396226,False
RES_4190,44.2063862332883,False
RES_4191,37.484282943506045,False
RES_4192,67.47609442360205,False
RES_4193,49.342994121278736,False
RES_4194,3.018417364538237,False
RES_4195,48.960717760966666,False
RES_4196,73.84530491076309,False
RES_4197,5.654925802304413,False
RES_4198,29.863803395513735,False
RES_4199,3.9385108566698275,False
RES_4200,59.108764651087945,False
RES_4201,34.234348136002076,False
RES_4202,36.615436707677155,False
RES_4203,9.814541999024037,False
RES_4204,13.730147480113823,False
RES_4205,49.82578478229313,False
RES_4206,53.34167861357541,False
RES_4207,19.438595415071315,False
RES_4208,27.500800536671253,False
RES_4209,18.873396146904348,False
RES_4210,15.021263002687403,False
RES_4211,12.186017895331958,False
RES_4212,4.525390811420805,False
RES_4213,35.22801983138161,False
RES_4214,47.02529341134989,False
RES_4215,51.332218935306216,False
RES_4216,16.95287045784097,False
RES_4217,5.168624533831358,False
RES_4218,5.913851383964827,False
RES_4219,9.106389070388458,False
RES_4220,22.403047631260744,False
RES_4221,11.74736149937638,False
RES_4222,11.423861780781724,False
RES_4223,5.002410601847504,False
RES_4224,16.75762185488458,False
RES_4225,18.34731368663173,False
RES_4226,41.88838372956706,False
RES_4227,6.720134085698059,False
RES_4228,16.8792425067094,False
RES_4229,3.7753392461982167,False
RES_4230,24.386081660557036,False
RES_4231,43.06806586127314,False
RES_4232,22.940514263836064,False
RES_4233,4.370003642245634,False
RES_4234,26.2959776046148,False
RES_4235,7.778377414345176,False
RES_4236,4.799469180897497,False
RES_4237,6.225534070612786,False
RES_4238,33.399185420581475,False
RES_4239,40.8561294636164,False
RES_4240,18.529956653248547,False
RES_4241,39.163850657131206,False
RES_4242,9.95963563864472,False
RES_4243,47.746075671412044,False
RES_4244,30.98623341143104,False
RES_4245,71.36279467117986,False
RES_4246,11.09750577821515,False
RES_4247,30.669407176815966,False
RES_4248,18.953190353051,False
RES_4249,63.82647990235347,False
RES_4250,3.769051356078964,False
RES_4251,64.57901795864466,False
RES_4252,38.08443750387635,False
RES_4253,16.435711456815337,False
RES_4254,5.602629822016689,False
RES_4255,12.728312163344002,False
RES_4256,50.71242216769168,False
RES_4257,6.000164817874417,False
RES_4258,20.621139918745158,False
RES_4259,41.931872298641636,False
RES_4260,38.510993461961505,False
RES_4261,34.26456918157926,False
RES_4262,42.40894049068983,False
RES_4263,23.889765086409106,False
RES_4264,49.847910002288764,False
RES_4265,33.96128531767731,False
RES_4266,27.593595207793523,False
RES_4267,14.476639793431694,False
RES_4268,99.9979097290226,False
RES_4269,40.06078256871889,False
RES_4270,26.65317600507522,False
RES_4271,11.695631257676855,False
RES_4272,26.99868392372448,False
RES_4273,88.03435068357088,False
RES_4274,67.1944253045483,False
RES_4275,18.59357063942704,False
RES_4276,39.22353930930133,False
RES_4277,19.538246416028578,False
RES_4278,17.73135660673309,False
RES_4279,18.527413856054604,False
RES_4280,34.28295761245625,False
RES_4281,59.52838414265314,False
RES_4282,27.038290672508577,False
RES_4283,26.349161387641036,False
RES_4284,7.748762978726084,False
RES_4285,55.04340030975748,False
RES_4286,1.5204493483550758,False
RES_4287,128.69037980067952,False
RES_4288,19.98256310943108,False
RES_4289,0.6945137611165472,False
RES_4290,33.0939361248291,False
RES_4291,77.7293306666549,False
RES_4292,34.422808460725626,False
RES_4293,45.30664724619633,False
RES_4294,28.279568194895877,False
RES_4295,51.936069356455576,False
RES_4296,12.83784350540263,False
RES_4297,80.22509563231014,False
RES_4298,4.869966523034779,False
RES_4299,12.689027291562338,False
RES_4300,31.98803148865884,False
RES_4301,12.696632113981572,False
RES_4302,11.048348118657032,False
RES_4303,27.81480983131847,False
RES_4304,59.035230689339606,False
RES_4305,71.78606923656253,False
RES_4306,59.395331853821816,False
RES_4307,71.83672899688142,False
RES_4308,14.233383296264297,False
RES_4309,25.24269037147393,False
RES_4310,10.64164537899723,False
RES_4311,11.590353566254933,False
RES_4312,109.88885845309079,False
RES_4313,25.495336340984363,False
RES_4314,10.043996405678218,False
RES_4315,70.08393672343713,False
RES_4316,15.388772577344351,False
RES_4317,8.582054261886611,False
RES_4318,11.571172177720218,False
RES_4319,134.17014827529098,False
RES_4320,58.31686291503038,False
RES_4321,20.760313938482675,False
RES_4322,24.772681309432112,False
RES_4323,16.17030363978122,False
RES_4324,31.227828869642718,False
RES_4325,44.28010789109929,False
RES_4326,35.34571232105382,False
RES_4327,56.25307835840229,False
RES_4328,18.25960327105684,False
RES_4329,27.785351433481097,False
RES_4330,4.44323127385355,False
RES_4331,17.204738202091416,False
RES_4332,10.525339348528956,False
RES_4333,17.98542956703033,False
RES_4334,17.720605351305107,False
RES_4335,32.74252659313735,False
RES_4336,5.342767305815,False
RES_4337,0.6944462705362363,False
RES_4338,13.155070943806017,False
RES_4339,17.494626318672008,False
RES_4340,21.345959846603236,False
RES_4341,9.383549695259434,False
RES_4342,3.7249779084917916,False
RES_4343,15.28087055836317,False
RES_4344,21.0156705865605,False
RES_4345,4.784244814906952,False
RES_4346,69.50144841861221,False
RES_4347,47.15030513659152,False
RES_4348,5.739578298145804,False
RES_4349,20.33466140187527,False
RES_4350,24.132626278918735,False
RES_4351,28.615542427170013,False
RES_4352,12.055565378677768,False
RES_4353,12.985978915107479,False
RES_4354,7.566784845110747,False
RES_4355,14.638119112822734,False
RES_4356,5.661811555918438,False
RES_4357,6.486430304752793,False
RES_4358,53.352844174215065,False
RES_4359,1.9901609909834272,False
RES_4360,4.054018747995957,False
RES_4361,3.7562710703712736,False
RES_4362,10.636343500680821,False
RES_4363,16.042777198276433,False
RES_4364,10.15697855080345,False
RES_4365,8.174380510036956,False
RES_4366,17.37399987998132,False
RES_4367,28.04028837800953,False
RES_4368,17.177175918677424,False
RES_4369,10.599077584818845,False
RES_4370,35.29886371849532,False
RES_4371,13.346486774787934,False
RES_4372,12.959503777438806,False
RES_4373,31.90939867533059,False
RES_4374,2.4694406799837343,False
RES_4375,9.04292188202463,False
RES_4376,38.08859126825817,False
RES_4377,15.027383664090369,False
RES_4378,10.223359497175334,False
RES_4379,38.793219479967206,False
RES_4380,42.65160055128502,False
RES_4381,17.748493066073962,False
RES_4382,88.3107343039733,False
RES_4383,38.857819461050966,False
RES_4384,24.408760193454462,False
RES_4385,54.48258664167252,False
RES_4386,45.25325861228068,False
RES_4387,54.22927228121232,False
RES_4388,28.028801999326205,False
RES_4389,17.422392528583035,False
RES_4390,47.931603396596934,False
RES_4391,31.68977649203502,False
RES_4392,42.97930725324842,False
RES_4393,11.004473555379896,False
RES_4394,20.821504453295688,False
RES_4395,19.54691831955886,False
RES_4396,9.44357848930718,False
RES_4397,10.165235758037584,False
RES_4398,84.11136299449309,False
RES_4399,34.085804212086366,False
RES_4400,14.422991580184314,False
RES_4401,14.400358766014572,False
RES_4402,11.461173899534334,False
RES_4403,47.63809206232135,False
RES_4404,15.188829567667655,False
RES_4405,15.802020275546289,False
RES_4406,5.526488739786612,False
RES_4407,6.865144763828632,False
RES_4408,7.716414432750206,False
RES_4409,1.7259788883044156,False
RES_4410,13.94188113198432,False
RES_4411,52.75614183204573,False
RES_4412,1.5644695182943198,False
RES_4413,71.48048899391091,False
RES_4414,30.70682779410409,False
RES_4415,47.63047426951197,False
RES_4416,20.075217618154948,False
RES_4417,20.886585497821454,False
RES_4418,21.178942449823055,False
RES_4419,6.492567033166429,False
RES_4420,26.207042584036866,False
RES_4421,16.800824048289392,False
RES_4422,42.745770441250585,False
RES_4423,12.18413269324,False
RES_4424,18.95705515175378,False
RES_4425,2.856481399881818,False
RES_4426,5.959020172288312,False
RES_4427,48.21045988440419,False
RES_4428,46.43921831725968,False
RES_4429,16.311904832980645,False
RES_4430,6.136498462769868,False
RES_4431,8.606243422113293,False
RES_4432,17.97559131611638,False
RES_4433,33.63677974450962,False
RES_4434,7.206922600489256,False
RES_4435,4.569861227322812,False
RES_4436,16.7694107903385,False
RES_4437,15.006274178877812,False
RES_4438,3.4405948001265494,False
RES_4439,17.728129074155717,False
RES_4440,32.57164229188608,False
RES_4441,26.410553736053206,False
RES_4442,2.5606871394908572,False
RES_4443,5.9258663741697415,False
RES_4444,20.58040758256722,False
RES_4445,21.0798679297836,False
RES_4446,13.051476856398253,False
RES_4447,60.14713869407136,False
RES_4448,87.8669201234683,False
RES_4449,79.56981935249736,False
RES_4450,89.87263848280038,False
RES_4451,6.595947212751128,False
RES_4452,40.321892081765576,False
RES_4453,16.444867621299288,False
RES_4454,11.304997291395813,False
RES_4455,4.551906873914786,False
RES_4456,8.575273856248385,False
RES_4457,14.418960379721227,False
RES_4458,51.72576322702779,False
RES_4459,18.499084163380775,False
RES_4460,13.74176401518842,False
RES_4461,6.920942046956547,False
RES_4462,9.856118675028197,False
RES_4463,93.21106751012387,False
RES_4464,21.39506826376157,False
RES_4465,49.97047802630412,False
RES_4466,8.059108521798889,False
RES_4467,53.01285799314191,False
RES_4468,46.7588543386211,False
RES_4469,77.81513962686007,False
RES_4470,13.484030815324145,False
RES_4471,58.955123337823,False
RES_4472,17.38070994148393,False
RES_4473,6.315124225384575,False
RES_4474,36.49037296944888,False
RES_4475,85.33917343734282,False
RES_4476,24.59219751340048,False
RES_4477,33.26604642013738,False
RES_4478,49.267118942027864,False
RES_4479,61.77679767261899,False
RES_4480,59.27952462077617,False
RES_4481,33.525481844410315,False
RES_4482,22.307411427295616,False
RES_4483,18.853320717290586,False
RES_4484,50.81029139299282,False
RES_4485,9.007040722309268,False
RES_4486,11.070084941644085,False
RES_4487,46.53151835480723,False
RES_4488,2.34083784133778,False
RES_4489,9.174854481017096,False
RES_4490,13.884962923010232,False
RES_4491,15.292060858664136,False
RES_4492,19.5695651461766,False
RES_4493,11.90388759991653,False
RES_4494,15.941768572076445,False
RES_4495,1.7608636566298739,False
RES_4496,8.52673326424935,False
RES_4497,85.9716721880938,False
RES_4498,5.403672345114876,False
RES_4499,18.110215639926,False
RES_4500,10.329803568049522,False
RES_4501,356.4773608998558,False
RES_4502,10.765594405098115,False
RES_4503,10.461817430529033,False
RES_4504,87.21310363613854,False
RES_4505,40.19330278367808,False
RES_4506,12.288761942195116,False
RES_4507,7.022872893398178,False
RES_4508,18.85103267749186,False
RES_4509,108.41698777882499,False
RES_4510,18.154143115510628,False
RES_4511,52.013199683935056,False
RES_4512,5.174577477746025,False
RES_4513,35.2648234983625,False
RES_4514,19.115759706752993,False
RES_4515,3.216661998869195,False
RES_4516,20.241628274086363,False
RES_4517,19.701167828593142,False
RES_4518,63.902607646572285,False
RES_4519,46.87750521254182,False
RES_4520,42.86815947288705,False
RES_4521,27.386302461286835,False
RES_4522,53.728402160247946,False
RES_4523,91.9273909381537,False
RES_4524,33.4936152099784,False
RES_4525,45.136475717314795,False
RES_4526,27.60095263929513,False
RES_4527,15.2810521623869,False
RES_4528,0.5852304943544624,False
RES_4529,13.396026613428088,False
RES_4530,8.186605617547002,False
RES_4531,39.99292807479056,False
RES_4532,40.39220374689348,False
RES_4533,83.77106157164306,False
RES_4534,48.63487780171133,False
RES_4535,40.3276910580591,False
RES_4536,33.22743366086496,False
RES_4537,22.005071083488613,False
RES_4538,40.24988482184496,False
RES_4539,10.466380778704467,False
RES_4540,6.759757821328498,False
RES_4541,4.105545830967282,False
RES_4542,24.542208031169846,False
RES_4543,11.829735179331816,False
RES_4544,51.4738524291733,False
RES_4545,32.859827644733095,False
RES_4546,17.25528577078114,False
RES_4547,21.46052714068177,False
RES_4548,12.257337490181225,False
RES_4549,125.81074156242678,False
RES_4550,35.28537601308091,False
RES_4551,13.585499313887127,False
RES_4552,48.52256911130182,False
RES_4553,12.101415153296601,False
RES_4554,20.012098907870083,False
RES_4555,6.136169842333642,False
RES_4556,1.9558266485195697,False
RES_4557,2.797747416314199,False
RES_4558,30.88300889923472,False
RES_4559,5.429020127699464,False
RES_4560,6.870277499434231,False
RES_4561,3.1697072384198623,False
RES_4562,14.450230985842326,False
RES_4563,16.961027489693517,False
RES_4564,8.380738293128099,False
RES_4565,12.33214190756821,False
RES_4566,32.80802523767375,False
RES_4567,21.426623929396598,False
RES_4568,11.920742118911853,False
RES_4569,8.253335207483225,False
RES_4570,11.825331915798438,False
RES_4571,31.089367233435198,False
RES_4572,134.19884893929614,False
RES_4573,4.474646275550549,False
RES_4574,21.993899821189764,False
RES_4575,10.04022405457805,False
RES_4576,22.821208580158412,False
RES_4577,46.78668918924583,False
RES_4578,5.626079182724485,False
RES_4579,6.82692823164979,False
RES_4580,3.0347781276758186,False
RES_4581,2.3187168276183328,False
RES_4582,20.65388503233108,False
RES_4583,8.563263579150492,False
RES_4584,3.0534688988098764,False
RES_4585,11.35365286412266,False
RES_4586,18.77450910910931,False
RES_4587,6.653276681106091,False
RES_4588,5.119625818061779,False
RES_4589,38.039696468278954,False
RES_4590,5.17310081170321,False
RES_4591,38.34634150412204,False
RES_4592,9.447956624704764,False
RES_4593,42.71361338168643,False
RES_4594,5.669580878039991,False
RES_4595,30.96338063278891,False
RES_4596,3.706373191742445,False
RES_4597,15.541353547194591,False
RES_4598,59.43702375336229,False
RES_4599,18.505084513400966,False
RES_4600,13.137619846401577,False
RES_4601,42.65110271010215,False
RES_4602,9.76558009081081,False
RES_4603,16.727997170992523,False
RES_4604,7.966866753413664,False
RES_4605,24.36450593356683,False
RES_4606,10.567147420582733,False
RES_4607,34.456603153531844,False
RES_4608,6.765277522448512,False
RES_4609,27.645374782521884,False
RES_4610,4.774690920612282,False
RES_4611,17.94691693814729,False
RES_4612,8.754197800600407,False
RES_4613,37.80935353576349,False
RES_4614,33.082565887876065,False
RES_4615,76.60946520192093,False
RES_4616,41.04665721539509,False
RES_4617,37.44006750663787,False
RES_4618,26.290139447258763,False
RES_4619,5.81947947175267,False
RES_4620,8.178033359492655,False
RES_4621,40.212774582668416,False
RES_4622,6.440211725930573,False
RES_4623,25.11063985927226,False
RES_4624,23.098557260146556,False
RES_4625,17.062970632225824,False
RES_4626,16.34974923707269,False
RES_4627,16.729753901912996,False
RES_4628,11.367517967168355,False
RES_4629,11.633834058514129,False
RES_4630,13.76503331296248,False
RES_4631,66.07697423136365,False
RES_4632,43.210050617422716,False
RES_4633,48.523856751648694,False
RES_4634,15.182078968812105,False
RES_4635,10.989192723317924,False
RES_4636,68.80006613460662,False
RES_4637,32.229538796331276,False
RES_4638,77.15484085752674,False
RES_4639,23.262073112928892,False
RES_4640,17.60531312880816,False
RES_4641,18.387752325839607,False
RES_4642,80.08298681409404,False
RES_4643,59.3537447646993,False
RES_4644,61.687342037399745,False
RES_4645,20.48335693475319,False
RES_4646,10.106648470918499,False
RES_4647,19.2400336450518,False
RES_4648,7.408830644236717,False
RES_4649,23.110283333194037,False
RES_4650,3.4472986675076465,False
RES_4651,12.635507041115975,False
RES_4652,25.18046298645369,False
RES_4653,25.206517367583228,False
RES_4654,33.20551352862042,False
RES_4655,6.10263792989609,False
RES_4656,11.963507999802681,False
RES_4657,72.2401848285582,False
RES_4658,19.717166828453365,False
RES_4659,99.86966052301227,False
RES_4660,50.12258065473442,False
RES_4661,6.946262335581768,False
RES_4662,43.89477132174649,False
RES_4663,18.512197880852362,False
RES_4664,3.583147674577448,False
RES_4665,2.8789115839257406,False
RES_4666,4.703924930121633,False
RES_4667,20.924107601074198,False
RES_4668,7.923270306638942,False
RES_4669,4.089414419399654,False
RES_4670,3.124218267424588,False
RES_4671,55.235760530468305,False
RES_4672,74.10539697911756,False
RES_4673,52.32688174019809,False
RES_4674,30.166713678712835,False
RES_4675,27.316467592614543,False
RES_4676,15.81979286294791,False
RES_4677,74.87154995715879,False
RES_4678,22.745929729631488,False
RES_4679,8.609468711941222,False
RES_4680,30.89434757016713,False
RES_4681,5.376890836825997,False
RES_4682,14.859641899683927,False
RES_4683,9.50794804406067,False
RES_4684,9.072350623537341,False
RES_4685,2.4950920282043243,False
RES_4686,8.53507532143164,False
RES_4687,22.159602496657502,False
RES_4688,18.137024870376504,False
RES_4689,15.273090551435441,False
RES_4690,18.98285812989365,False
RES_4691,63.630655335348635,False
RES_4692,41.59610761712812,False
RES_4693,13.668777048154764,False
RES_4694,5.809024537516924,False
RES_4695,14.257624832517402,False
RES_4696,7.049496851005862,False
RES_4697,52.97486011900833,False
RES_4698,5.039643241563285,False
RES_4699,13.371036105799405,False
RES_4700,93.6226719482766,False
RES_4701,26.176174821413902,False
RES_4702,45.61501016630894,False
RES_4703,37.98428905628887,False
RES_4704,11.194357105629523,False
RES_4705,56.566071462666415,False
RES_4706,21.59299937142412,False
RES_4707,29.972856243565346,False
RES_4708,8.737467949618106,False
RES_4709,39.53787122515007,False
RES_4710,24.22339110404001,False
RES_4711,4.49837140389514,False
RES_4712,14.28366594744768,False
RES_4713,20.359864082780717,False
RES_4714,8.698109358415536,False
RES_4715,65.48127904877055,False
RES_4716,10.224132882882312,False
RES_4717,10.815628728649305,False
RES_4718,94.78251247332292,False
RES_4719,11.918049222112531,False
RES_4720,107.83860637759747,False
RES_4721,25.29209165520282,False
RES_4722,19.86086954852798,False
RES_4723,34.836391832052605,False
RES_4724,5.735798943229025,False
RES_4725,31.55633094419027,False
RES_4726,19.99115200252869,False
RES_4727,10.190328507214518,False
RES_4728,22.123165923314353,False
RES_4729,3.3675357454126447,False
RES_4730,21.801575946960583,False
RES_4731,38.81925442923417,False
RES_4732,23.762028299793094,False
RES_4733,0.4253957668095119,False
RES_4734,23.329201138498725,False
RES_4735,40.66509465165919,False
RES_4736,13.10207492073534,False
RES_4737,45.12405219321449,False
RES_4738,15.687712050302084,False
RES_4739,15.251124126398961,False
RES_4740,40.69241408343912,False
RES_4741,34.19929955899422,False
RES_4742,10.489180243862847,False
RES_4743,62.32848875307407,False
RES_4744,16.746950575087794,False
RES_4745,59.549912035888234,False
RES_4746,14.463197695371731,False
RES_4747,20.70102227396726,False
RES_4748,56.47388745421101,False
RES_4749,10.597571094829682,False
RES_4750,70.16496033984369,False
RES_4751,25.86936620264696,False
RES_4752,76.39545158286903,False
RES_4753,65.63916104269508,False
RES_4754,20.957603806356218,False
RES_4755,64.57721910862966,False
RES_4756,11.989753616055827,False
RES_4757,84.01496085093027,False
RES_4758,51.59848773420926,False
RES_4759,51.952421054389056,False
RES_4760,63.82147833085732,False
RES_4761,46.888213972557665,False
RES_4762,12.32005018449383,False
RES_4763,63.60886969644569,False
RES_4764,8.562956931032023,False
RES_4765,29.784440319705805,False
RES_4766,12.822675064460654,False
RES_4767,165.56498367072902,False
RES_4768,81.729245416152,False
RES_4769,24.43757471439873,False
RES_4770,43.278394785096125,False
RES_4771,18.65235802028635,False
RES_4772,46.3798327179163,False
RES_4773,1.9935494135261513,False
RES_4774,30.72420185133555,False
RES_4775,177.2958050109217,False
RES_4776,65.73579456525813,False
RES_4777,63.36351456094173,False
RES_4778,8.913018179919854,False
RES_4779,4.8390877032165465,False
RES_4780,16.398295243039474,False
RES_4781,42.38775615642139,False
RES_4782,30.513556614844564,False
RES_4783,63.1335198195388,False
RES_4784,11.910849802291883,False
RES_4785,48.98435242451313,False
RES_4786,32.2908555300389,False
RES_4787,32.534922266506186,False
RES_4788,12.823177593422335,False
RES_4789,1.671168817096471,False
RES_4790,70.2444597727104,False
RES_4791,37.62950514980237,False
RES_4792,19.8863835841357,False
RES_4793,12.035271566504571,False
RES_4794,16.059005700884665,False
RES_4795,24.851849406339458,False
RES_4796,23.002714717748038,False
RES_4797,78.6843790736446,False
RES_4798,15.096190751509232,False
RES_4799,20.571207105311856,False
RES_4800,24.41237736828007,False
RES_4801,63.25079704522428,False
RES_4802,3.2739323206706814,False
RES_4803,38.672081168188484,False
RES_4804,8.622487043913829,False
RES_4805,23.11127898503198,False
RES_4806,16.378771245920554,False
RES_4807,38.48281691936892,False
RES_4808,19.717900890624627,False
RES_4809,53.363344053149305,False
RES_4810,108.79799780628899,False
RES_4811,27.955813309454495,False
RES_4812,2.824044356949395,False
RES_4813,7.117930389592854,False
RES_4814,65.1594554704248,False
RES_4815,18.47997417181756,False
RES_4816,43.03349297668984,False
RES_4817,13.096889606881332,False
RES_4818,48.95287772913963,False
RES_4819,46.75885212917976,False
RES_4820,13.42243126895539,False
RES_4821,16.982177990371564,False
RES_4822,15.907378451674123,False
RES_4823,21.027788992904707,False
RES_4824,30.9927259669045,False
RES_4825,74.37214081993324,False
RES_4826,20.358733128383633,False
RES_4827,13.262831761809322,False
RES_4828,6.377894820555926,False
RES_4829,14.297846841979101,False
RES_4830,14.9466916745585,False
RES_4831,36.09669196972978,False
RES_4832,3.657076333563713,False
RES_4833,36.588111320815294,False
RES_4834,15.417576182581836,False
RES_4835,23.909357780874327,False
RES_4836,7.244571387446569,False
RES_4837,71.04284987412983,False
RES_4838,66.05512082900452,False
RES_4839,26.728149216538743,False
RES_4840,41.334450016873895,False
RES_4841,76.60979548931135,False
RES_4842,8.39731020782435,False
RES_4843,5.661620831167691,False
RES_4844,17.19058289252993,False
RES_4845,5.433837759942867,False
RES_4846,38.151200908617795,False
RES_4847,12.315773726934639,False
RES_4848,52.151998203990445,False
RES_4849,30.500972698169758,False
RES_4850,10.79075743282089,False
RES_4851,3.439871951631663,False
RES_4852,21.55188488057006,False
RES_4853,43.091986143018104,False
RES_4854,9.33454928289231,False
RES_4855,4.7173131128689345,False
RES_4856,18.038778348665815,False
RES_4857,27.178742337706943,False
RES_4858,20.28713934750003,False
RES_4859,8.656014620194389,False
RES_4860,8.053357707553602,False
RES_4861,40.04185386388569,False
RES_4862,7.643187272401418,False
RES_4863,27.909695516122913,False
RES_4864,24.5534981321416,False
RES_4865,3.682793507442512,False
RES_4866,17.942769255196836,False
RES_4867,17.92772773831504,False
RES_4868,7.1803135665621864,False
RES_4869,19.94699619034587,False
RES_4870,7.739562068113572,False
RES_4871,7.953649015767154,False
RES_4872,43.310461699362556,False
RES_4873,13.536847157142152,False
RES_4874,55.476904333651916,False
RES_4875,6.358892749207255,False
RES_4876,57.791873097652825,False
RES_4877,44.66159319241046,False
RES_4878,37.75031159430164,False
RES_4879,26.06387234502711,False
RES_4880,17.881938111098414,False
RES_4881,6.039422415065453,False
RES_4882,22.574026312460248,False
RES_4883,38.049389074565035,False
RES_4884,57.40509817718159,False
RES_4885,7.2457080027902405,False
RES_4886,29.139221164751625,False
RES_4887,24.981912447824822,False
RES_4888,22.69922192557665,False
RES_4889,13.006522083491722,False
RES_4890,24.611980946257468,False
RES_4891,7.90948173081845,False
RES_4892,37.83284334020217,False
RES_4893,73.45807035497496,False
RES_4894,53.45123751002481,False
RES_4895,2.9079644418267705,False
RES_4896,4.4267848763240245,False
RES_4897,10.2863968674788,False
RES_4898,36.06544344502565,False
RES_4899,3.6368420141286326,False
RES_4900,24.898476456661097,False
RES_4901,23.352086617428135,False
RES_4902,10.091602730570603,False
RES_4903,9.311989268743597,False
RES_4904,40.41420042430394,False
RES_4905,36.213033723622274,False
RES_4906,20.50349681050167,False
RES_4907,35.39404764124255,False
RES_4908,9.904518021776042,False
RES_4909,37.27145946755302,False
RES_4910,14.917028561019869,False
RES_4911,16.518008785066076,False
RES_4912,14.158960402004604,False
RES_4913,29.371679794334902,False
RES_4914,30.729834932062236,False
RES_4915,33.80651185658815,False
RES_4916,7.1850054435967365,False
RES_4917,64.48685741159271,False
RES_4918,17.450912350030276,False
RES_4919,69.60520178427561,False
RES_4920,12.840944520358624,False
RES_4921,51.56882381918884,False
RES_4922,26.866692247975745,False
RES_4923,22.574011681056398,False
RES_4924,11.346739090005828,False
RES_4925,18.347130780742845,False
RES_4926,5.161334077941669,False
RES_4927,25.137528616285962,False
RES_4928,10.70697268835755,False
RES_4929,9.893869207247429,False
RES_4930,6.946118354160155,False
RES_4931,2.6255552095857664,False
RES_4932,39.410434630294816,False
RES_4933,53.552739765296295,False
RES_4934,40.11674244342288,False
RES_4935,32.845366721793695,False
RES_4936,38.8773099293735,False
RES_4937,20.094887989171138,False
RES_4938,6.277031771650715,False
RES_4939,17.25903607365672,False
RES_4940,17.064140078398268,False
RES_4941,12.505926326156985,False
RES_4942,64.69056893383781,False
RES_4943,55.941666987063826,False
RES_4944,5.534921628196892,False
RES_4945,14.2025289877967,False
RES_4946,8.574720756539085,False
RES_4947,12.266770109420289,False
RES_4948,5.190981925144698,False
RES_4949,6.77947543064951,False
RES_4950,13.407783021521702,False
RES_4951,25.127224594236274,False
RES_4952,9.06547452906268,False
RES_4953,13.128132125873268,False
RES_4954,26.057978846796512,False
RES_4955,14.010253326304046,False
RES_4956,61.39124946139228,False
RES_4957,37.98521942545932,False
RES_4958,21.738904716840143,False
RES_4959,8.078038396862384,False
RES_4960,3.4505212017719886,False
RES_4961,53.55770184977043,False
RES_4962,5.2837095138854835,False
RES_4963,87.8660121855191,False
RES_4964,10.62699624833392,False
RES_4965,47.428906604834694,False
RES_4966,33.07210946687928,False
RES_4967,29.440353352726504,False
RES_4968,14.34412505299989,False
RES_4969,10.815323494969217,False
RES_4970,3.90927884191644,False
RES_4971,9.682974289127255,False
RES_4972,21.391245955319764,False
RES_4973,11.897065310561183,False
RES_4974,22.196175829239483,False
RES_4975,21.6682756796817,False
RES_4976,58.72361760355629,False
RES_4977,24.37682762050062,False
RES_4978,20.79140845416662,False
RES_4979,21.878743956611537,False
RES_4980,19.55696618441164,False
RES_4981,51.58216107253108,False
RES_4982,19.090685479840847,False
RES_4983,237.7992882321223,False
RES_4984,64.9172404323608,False
RES_4985,92.86757868666729,False
RES_4986,95.53040694559746,False
RES_4987,40.92679934289557,False
RES_4988,13.456307474609567,False
RES_4989,33.38048516630295,False
RES_4990,10.107482350959225,False
RES_4991,191.22717880730266,False
RES_4992,11.686061403289976,False
RES_4993,3.6421793854121485,False
RES_4994,21.545214646482652,False
RES_4995,35.88242963563339,False
RES_4996,25.614386115177748,False
RES_4997,7.967364834166577,False
RES_4998,31.58346863064255,False
RES_4999,22.250715152349844,False
RES_5000,34.22471453529992,False
RES_5001,14.661719512547196,False
RES_5002,5.818573054297119,False
RES_5003,39.14286123337015,False
RES_5004,9.83961181812299,False
RES_5005,68.2832500213695,False
RES_5006,9.815993818462358,False
RES_5007,27.299823714918297,False
RES_5008,12.882058521423842,False
RES_5009,119.33488101717758,False
RES_5010,3.333160837992318,False
RES_5011,48.14729994335948,False
RES_5012,13.121590937337333,False
RES_5013,10.681109301441063,False
RES_5014,23.591207545003506,False
RES_5015,37.40342582441908,False
RES_5016,18.573074177530746,False
RES_5017,3.796727724959108,False
RES_5018,31.913233389178455,False
RES_5019,66.24451870932967,False
RES_5020,52.11000222567922,False
RES_5021,17.63956217689047,False
RES_5022,5.542820107627603,False
RES_5023,59.49943740863435,False
RES_5024,16.49631717448793,False
RES_5025,50.429150160744975,False
RES_5026,16.200231487986056,False
RES_5027,15.623160720917024,False
RES_5028,6.6597088809114755,False
RES_5029,26.40066068970691,False
RES_5030,6.1615884076159,False
RES_5031,13.247276864726398,False
RES_5032,5.6668986120293905,False
RES_5033,3.3015052804964014,False
RES_5034,60.04821150414149,False
RES_5035,30.916261431998425,False
RES_5036,42.91997228879126,False
RES_5037,17.779281156487446,False
RES_5038,10.15494964420909,False
RES_5039,5.677921807895946,False
RES_5040,24.82743904166946,False
RES_5041,3.5294153411992495,False
RES_5042,11.161243768143255,False
RES_5043,4.276420808601037,False
RES_5044,32.64176677758658,False
RES_5045,8.175419498164752,False
RES_5046,33.188254456134665,False
RES_5047,13.079532992690075,False
RES_5048,34.568589894862825,False
RES_5049,49.248464415438455,False
RES_5050,9.626239853788274,False
RES_5051,6.139371314790629,False
RES_5052,3.275172885556709,False
RES_5053,50.1850629321031,False
RES_5054,9.166507132310427,False
RES_5055,60.60565331135652,False
RES_5056,80.71296447603596,False
RES_5057,1.8067571507611955,False
RES_5058,14.196283395693454,False
RES_5059,26.290253813686213,False
RES_5060,28.638532736165462,False
RES_5061,7.020092577215367,False
RES_5062,2.493800863006071,False
RES_5063,46.10626588721019,False
RES_5064,41.49088030071161,False
RES_5065,25.001206450780533,False
RES_5066,17.675541324985897,False
RES_5067,37.44431311566915,False
RES_5068,14.428679763298108,False
RES_5069,7.2637606221232005,False
RES_5070,14.268560463131411,False
RES_5071,3.8772124881648846,False
RES_5072,37.72591704234024,False
RES_5073,33.546678063236655,False
RES_5074,7.726848033775511,False
RES_5075,17.990055965113456,False
RES_5076,15.213578842701807,False
RES_5077,15.188301188124322,False
RES_5078,25.142005907210848,False
RES_5079,20.76944262742829,False
RES_5080,7.104425162812468,False
RES_5081,12.35895648942271,False
RES_5082,22.238495913656937,False
RES_5083,24.917503276430285,False
RES_5084,7.7696594244690065,False
RES_5085,52.3406520628006,False
RES_5086,24.159313755611862,False
RES_5087,38.905954937208854,False
RES_5088,22.947229081417753,False
RES_5089,25.481749245853997,False
RES_5090,34.04725691963632,False
RES_5091,50.4762204699059,False
RES_5092,36.19297144559795,False
RES_5093,46.88207277889412,False
RES_5094,6.696211064472489,False
RES_5095,31.891867203713883,False
RES_5096,77.18411323513921,False
RES_5097,31.176650193673392,False
RES_5098,7.353868361380359,False
RES_5099,25.618250924710292,False
RES_5100,38.67407811898754,False
RES_5101,31.792380615019397,False
RES_5102,27.19689365929291,False
RES_5103,22.68924149284902,False
RES_5104,28.502126493237807,False
RES_5105,9.057747629845403,False
RES_5106,8.558922455243687,False
RES_5107,1.726097263336213,False
RES_5108,334.15589728071814,False
RES_5109,10.45030171952921,False
RES_5110,293.84987779302793,False
RES_5111,117.92504633701823,False
RES_5112,124.55608290160613,False
RES_5113,6.441512509692499,False
RES_5114,81.54178797531712,False
RES_5115,316.7298487212955,False
RES_5116,11.144397463383598,False
RES_5117,22.980700596373396,False
RES_5118,19.178174067029737,False
RES_5119,15.178923804930994,False
RES_5120,11.4417845877206,False
RES_5121,1.296806282104559,False
RES_5122,2.3754138269554805,False
RES_5123,1.259368292398003,False
RES_5124,11.588445843609628,False
RES_5125,5.2421275762127655,False
RES_5126,8.326235717505057,False
RES_5127,39.666599079804556,False
RES_5128,62.581669165943495,False
RES_5129,15.842837659465593,False
RES_5130,13.748629555765907,False
RES_5131,8.95628088609898,False
RES_5132,35.929988331594934,False
RES_5133,25.178271373410773,False
RES_5134,11.490823180279659,False
RES_5135,76.45239062670161,False
RES_5136,16.368454672585095,False
RES_5137,25.33656271338484,False
RES_5138,68.1391942035171,False
RES_5139,78.25682509434063,False
RES_5140,172.00714853961134,False
RES_5141,11.73567729576777,False
RES_5142,4.565229544196267,False
RES_5143,62.19621973905088,False
RES_5144,381.3999895725856,False
RES_5145,104.83423411262359,False
RES_5146,27.79526812857681,False
RES_5147,135.5546886528331,False
RES_5148,301.9572210300187,False
RES_5149,26.658236812131527,False
RES_5150,58.74276399440583,False
RES_5151,12.467329820024107,False
RES_5152,223.0215929003258,False
RES_5153,8.633247990353597,False
RES_5154,148.602471639911,False
RES_5155,43.73458449320215,False
RES_5156,202.97274010286623,False
RES_5157,6.164040071635683,False
RES_5158,62.436165042009755,False
RES_5159,120.80088280805455,False
RES_5160,9.001245613708846,False
RES_5161,198.30758262099098,False
RES_5162,19.672324391452822,False
RES_5163,368.59330435888467,False
RES_5164,106.34651459190455,False
RES_5165,145.36241008960454,False
RES_5166,19.50120999868647,False
RES_5167,17.513706905978246,False
RES_5168,19.549600887954398,False
RES_5169,9.708107792111,False
RES_5170,48.489492243550124,False
RES_5171,3.033631059637581,False
RES_5172,66.82568364559525,False
RES_5173,4.557181912367108,False
RES_5174,75.16194467338536,False
RES_5175,31.278458517361713,False
RES_5176,15.777816112622832,False
RES_5177,45.35092721287169,False
RES_5178,13.862682545326539,False
RES_5179,16.75879367625918,False
RES_5180,15.59425553697518,False
RES_5181,30.52823255627454,False
RES_5182,18.57179937359172,False
RES_5183,9.540364644477606,False
RES_5184,30.75135257803072,False
RES_5185,6.53916601770946,False
RES_5186,8.142626796525228,False
RES_5187,18.351357911227304,False
RES_5188,32.80486190425674,False
RES_5189,10.995950218213933,False
RES_5190,290.6615913232343,False
RES_5191,30.02877770557216,False
RES_5192,26.266366796180737,False
RES_5193,3.6230834127755043,False
RES_5194,13.749006435105574,False
RES_5195,11.32269803094231,False
RES_5196,110.86225486492445,False
RES_5197,37.15959468582832,False
RES_5198,237.29550749771553,False
RES_5199,43.872241601309995,False
RES_5200,147.55779291146408,False
RES_5201,7.8405770528564735,False
RES_5202,39.034410020756354,False
RES_5203,95.77487818064992,False
RES_5204,16.864684801238713,False
RES_5205,62.054711371060854,False
RES_5206,13.8205608387013,False
RES_5207,6.193090424738955,False
RES_5208,54.56419494883385,False
RES_5209,5.664724780218533,False
RES_5210,5.1666857080063595,False
RES_5211,89.64276960012543,False
RES_5212,16.68687092675825,False
RES_5213,63.88342906008306,False
RES_5214,37.49607957246912,False
RES_5215,99.16305763222714,False
RES_5216,45.44640813045373,False
RES_5217,18.521942332158943,False
RES_5218,0.9034867148862596,False
RES_5219,97.65094463858131,False
RES_5220,17.06464321605608,False
RES_5221,2.2799263523147255,False
RES_5222,25.79709305518341,False
RES_5223,7.763478890308223,False
RES_5224,11.020053521316955,False
RES_5225,11.884997205109917,False
RES_5226,39.86971757026175,False
RES_5227,42.092631017084464,False
RES_5228,9.676339915820785,False
RES_5229,20.514336572180575,False
RES_5230,4.985780627812977,False
RES_5231,4.829040424485904,False
RES_5232,208.97821750642566,False
RES_5233,2.2133205474976436,False
RES_5234,27.9164718579549,False
RES_5235,48.79174006913185,False
RES_5236,45.93344362856471,False
RES_5237,29.64271282849427,False
RES_5238,13.198178796587266,False
RES_5239,4.983672899140479,False
RES_5240,116.61709543444788,False
RES_5241,715.017489824682,False
RES_5242,57.54567950687281,False
RES_5243,2.381455326952702,False
RES_5244,41.35728138060537,False
RES_5245,12.37860363836582,False
RES_5246,37.20232344121357,False
RES_5247,142.70228943171168,False
RES_5248,32.19208342207751,False
RES_5249,76.66174126738741,False
RES_5250,39.60872123771638,False
RES_5251,41.95187725039879,False
RES_5252,3.1662119058807656,False
RES_5253,48.81920770484938,False
RES_5254,29.392357725088836,False
RES_5255,9.18177874779657,False
RES_5256,17.91336086548644,False
RES_5257,36.23208071241196,False
RES_5258,33.00944243596129,False
RES_5259,48.102050983070384,False
RES_5260,8.582921803263485,False
RES_5261,15.689660263867628,False
RES_5262,11.187211602188903,False
RES_5263,31.58939962982685,False
RES_5264,94.62799908386911,False
RES_5265,12.256651747545483,False
RES_5266,65.0208324205618,False
RES_5267,231.05748089591535,False
RES_5268,21.55722754188087,False
RES_5269,61.489660395942266,False
RES_5270,32.77757316302329,False
RES_5271,280.08807896975935,False
RES_5272,37.825898712962264,False
RES_5273,51.37068965286509,False
RES_5274,15.788706081694036,False
RES_5275,19.26565545580222,False
RES_5276,30.04678078061791,False
RES_5277,51.87532616768771,False
RES_5278,42.52447784263924,False
RES_5279,42.28662287496037,False
RES_5280,37.10535139804327,False
RES_5281,13.521464444002207,False
RES_5282,53.62750187644143,False
RES_5283,7.57624018724493,False
RES_5284,61.65039583791709,False
RES_5285,10.53023302250028,False
RES_5286,6.370764296061375,False
RES_5287,21.48784374705537,False
RES_5288,20.764643286422096,False
RES_5289,31.810291539411292,False
RES_5290,76.36703609591501,False
RES_5291,24.934006199799715,False
RES_5292,10.155580562013586,False
RES_5293,4.5261299302021145,False
RES_5294,10.86000209272196,False
RES_5295,12.528682439772705,False
RES_5296,15.50600375558441,False
RES_5297,95.83497425542596,False
RES_5298,35.18952737767898,False
RES_5299,8.45337373338569,False
RES_5300,5.91001459265474,False
RES_5301,26.361251076224736,False
RES_5302,36.448877924767835,False
RES_5303,11.115679139014565,False
RES_5304,26.46685300730395,False
RES_5305,1.6489715137121057,False
RES_5306,12.38507057618216,False
RES_5307,13.623822387863981,False
RES_5308,11.57501029834326,False
RES_5309,120.62002716280908,False
RES_5310,23.808981374755408,False
RES_5311,52.62690162678657,False
RES_5312,7.858226361312154,False
RES_5313,28.088978643180152,False
RES_5314,10.459290052016826,False
RES_5315,27.352169818665544,False
RES_5316,36.9586205006105,False
RES_5317,38.42090529370861,False
RES_5318,11.506616880131814,False
RES_5319,689.167822152505,False
RES_5320,69.25821708334072,False
RES_5321,64.08031773770549,False
RES_5322,10.661142741515235,False
RES_5323,50.80280289408888,False
RES_5324,32.17767572565813,False
RES_5325,36.685815678184035,False
RES_5326,47.6304949119608,False
RES_5327,80.46248995958622,False
RES_5328,18.073503561299216,False
RES_5329,49.10560688631013,False
RES_5330,12.76979035079328,False
RES_5331,19.870766411840307,False
RES_5332,25.261182025570463,False
RES_5333,56.98291187846995,False
RES_5334,8.835166984635743,False
RES_5335,18.154519735937512,False
RES_5336,21.01237681266165,False
RES_5337,9.907741862265137,False
RES_5338,33.709373490625026,False
RES_5339,11.5262558155534,False
RES_5340,8.457254254746172,False
RES_5341,15.834643367763064,False
RES_5342,20.359110556263772,False
RES_5343,35.444468479035315,False
RES_5344,25.04748912492055,False
RES_5345,70.70453225102638,False
RES_5346,23.640659347354575,False
RES_5347,18.348075550248517,False
RES_5348,9.99151617666764,False
RES_5349,6.043402700770575,False
RES_5350,9.780235255323808,False
RES_5351,38.02013636540054,False
RES_5352,5.080432585215506,False
RES_5353,13.844240226388584,False
RES_5354,19.01179972176809,False
RES_5355,31.024253983828554,False
RES_5356,10.100849265477416,False
RES_5357,9.999246825373117,False
RES_5358,11.958408694473807,False
RES_5359,37.59734973850202,False
RES_5360,29.868542491179163,False
RES_5361,10.366835631685234,False
RES_5362,11.487228680077537,False
RES_5363,24.200557619230725,False
RES_5364,34.638462234893666,False
RES_5365,2.4640680287790775,False
RES_5366,15.136036720349637,False
RES_5367,2.781274924877158,False
RES_5368,2.4526774599034127,False
RES_5369,50.48999043110309,False
RES_5370,16.214435989543745,False
RES_5371,10.314123193667193,False
RES_5372,24.00834957689269,False
RES_5373,12.491195378739507,False
RES_5374,108.12865645415803,False
RES_5375,13.515308378690905,False
RES_5376,13.875755114015742,False
RES_5377,68.50311580144083,False
RES_5378,58.772179946623545,False
RES_5379,27.14341429806114,False
RES_5380,68.77864390639336,False
RES_5381,35.16350387067453,False
RES_5382,18.25446028570653,False
RES_5383,65.35025481069638,False
RES_5384,26.937884344169287,False
RES_5385,39.076966090075594,False
RES_5386,16.260280651020555,False
RES_5387,6.211888283732361,False
RES_5388,2.8086237561730663,False
RES_5389,85.1485343615307,False
RES_5390,44.787384995878114,False
RES_5391,17.91054208744513,False
RES_5392,1.5270136293049026,False
RES_5393,7.2397253253601646,False
RES_5394,3.63544798923276,False
RES_5395,24.598753588986824,False
RES_5396,44.09104997792046,False
RES_5397,25.346967539970006,False
RES_5398,8.04370748918821,False
RES_5399,3.757080573901813,False
RES_5400,34.74066142451111,False
RES_5401,56.52342095379148,False
RES_5402,97.45838821054704,False
RES_5403,2.337884995811443,False
RES_5404,11.480824071979944,False
RES_5405,6.7663756169044165,False
RES_5406,25.63075077809641,False
RES_5407,78.21352505956371,False
RES_5408,5.729216868431803,False
RES_5409,33.2371872436619,False
RES_5410,42.319451618000755,False
RES_5411,13.078275516949558,False
RES_5412,24.405391215457335,False
RES_5413,7.105257349477548,False
RES_5414,38.347855141941274,False
RES_5415,26.728719986011928,False
RES_5416,25.15915942257744,False
RES_5417,9.51851494515468,False
RES_5418,19.560384115976756,False
RES_5419,70.76339755223346,False
RES_5420,102.2792643879841,False
RES_5421,74.91691598990116,False
RES_5422,18.414969742784134,False
RES_5423,102.99465731949512,False
RES_5424,5.61053887016393,False
RES_5425,1.4418690606065852,False
RES_5426,3.8097220426337763,False
RES_5427,10.611371710085276,False
RES_5428,40.99947894672472,False
RES_5429,108.24106445836438,False
RES_5430,50.041203695169074,False
RES_5431,29.428961279720617,False
RES_5432,61.861843185451406,False
RES_5433,8.239453230588069,False
RES_5434,33.542514792866086,False
RES_5435,11.475953541711117,False
RES_5436,12.435766749463777,False
RES_5437,11.201605798783431,False
RES_5438,75.64023431679456,False
RES_5439,25.781540130161538,False
RES_5440,29.340656508191074,False
RES_5441,19.489009912861142,False
RES_5442,19.343084996811548,False
RES_5443,41.11210929293973,False
RES_5444,76.94508533723024,False
RES_5445,11.819717110240047,False
RES_5446,122.59074994664014,False
RES_5447,9.925814873425312,False
RES_5448,7.948068130151947,False
RES_5449,23.291919019378334,False
RES_5450,24.65821234323664,False
RES_5451,9.424804233180415,False
RES_5452,10.71079774057152,False
RES_5453,48.38095634110034,False
RES_5454,14.12407074009767,False
RES_5455,76.37305330373192,False
RES_5456,91.81105745510999,False
RES_5457,56.010042036224554,False
RES_5458,13.839995460135247,False
RES_5459,44.483695856948046,False
RES_5460,53.07213780427027,False
RES_5461,63.17763175439583,False
RES_5462,59.37659527019666,False
RES_5463,92.85943582602924,False
RES_5464,25.28604920273813,False
RES_5465,9.375427477777315,False
RES_5466,22.299218967021773,False
RES_5467,12.739982896663165,False
RES_5468,74.23502481400371,False
RES_5469,42.22935284790256,False
RES_5470,46.262172839435515,False
RES_5471,24.41149345327525,False
RES_5472,8.943628016552367,False
RES_5473,26.973143686945576,False
RES_5474,17.355212406449198,False
RES_5475,16.365093495568182,False
RES_5476,19.043447780696585,False
RES_5477,1.6178114306452414,False
RES_5478,57.58588839116046,False
RES_5479,52.093773056066716,False
RES_5480,65.93404984065556,False
RES_5481,112.03534812655343,False
RES_5482,44.771118508405515,False
RES_5483,827.122863470673,False
RES_5484,34.518860292748066,False
RES_5485,2.5160908216813995,False
RES_5486,14.152392915070722,False
RES_5487,41.65301217007774,False
RES_5488,4.819656541337366,False
RES_5489,11.104558319934894,False
RES_5490,4.418633591796372,False
RES_5491,43.73287708323454,False
RES_5492,2.944158739687121,False
RES_5493,18.127599510727876,False
RES_5494,8.823155561627129,False
RES_5495,14.739288915632923,False
RES_5496,5.617881859188711,False
RES_5497,8.914815415933093,False
RES_5498,221.79625202801162,False
RES_5499,42.29367565295049,False
RES_5500,38.14171456704249,False
RES_5501,31.811045373995817,False
RES_5502,48.97738739992223,False
RES_5503,3.129093724981765,False
RES_5504,67.76296533644496,False
RES_5505,21.243998712166928,False
RES_5506,22.9639990080506,False
RES_5507,34.681392594380114,False
RES_5508,22.75387463677694,False
RES_5509,39.381132560346416,False
RES_5510,7.629142506395665,False
RES_5511,13.631750626066026,False
RES_5512,11.091193537539993,False
RES_5513,17.96213380786278,False
RES_5514,8.078216872779308,False
RES_5515,3.3435871233941987,False
RES_5516,5.064991677506575,False
RES_5517,10.281623045786608,False
RES_5518,50.91449650463722,False
RES_5519,10.64666728079258,False
RES_5520,31.575050842463295,False
RES_5521,28.80664545183009,False
RES_5522,24.75373084860576,False
RES_5523,26.830091033385276,False
RES_5524,15.021168646998788,False
RES_5525,5.976755522214261,False
RES_5526,6.744129118846861,False
RES_5527,27.55184774636276,False
RES_5528,0.9744247751316547,False
RES_5529,36.06022437372957,False
RES_5530,4.6262169836209495,False
RES_5531,5.375720908197847,False
RES_5532,6.521324290603635,False
RES_5533,18.573936031279107,False
RES_5534,12.376904535917628,False
RES_5535,4.377014724037113,False
RES_5536,2.4289164085433845,False
RES_5537,25.842418154558302,False
RES_5538,20.93509413873591,False
RES_5539,21.572662060767467,False
RES_5540,6.4406501634874775,False
RES_5541,41.21075559885254,False
RES_5542,12.516515442497715,False
RES_5543,7.202899884633628,False
RES_5544,15.92970901190031,False
RES_5545,44.177582417731244,False
RES_5546,9.188924529097552,False
RES_5547,11.47238273843804,False
RES_5548,6.025032948373398,False
RES_5549,88.41366381038954,False
RES_5550,27.346542896775272,False
RES_5551,6.624029618670342,False
RES_5552,34.79693718955806,False
RES_5553,22.123109812258935,False
RES_5554,11.448861764634337,False
RES_5555,2.1697619283077674,False
RES_5556,40.78324592375794,False
RES_5557,29.263739669936427,False
RES_5558,47.14029738056031,False
RES_5559,7.248073366552553,False
RES_5560,27.89412711716313,False
RES_5561,33.48098199147377,False
RES_5562,37.20023787104108,False
RES_5563,30.272847716528112,False
RES_5564,47.75350807058916,False
RES_5565,35.9038278947022,False
RES_5566,5.767415073697754,False
RES_5567,68.62110951316586,False
RES_5568,3.4740294687033058,False
RES_5569,31.6846691280843,False
RES_5570,5.535316901880655,False
RES_5571,14.226466830046101,False
RES_5572,33.494941659154655,False
RES_5573,14.25940899051196,False
RES_5574,1.316396349787625,False
RES_5575,3.897015441351598,False
RES_5576,16.047854779624053,False
RES_5577,27.982678585677064,False
RES_5578,56.98676851344,False
RES_5579,38.66209653195405,False
RES_5580,31.62543847837484,False
RES_5581,35.62628929510386,False
RES_5582,13.795362599165161,False
RES_5583,38.56538902858515,False
RES_5584,9.324764717522191,False
RES_5585,8.161309055774709,False
RES_5586,8.996065459717748,False
RES_5587,16.188191616362925,False
RES_5588,52.25374224000393,False
RES_5589,16.44840297670315,False
RES_5590,44.1999029785774,False
RES_5591,9.920061052138747,False
RES_5592,60.33719763699035,False
RES_5593,31.320053877015653,False
RES_5594,17.341095445222166,False
RES_5595,44.15009933482459,False
RES_5596,11.18928511000584,False
RES_5597,28.410598844883566,False
RES_5598,34.63653957710276,False
RES_5599,40.98339209645811,False
RES_5600,15.8049735939437,False
RES_5601,9.558001769209694,False
RES_5602,8.947890187068026,False
RES_5603,12.993183997134143,False
RES_5604,30.041237389846874,False
RES_5605,35.1249614118673,False
RES_5606,24.67587868260631,False
RES_5607,32.18419051760405,False
RES_5608,18.88820325403875,False
RES_5609,74.27049048944555,False
RES_5610,61.4981605574867,False
RES_5611,36.96398852619746,False
RES_5612,17.273319655612784,False
RES_5613,13.103600293178044,False
RES_5614,13.850279233076327,False
RES_5615,11.28430205548839,False
RES_5616,28.469217634401055,False
RES_5617,14.290535285761548,False
RES_5618,7.043280863742312,False
RES_5619,33.73850964855612,False
RES_5620,14.182676363926964,False
RES_5621,11.780178580310743,False
RES_5622,28.501842843264907,False
RES_5623,54.56175099228297,False
RES_5624,59.95850846659565,False
RES_5625,52.858901158824025,False
RES_5626,37.13466685184622,False
RES_5627,22.12645457993424,False
RES_5628,16.515535436946383,False
RES_5629,38.272116703551596,False
RES_5630,16.832013699370922,False
RES_5631,15.903515859538505,False
RES_5632,23.726677881601045,False
RES_5633,23.594294404556507,False
RES_5634,22.90042875939472,False
RES_5635,5.149132143214606,False
RES_5636,6.135735206268834,False
RES_5637,3.5707550789329505,False
RES_5638,29.3009392142667,False
RES_5639,45.37904720259531,False
RES_5640,19.105765735890945,False
RES_5641,37.439364852068586,False
RES_5642,17.27696339181448,False
RES_5643,0.9126017932939291,False
RES_5644,10.747480727751025,False
RES_5645,86.24542913853479,False
RES_5646,3.982390835592793,False
RES_5647,10.083959105293296,False
RES_5648,27.174309276530806,False
RES_5649,11.704368615238026,False
RES_5650,30.70583993154899,False
RES_5651,3865.124621886301,True
RES_5652,4298.170979070384,True
RES_5653,4556.723683839866,True
RES_5654,3596.87963127704,True
RES_5655,4371.759731135326,True
RES_5656,3626.3218907113355,True
RES_5657,4284.882556488433,True
RES_5658,3840.287957503203,True
RES_5659,6.987388762921543,False
RES_5660,42.5791841254621,False
RES_5661,8.982448475181977,False
RES_5662,97.03962155434382,False
RES_5663,8.653454737618983,False
RES_5664,24.873229411084473,False
RES_5665,26.934545335544797,False
RES_5666,33.11151436135041,False
RES_5667,2.718033897623015,False
RES_5668,20.80707120226882,False
RES_5669,47.79845858773065,False
RES_5670,4.6135204267433005,False
RES_5671,54.522689403270974,False
RES_5672,44.90259034498816,False
RES_5673,16.314583452896887,False
RES_5674,37.56239648362693,False
RES_5675,20.275111084739315,False
RES_5676,36.55886660934239,False
RES_5677,75.59425647006084,False
RES_5678,13.242203891647199,False
RES_5679,39.52025669762813,False
RES_5680,75.34154474920524,False
RES_5681,5.357145899125169,False
RES_5682,29.152607572753034,False
RES_5683,73.86586080190143,False
RES_5684,9.953304889611568,False
RES_5685,21.73059077555869,False
RES_5686,15.435702627550956,False
RES_5687,15.094658219852905,False
RES_5688,171.35096744037656,False
RES_5689,60.19042857161845,False
RES_5690,5.328369370137704,False
RES_5691,13.116978557504215,False
RES_5692,12.8065254411528,False
RES_5693,43.804431214588426,False
RES_5694,11.925023728245465,False
RES_5695,13.269952795750543,False
RES_5696,27.48995410473246,False
RES_5697,14.367075224600043,False
RES_5698,47.73025445488137,False
RES_5699,94.62637539508121,False
RES_5700,3.8075658386354063,False
RES_5701,35.73702912777703,False
RES_5702,84.98840678348037,False
RES_5703,36.17345318608759,False
RES_5704,52.21319032948533,False
RES_5705,60.346834503089,False
RES_5706,44.34840511439365,False
RES_5707,56.30769705248936,False
RES_5708,57.15080759209497,False
RES_5709,104.48009335551795,False
RES_5710,49.266443803820366,False
RES_5711,7.2617220853412645,False
RES_5712,17.13372894081394,False
RES_5713,42.90711753535545,False
RES_5714,112.54465695162685,False
RES_5715,4.3404081478669445,False
RES_5716,47.965069913069996,False
RES_5717,16.745758768911518,False
RES_5718,77.37924374347027,False
RES_5719,22.066253014108213,False
RES_5720,46.184810318757144,False
RES_5721,59.15592770758526,False
RES_5722,17.2541760895324,False
RES_5723,34.704143834659725,False
RES_5724,32.73212868255059,False
RES_5725,53.80505188216274,False
RES_5726,37.745374321788645,False
RES_5727,23.37944229321023,False
RES_5728,43.15234405591775,False
RES_5729,26.412470025995834,False
RES_5730,29.263815458547192,False
RES_5731,1.9518452227655192,False
RES_5732,10.649279454691925,False
RES_5733,4.644666321305738,False
RES_5734,22.423689766045754,False
RES_5735,14.104553299663946,False
RES_5736,32.54505350896665,False
RES_5737,33.535404263458844,False
RES_5738,4.818512733480198,False
RES_5739,29.6074661258174,False
RES_5740,14.259293257174045,False
RES_5741,13.267569972966756,False
RES_5742,25.891556826057823,False
RES_5743,23.33189158200996,False
RES_5744,24.504379762588744,False
RES_5745,50.94959646968931,False
RES_5746,17.325601039427326,False
RES_5747,6.670276966433449,False
RES_5748,13.625344340230093,False
RES_5749,16.344398178090263,False
RES_5750,45.392668182462124,False
RES_5751,3.2580275438944266,False
RES_5752,10.501519546046746,False
RES_5753,6.535200274183681,False
RES_5754,15.590469031576808,False
RES_5755,30.465363487733036,False
RES_5756,33.17775808167857,False
RES_5757,51.798824449669134,False
RES_5758,157.14921026761155,False
RES_5759,65.17768747139806,False
RES_5760,5.324099300459134,False
RES_5761,1.842511974779176,False
RES_5762,70.44262512411308,False
RES_5763,14.860614115264447,False
RES_5764,6.248651286370758,False
RES_5765,18.068582849634883,False
RES_5766,21.887781467192358,False
RES_5767,17.407874117276858,False
RES_5768,34.53989411374038,False
RES_5769,13.521765424577657,False
RES_5770,29.80911771998919,False
RES_5771,10.940452927947584,False
RES_5772,2.801550509506419,False
RES_5773,20.84994171121043,False
RES_5774,71.81725045963574,False
RES_5775,26.38210917967443,False
RES_5776,64.08866108403849,False
RES_5777,14.14173322531943,False
RES_5778,32.359554556595256,False
RES_5779,57.471429455125346,False
RES_5780,20.821876241241988,False
RES_5781,7.568421391256637,False
RES_5782,54.36035776739163,False
RES_5783,42.4702865799517,False
RES_5784,27.510263393123086,False
RES_5785,18.36326081894631,False
RES_5786,38.88063212624894,False
RES_5787,6.056244259068722,False
RES_5788,16.424487205113742,False
RES_5789,68.97565900205196,False
RES_5790,33.11997942828957,False
RES_5791,67.01195103036693,False
RES_5792,40.08976697608017,False
RES_5793,35.504467931359244,False
RES_5794,32.83723743643329,False
RES_5795,58.788779106841844,False
RES_5796,20.269694094853996,False
RES_5797,9.409776666340505,False
RES_5798,21.41463204634021,False
RES_5799,5.36558366891102,False
RES_5800,7.343106422119956,False
RES_5801,14.96271824845581,False
RES_5802,5.036525726237732,False
RES_5803,9.750370304570737,False
RES_5804,14.696001994041989,False
RES_5805,42.02236499620755,False
RES_5806,66.51814593028716,False
RES_5807,6.362988650855284,False
RES_5808,7.476665292832388,False
RES_5809,20.904370971501564,False
RES_5810,12.09297777828728,False
RES_5811,23.861430125171047,False
RES_5812,19.63505777461955,False
RES_5813,53.6105606671113,False
RES_5814,7.465463590812637,False
RES_5815,2.1591369740408184,False
RES_5816,33.295980297487084,False
RES_5817,17.853433688219145,False
RES_5818,63.94345097411712,False
RES_5819,45.212702264517084,False
RES_5820,11.77463094324611,False
RES_5821,5.778893295495363,False
RES_5822,10.483611011699193,False
RES_5823,24.682361463657596,False
RES_5824,46.76282345264552,False
RES_5825,18.09862939356938,False
RES_5826,38.977837829031,False
RES_5827,29.91677433928475,False
RES_5828,44.56628945992849,False
RES_5829,46.99066033422654,False
RES_5830,9.238999606751127,False
RES_5831,83.65250440373505,False
RES_5832,13.218544089159707,False
RES_5833,51.319583534389,False
RES_5834,20.049570221439268,False
RES_5835,22.246682671445495,False
RES_5836,19.360298699036946,False
RES_5837,26.469230254504264,False
RES_5838,27.383578387246605,False
RES_5839,7.505165727346818,False
RES_5840,6.302324559022129,False
RES_5841,16.823373401062636,False
RES_5842,8.419220592886353,False
RES_5843,43.049616996132954,False
RES_5844,45.96541121572217,False
RES_5845,15.896386257492624,False
RES_5846,20.379512101882373,False
RES_5847,57.22307605485982,False
RES_5848,27.098055954750567,False
RES_5849,10.196005471945496,False
RES_5850,24.116710139680116,False
RES_5851,25.25186666616534,False
RES_5852,21.500189847403973,False
RES_5853,114.71498605742572,False
RES_5854,14.652429913391275,False
RES_5855,70.12632068528053,False
RES_5856,21.185240426802352,False
RES_5857,9.554695962115947,False
RES_5858,46.4146951407574,False
RES_5859,22.672064208222242,False
RES_5860,7.861528798118042,False
RES_5861,14.811822122374089,False
RES_5862,20.471175793276288,False
RES_5863,6.346539470705821,False
RES_5864,22.36085268219264,False
RES_5865,33.58842727426816,False
RES_5866,35.80734894114476,False
RES_5867,28.02005090612544,False
RES_5868,20.11159533714575,False
RES_5869,20.087432917226437,False
RES_5870,29.950188063884184,False
RES_5871,13.394254713780338,False
RES_5872,7.134108109855225,False
RES_5873,1.8987440169125243,False
RES_5874,45.59934982254346,False
RES_5875,3.670812596341952,False
RES_5876,24.878500318968012,False
RES_5877,52.693948292227766,False
RES_5878,21.708255973858275,False
RES_5879,33.53104245072369,False
RES_5880,11.46758680769647,False
RES_5881,30.077212391404007,False
RES_5882,17.575936648407453,False
RES_5883,10.30303442938958,False
RES_5884,42.904994206903815,False
RES_5885,62.64989826110862,False
RES_5886,89.23703990753401,False
RES_5887,69.30930783412347,False
RES_5888,28.394100913923186,False
RES_5889,5.416731352193694,False
RES_5890,42.68407463302768,False
RES_5891,27.735576886396778,False
RES_5892,3.7358146199031914,False
RES_5893,35.402243602755874,False
RES_5894,62.599437027047145,False
RES_5895,36.36662587763341,False
RES_5896,14.08543931003005,False
RES_5897,19.657000603361162,False
RES_5898,6.690699480319388,False
RES_5899,27.57747816553453,False
RES_5900,3.8803834995195894,False
RES_5901,50.86358959264437,False
RES_5902,12.75191944295466,False
RES_5903,49.865114356422296,False
RES_5904,10.146873740834565,False
RES_5905,29.954881500210256,False
RES_5906,10.2459162531963,False
RES_5907,21.88052251719788,False
RES_5908,40.695446273339805,False
RES_5909,13.803884345418382,False
RES_5910,8.511345313040746,False
RES_5911,20.289746243979877,False
RES_5912,67.78000980442464,False
RES_5913,23.13409490539103,False
RES_5914,11.760945247342342,False
RES_5915,6.267829980511756,False
RES_5916,67.83864194369221,False
RES_5917,38.58946531757326,False
RES_5918,17.171113372038292,False
RES_5919,31.879146539712316,False
RES_5920,30.980080197818015,False
RES_5921,23.81318276976491,False
RES_5922,16.462028120849727,False
RES_5923,18.79313729075682,False
RES_5924,13.73271783001566,False
RES_5925,39.72940136693084,False
RES_5926,46.3631111034324,False
RES_5927,43.567339975262904,False
RES_5928,25.4231533836489,False
RES_5929,34.44157441418391,False
RES_5930,13.69863162580722,False
RES_5931,16.846476666656898,False
RES_5932,61.716823368826454,False
RES_5933,36.85701728232942,False
RES_5934,38.24172523799506,False
RES_5935,14.860408128568015,False
RES_5936,4.346485869703663,False
RES_5937,29.168883050308548,False
RES_5938,42.415197357523795,False
RES_5939,41.12313559889104,False
RES_5940,38.04089425546725,False
RES_5941,68.71964791949765,False
RES_5942,13.2025860768832,False
RES_5943,69.70150661763881,False
RES_5944,11.324142679854262,False
RES_5945,31.482043253256535,False
RES_5946,23.010871204165642,False
RES_5947,43.82363661363134,False
RES_5948,61.72567482159935,False
RES_5949,29.61524238194792,False
RES_5950,12.550350027712641,False
RES_5951,26.025133347630867,False
RES_5952,5.690070821972741,False
RES_5953,10.5322386268061,False
RES_5954,10.30687819156496,False
RES_5955,83.7483025043929,False
RES_5956,71.140421931711,False
RES_5957,44.27691611937057,False
RES_5958,3.25208963123745,False
RES_5959,17.904100289514346,False
RES_5960,11.36888907274332,False
RES_5961,167.91204792039358,False
RES_5962,12.684209589235229,False
RES_5963,5.681455367284225,False
RES_5964,75.29408491967341,False
RES_5965,1.6947630164489882,False
RES_5966,1.7781396055753542,False
RES_5967,5.490665057597916,False
RES_5968,32.57915552503846,False
RES_5969,4.789253805867983,False
RES_5970,42.797527354314454,False
RES_5971,60.07294457789195,False
RES_5972,99.22539829019891,False
RES_5973,14.293850136160302,False
RES_5974,20.465198579093098,False
RES_5975,26.812037316408226,False
RES_5976,15.593806556059064,False
RES_5977,76.27029331309403,False
RES_5978,18.902502812940458,False
RES_5979,7.361754427558694,False
RES_5980,14.052416593492158,False
RES_5981,24.463959618199883,False
RES_5982,12.416139045358161,False
RES_5983,23.871654095969486,False
RES_5984,61.81184961697489,False
RES_5985,18.755667389684298,False
RES_5986,23.57113021587021,False
RES_5987,18.1036572695362,False
RES_5988,9.410515065523693,False
RES_5989,37.73308750815737,False
RES_5990,12.053428319225313,False
RES_5991,7.132590414344338,False
RES_5992,4.771423721016082,False
RES_5993,10.069475628512286,False
RES_5994,6.463351064395299,False
RES_5995,37.60551690531379,False
RES_5996,55.097874919091964,False
RES_5997,14.117434483003995,False
RES_5998,23.956014554524586,False
RES_5999,6.541749449255945,False
RES_6000,0.9890848181486349,False
RES_6001,36.00058176200094,False
RES_6002,22.138452131141882,False
RES_6003,60.902051045739384,False
RES_6004,6.303251217276618,False
RES_6005,2.78248922706023,False
RES_6006,43.849539665180764,False
RES_6007,30.788211318679245,False
RES_6008,62.58647586151969,False
RES_6009,8.424061224537144,False
RES_6010,29.503542199954076,False
RES_6011,31.18499816592043,False
RES_6012,8.953108812863524,False
RES_6013,26.018016716171793,False
RES_6014,19.890328809543053,False
RES_6015,94.42106500880979,False
RES_6016,8.12435395018346,False
RES_6017,39.59704481995418,False
RES_6018,14.76565069723514,False
RES_6019,14.674443201502152,False
RES_6020,65.38481023915372,False
RES_6021,50.15148985457261,False
RES_6022,5.632236122494269,False
RES_6023,30.334470127899074,False
RES_6024,4.570610510035058,False
RES_6025,36.639591195544384,False
RES_6026,27.943631788402,False
RES_6027,5.781415739794779,False
RES_6028,13.54946748934589,False
RES_6029,8.583156214151806,False
RES_6030,32.03067556943681,False
RES_6031,17.039367138839232,False
RES_6032,10.508278462716898,False
RES_6033,52.036481115480186,False
RES_6034,18.557964708122046,False
RES_6035,13.661505304516016,False
RES_6036,74.27764323172656,False
RES_6037,26.43564767127333,False
RES_6038,21.7619036020661,False
RES_6039,10.763380570515157,False
RES_6040,65.4909030149983,False
RES_6041,32.28216478660835,False
RES_6042,8.88065774669915,False
RES_6043,10.832958429669501,False
RES_6044,82.17355454584043,False
RES_6045,63.08569547295637,False
RES_6046,71.09810309331826,False
RES_6047,13.689109023597755,False
RES_6048,8.183354452345,False
RES_6049,20.075487285163156,False
RES_6050,21.87899474061657,False
RES_6051,26.291374733447835,False
RES_6052,16.493844938234055,False
RES_6053,19.38260696294522,False
RES_6054,3.0791808342147498,False
RES_6055,19.417145316395196,False
RES_6056,34.26315463538274,False
RES_6057,8.292882771531007,False
RES_6058,21.58843454687508,False
RES_6059,7.87703516924349,False
RES_6060,26.025306360268896,False
RES_6061,128.6629155103333,False
RES_6062,7.501424050663821,False
RES_6063,38.58325651382929,False
RES_6064,53.63154264016141,False
RES_6065,57.18404398482869,False
RES_6066,2.7731334089303443,False
RES_6067,28.924787173058736,False
RES_6068,1.688871103427846,False
RES_6069,6.30563354733192,False
RES_6070,7.15532815450198,False
RES_6071,12.205329356260021,False
RES_6072,24.89271766448667,False
RES_6073,67.2995229779019,False
RES_6074,27.492634988708645,False
RES_6075,3.3786282383790027,False
RES_6076,5.398372326684085,False
RES_6077,23.584029772317635,False
RES_6078,14.805629756035572,False
RES_6079,22.491164018056974,False
RES_6080,13.487028086112785,False
RES_6081,14.633749299454449,False
RES_6082,33.73753733984674,False
RES_6083,128.98264974913366,False
RES_6084,24.111052648864256,False
RES_6085,14.181064354822938,False
RES_6086,12.985406140129356,False
RES_6087,37.221108892388244,False
RES_6088,7.876202978759849,False
RES_6089,2.9277847336616065,False
RES_6090,19.07794002861283,False
RES_6091,3.0389280277328328,False
RES_6092,8.07263296144418,False
RES_6093,43.2891921682624,False
RES_6094,88.01125702722968,False
RES_6095,42.403083563264104,False
RES_6096,22.950513890954483,False
RES_6097,47.023139053657616,False
RES_6098,109.5673385657771,False
RES_6099,109.46831211219573,False
RES_6100,34.985282075877386,False
RES_6101,41.602788865009025,False
RES_6102,75.1408088543131,False
RES_6103,76.0922219343313,False
RES_6104,12.86238810592939,False
RES_6105,55.96720822581835,False
RES_6106,8.839195244024863,False
RES_6107,68.69269050459742,False
RES_6108,69.2560053493319,False
RES_6109,7.258352746789862,False
RES_6110,154.15632782259974,False
RES_6111,45.26170275532227,False
RES_6112,32.91845454619523,False
RES_6113,23.944790945077283,False
RES_6114,33.019678332710725,False
RES_6115,24.219731603855834,False
RES_6116,93.56472519936854,False
RES_6117,17.668033817147684,False
RES_6118,28.622187039690896,False
RES_6119,49.336817246936135,False
RES_6120,32.04800306769982,False
RES_6121,10.778720524873249,False
RES_6122,34.78651246902332,False
RES_6123,11.309787710858636,False
RES_6124,42.55026489151333,False
RES_6125,20.774563633743757,False
RES_6126,100.46991593806938,False
RES_6127,47.02328644947648,False
RES_6128,41.02620673617984,False
RES_6129,11.713075928220734,False
RES_6130,77.63670083373263,False
RES_6131,42.4593465056664,False
RES_6132,41.84276508031508,False
RES_6133,12.918901924390372,False
RES_6134,133.9445762789757,False
RES_6135,23.086513689693053,False
RES_6136,16.47714873520927,False
RES_6137,116.15461331971962,False
RES_6138,3.955028519844051,False
RES_6139,17.847665328687217,False
RES_6140,8.861293340990459,False
RES_6141,36.66736191533066,False
RES_6142,8.379320603673555,False
RES_6143,11.307933587347138,False
RES_6144,56.16375119069586,False
RES_6145,56.66835310684501,False
RES_6146,47.537590206195475,False
RES_6147,6.3549370001091345,False
RES_6148,50.423429552289385,False
RES_6149,12.618478587237561,False
RES_6150,54.96524067846762,False
RES_6151,34.44704627539632,False
RES_6152,60.985637857809806,False
RES_6153,15.30437487560779,False
RES_6154,37.53553442405994,False
RES_6155,37.09455640194509,False
RES_6156,18.679716157090116,False
RES_6157,53.69906440887213,False
RES_6158,6.639734485464865,False
RES_6159,16.971463205615308,False
RES_6160,10.405127026219583,False
RES_6161,53.58979981332813,False
RES_6162,77.45126358861683,False
RES_6163,124.26923232850343,False
RES_6164,54.71588565803731,False
RES_6165,43.33356912529424,False
RES_6166,23.91309395857613,False
RES_6167,23.913776758667566,False
RES_6168,45.3627165029498,False
RES_6169,7.914008438824262,False
RES_6170,24.126907726120475,False
RES_6171,20.92483406679781,False
RES_6172,51.77838702725512,False
RES_6173,31.172141959769927,False
RES_6174,38.34973630971843,False
RES_6175,14.577093479974074,False
RES_6176,18.375058159311287,False
RES_6177,51.33823321072311,False
RES_6178,46.52318104331863,False
RES_6179,94.89707566719156,False
RES_6180,25.240720453151408,False
RES_6181,41.265844299301094,False
RES_6182,12.790427299968979,False
RES_6183,18.30193377302815,False
RES_6184,5.380621891707083,False
RES_6185,42.48764441906366,False
RES_6186,48.65920526815338,False
RES_6187,0.2718901814892753,False
RES_6188,1.7616472504904896,False
RES_6189,17.372124326774443,False
RES_6190,3.7130734091472943,False
RES_6191,95.35018599345717,False
RES_6192,62.38677892282579,False
RES_6193,6.2269244177000775,False
RES_6194,13.518119972785346,False
RES_6195,50.9603090668988,False
RES_6196,65.59140786818796,False
RES_6197,72.37339428560905,False
RES_6198,22.509417311493866,False
RES_6199,14.789755427534395,False
RES_6200,14.500056253083693,False
RES_6201,25.341468490691753,False
RES_6202,22.8016625805387,False
RES_6203,25.709948066328987,False
RES_6204,28.06120946465812,False
RES_6205,13.010850821882459,False
RES_6206,108.0530992383573,False
RES_6207,15.0426871782343,False
RES_6208,54.04045228202044,False
RES_6209,13.618312745626891,False
RES_6210,21.913526252291668,False
RES_6211,64.50951766600718,False
RES_6212,101.06251556006255,False
RES_6213,21.685063908898066,False
RES_6214,44.05246376804543,False
RES_6215,20.054846339078193,False
RES_6216,38.27159308087815,False
RES_6217,52.80846351395469,False
RES_6218,12.732692641132102,False
RES_6219,8.211607488972774,False
RES_6220,28.671838762377565,False
RES_6221,6.9257848455880735,False
RES_6222,15.772132969288176,False
RES_6223,11.460193825856468,False
RES_6224,8.457459923244025,False
RES_6225,73.99696699181267,False
RES_6226,64.41523196088092,False
RES_6227,26.548429159807704,False
RES_6228,6.795265315459104,False
RES_6229,10.136116941725819,False
RES_6230,66.93542868987447,False
RES_6231,80.97672258364612,False
RES_6232,34.560303641967955,False
RES_6233,5.744605859251118,False
RES_6234,20.75839021481689,False
RES_6235,17.034852548426233,False
RES_6236,10.375475609516199,False
RES_6237,15.42511457616876,False
RES_6238,20.778450743924456,False
RES_6239,9.863398776690698,False
RES_6240,11.51999326780596,False
RES_6241,52.39747822178593,False
RES_6242,38.87820150063971,False
RES_6243,23.66532202455039,False
RES_6244,44.64216153802866,False
RES_6245,15.24928821384523,False
RES_6246,19.938424550778755,False
RES_6247,5.330454993659458,False
RES_6248,46.46566844561399,False
RES_6249,7.839780111362403,False
RES_6250,78.24628915834461,False
RES_6251,55.33549450226573,False
RES_6252,35.19679231955495,False
RES_6253,21.95956715998785,False
RES_6254,7.800799907915192,False
RES_6255,20.330669972305152,False
RES_6256,23.656984116580514,False
RES_6257,26.107482509909413,False
RES_6258,7.978885742207668,False
RES_6259,5.2999333342386565,False
RES_6260,13.053683362511144,False
RES_6261,7.35169670469449,False
RES_6262,16.225862309749804,False
RES_6263,7.208532187966255,False
RES_6264,48.23876701154955,False
RES_6265,9.26983286285719,False
RES_6266,12.244448903431877,False
RES_6267,4.587474483413894,False
RES_6268,28.53257554066961,False
RES_6269,22.722846285045808,False
RES_6270,10.600044424975918,False
RES_6271,8.36619457906401,False
RES_6272,70.33189617729523,False
RES_6273,35.4132083421974,False
RES_6274,31.316387269824485,False
RES_6275,10.025186871066,False
RES_6276,16.606881691853935,False
RES_6277,9.915446306291724,False
RES_6278,14.544616835414846,False
RES_6279,10.269519044003522,False
RES_6280,34.140447886655835,False
RES_6281,55.30325681831004,False
RES_6282,21.455974004582245,False
RES_6283,10.672897183629354,False
RES_6284,14.993283072059413,False
RES_6285,25.051341857967138,False
RES_6286,41.35521947794469,False
RES_6287,26.58942240610894,False
RES_6288,18.30082678312112,False
RES_6289,61.88290334314195,False
RES_6290,22.823319160432945,False
RES_6291,6.90634704202327,False
RES_6292,19.304969946500137,False
RES_6293,16.919913324672212,False
RES_6294,4.348384668460828,False
RES_6295,78.30708097167762,False
RES_6296,17.43283923332898,False
RES_6297,18.254997465483832,False
RES_6298,20.424156443431123,False
RES_6299,12.20627147947828,False
RES_6300,21.963012626338273,False
RES_6301,32.694658651850155,False
RES_6302,82.47347928776823,False
RES_6303,14.818620278979065,False
RES_6304,19.57199071314649,False
RES_6305,23.431791933656417,False
RES_6306,49.26205017700099,False
RES_6307,17.41568184808459,False
RES_6308,32.38038800706797,False
RES_6309,27.55525728777681,False
RES_6310,12.08764930839763,False
RES_6311,5.919790365986765,False
RES_6312,16.714886533186036,False
RES_6313,8.098472799917834,False
RES_6314,37.8292145991111,False
RES_6315,12.133961295204736,False
RES_6316,8.471279799487267,False
RES_6317,17.174759977418546,False
RES_6318,77.89735634836175,False
RES_6319,18.616413811954292,False
RES_6320,20.311819571009625,False
RES_6321,1.650302750652567,False
RES_6322,54.48180730372367,False
RES_6323,64.34127692458804,False
RES_6324,43.07958697724538,False
RES_6325,16.09156424315719,False
RES_6326,203.8316961208711,False
RES_6327,1.2115495013830553,False
RES_6328,38.669025228324706,False
RES_6329,52.271486759480354,False
RES_6330,29.43563350208521,False
RES_6331,62.52767777541749,False
RES_6332,19.20543814056317,False
RES_6333,5.66400889934145,False
RES_6334,144.34962237792132,False
RES_6335,50.717822857729956,False
RES_6336,12.13889192635017,False
RES_6337,20.161603666255225,False
RES_6338,18.36990433452981,False
RES_6339,35.68330635295172,False
RES_6340,1.5605686513952528,False
RES_6341,6.815193875567343,False
RES_6342,10.258999672258033,False
RES_6343,0.7314843778880046,False
RES_6344,11.597989082303855,False
RES_6345,4.717660263966691,False
RES_6346,28.1283358380811,False
RES_6347,10.919009740016213,False
RES_6348,9.232947409938559,False
RES_6349,21.89524750053941,False
RES_6350,5.7365743809969105,False
RES_6351,66.16222738000829,False
RES_6352,25.277912165690424,False
RES_6353,17.33466406881152,False
RES_6354,26.64945399550194,False
RES_6355,6.54194488262139,False
RES_6356,65.32471454950962,False
RES_6357,44.144767677290744,False
RES_6358,18.023512406776504,False
RES_6359,3.2554971200494203,False
RES_6360,45.819591770759565,False
RES_6361,38.04094992045693,False
RES_6362,13.760097825920296,False
RES_6363,34.524353212307716,False
RES_6364,11.634963219097044,False
RES_6365,18.34128121618481,False
RES_6366,10.45624995482948,False
RES_6367,17.473070753264974,False
RES_6368,19.140955075588558,False
RES_6369,8.031543433398106,False
RES_6370,6.154334651462475,False
RES_6371,16.63780194529143,False
RES_6372,25.85138042817028,False
RES_6373,19.57044577370769,False
RES_6374,11.871118255458581,False
RES_6375,19.64250470594264,False
RES_6376,20.267446019375264,False
RES_6377,28.314489088912218,False
RES_6378,32.45812484090924,False
RES_6379,101.21117599531958,False
RES_6380,10.202239747127251,False
RES_6381,65.01682150860272,False
RES_6382,10.14810168758352,False
RES_6383,25.46200234067844,False
RES_6384,18.238454246621483,False
RES_6385,37.253832374889534,False
RES_6386,9.862618978936469,False
RES_6387,40.47395017737003,False
RES_6388,16.493620917428068,False
RES_6389,13.224703365233836,False
RES_6390,13.890476457065882,False
RES_6391,72.58970572957281,False
RES_6392,23.65919939647232,False
RES_6393,92.81984015411473,False
RES_6394,45.53832213160571,False
RES_6395,5.873656070112764,False
RES_6396,15.697157284039907,False
RES_6397,62.158996282955634,False
RES_6398,23.712770223831438,False
RES_6399,18.393580471784055,False
RES_6400,36.16366421609955,False
RES_6401,75.56028558260795,False
RES_6402,5.915403915203472,False
RES_6403,13.930311114307678,False
RES_6404,10.855088849419737,False
RES_6405,33.30175602548497,False
RES_6406,21.502792470573624,False
RES_6407,20.893492834424027,False
RES_6408,17.943954179630698,False
RES_6409,16.476378818549243,False
RES_6410,22.03770544357631,False
RES_6411,40.15898140194381,False
RES_6412,31.632377336701463,False
RES_6413,71.00275055815463,False
RES_6414,50.80969994179637,False
RES_6415,5.702062923874205,False
RES_6416,28.29150465313882,False
RES_6417,2.508802827423164,False
RES_6418,22.02702877854937,False
RES_6419,19.31861229855521,False
RES_6420,41.67361825708614,False
RES_6421,42.51362663388869,False
RES_6422,20.100263655075945,False
RES_6423,29.757086480689875,False
RES_6424,46.05283072824688,False
RES_6425,15.069907069103007,False
RES_6426,3.948014786349899,False
RES_6427,17.36633667169914,False
RES_6428,28.464242771005765,False
RES_6429,32.913141436030315,False
RES_6430,32.170686798599476,False
RES_6431,46.975766042211376,False
RES_6432,25.43776798732851,False
RES_6433,2.7996010551230635,False
RES_6434,74.44618583625382,False
RES_6435,76.77601148212395,False
RES_6436,43.625966470783524,False
RES_6437,80.08476608397244,False
RES_6438,21.759511695487326,False
RES_6439,39.666977201288766,False
RES_6440,9.614959365068746,False
RES_6441,77.17512580822144,False
RES_6442,13.693277027347918,False
RES_6443,12.139967995913612,False
RES_6444,14.375087952088338,False
RES_6445,32.95085209722345,False
RES_6446,38.92532793920918,False
RES_6447,65.7872848419263,False
RES_6448,112.4916479207269,False
RES_6449,47.75522928412031,False
RES_6450,53.51881494069804,False
RES_6451,5.403443667803239,False
RES_6452,30.655541947531816,False
RES_6453,74.41395815654448,False
RES_6454,63.522837624493036,False
RES_6455,18.457906867847974,False
RES_6456,20.75807834348625,False
RES_6457,21.94709801099764,False
RES_6458,49.65852711938792,False
RES_6459,17.561587612994675,False
RES_6460,23.73418651202432,False
RES_6461,40.4542732051106,False
RES_6462,66.33718212957261,False
RES_6463,21.141253456047306,False
RES_6464,52.7495499572135,False
RES_6465,21.82311930844263,False
RES_6466,36.66590992001701,False
RES_6467,22.909403547376893,False
RES_6468,21.622729273696642,False
RES_6469,44.42638982717922,False
RES_6470,28.76352813403922,False
RES_6471,11.536317197724925,False
RES_6472,45.68912931996162,False
RES_6473,44.39584768153288,False
RES_6474,13.604724270039162,False
RES_6475,21.281465419129155,False
RES_6476,65.4814071292036,False
RES_6477,24.709328546060764,False
RES_6478,31.66637479236069,False
RES_6479,85.80668924029136,False
RES_6480,66.06509031051436,False
RES_6481,4.398664942491808,False
RES_6482,7.171939152899305,False
RES_6483,14.20796555680658,False
RES_6484,34.76032793312213,False
RES_6485,4.469908375932378,False
RES_6486,42.95557155090973,False
RES_6487,35.93107389786361,False
RES_6488,11.73166468079747,False
RES_6489,20.072976490195206,False
RES_6490,30.27741138242777,False
RES_6491,41.65884635098303,False
RES_6492,6.184606221236875,False
RES_6493,30.597547467049335,False
RES_6494,33.665423387405944,False
RES_6495,15.940896499188959,False
RES_6496,37.798621650464554,False
RES_6497,4.717533746320307,False
RES_6498,2.1183792771873113,False
RES_6499,15.976979023292762,False
RES_6500,47.77738477520221,False
RES_6501,17.557225279456436,False
RES_6502,4.2465257453528125,False
RES_6503,23.251669888496572,False
RES_6504,4.5278811053274755,False
RES_6505,41.423894216515585,False
RES_6506,5.468819307194042,False
RES_6507,26.301779717587507,False
RES_6508,66.42211662536688,False
RES_6509,4.204261943840093,False
RES_6510,4.027843819067945,False
RES_6511,7.886269175219457,False
RES_6512,16.54947290133265,False
RES_6513,14.334966122516727,False
RES_6514,34.01140546086488,False
RES_6515,8.877687676513775,False
RES_6516,6.142808990304745,False
RES_6517,44.928652547275064,False
RES_6518,51.02273197021435,False
RES_6519,25.021292144340475,False
RES_6520,14.967811942661589,False
RES_6521,48.27250577155443,False
RES_6522,46.299324140812885,False
RES_6523,56.81586766852295,False
RES_6524,57.857125618502444,False
RES_6525,7.934632709737373,False
RES_6526,29.522644212157324,False
RES_6527,63.348660804465034,False
RES_6528,25.66953036295912,False
RES_6529,26.410731785463422,False
RES_6530,21.37793457263208,False
RES_6531,13.819303400602069,False
RES_6532,49.86285386785949,False
RES_6533,31.638708696589273,False
RES_6534,30.778234829954915,False
RES_6535,56.32020981885782,False
RES_6536,35.41538637599315,False
RES_6537,64.23881134233619,False
RES_6538,44.60512573394631,False
RES_6539,18.927423141832993,False
RES_6540,27.785488954746228,False
RES_6541,27.345020608771517,False
RES_6542,98.28811656249295,False
RES_6543,104.57137790635787,False
RES_6544,48.05204755764237,False
RES_6545,7.818450284469361,False
RES_6546,26.51964625229531,False
RES_6547,14.292646795149787,False
RES_6548,76.29255809422914,False
RES_6549,23.064094053385972,False
RES_6550,30.55964931038526,False
RES_6551,25.745087691386004,False
RES_6552,40.24053589656637,False
RES_6553,84.60139890780916,False
RES_6554,48.746656617093,False
RES_6555,22.641160082675157,False
RES_6556,78.13273262355605,False
RES_6557,16.94452202764438,False
RES_6558,31.718130380599785,False
RES_6559,16.50481806586682,False
RES_6560,3.4725287339052238,False
RES_6561,82.63692790032978,False
RES_6562,14.327796618502783,False
RES_6563,26.19341766843968,False
RES_6564,60.878497929975936,False
RES_6565,22.37335552524936,False
RES_6566,18.952108362020784,False
RES_6567,11.669435198843058,False
RES_6568,50.95937131734387,False
RES_6569,3.819271350978491,False
RES_6570,33.20010208101242,False
RES_6571,15.683372919557113,False
RES_6572,70.34419045141297,False
RES_6573,41.42064112224344,False
RES_6574,12.486915886692158,False
RES_6575,62.76441506255293,False
RES_6576,45.36849900939165,False
RES_6577,56.16464186501098,False
RES_6578,20.516304445563605,False
RES_6579,33.43392711420567,False
RES_6580,44.447524380792,False
RES_6581,16.383285660265027,False
RES_6582,6.847237139329507,False
RES_6583,56.42557452187403,False
RES_6584,90.02433303218474,False
RES_6585,41.96601276330055,False
RES_6586,19.22302848772885,False
RES_6587,51.84135623355404,False
RES_6588,104.5278614533756,False
RES_6589,58.42284055202335,False
RES_6590,66.95698619189278,False
RES_6591,37.309699801767906,False
RES_6592,30.499764554040315,False
RES_6593,28.7383729648539,False
RES_6594,76.30816485321556,False
RES_6595,18.97084118358421,False
RES_6596,12.222233063047426,False
RES_6597,43.09385138918472,False
RES_6598,60.170692113097985,False
RES_6599,13.642701987121988,False
RES_6600,2.5477504251055705,False
RES_6601,30.464219416187106,False
RES_6602,25.759857631742957,False
RES_6603,163.45993698998208,False
RES_6604,17.677155430583376,False
RES_6605,36.055132678557264,False
RES_6606,15.98498089910782,False
RES_6607,68.46766129400353,False
RES_6608,8.457775486810016,False
RES_6609,243.46601256518008,False
RES_6610,17.289385195519237,False
RES_6611,11.489956641230386,False
RES_6612,65.78497542289303,False
RES_6613,15.774848414619479,False
RES_6614,78.12646735930849,False
RES_6615,2.753856218114869,False
RES_6616,7.312492522474094,False
RES_6617,11.036485161975525,False
RES_6618,13.358783344220846,False
RES_6619,7.029802616476665,False
RES_6620,85.11996888818636,False
RES_6621,5.638809139838583,False
RES_6622,4.135208331356232,False
RES_6623,98.29582910263615,False
RES_6624,35.858300796422895,False
RES_6625,56.74469765441179,False
RES_6626,6.749248177303193,False
RES_6627,53.82324494622359,False
RES_6628,18.615517368522244,False
RES_6629,67.86401404874574,False
RES_6630,46.698921778109444,False
RES_6631,16.622173482955972,False
RES_6632,71.88783635079204,False
RES_6633,29.216250058029427,False
RES_6634,94.26024702717915,False
RES_6635,109.02161725229176,False
RES_6636,20.108422547115786,False
RES_6637,1.8773879699783658,False
RES_6638,47.24647369555134,False
RES_6639,115.20843878541032,False
RES_6640,38.78836853884921,False
RES_6641,61.68184188535831,False
RES_6642,14.830214563241874,False
RES_6643,17.847633942350456,False
RES_6644,40.348995298211484,False
RES_6645,23.308678318263254,False
RES_6646,29.09543199738684,False
RES_6647,51.306329921611265,False
RES_6648,4.0268824262160505,False
RES_6649,50.16698659460176,False
RES_6650,39.23327818860656,False
RES_6651,30.29266685390159,False
RES_6652,51.3007213336373,False
RES_6653,57.09639159408876,False
RES_6654,30.332404786330155,False
RES_6655,6.42918314059089,False
RES_6656,2.986241454480568,False
WRK_0000,56.721155167236525,False
WRK_0001,12.275653927143196,False
WRK_0002,6.119252171789679,False
WRK_0003,33.050703213115916,False
WRK_0004,4.9978367715045575,False
WRK_0005,39.26795648129119,False
WRK_0006,3.987129757493628,False
WRK_0007,26.045878312896267,False
WRK_0008,9.137873859111185,False
WRK_0009,35.553684808495525,False
WRK_0010,2.567551372591157,False
WRK_0011,10.605259272168123,False
WRK_0012,5.235906589896245,False
WRK_0013,41.39518541021836,False
WRK_0014,6.939144306058594,False
WRK_0015,4.452277914911577,False
WRK_0016,7.861843244265254,False
WRK_0017,13.80582086178307,False
WRK_0018,71.43990665299489,False
WRK_0019,10.898122068894573,False
WRK_0020,10.107919139943377,False
WRK_0021,19.185979724955484,False
WRK_0022,24.475367121457285,False
WRK_0023,20.87925946129414,False
WRK_0024,43.365210141671255,False
WRK_0025,35.603150343972054,False
WRK_0026,16.18484572860349,False
WRK_0027,73.6219338959932,False
WRK_0028,4.118293561429298,False
WRK_0029,93.02601808253375,False
WRK_0030,3.0318620315600096,False
WRK_0031,11.128787244024618,False
WRK_0032,11.75854336979811,False
WRK_0033,27.154625596000223,False
WRK_0034,17.438169567076056,False
WRK_0035,6.77854081456157,False
WRK_0036,104.234439403621,False
WRK_0037,19.622812028335925,False
WRK_0038,9.700587807907763,False
WRK_0039,36.623979333975164,False
WRK_0040,30.695466807599967,False
WRK_0041,3.7428961060684744,False
WRK_0042,40.54545072283479,False
WRK_0043,34.16848027564384,False
WRK_0044,6.708314332192035,False
WRK_0045,15.365193986138909,False
WRK_0046,5.079200044401642,False
WRK_0047,136.04239466319748,False
WRK_0048,72.64164582783319,False
WRK_0049,7.502426636226667,False
WRK_0050,221.83329275158454,False
WRK_0051,2.231043052680826,False
WRK_0052,285.67212611163063,False
WRK_0053,14.59251395563236,False
WRK_0054,350.1156484742592,False
WRK_0055,118.64833061653356,False
WRK_0056,260.46009994647676,False
WRK_0057,27.13900035594695,False
WRK_0058,33.41568368104896,False
WRK_0059,71.31985138911655,False
WRK_0060,51.102091684543275,False
WRK_0061,25.644637877947012,False
WRK_0062,23.511283157602378,False
WRK_0063,120.70785879320862,False
WRK_0064,23.163474233609996,False
WRK_0065,14.872804704191502,False
WRK_0066,16.184806342110317,False
WRK_0067,6.700844574802152,False
WRK_0068,24.69790626673507,False
WRK_0069,38.39034309323686,False
WRK_0070,22.95619786436996,False
WRK_0071,36.51075819238654,False
WRK_0072,24.79723874256078,False
WRK_0073,20.3066314715567,False
WRK_0074,42.83586770494264,False
WRK_0075,9.137181618126599,False
WRK_0076,4.789232272651059,False
WRK_0077,0.17106115944823186,False
WRK_0078,153.1317016797581,False
WRK_0079,8.125732754908146,False
WRK_0080,9.08509514033561,False
WRK_0081,86.62061064660483,False
WRK_0082,6.880200573701707,False
WRK_0083,39.761680453190635,False
WRK_0084,18.913290751309976,False
WRK_0085,11.093061999351928,False
WRK_0086,621.5735286885902,False
WRK_0087,31.280597240621685,False
WRK_0088,6.030715316685546,False
WRK_0089,47.40373719540012,False
WRK_0090,8.642812226517092,False
WRK_0091,22.649891390521592,False
WRK_0092,25.95474925724743,False
WRK_0093,8.184579521571667,False
WRK_0094,1.8697067616049077,False
WRK_0095,16.36655261818021,False
WRK_0096,140.88918080622756,False
WRK_0097,4.947329902925147,False
WRK_0098,25.054451970299496,False
WRK_0099,57.549355769259506,False
WRK_0100,52.57130323046597,False
WRK_0101,8.694029669658876,False
WRK_0102,6.50340467110594,False
WRK_0103,11.18231970698454,False
WRK_0104,51.2481951619,False
WRK_0105,297.93095605189103,False
WRK_0106,20.85858681137573,False
WRK_0107,14.147495406703834,False
WRK_0108,8.460922016789796,False
WRK_0109,162.45792276343417,False
WRK_0110,11.177680576648216,False
WRK_0111,57.008859111230386,False
WRK_0112,13.864845567613118,False
WRK_0113,66.05270783719558,False
WRK_0114,3.424993165556022,False
WRK_0115,12.909102416558111,False
WRK_0116,4.512229568525572,False
WRK_0117,4.262998817086083,False
WRK_0118,20.235940235464525,False
WRK_0119,70.82114521617378,False
WRK_0120,9.405154950001025,False
WRK_0121,63.141041259224544,False
WRK_0122,6.947035364369758,False
WRK_0123,15.751883740025335,False
WRK_0124,21.041687030850646,False
WRK_0125,28.24592625119323,False
WRK_0126,35.21959442227678,False
WRK_0127,2.5667917738157366,False
WRK_0128,4.245551422329869,False
WRK_0129,9.223242056794362,False
WRK_0130,4.032815381069801,False
WRK_0131,5.741525216165268,False
WRK_0132,11.498931755183548,False
WRK_0133,44.02274496988632,False
WRK_0134,16.374989846178824,False
WRK_0135,12.547496050437664,False
WRK_0136,13.955518397758315,False
WRK_0137,18.87519229384121,False
WRK_0138,14.664600643555472,False
WRK_0139,14.189233183250646,False
WRK_0140,10.453636672355271,False
WRK_0141,11.232735107666304,False
WRK_0142,10.66651490682579,False
WRK_0143,43.228885415044005,False
WRK_0144,24.9555513091777,False
WRK_0145,12.59976701066565,False
WRK_0146,50.63611587688386,False
WRK_0147,20.462539339222523,False
WRK_0148,9.57040378716185,False
WRK_0149,79.54541048038097,False
WRK_0150,22.471754171797432,False
WRK_0151,40.35294975413773,False
WRK_0152,53.096608187318225,False
WRK_0153,14.755002494644298,False
WRK_0154,0.9493784205830186,False
WRK_0155,55.56522184917357,False
WRK_0156,13.13059443053444,False
WRK_0157,1.3696804017215387,False
WRK_0158,23.113537873416053,False
WRK_0159,12.705625874594766,False
WRK_0160,23.079172415978228,False
WRK_0161,35.32642020067716,False
WRK_0162,9.109868536538471,False
WRK_0163,2.5412464789109834,False
WRK_0164,31.55488301837213,False
WRK_0165,8.311179157320586,False
WRK_0166,26.35536769960715,False
WRK_0167,22.97407234764543,False
WRK_0168,50.26569834346061,False
WRK_0169,11.072777168021304,False
WRK_0170,7.282462564182886,False
WRK_0171,13.089408230867987,False
WRK_0172,39.06590942916352,False
WRK_0173,19.105882113693394,False
WRK_0174,26.81553720154415,False
WRK_0175,13.069866429992787,False
WRK_0176,5.895553358321002,False
WRK_0177,14.848937004791386,False
WRK_0178,14.791840189828399,False
WRK_0179,26.169576659197062,False
WRK_0180,26.34135169800197,False
WRK_0181,13.459603884274618,False
WRK_0182,19.74246407968741,False
WRK_0183,38.61468170476655,False
WRK_0184,5.419256221657834,False
WRK_0185,18.17340782602945,False
WRK_0186,18.89141553938156,False
WRK_0187,12.248282639899367,False
WRK_0188,33.999884154896755,False
WRK_0189,6.687454397129209,False
WRK_0190,10.081489775997074,False
WRK_0191,21.835127381265227,False
WRK_0192,7.0591117724429235,False
WRK_0193,8.555597207042052,False
WRK_0194,10.481480089272376,False
WRK_0195,77.85726642189717,False
WRK_0196,13.601076839520365,False
WRK_0197,44.931846504759406,False
WRK_0198,35.377882033741294,False
WRK_0199,44.53078371584464,False
WRK_0200,2.48397179331821,False
WRK_0201,8.410422681442768,False
WRK_0202,5.858208825448991,False
WRK_0203,9.28001491409843,False
WRK_0204,8.92154601505389,False
WRK_0205,37.606102287955856,False
WRK_0206,46.405803880266234,False
WRK_0207,7.718466034333279,False
WRK_0208,7.147038032846669,False
WRK_0209,14.866539087214763,False
WRK_0210,2.18886437528425,False
WRK_0211,25.545512172017776,False
WRK_0212,444.0799148425286,False
WRK_0213,8.094475151162161,False
WRK_0214,22.039614772278426,False
WRK_0215,10.258871827430156,False
WRK_0216,30.38811894598677,False
WRK_0217,6.344319713130728,False
WRK_0218,4.120838517425661,False
WRK_0219,38.84215250771571,False
WRK_0220,16.3360479718144,False
WRK_0221,49.209115272810635,False
WRK_0222,17.617207726851348,False
WRK_0223,578.7665549995831,False
WRK_0224,33.29271662434331,False
WRK_0225,4.790478887203701,False
WRK_0226,4.495903812333201,False
WRK_0227,5.333108430045621,False
WRK_0228,52.09785608785768,False
WRK_0229,18.482041627476484,False
WRK_0230,17.418497606234517,False
WRK_0231,39.999535137121114,False
WRK_0232,74.03188047268904,False
WRK_0233,13.260518237273086,False
WRK_0234,23.332495732017765,False
WRK_0235,5.351682612135226,False
WRK_0236,3.0128035069498327,False
WRK_0237,23.477531975940725,False
WRK_0238,20.235154268916133,False
WRK_0239,16.75389670125155,False
WRK_0240,31.629141012757643,False
WRK_0241,16.142582733314917,False
WRK_0242,158.6434405642801,False
WRK_0243,49.69741697371108,False
WRK_0244,8.874188818839542,False
WRK_0245,18.234763931122252,False
WRK_0246,4.256526165242331,False
WRK_0247,15.917032429057901,False
WRK_0248,15.772736822019972,False
WRK_0249,17.968573512132142,False
WRK_0250,41.35665416819279,False
WRK_0251,13.134516363418836,False
WRK_0252,16.33007521540186,False
WRK_0253,208.94701931204023,False
WRK_0254,157.08341342993995,False
WRK_0255,32.90518187279821,False
WRK_0256,68.6607031098709,False
WRK_0257,59.250207671012156,False
WRK_0258,18.882018077172802,False
WRK_0259,10.462162103628534,False
WRK_0260,5.950762144692689,False
WRK_0261,8.063188856484048,False
WRK_0262,11.18898194387059,False
WRK_0263,15.179034841269647,False
WRK_0264,0.6265881509459281,False
WRK_0265,50.224933154662054,False
WRK_0266,39.908455795460235,False
WRK_0267,31.838758974902042,False
WRK_0268,7.232275327969733,False
WRK_0269,26.34108468289556,False
WRK_0270,15.386831615120023,False
WRK_0271,23.54031550308542,False
WRK_0272,7.694788040040057,False
WRK_0273,9.165290695414956,False
WRK_0274,57.97448523403574,False
WRK_0275,21.277505586050214,False
WRK_0276,17.854595184815537,False
WRK_0277,223.90061538406138,False
WRK_0278,55.93486378771173,False
WRK_0279,37.62264977929163,False
WRK_0280,26.367104769229314,False
WRK_0281,29.255719716073305,False
WRK_0282,13.158317604240516,False
WRK_0283,49.384162969283324,False
WRK_0284,29.95171926863587,False
WRK_0285,8.97764825979519,False
WRK_0286,4.672420558520192,False
WRK_0287,1.2351964108580922,False
WRK_0288,9.961125352609347,False
WRK_0289,10.522414838072322,False
WRK_0290,4.038318530196225,False
WRK_0291,18.39068086282017,False
WRK_0292,8.768156450826337,False
WRK_0293,41.67609538581002,False
WRK_0294,23.050730457081375,False
WRK_0295,15.169597148807489,False
WRK_0296,13.84281246057149,False
WRK_0297,84.62626323508142,False
WRK_0298,34.69819541245087,False
WRK_0299,15.001426145713255,False
WRK_0300,30.69759954688454,False
WRK_0301,16.775545176118843,False
WRK_0302,8.166717765623462,False
WRK_0303,22.501505806448264,False
WRK_0304,26.63692780074761,False
WRK_0305,46.214324093677845,False
WRK_0306,2.0070088028898905,False
WRK_0307,65.98545964761686,False
WRK_0308,63.424132577940135,False
WRK_0309,15.162731520370258,False
WRK_0310,76.48520766395427,False
WRK_0311,27.93267005940547,False
WRK_0312,6.22503154926199,False
WRK_0313,70.06001139207795,False
WRK_0314,2.4173122225887376,False
WRK_0315,67.20642810674978,False
WRK_0316,63.907110196607825,False
WRK_0317,18.52079916896692,False
WRK_0318,54.964179238639275,False
WRK_0319,19.879158992389566,False
WRK_0320,52.83483241230405,False
WRK_0321,46.22256207605568,False
WRK_0322,57.991735934484,False
WRK_0323,47.781695841010745,False
WRK_0324,9.377128015063978,False
WRK_0325,11.183479837205724,False
WRK_0326,13.935923788100528,False
WRK_0327,12.187904800510777,False
WRK_0328,14.648974133422929,False
WRK_0329,41.777947183116055,False
WRK_0330,2.177730157752369,False
WRK_0331,10.694756098410881,False
WRK_0332,5.31725491875419,False
WRK_0333,8.354609578204037,False
WRK_0334,9.917829375643839,False
WRK_0335,26.063474238203096,False
WRK_0336,2.026491652428603,False
WRK_0337,10.78755389709048,False
WRK_0338,8.537401978618696,False
WRK_0339,9.727497906334172,False
WRK_0340,43.24814901168649,False
WRK_0341,15.275411923396009,False
WRK_0342,55.87932506748371,False
WRK_0343,50.12257534851996,False
WRK_0344,13.058848125023456,False
WRK_0345,30.201584350338937,False
WRK_0346,25.903387103000224,False
WRK_0347,14.015947658179929,False
WRK_0348,5.307470696083494,False
WRK_0349,8.760275401575296,False
WRK_0350,134.51808139038909,False
WRK_0351,36.872611378270655,False
WRK_0352,23.481779503311586,False
WRK_0353,39.33684950168507,False
WRK_0354,19.828796187254113,False
WRK_0355,94.0935815045243,False
WRK_0356,122.93945909118173,False
WRK_0357,13.444997609487816,False
WRK_0358,13.127907368499828,False
WRK_0359,24.42438633879716,False
WRK_0360,16.548109306982038,False
WRK_0361,23.304937090824247,False
WRK_0362,10.010484580971688,False
WRK_0363,2.3653908347671986,False
WRK_0364,73.63120853093936,False
WRK_0365,14.456466595506718,False
WRK_0366,40.42437447313786,False
WRK_0367,150.2946675724108,False
WRK_0368,24.621818273361868,False
WRK_0369,10.114746251973813,False
WRK_0370,50.559396377046944,False
WRK_0371,36.552468096595796,False
WRK_0372,17.936140474324727,False
WRK_0373,67.86788820129858,False
WRK_0374,24.00524890448479,False
WRK_0375,2.503361793891251,False
WRK_0376,47.717477259311906,False
WRK_0377,3.326045973634656,False
WRK_0378,45.97479325389702,False
WRK_0379,1859.04280284712,True
WRK_0380,21.98760490401179,False
WRK_0381,49.405719885054246,False
WRK_0382,2810.6051880345,True
WRK_0383,8.015998695090449,False
WRK_0384,5.7602261291439145,False
WRK_0385,12.505451477173533,False
WRK_0386,17.503234124142477,False
WRK_0387,2921.624303592893,True
WRK_0388,67.47771395265276,False
WRK_0389,80.61054618344714,False
WRK_0390,12.997334752752893,False
WRK_0391,12.674250370419932,False
WRK_0392,36.11724396218059,False
WRK_0393,18.130199350061606,False
WRK_0394,10.504078645281153,False
WRK_0395,2.089419881572715,False
WRK_0396,34.083945508814345,False
WRK_0397,4.5588597904768715,False
WRK_0398,9.169073178074845,False
WRK_0399,307.9612110265088,False
WRK_0400,31.7213077483577,False
WRK_0401,32.973358311426814,False
WRK_0402,112.19093999412753,False
WRK_0403,43.82240798249537,False
WRK_0404,15.39513479042064,False
WRK_0405,17.008160353631403,False
WRK_0406,1252.8716659694846,False
WRK_0407,57.507083939203135,False
WRK_0408,60.25838144784024,False
WRK_0409,27.65738503046831,False
WRK_0410,12.50750372654496,False
WRK_0411,38.97132710543261,False
WRK_0412,5.615679153788058,False
WRK_0413,9.15757971547993,False
WRK_0414,150.1579973255399,False
WRK_0415,44.96616241893298,False
WRK_0416,63.747927039835254,False
WRK_0417,18.51224513836003,False
WRK_0418,352.7661455085435,False
WRK_0419,247.4347822088148,False
WRK_0420,9.939245911067449,False
WRK_0421,28.314851837098185,False
WRK_0422,84.61069682585492,False
WRK_0423,46.24809631989968,False
WRK_0424,74.51095026507784,False
WRK_0425,8.096167944337612,False
WRK_0426,5.9443195850357835,False
WRK_0427,16.203888670623197,False
WRK_0428,11.22443399719306,False
WRK_0429,23.993492331386168,False
WRK_0430,11.783894504132107,False
WRK_0431,24.123832420911818,False
WRK_0432,5.96028087825952,False
WRK_0433,364.77766383627676,False
WRK_0434,42.20298599659202,False
WRK_0435,14.52657746309692,False
WRK_0436,15.638999285204736,False
WRK_0437,28.164943557036207,False
WRK_0438,37.581932609061134,False
WRK_0439,12.49711019804652,False
WRK_0440,22.455623486767834,False
WRK_0441,15.239460139645498,False
WRK_0442,69.21249140327252,False
WRK_0443,382.36482186326197,False
WRK_0444,77.60979993742963,False
WRK_0445,16.940085600429985,False
WRK_0446,21.65625323851417,False
WRK_0447,46.0596040435313,False
WRK_0448,9.960389931650688,False
WRK_0449,20.11143695088834,False
WRK_0450,7.303937114297251,False
WRK_0451,66.70560636266438,False
WRK_0452,37.64188959018804,False
WRK_0453,12.783001685266333,False
WRK_0454,140.70315650658745,False
WRK_0455,37.81132463769948,False
WRK_0456,3.3966403403333874,False
WRK_0457,17.170329105383804,False
WRK_0458,8.565772245617985,False
WRK_0459,105.00496938069782,False
WRK_0460,43.56537200656505,False
WRK_0461,60.30962291093891,False
WRK_0462,10.455646064380312,False
WRK_0463,7.62188559960111,False
WRK_0464,171.76875613218456,False
WRK_0465,8.333500699654643,False
WRK_0466,26.238416180795546,False
WRK_0467,17.106262077087983,False
WRK_0468,54.33460594025625,False
WRK_0469,64.82518318003056,False
WRK_0470,7.284083244840927,False
WRK_0471,18.3013115036269,False
WRK_0472,12.404137907583266,False
WRK_0473,47.448935632155056,False
WRK_0474,3.0275460203523887,False
WRK_0475,31.266215306302986,False
WRK_0476,47.14245562327349,False
WRK_0477,9.678050475727614,False
WRK_0478,2.5459547195075545,False
WRK_0479,14.968091232439424,False
WRK_0480,8.87270007463397,False
WRK_0481,2.7478665321471913,False
WRK_0482,41.4455204549793,False
WRK_0483,5.679549635811766,False
WRK_0484,21.4930612961893,False
WRK_0485,26.35501864078307,False
WRK_0486,15.039170258175012,False
WRK_0487,18.94996852471547,False
WRK_0488,24.360540673417614,False
WRK_0489,19.409663161178504,False
WRK_0490,59.56652346557843,False
WRK_0491,37.19403037950448,False
WRK_0492,33.90082878861644,False
WRK_0493,27.91119952100982,False
WRK_0494,82.28814673822863,False
WRK_0495,32.87964414430412,False
WRK_0496,32.75016394820874,False
WRK_0497,100.0750710515935,False
WRK_0498,4.8873767285967125,False
WRK_0499,5.610807140808915,False
WRK_0500,14.106107752461364,False
WRK_0501,36.12328640505818,False
WRK_0502,6.677848007432129,False
WRK_0503,9.213256304355152,False
WRK_0504,6.8020456377097815,False
WRK_0505,4.1742402312143065,False
WRK_0506,10.268293112724965,False
WRK_0507,6.170631982228188,False
WRK_0508,80.86414960612858,False
WRK_0509,8.894927994548022,False
WRK_0510,66.6818837374835,False
WRK_0511,27.735981264716983,False
WRK_0512,12.802022310466457,False
WRK_0513,11.816953802881445,False
WRK_0514,10.040842873971181,False
WRK_0515,32.14066868075184,False
WRK_0516,9.070579137700781,False
WRK_0517,13.282885533784206,False
WRK_0518,20.5615678151601,False
WRK_0519,13.660817092471746,False
WRK_0520,25.34840891405562,False
WRK_0521,26.789314229170653,False
WRK_0522,49.77535745560536,False
WRK_0523,8.539250223217843,False
WRK_0524,181.96839047916612,False
WRK_0525,1.188741094098671,False
WRK_0526,8.8520277845963,False
WRK_0527,3.6757567196770147,False
WRK_0528,13.279781970847628,False
WRK_0529,4.347290805891044,False
WRK_0530,649.8235938815061,False
WRK_0531,19.02322603612672,False
WRK_0532,11.880108482374432,False
WRK_0533,8.304733390161267,False
WRK_0534,8.650677502838711,False
WRK_0535,75.70484638056193,False
WRK_0536,88.39553000899805,False
WRK_0537,10.65405701345234,False
WRK_0538,16.013719630436288,False
WRK_0539,26.876647015064457,False
WRK_0540,36.60354002105394,False
WRK_0541,53.39068974881095,False
WRK_0542,19.783655021747037,False
WRK_0543,60.75252517431926,False
WRK_0544,7.588305853441135,False
WRK_0545,2.4995521971438652,False
WRK_0546,1.3732958199088785,False
WRK_0547,20.244211894330153,False
WRK_0548,17.368856457119,False
WRK_0549,1.7486164914137432,False
WRK_0550,103.95757969004377,False
WRK_0551,26.621396175906376,False
WRK_0552,12.3105783298893,False
WRK_0553,3.8823460846361124,False
WRK_0554,19.987139606944165,False
WRK_0555,33.05340752813827,False
WRK_0556,52.46187678718982,False
WRK_0557,28.073511031100995,False
WRK_0558,41.766409066917596,False
WRK_0559,21.50897266594699,False
WRK_0560,8.367329396960969,False
WRK_0561,76.54877761258544,False
WRK_0562,66.36720175252658,False
WRK_0563,46.29988722264404,False
WRK_0564,268.23979699981766,False
WRK_0565,18.835657636173977,False
WRK_0566,21.103638897934808,False
WRK_0567,51.78772997174953,False
WRK_0568,19.34994322635132,False
WRK_0569,39.29847027152418,False
WRK_0570,18.711677047386058,False
WRK_0571,90.5015286840594,False
WRK_0572,10.986669140368711,False
WRK_0573,18.35031940551372,False
WRK_0574,16.61712741591324,False
WRK_0575,20.636947067940568,False
WRK_0576,13.728910427036007,False
WRK_0577,7.509565628190862,False
WRK_0578,8.499195964603205,False
WRK_0579,10.312366416945146,False
WRK_0580,7.230357259503266,False
WRK_0581,5.740757352024244,False
WRK_0582,14.800335826730503,False
WRK_0583,16.329904313200046,False
WRK_0584,17.747510693549586,False
WRK_0585,4.44171431119899,False
WRK_0586,2.0329546323864953,False
WRK_0587,13.327560517211246,False
WRK_0588,9.07877676019262,False
WRK_0589,4.96954454689967,False
WRK_0590,14.364814386231139,False
WRK_0591,21.838853502567183,False
WRK_0592,21.35187562516545,False
WRK_0593,117.6390557991766,False
WRK_0594,5.21934826721754,False
WRK_0595,3.389707034235873,False
WRK_0596,647.9206319884963,False
WRK_0597,22.812688925302208,False
WRK_0598,20.973408790231243,False
WRK_0599,11.466944750062682,False
WRK_0600,65.6766108791168,False
WRK_0601,2.3777551264504764,False
WRK_0602,22.54821329383406,False
WRK_0603,5.150645575636047,False
WRK_0604,8.716950783700726,False
WRK_0605,402.56802228741543,False
WRK_0606,60.66144196600763,False
WRK_0607,8.364882009850158,False
WRK_0608,4.738522818783989,False
WRK_0609,45.43392133718477,False
WRK_0610,202.6986769434024,False
WRK_0611,4.561948308108624,False
WRK_0612,7.824554796685491,False
WRK_0613,5.977099320482396,False
WRK_0614,8.449838275231881,False
WRK_0615,25.11092556353237,False
WRK_0616,8.444673973075103,False
WRK_0617,18.89448194828167,False
WRK_0618,69.60421753286211,False
WRK_0619,4.518614196208699,False
WRK_0620,8.977697340686127,False
WRK_0621,21.56156931918423,False
WRK_0622,138.04761912852035,False
WRK_0623,20.02272317316107,False
WRK_0624,5.550845823374611,False
WRK_0625,8.867834413841699,False
WRK_0626,20.13913573361101,False
WRK_0627,11.570982307837658,False
WRK_0628,37.93570780146972,False
WRK_0629,10.777313398844173,False
WRK_0630,7.480192350553631,False
WRK_0631,10.963560322767963,False
WRK_0632,17.938080293832332,False
WRK_0633,6.32850592153787,False
WRK_0634,7.8349481545790205,False
WRK_0635,10.574586004886578,False
WRK_0636,47.90150966937475,False
WRK_0637,11.387034955345493,False
WRK_0638,30.478013271804343,False
WRK_0639,16.34711548167571,False
WRK_0640,34.86517726908671,False
WRK_0641,16.85655820114156,False
WRK_0642,18.455354957853523,False
WRK_0643,45.73146798675572,False
WRK_0644,17.163930276692682,False
WRK_0645,2.5839144052058236,False
WRK_0646,4.535474781169152,False
WRK_0647,17.679973981636433,False
WRK_0648,31.06525859979903,False
WRK_0649,5.344458480508977,False
WRK_0650,53.62073274289618,False
WRK_0651,18.596409231700026,False
WRK_0652,12.557324644366803,False
WRK_0653,7.434604960755838,False
WRK_0654,1.9112317418549205,False
WRK_0655,7.146633254492184,False
WRK_0656,9.199812898567673,False
WRK_0657,28.72919350129547,False
WRK_0658,1024.0838008572655,False
WRK_0659,5.984052796237322,False
WRK_0660,91.08465336118485,False
WRK_0661,2834.350161879953,True
WRK_0662,1811.7552248478942,True
WRK_0663,1219.4749812013063,False
WRK_0664,9.587655161779093,False
WRK_0665,15074.718564062092,True
WRK_0666,13.875698561108422,False
WRK_0667,9.2102667820475,False
WRK_0668,125.03763938105428,False
WRK_0669,33.494687672366155,False
WRK_0670,16.804831256352873,False
WRK_0671,22.106767861805913,False
WRK_0672,13.356199919792296,False
WRK_0673,31.179240873925817,False
WRK_0674,4.959230870423458,False
WRK_0675,37.431778506114824,False
WRK_0676,45.53726320783908,False
WRK_0677,8.63679956577935,False
WRK_0678,47.814091523188075,False
WRK_0679,120.2730777890289,False
WRK_0680,33.08577733885945,False
WRK_0681,85.45884087290682,False
WRK_0682,43.734903186472714,False
WRK_0683,26.83156696005499,False
WRK_0684,6.325639725460137,False
WRK_0685,19.325746724147955,False
WRK_0686,3.145052437950833,False
WRK_0687,6.106324929426143,False
WRK_0688,50.07567381695358,False
WRK_0689,18.50875600017475,False
WRK_0690,6.055771013804957,False
WRK_0691,5.9317843262485415,False
WRK_0692,4.78842070570233,False
WRK_0693,9.819549674266586,False
WRK_0694,10.2354883766855,False
WRK_0695,90.83238293446463,False
WRK_0696,47.83905900505834,False
WRK_0697,5.299273856347228,False
WRK_0698,7.02493036441671,False
WRK_0699,28.45464382367849,False
WRK_0700,256.7306711624398,False
WRK_0701,20.258163035856306,False
WRK_0702,27.941512142102187,False
WRK_0703,13.534194379626452,False
WRK_0704,17.582014557874977,False
WRK_0705,24.313624931848402,False
WRK_0706,23.59109034770852,False
WRK_0707,5.0232367599891,False
WRK_0708,11.353154009236,False
WRK_0709,9.96008533460449,False
WRK_0710,13.936381428870389,False
WRK_0711,5.5941826714876415,False
WRK_0712,13.29643051624859,False
WRK_0713,44.72524948489387,False
WRK_0714,4.367854312940724,False
WRK_0715,18.162306068885055,False
WRK_0716,6.779003864151239,False
WRK_0717,8.744164936660479,False
WRK_0718,6.6020249392780554,False
WRK_0719,5.849455476749853,False
WRK_0720,5.913149493526466,False
WRK_0721,21.11741773932264,False
WRK_0722,23.66833675030923,False
WRK_0723,49.16356047122432,False
WRK_0724,26.676740016243,False
WRK_0725,13.9667463232058,False
WRK_0726,12.340523274720317,False
WRK_0727,10.5521609742682,False
WRK_0728,7.076311547373117,False
WRK_0729,11.165865055853036,False
WRK_0730,109.23424976601939,False
WRK_0731,9.868175185056,False
WRK_0732,205.44253710108734,False
WRK_0733,10.761026797921764,False
WRK_0734,11.287766409936939,False
WRK_0735,20.3528586818181,False
WRK_0736,6.472028166029887,False
WRK_0737,21.855456366880215,False
WRK_0738,4.473725184043858,False
WRK_0739,7.373428305663879,False
WRK_0740,11.121612537473016,False
WRK_0741,219.46293148003977,False
WRK_0742,30.880274131653653,False
WRK_0743,14.248828018573679,False
WRK_0744,3.105408155748962,False
WRK_0745,6.227383760399463,False
WRK_0746,39.15137730743045,False
WRK_0747,10.442344102167777,False
WRK_0748,22.984630535510142,False
WRK_0749,44.09524166725357,False
WRK_0750,7.47098607601169,False
WRK_0751,6.698015195574564,False
WRK_0752,16.720193528695063,False
WRK_0753,31.854642067889372,False
WRK_0754,34.405199827120576,False
WRK_0755,5.912034493832301,False
WRK_0756,56.949049210625425,False
WRK_0757,39.402733692882485,False
WRK_0758,7.373658531853135,False
WRK_0759,5.794310838351193,False
WRK_0760,86.64255768185681,False
WRK_0761,111.4170486952091,False
WRK_0762,22.910654836015127,False
WRK_0763,70.62542985250533,False
WRK_0764,54.09485952857823,False
WRK_0765,4.611189213350056,False
WRK_0766,11.006922216885659,False
WRK_0767,61.50954799969254,False
WRK_0768,61.29836217526161,False
WRK_0769,25.44817174293872,False
WRK_0770,52.28861321644055,False
WRK_0771,15.605019795673092,False
WRK_0772,19.548069813218902,False
WRK_0773,37.30890636941017,False
WRK_0774,1.3441149861082797,False
WRK_0775,27.61878447405434,False
WRK_0776,14.629564702628068,False
WRK_0777,22.816041042408262,False
WRK_0778,46.66990790637287,False
WRK_0779,13.736129380665405,False
WRK_0780,18.896182966624888,False
WRK_0781,46.35151025736378,False
WRK_0782,4.80711922116335,False
WRK_0783,4.0052988430986,False
WRK_0784,66.82440878906439,False
WRK_0785,10.349216190163231,False
WRK_0786,73.0297508776317,False
WRK_0787,13.408851211699282,False
WRK_0788,10.509263761031612,False
WRK_0789,10.655657659681276,False
WRK_0790,54.486050167358464,False
WRK_0791,3.6904142023468993,False
WRK_0792,17.260957863689576,False
WRK_0793,50.96556949080043,False
WRK_0794,11.145429379925028,False
WRK_0795,2.6580981199571814,False
WRK_0796,31.834940698146386,False
WRK_0797,28.714812196108582,False
WRK_0798,42.93308965658456,False
WRK_0799,21.55144272392936,False
WRK_0800,7.54136928097916,False
WRK_0801,13.152610119298789,False
WRK_0802,23.420849324339112,False
WRK_0803,18.717575635949416,False
WRK_0804,28.78281429784743,False
WRK_0805,6.493255290904708,False
WRK_0806,21.225240180933437,False
WRK_0807,62.30590143240447,False
WRK_0808,5.625115609037837,False
WRK_0809,19.997734559041177,False
WRK_0810,7.212053007402019,False
WRK_0811,36.20703647041941,False
WRK_0812,13.184313556167535,False
WRK_0813,19.80366598570169,False
WRK_0814,6.211887022451738,False
WRK_0815,8.88305595645985,False
WRK_0816,17.15330963503955,False
WRK_0817,15.195533991736792,False
WRK_0818,13.449564583071032,False
WRK_0819,13.697734236050877,False
WRK_0820,11.825359269576555,False
WRK_0821,6.376248467976142,False
WRK_0822,6.141643111070064,False
WRK_0823,20.74224418388508,False
WRK_0824,21.50751275148637,False
WRK_0825,6.31836346608252,False
WRK_0826,5.079775250807055,False
WRK_0827,15.148096165208086,False
WRK_0828,9.55940665453631,False
WRK_0829,22.928119415670114,False
WRK_0830,7.987170189322145,False
WRK_0831,6.190915261143661,False
WRK_0832,38.54259213270844,False
WRK_0833,6.034327844581159,False
WRK_0834,64.26687078756734,False
WRK_0835,71.9619615253769,False
WRK_0836,4.6360772407405735,False
WRK_0837,8.860443191833877,False
WRK_0838,18.32499680661069,False
WRK_0839,14.333840258440453,False
WRK_0840,81.9083024081142,False
WRK_0841,28.294813848750564,False
WRK_0842,19.993000166437284,False
WRK_0843,17.749593518420784,False
WRK_0844,22.695544491624464,False
WRK_0845,6.531165236047691,False
WRK_0846,15.153574814136725,False
WRK_0847,4.470958180432576,False
WRK_0848,16.359891037810396,False
WRK_0849,5.8517697820080095,False
WRK_0850,0.5939602593320517,False
WRK_0851,23.822736417947418,False
WRK_0852,46.312236412026245,False
WRK_0853,66.4597981462984,False
WRK_0854,91.02473925864416,False
WRK_0855,12.525319035789698,False
WRK_0856,72.10989620419801,False
WRK_0857,37.64607599091497,False
WRK_0858,87.66140671205807,False
WRK_0859,15.46758414622871,False
WRK_0860,5.926213263096705,False
WRK_0861,8.56135934507965,False
WRK_0862,37.7698369907972,False
WRK_0863,14.205944745963675,False
WRK_0864,62.09073164016779,False
WRK_0865,4.6806133208499165,False
WRK_0866,15.715156332802321,False
WRK_0867,21.240771114956406,False
WRK_0868,73.31148938192531,False
WRK_0869,21.853245658703766,False
WRK_0870,44.92599318897988,False
WRK_0871,23.19859158580936,False
WRK_0872,66.35286535963172,False
WRK_0873,18.883528320241922,False
WRK_0874,14.125591484319447,False
WRK_0875,33.26181395183087,False
WRK_0876,104.34566166241262,False
WRK_0877,17.94604606600201,False
WRK_0878,11.272580268626621,False
WRK_0879,30.589258434265005,False
WRK_0880,45.010122618572375,False
WRK_0881,39.66545859962406,False
WRK_0882,67.9430634659431,False
WRK_0883,14.28065092721273,False
WRK_0884,202.8553804661576,False
WRK_0885,13.206699929053228,False
WRK_0886,30.601755642144774,False
WRK_0887,24.524372042428418,False
WRK_0888,7.876402901909589,False
WRK_0889,1.1216156857720379,False
WRK_0890,25.36648151815982,False
WRK_0891,12.458156711959345,False
WRK_0892,189.17697211544262,False
WRK_0893,35.1848411906959,False
WRK_0894,146.56357752084637,False
WRK_0895,146.29891687283,False
WRK_0896,23.817995419181862,False
WRK_0897,7.0808759099699055,False
WRK_0898,22.616216645548835,False
WRK_0899,54.88012035666397,False
WRK_0900,10.32046808955413,False
WRK_0901,0.4167213362074801,False
WRK_0902,19.90696106202155,False
WRK_0903,1103.8285207594704,False
WRK_0904,2.9349824992614493,False
WRK_0905,2.148878408330425,False
WRK_0906,71.78311246283135,False
WRK_0907,39.416702598330765,False
WRK_0908,6.713547655517953,False
WRK_0909,13.70519439683606,False
WRK_0910,6.236315896862615,False
WRK_0911,19.180017801099236,False
WRK_0912,9.57440152107549,False
WRK_0913,40.33051887876484,False
WRK_0914,7.360170455068442,False
WRK_0915,2.804155621120385,False
WRK_0916,44.92239688213365,False
WRK_0917,4.158367348103584,False
WRK_0918,11.360268534716898,False
WRK_0919,3.6913260095929994,False
WRK_0920,3.75106305395871,False
WRK_0921,27.703182074985634,False
WRK_0922,44.719194155684015,False
WRK_0923,5.990294074493993,False
WRK_0924,9.000961887615189,False
WRK_0925,11.768832042150157,False
WRK_0926,3.9449735776343986,False
WRK_0927,89.9202992431467,False
WRK_0928,13.982136207395614,False
WRK_0929,10.733991166003705,False
WRK_0930,18.451270161392944,False
WRK_0931,42.7407756247976,False
WRK_0932,14.676619832790646,False
WRK_0933,9.092874573446686,False
WRK_0934,8.763521056621407,False
WRK_0935,8.092411310706774,False
WRK_0936,6.543028306521267,False
WRK_0937,13.070457426101791,False
WRK_0938,29.079951017065916,False
WRK_0939,54.95492567109799,False
WRK_0940,4.477980771945254,False
WRK_0941,11.600874648702296,False
WRK_0942,3.232731805670086,False
WRK_0943,4.161228238941214,False
WRK_0944,11.06896822949065,False
WRK_0945,251.60581513519912,False
WRK_0946,8.183707830161275,False
WRK_0947,4.390520232253347,False
WRK_0948,10.024741784315015,False
WRK_0949,30.752924720471945,False
WRK_0950,80.47654302098861,False
WRK_0951,82.33433299613615,False
WRK_0952,1.3728154665386951,False
WRK_0953,43.05166907607241,False
WRK_0954,17.861818369479252,False
WRK_0955,1.6621035733825595,False
WRK_0956,19.457720643699886,False
WRK_0957,17.048835421932534,False
WRK_0958,4.337368271657309,False
WRK_0959,28.313915899258912,False
WRK_0960,21.312199068884834,False
WRK_0961,96.61642277486813,False
WRK_0962,11.52372413574224,False
WRK_0963,15.276414887124849,False
WRK_0964,4.702286205703084,False
WRK_0965,43.61996023905378,False
WRK_0966,66.49821926603305,False
WRK_0967,20.156416503876162,False
WRK_0968,8.012250197896005,False
WRK_0969,55.970758752063965,False
WRK_0970,11.344432579606632,False
WRK_0971,15.295581638103265,False
WRK_0972,10.941614769250082,False
WRK_0973,28.92076210073527,False
WRK_0974,7.458735923344963,False
WRK_0975,37.01762457888064,False
WRK_0976,7.133445115291272,False
WRK_0977,10.893932086876687,False
WRK_0978,42.32530369960094,False
WRK_0979,2.797806606917508,False
WRK_0980,74.70449839672004,False
WRK_0981,6.296528241487661,False
WRK_0982,27.199646010760503,False
WRK_0983,17.317171014719396,False
WRK_0984,7.387727602847391,False
WRK_0985,53.04757452689053,False
WRK_0986,10.949119616964072,False
WRK_0987,14.429254518183592,False
WRK_0988,16.092826492248044,False
WRK_0989,578.2213306789979,False
WRK_0990,173.33118031209506,False
WRK_0991,30.71845154194406,False
WRK_0992,8.798110053979316,False
WRK_0993,15.329547681088025,False
WRK_0994,11.388489067900204,False
WRK_0995,53.889460995832465,False
WRK_0996,6.845989903719665,False
WRK_0997,14.558229338041246,False
WRK_0998,21.788342507057838,False
WRK_0999,8.270817429193299,False
WRK_1000,12.536385026391553,False
WRK_1001,14.80178294516367,False
WRK_1002,30.260348314919167,False
WRK_1003,2.7418260686293383,False
WRK_1004,14.37629362255107,False
WRK_1005,36.476193603283576,False
WRK_1006,12.594902371443828,False
WRK_1007,6.048999053237747,False
WRK_1008,11.306670875325393,False
WRK_1009,14.928362208088718,False
WRK_1010,74.06474570357538,False
WRK_1011,1.7628732428784513,False
WRK_1012,24.10098566861942,False
WRK_1013,13.074198368630041,False
WRK_1014,44.87501876002675,False
WRK_1015,42.41508026785752,False
WRK_1016,10.756159956890091,False
WRK_1017,81.69531770849633,False
WRK_1018,176.59290025616667,False
WRK_1019,17.97355894811409,False
WRK_1020,58.40315867098926,False
WRK_1021,27.4512193668882,False
WRK_1022,16.251206233110093,False
WRK_1023,10.065462367347493,False
WRK_1024,16.551940548012006,False
WRK_1025,56.02975055751009,False
WRK_1026,5.465807410649212,False
WRK_1027,58.06114541895906,False
WRK_1028,18.577989239676423,False
WRK_1029,43.11003341365704,False
WRK_1030,147.41412566376525,False
WRK_1031,20.104822779343735,False
WRK_1032,37.560604393449665,False
WRK_1033,54.45683248000165,False
WRK_1034,24.634493908534115,False
WRK_1035,8.534257112219313,False
WRK_1036,5.131486212740886,False
WRK_1037,25.06371613441064,False
WRK_1038,44.369424744652754,False
WRK_1039,33.639218744304515,False
WRK_1040,116.41886160251572,False
WRK_1041,14.748528458410773,False
WRK_1042,8.106211464109567,False
WRK_1043,3.5217677735853856,False
WRK_1044,13.726945046979878,False
WRK_1045,63.29660994730959,False
WRK_1046,9.212766978952953,False
WRK_1047,89.75913126695777,False
WRK_1048,16.511473560616185,False
WRK_1049,325.7013936407051,False
WRK_1050,5.11391240610682,False
WRK_1051,7.374915908752961,False
WRK_1052,9.391603677677415,False
WRK_1053,847.3333756071229,False
WRK_1054,22.931210385565127,False
WRK_1055,38.50078385071767,False
WRK_1056,0.6092087695978987,False
WRK_1057,11.158835294091539,False
WRK_1058,689.3137813455374,False
WRK_1059,5.10383648442631,False
WRK_1060,27.63183771439522,False
WRK_1061,39.35147494659738,False
WRK_1062,8.546036487896025,False
WRK_1063,108.25009880353905,False
WRK_1064,21.54418777177177,False
WRK_1065,17.666820068736254,False
WRK_1066,3.9441650873864478,False
WRK_1067,15.289459595425708,False
WRK_1068,98.82379968721298,False
WRK_1069,45.06721646765483,False
WRK_1070,15.53875753598841,False
WRK_1071,62.798955595892174,False
WRK_1072,23.18652482562148,False
WRK_1073,14.455007334898411,False
WRK_1074,27.422865139771346,False
WRK_1075,18.338778328871754,False
WRK_1076,37.71049463058348,False
WRK_1077,14.820508372217404,False
WRK_1078,18.93740679724639,False
WRK_1079,7.400351276825244,False
WRK_1080,13.472126323214603,False
WRK_1081,9.944628908766926,False
WRK_1082,2.7072997843941926,False
WRK_1083,40.5732542564668,False
WRK_1084,22.577329329046847,False
WRK_1085,10.796250463627338,False
WRK_1086,16.13245651097263,False
WRK_1087,18.5247872103555,False
WRK_1088,214.18556271299127,False
WRK_1089,12.481174151773589,False
WRK_1090,100.52151123175364,False
WRK_1091,170.51250757483737,False
WRK_1092,4.831222804149627,False
WRK_1093,0.923698839493773,False
WRK_1094,57.213151183014,False
WRK_1095,3.2227226324507576,False
WRK_1096,11.560080292676409,False
WRK_1097,7.941517459120836,False
WRK_1098,4.686171753916111,False
WRK_1099,10.583686066884994,False
WRK_1100,13.678973520868254,False
WRK_1101,5.5076964239435195,False
WRK_1102,7.728453359680413,False
WRK_1103,2.942322207674766,False
WRK_1104,48.696775939349834,False
WRK_1105,3.8346753690876474,False
WRK_1106,366.50020034326906,False
WRK_1107,9.866918096267613,False
WRK_1108,132.32436821461502,False
WRK_1109,170.29989259131168,False
WRK_1110,36.012837421021736,False
WRK_1111,10.637230478833779,False
WRK_1112,7.671972645627453,False
WRK_1113,29.2427069231995,False
WRK_1114,6.170003123754158,False
WRK_1115,10.69453051220134,False
WRK_1116,8.40676539163585,False
WRK_1117,10.572339467301898,False
WRK_1118,4.714770085898337,False
WRK_1119,201.3335929668782,False
WRK_1120,86.49025762429633,False
WRK_1121,287.0638744179166,False
WRK_1122,31.30987623784952,False
WRK_1123,7.607553365587785,False
WRK_1124,99.84439720167572,False
WRK_1125,7.408704801848895,False
WRK_1126,4.934228398030527,False
WRK_1127,19.229989932129488,False
WRK_1128,15.840780720410542,False
WRK_1129,14.627103514819922,False
WRK_1130,3.3181707937695593,False
WRK_1131,36.274091894923984,False
WRK_1132,57.923234022047716,False
WRK_1133,107.83364648835115,False
WRK_1134,114.22905449546495,False
WRK_1135,8.242547247183255,False
WRK_1136,61.686576515430396,False
WRK_1137,6.452694650786419,False
WRK_1138,15.953074348761056,False
WRK_1139,12.614478025919606,False
WRK_1140,14.739387920726404,False
WRK_1141,13.25027274630309,False
WRK_1142,1224.9255123523908,False
WRK_1143,1550.759204665778,True
WRK_1144,247.79015413487474,False
WRK_1145,11.512945322780427,False
WRK_1146,6.404936998271914,False
WRK_1147,28.118419771886213,False
WRK_1148,26.622931198412584,False
WRK_1149,58.10323439825441,False
WRK_1150,15.1821545833278,False
WRK_1151,4.89862997041567,False
WRK_1152,13.296898240879736,False
WRK_1153,5.048842536324728,False
WRK_1154,7.469586367236542,False
WRK_1155,275.59931885525873,False
WRK_1156,130.414353391715,False
WRK_1157,6.141085241665011,False
WRK_1158,25.02909378652926,False
WRK_1159,89.8452008435531,False
WRK_1160,94.12625570667413,False
WRK_1161,7.09388994476213,False
WRK_1162,25.67227520103781,False
WRK_1163,11.669481804441048,False
WRK_1164,10.942347560783192,False
WRK_1165,22.141538187175605,False
WRK_1166,14.77707067716871,False
WRK_1167,20.290797045420888,False
WRK_1168,73.24176698291802,False
WRK_1169,40.57709639264062,False
WRK_1170,0.9549987840752918,False
WRK_1171,128.04832326403286,False
WRK_1172,14.790815232594083,False
WRK_1173,8.991793898737834,False
WRK_1174,3.0453772800751686,False
WRK_1175,24.529662752833556,False
WRK_1176,20.210580851458502,False
WRK_1177,4.165868470341137,False
WRK_1178,25.82821726434708,False
WRK_1179,8.782310980761507,False
WRK_1180,53.839194168282035,False
WRK_1181,16.157997675273833,False
WRK_1182,12.716506358883125,False
WRK_1183,27.633471660680772,False
WRK_1184,6.083723105228242,False
WRK_1185,34.992289017050034,False
WRK_1186,5.4675971708619375,False
WRK_1187,12.508593787182923,False
WRK_1188,4.774843629854486,False
WRK_1189,5.531166212819302,False
WRK_1190,22.844136915564555,False
WRK_1191,29.01798689244571,False
WRK_1192,73.01216386401339,False
WRK_1193,86.28120267084438,False
WRK_1194,20.88174281042372,False
WRK_1195,74.5693016983045,False
WRK_1196,6.975568089859076,False
WRK_1197,12.701750109807824,False
WRK_1198,8.41535237553877,False
WRK_1199,64.10079268313801,False
WRK_1200,12.238267737075681,False
WRK_1201,6.577463699614507,False
WRK_1202,23.30261327152886,False
WRK_1203,21.7585381431771,False
WRK_1204,17.433231865837296,False
WRK_1205,16.423521228115394,False
WRK_1206,1.1017971838427814,False
WRK_1207,3.2720588080527864,False
WRK_1208,35.42253088062461,False
WRK_1209,14.754750144789865,False
WRK_1210,15.191040881043751,False
WRK_1211,1.944011446307287,False
WRK_1212,4.8312724805125615,False
WRK_1213,2.6251199499865194,False
WRK_1214,22.454946512835868,False
WRK_1215,0.9322261246772262,False
WRK_1216,28.75159001257028,False
WRK_1217,45.05250133702446,False
WRK_1218,6.241548112573975,False
WRK_1219,144.28281830385106,False
WRK_1220,78.35007190621991,False
WRK_1221,24.413976384163334,False
WRK_1222,18.59108796825546,False
WRK_1223,24.59076167805859,False
WRK_1224,26.926967110457515,False
WRK_1225,7.648272207478237,False
WRK_1226,21.177811184270798,False
WRK_1227,63.760516157422785,False
WRK_1228,27.351225430754987,False
WRK_1229,17.086005138109474,False
WRK_1230,12.731489691438233,False
WRK_1231,11.50030667541109,False
WRK_1232,9.409999148485818,False
WRK_1233,23.50296908485973,False
WRK_1234,67.6687545330457,False
WRK_1235,33.887385281325386,False
WRK_1236,24.11638526471358,False
WRK_1237,9.000656296888359,False
WRK_1238,30.770200016455572,False
WRK_1239,50.11495199992539,False
WRK_1240,38.980379260233555,False
WRK_1241,36.1460346971555,False
WRK_1242,1.6631549933653946,False
WRK_1243,5.288952445712885,False
WRK_1244,9.496954561377693,False
WRK_1245,18.009852834843183,False
WRK_1246,28.1910128491526,False
WRK_1247,10.927003222252722,False
WRK_1248,5.574043194758317,False
WRK_1249,23.846407232832092,False
WRK_1250,6.131708967724701,False
WRK_1251,47.97507137994099,False
WRK_1252,3.295469784018022,False
WRK_1253,6.863956817705666,False
WRK_1254,41.53910806590927,False
WRK_1255,107.24491315497959,False
WRK_1256,1.671168817096471,False
WRK_1257,4.493807790509831,False
WRK_1258,29.95234985337771,False
WRK_1259,5.785356343387027,False
WRK_1260,8.953382280080355,False
WRK_1261,75.27809199123847,False
WRK_1262,34.438343763564895,False
WRK_1263,31.164998355824757,False
WRK_1264,22.40059290091847,False
WRK_1265,34.88941201070202,False
WRK_1266,70.11793986510541,False
WRK_1267,78.08202332720046,False
WRK_1268,6.3002487932959825,False
WRK_1269,74.07018563803184,False
WRK_1270,30.439030331354957,False
WRK_1271,6.69680073788941,False
WRK_1272,66.19196459991551,False
WRK_1273,74.9785625072215,False
WRK_1274,30.008052177284533,False
WRK_1275,38.44408790409463,False
WRK_1276,47.937524018335985,False
WRK_1277,25.981049639213207,False
WRK_1278,3.8842667944815927,False
WRK_1279,11.72607107008119,False
WRK_1280,12.127127331486392,False
WRK_1281,16.966224658113095,False
WRK_1282,30.238726670074815,False
WRK_1283,18.65870927893461,False
WRK_1284,14.599053040970023,False
WRK_1285,13.1772609384763,False
WRK_1286,54.73516330732518,False
WRK_1287,22.73249627229932,False
WRK_1288,9.492920095146522,False
WRK_1289,31.62791451381764,False
WRK_1290,4.982997392045714,False
WRK_1291,35.68852724508559,False
WRK_1292,11.39519867941676,False
WRK_1293,12.987114541811753,False
WRK_1294,9.29060526969704,False
WRK_1295,60.39719745784995,False
WRK_1296,7.086187141788776,False
WRK_1297,66.1527520649536,False
WRK_1298,18.42365462133598,False
WRK_1299,10.086436306902385,False
WRK_1300,15.131909298189559,False
WRK_1301,31.115457166609765,False
WRK_1302,29.182516218454012,False
WRK_1303,45.09212642240319,False
WRK_1304,27.887428887506697,False
WRK_1305,2.626584959883237,False
WRK_1306,14.172668464389766,False
WRK_1307,6.325594825141427,False
WRK_1308,38.10529448649297,False
WRK_1309,22.89039126766521,False
WRK_1310,31.218869988803146,False
WRK_1311,25.754901429654787,False
WRK_1312,124.40387344295111,False
WRK_1313,0.8745732927087504,False
WRK_1314,26.37740259083112,False
WRK_1315,0.964744980818474,False
WRK_1316,5.262481152294572,False
WRK_1317,4.491874170561419,False
WRK_1318,1267.8660812282494,False
WRK_1319,17.349767616377473,False
WRK_1320,26.855748479385465,False
WRK_1321,18.599289809066082,False
WRK_1322,19.06580211866712,False
WRK_1323,79.37836508930123,False
WRK_1324,58.1042924343689,False
WRK_1325,24.658380222618167,False
WRK_1326,45.38667481534394,False
WRK_1327,8.094475924633846,False
WRK_1328,4.6506284977001595,False
WRK_1329,25.836971986697503,False
WRK_1330,15.950528123802611,False
WRK_1331,18.990072877456868,False
WRK_1332,7.592954858250665,False
WRK_1333,22.324824793562303,False
WRK_1334,2.1593309903474984,False
WRK_1335,5.018714809455034,False
WRK_1336,10.619640482040829,False
WRK_1337,31.35120766657379,False
WRK_1338,20.0733890059196,False
WRK_1339,8.544495382241609,False
WRK_1340,17.994463299404085,False
WRK_1341,4.2835804399516,False
WRK_1342,9.45143960520486,False
WRK_1343,27.226478458983944,False
WRK_1344,15.051890215625827,False
WRK_1345,18.869037103884953,False
WRK_1346,5.562395866642539,False
WRK_1347,22.484109390388973,False
WRK_1348,35.481824564330076,False
WRK_1349,6.9669372501663425,False
WRK_1350,25.435005345160274,False
WRK_1351,15.627081667137103,False
WRK_1352,54.47538139359161,False
WRK_1353,7.587102642382104,False
WRK_1354,14.742129830009857,False
WRK_1355,8.456335916566163,False
WRK_1356,1.3718019315775283,False
WRK_1357,19.287214777435373,False
WRK_1358,23.48248544775537,False
WRK_1359,14.73202615726166,False
WRK_1360,6.977919259179021,False
WRK_1361,9.788528108813066,False
WRK_1362,6.58514543595796,False
WRK_1363,10.22345827241475,False
WRK_1364,20.241628274086363,False
WRK_1365,26.450760409890663,False
WRK_1366,699.5748036149356,False
WRK_1367,32.76189162813249,False
WRK_1368,1.8262892439059562,False
WRK_1369,13.046782871164913,False
WRK_1370,5.614389429452368,False
WRK_1371,30.694878387667572,False
WRK_1372,4.972374553259296,False
WRK_1373,18.068209883780728,False
WRK_1374,25.577763429105485,False
WRK_1375,15.961916139474813,False
WRK_1376,9.770200651341844,False
WRK_1377,12.447471390344779,False
WRK_1378,27.5551883730446,False
WRK_1379,3.615556455405179,False
WRK_1380,1.9237657375692472,False
WRK_1381,13.447192536104085,False
WRK_1382,4.319653794162771,False
WRK_1383,20.514336572180575,False
WRK_1384,159.38718615643995,False
WRK_1385,10.041656893872915,False
WRK_1386,61.25109956659165,False
WRK_1387,29.332549078753868,False
WRK_1388,1.4668935764339943,False
WRK_1389,12.907202823842205,False
WRK_1390,6.661570295819518,False
WRK_1391,20.507542671337866,False
WRK_1392,5.22898451621748,False
WRK_1393,5.757905318160358,False
WRK_1394,19.36268998374707,False
WRK_1395,8.318009426522533,False
WRK_1396,6.103186514225708,False
WRK_1397,18.29875667388801,False
WRK_1398,3.5747270938946496,False
WRK_1399,715.017489824682,False
WRK_1400,6.721348285996298,False
WRK_1401,17.53062589745282,False
WRK_1402,0.6051674928585676,False
WRK_1403,42.62323331147201,False
WRK_1404,19.0441861338252,False
WRK_1405,15.49753124118174,False
WRK_1406,13.60749384306549,False
WRK_1407,10.884284969634194,False
WRK_1408,9.897689009263608,False
WRK_1409,36.46949909362247,False
WRK_1410,39.68243846616249,False
WRK_1411,32.861564348999984,False
WRK_1412,10.620772507057604,False
WRK_1413,2.558092438399199,False
WRK_1414,12.301154367199103,False
WRK_1415,110.46705579835296,False
WRK_1416,2.516227894217909,False
WRK_1417,21.614550883345718,False
WRK_1418,3.1393511652876214,False
WRK_1419,15.054271146938358,False
WRK_1420,4.529621939373008,False
WRK_1421,128.84365112298494,False
WRK_1422,43.46603322956217,False
WRK_1423,28.04438216195376,False
WRK_1424,4.265278688294423,False
WRK_1425,34.78249120910869,False
WRK_1426,5.321776686729656,False
WRK_1427,95.09588797010832,False
WRK_1428,16.425199558012476,False
WRK_1429,49.56728595563217,False
WRK_1430,55.10627083755404,False
WRK_1431,16.492501286945583,False
WRK_1432,4.396601535418478,False
WRK_1433,6.879489199400631,False
WRK_1434,36.65104955436429,False
WRK_1435,42.08385577189279,False
WRK_1436,15.219187803219155,False
WRK_1437,28.16908529918393,False
WRK_1438,14.636790036829066,False
WRK_1439,16.99906099344779,False
WRK_1440,58.99799229063488,False
WRK_1441,5.6640793170663395,False
WRK_1442,4.296571537248379,False
WRK_1443,19.807986345166096,False
WRK_1444,25.118612524144474,False
WRK_1445,38.563806882587826,False
WRK_1446,7.183850889310221,False
WRK_1447,6.1516799586401225,False
WRK_1448,70.17682878775695,False
WRK_1449,151.1045836952251,False
WRK_1450,7.854505538421195,False
WRK_1451,17.75828298011327,False
WRK_1452,31.581596292117357,False
WRK_1453,44.160377767937874,False
WRK_1454,6.197816734167174,False
WRK_1455,6.050593330163572,False
WRK_1456,76.56900092648264,False
WRK_1457,9.142937437756906,False
WRK_1458,21.44444945077824,False
WRK_1459,4.852172162918602,False
WRK_1460,3.9436390079808574,False
WRK_1461,12.161207262726721,False
WRK_1462,45.01278093505943,False
WRK_1463,86.11627105921761,False
WRK_1464,21.229277960179466,False
WRK_1465,25.74821632063229,False
WRK_1466,7.45157132197693,False
WRK_1467,14.887803000798117,False
WRK_1468,86.00858164295917,False
WRK_1469,4.15416749441975,False
WRK_1470,3.831700519540306,False
WRK_1471,5.180199356885337,False
WRK_1472,11.822448071501842,False
WRK_1473,21.55775735312543,False
WRK_1474,24.45279210819889,False
WRK_1475,4.855187694119739,False
WRK_1476,26.563911478196612,False
WRK_1477,27.32921008634342,False
WRK_1478,5.893367553712293,False
WRK_1479,86.57596132079767,False
WRK_1480,33.07497492165266,False
WRK_1481,3.28249817452781,False
WRK_1482,14.928446352726365,False
WRK_1483,22.58514496355172,False
WRK_1484,64.85226321798145,False
WRK_1485,41.39869415432892,False
WRK_1486,25.455702425032072,False
WRK_1487,6.592266233294916,False
WRK_1488,37.51563600010507,False
WRK_1489,42.249591085528195,False
WRK_1490,19.32918411332841,False
WRK_1491,9.50476832449763,False
WRK_1492,43.317721085867234,False
WRK_1493,17.32958803885988,False
WRK_1494,16.75287295700455,False
WRK_1495,27.22107171644396,False
WRK_1496,9.044575764547336,False
WRK_1497,20.384556710369445,False
WRK_1498,59.427720053218785,False
WRK_1499,3.0343932150912125,False
WRK_1500,18.210375875024386,False
WRK_1501,16.509740436424636,False
WRK_1502,19.87589318394546,False
WRK_1503,4.183554883513583,False
WRK_1504,136.56751579740987,False
WRK_1505,10.144914320350813,False
WRK_1506,3.2748112389072617,False
WRK_1507,16.949037970929812,False
WRK_1508,11.04619580212518,False
WRK_1509,7.107344684043404,False
WRK_1510,1.7772617063350367,False
WRK_1511,8.925473519728348,False
WRK_1512,4.403956088994173,False
WRK_1513,5.4845356029413495,False
WRK_1514,14.070880313828182,False
WRK_1515,16.515165640583383,False
WRK_1516,7.870978974628724,False
WRK_1517,10.80993438631166,False
WRK_1518,9.524023995571483,False
WRK_1519,34.72160099851846,False
WRK_1520,3.473048294272129,False
WRK_1521,103.9604140793867,False
WRK_1522,49.560777849088424,False
WRK_1523,10.970050538992762,False
WRK_1524,4.312760099457391,False
WRK_1525,19.03750832544362,False
WRK_1526,11.096216341598177,False
WRK_1527,15.061804592751514,False
WRK_1528,9.342697057571867,False
WRK_1529,7.116978480294882,False
WRK_1530,21.630915046856696,False
WRK_1531,22.62380914494134,False
WRK_1532,47.89020891810223,False
WRK_1533,7.750989304418474,False
WRK_1534,8.849919102996905,False
WRK_1535,6.47779390432896,False
WRK_1536,89.83808309881616,False
WRK_1537,28.41981260275512,False
WRK_1538,14.3959920322069,False
WRK_1539,8.196647920605717,False
WRK_1540,14.768959010313868,False
WRK_1541,17.17641702547832,False
WRK_1542,9.91631821860916,False
WRK_1543,22.430462416631478,False
WRK_1544,19.136019660155657,False
WRK_1545,21.09661692014115,False
WRK_1546,11.294668858416149,False
WRK_1547,31.041873465574586,False
WRK_1548,41.726915390551596,False
WRK_1549,37.26419182838594,False
WRK_1550,22.404610826340804,False
WRK_1551,37.58103283202362,False
WRK_1552,22.345129428391605,False
WRK_1553,62.88958569103718,False
WRK_1554,7.876980593318509,False
WRK_1555,39.709556862080156,False
WRK_1556,4.004888985590285,False
WRK_1557,24.35756184508388,False
WRK_1558,13.70816752581928,False
WRK_1559,15.579259148511126,False
WRK_1560,16.178370233161814,False
WRK_1561,17.360897919890835,False
WRK_1562,67.32571000095761,False
WRK_1563,110.90734907335649,False
WRK_1564,16.67755981770756,False
WRK_1565,11.374270623979093,False
WRK_1566,33.22046818024831,False
WRK_1567,27.30793341958157,False
WRK_1568,16.690830080548682,False
WRK_1569,62.49734537869713,False
WRK_1570,56.37217493373377,False
WRK_1571,23.150656460038135,False
WRK_1572,72.2536482446242,False
WRK_1573,16.283868101294246,False
WRK_1574,31.656298514076767,False
WRK_1575,3.998292472038868,False
WRK_1576,4.537100881271351,False
WRK_1577,14.573462036572502,False
WRK_1578,9.631732087005162,False
WRK_1579,7.014622804234177,False
WRK_1580,12.701252272930308,False
WRK_1581,28.894560427618366,False
WRK_1582,13.664734612488425,False
WRK_1583,41.218815999152575,False
WRK_1584,124.167663682732,False
WRK_1585,49.954151330161615,False
WRK_1586,5.338587617527484,False
WRK_1587,6.940231080178402,False
WRK_1588,48.5090177572094,False
WRK_1589,19.70218548874238,False
WRK_1590,18.436531288183534,False
WRK_1591,276.85528102539087,False
WRK_1592,6.6257819801121745,False
WRK_1593,3.2168558344709095,False
WRK_1594,10.826185989728007,False
WRK_1595,48.26981263384053,False
WRK_1596,68.75083339778736,False
WRK_1597,6.042320218046876,False
WRK_1598,7.569430015534695,False
WRK_1599,5.006529496631503,False
WRK_1600,4.470046190871495,False
WRK_1601,39.65252441016456,False
WRK_1602,92.9853349119943,False
WRK_1603,17.224560154894217,False
WRK_1604,15.971183992563509,False
WRK_1605,94.66136155604012,False
WRK_1606,26.822851538013655,False
WRK_1607,57.43204041135827,False
WRK_1608,6.66656604811114,False
WRK_1609,4.911170072932751,False
WRK_1610,36.32046377912817,False
WRK_1611,14.920865082642699,False
WRK_1612,15.252640114550925,False
WRK_1613,97.2836568179428,False
WRK_1614,9.920363544930598,False
WRK_1615,76.74751743038362,False
WRK_1616,10.68154197825621,False
WRK_1617,21.814736243503884,False
WRK_1618,11.475279013704494,False
WRK_1619,7.07390939984215,False
WRK_1620,6.192736047798096,False
WRK_1621,11.364606182993487,False
WRK_1622,25.820931135296917,False
WRK_1623,6.751091914194572,False
WRK_1624,12.588788464202084,False
WRK_1625,7.404678757037256,False
WRK_1626,11.22170027238946,False
WRK_1627,3.488419211755949,False
WRK_1628,22.746277675471593,False
WRK_1629,10.494409887398975,False
WRK_1630,41.55339806983042,False
WRK_1631,32.630865710916225,False
WRK_1632,33.474812407563185,False
WRK_1633,8.740389144515703,False
WRK_1634,21.806425927455244,False
WRK_1635,21.56953530886553,False
WRK_1636,74.96602170344306,False
WRK_1637,36.02689659802522,False
WRK_1638,24.23514716220543,False
WRK_1639,6.193828710264118,False
WRK_1640,7.341494935850568,False
WRK_1641,30.420275783339953,False
WRK_1642,35.22192929453481,False
WRK_1643,4.239396533514702,False
WRK_1644,8.191014893343409,False
WRK_1645,12.224010087847873,False
WRK_1646,34.80658598805963,False
WRK_1647,15.766401232569637,False
WRK_1648,3.7106508568029155,False
WRK_1649,20.137966420170486,False
WRK_1650,0.4823804209613136,False
WRK_1651,36.067380673987095,False
WRK_1652,4.043366998343384,False
WRK_1653,5.509096595972221,False
WRK_1654,31.325378652288943,False
WRK_1655,28.611066220483732,False
WRK_1656,8.009187023103651,False
WRK_1657,17.276605133671293,False
WRK_1658,123.63648190795419,False
WRK_1659,5.338058606155362,False
WRK_1660,32.271449122290825,False
WRK_1661,16.698048456346505,False
WRK_1662,3.3694503092508894,False
WRK_1663,29.175827073162026,False
WRK_1664,2.456481646355506,False
WRK_1665,9.922900511280083,False
WRK_1666,44.92336628655321,False
WRK_1667,38.06654563910496,False
WRK_1668,91.16710888491086,False
WRK_1669,11.668279546041012,False
WRK_1670,4.782921336618677,False
WRK_1671,11.220236001408196,False
WRK_1672,46.834820746250614,False
WRK_1673,7.500238355161175,False
WRK_1674,7.389789260539504,False
WRK_1675,6.317177233803225,False
WRK_1676,5.159766516241993,False
WRK_1677,14.38453596129233,False
WRK_1678,7.781260195284215,False
WRK_1679,8.452786885130957,False
WRK_1680,139.09648962796751,False
WRK_1681,21.819700287767173,False
WRK_1682,9.98037821905911,False
WRK_1683,56.64835338326262,False
WRK_1684,17.577448921438055,False
WRK_1685,16.917310950343587,False
WRK_1686,2.8698243339135896,False
WRK_1687,64.69191116917776,False
WRK_1688,8.225853535013169,False
WRK_1689,6.327759814425006,False
WRK_1690,93.77066839538699,False
WRK_1691,58.14984879569618,False
WRK_1692,10.45844304954739,False
WRK_1693,15.614502256156408,False
WRK_1694,11.769937511928347,False
WRK_1695,7.413647906307511,False
WRK_1696,9.893516807894514,False
WRK_1697,6.029011139753681,False
WRK_1698,3.962009431102252,False
WRK_1699,7.848000637439931,False
WRK_1700,9.80272166583863,False
WRK_1701,10.0813648496997,False
WRK_1702,23.093192923054357,False
WRK_1703,24.517688179984752,False
WRK_1704,3.2460965350680495,False
WRK_1705,11.077443860547396,False
WRK_1706,12.593747072666586,False
WRK_1707,20.323373708303862,False
WRK_1708,11.327018192907763,False
WRK_1709,100.87786116441787,False
WRK_1710,14.310378253803652,False
WRK_1711,64.82475306890612,False
WRK_1712,30.273990231354436,False
WRK_1713,17.93126135319323,False
WRK_1714,42.53931313593594,False
WRK_1715,41.706230580317246,False
WRK_1716,6.267328782106811,False
WRK_1717,21.601539068484556,False
WRK_1718,16.34414509867201,False
WRK_1719,41.84730130905329,False
WRK_1720,5.549683947410106,False
WRK_1721,12.691157164030534,False
WRK_1722,8.461776648520017,False
WRK_1723,580.2734099950691,False
WRK_1724,92.96367879112468,False
WRK_1725,32.93776968662475,False
WRK_1726,3099.364606030823,True
WRK_1727,4059.401719171171,True
WRK_1728,4466.384437057826,True
WRK_1729,3589.1121548361193,True
WRK_1730,4112.2163884535275,True
WRK_1731,10.834812870408333,False
WRK_1732,23.533709631286484,False
WRK_1733,16.35275998180764,False
WRK_1734,54.7474864689994,False
WRK_1735,37.04714249785765,False
WRK_1736,2.1578728222522936,False
WRK_1737,2.3053959696385626,False
WRK_1738,67.04121352105882,False
WRK_1739,17.033778728918566,False
WRK_1740,6.480349586072284,False
WRK_1741,1.3921605874507421,False
WRK_1742,44.87434485955694,False
WRK_1743,10.948545118597597,False
WRK_1744,8.547056018555601,False
WRK_1745,6.627806439935872,False
WRK_1746,19.034354301381253,False
WRK_1747,20.241659591101346,False
WRK_1748,28.79514403585762,False
WRK_1749,12.215277468003606,False
WRK_1750,31.449954776387308,False
WRK_1751,11.719402366816093,False
WRK_1752,11.821165801587687,False
WRK_1753,33.93284825042537,False
WRK_1754,7.558297098090033,False
WRK_1755,34.496140016442375,False
WRK_1756,9.304659382059175,False
WRK_1757,32.03082425804968,False
WRK_1758,1.0682811427194239,False
WRK_1759,5.570209379663875,False
WRK_1760,4.150145269081119,False
WRK_1761,24.98909635602595,False
WRK_1762,14.819752762790202,False
WRK_1763,47.68093801041102,False
WRK_1764,79.28832509471688,False
WRK_1765,16.098843862482784,False
WRK_1766,15.727588734615408,False
WRK_1767,6.009823867970345,False
WRK_1768,32.89261032237626,False
WRK_1769,17.04473818669469,False
WRK_1770,14.449025293288488,False
WRK_1771,3.666562810415402,False
WRK_1772,26.218187354342174,False
WRK_1773,13.47846280896163,False
WRK_1774,21.022647311765557,False
WRK_1775,35.98584581293959,False
WRK_1776,13.875484837544494,False
WRK_1777,1.988351362738456,False
WRK_1778,45.31027985591799,False
WRK_1779,16.882885304046237,False
WRK_1780,25.837943519483698,False
WRK_1781,23.69530957671902,False
WRK_1782,29.552828885890023,False
WRK_1783,48.08042504216851,False
WRK_1784,12.51167551513326,False
WRK_1785,5.171489390539941,False
WRK_1786,6.68437482246186,False
WRK_1787,7.860811012091427,False
WRK_1788,10.403893361080215,False
WRK_1789,8.9410158526654,False
WRK_1790,6.20027034663345,False
WRK_1791,0.5851847011963146,False
WRK_1792,40.01422302301115,False
WRK_1793,20.28207335966198,False
WRK_1794,96.17654087802129,False
WRK_1795,5.0389230334140755,False
WRK_1796,9.618710520142471,False
WRK_1797,13.335053459374828,False
WRK_1798,35.812127648935466,False
WRK_1799,6.259922260685937,False
WRK_1800,12.875157425768949,False
WRK_1801,45.702473955146054,False
WRK_1802,12.199803028831623,False
WRK_1803,3.9645539499629314,False
WRK_1804,41.04532919388559,False
WRK_1805,109.8865028363569,False
WRK_1806,11.138164823991302,False
WRK_1807,6.402342426006322,False
WRK_1808,9.537099690717472,False
WRK_1809,20.673177900656658,False
WRK_1810,20.16608842088676,False
WRK_1811,19.492588138754897,False
WRK_1812,3.1431699769768424,False
WRK_1813,21.49918212775454,False
WRK_1814,3.478562173468999,False
WRK_1815,6.419229098353043,False
WRK_1816,18.019762608927422,False
WRK_1817,3.906001304677205,False
WRK_1818,55.51606982309652,False
WRK_1819,55.874114767292724,False
WRK_1820,1.164315963168463,False
WRK_1821,4.344130296518534,False
WRK_1822,7.8176600648438646,False
WRK_1823,31.72490063762262,False
WRK_1824,13.43068007284078,False
WRK_1825,42.73064499418545,False
WRK_1826,31.76434695008842,False
WRK_1827,34.315224703629404,False
WRK_1828,15.213203852922293,False
WRK_1829,19.43640875435267,False
WRK_1830,6.076422683174298,False
WRK_1831,6.833640004466169,False
WRK_1832,81.21402845040927,False
WRK_1833,16.47913188867792,False
WRK_1834,26.708167750691384,False
WRK_1835,5.053434224092209,False
WRK_1836,19.893260821780093,False
WRK_1837,29.128118603375917,False
WRK_1838,4.36362058081408,False
WRK_1839,3.792405529870175,False
WRK_1840,24.463249997155064,False
WRK_1841,20.43271976741926,False
WRK_1842,30.38369961110696,False
WRK_1843,72.02791219457286,False
WRK_1844,60.607629738242075,False
WRK_1845,144.12225083780373,False
WRK_1846,15.673158421422919,False
WRK_1847,10.435487041993905,False
WRK_1848,50.85379084628572,False
WRK_1849,41.0661482210426,False
WRK_1850,25.668223868437128,False
WRK_1851,12.777284445287998,False
WRK_1852,65.1532194468339,False
WRK_1853,35.098146946029054,False
WRK_1854,13.687351846209188,False
WRK_1855,20.52283690124994,False
WRK_1856,9.04193577338952,False
WRK_1857,23.630965931591476,False
WRK_1858,10.679785548447896,False
WRK_1859,11.265181844739587,False
WRK_1860,42.352490176000074,False
WRK_1861,7.3596523744791265,False
WRK_1862,7.494876691808021,False
WRK_1863,32.195357210188014,False
WRK_1864,17.71956065667807,False
WRK_1865,2.62621345266199,False
WRK_1866,6.266531823169796,False
WRK_1867,4.496184052179304,False
WRK_1868,60.49264261221939,False
WRK_1869,8.960076345698246,False
WRK_1870,14.50630070781786,False
WRK_1871,2.5328775389578166,False
WRK_1872,41.1795733364724,False
WRK_1873,96.90596923500392,False
WRK_1874,157.93505713416204,False
WRK_1875,17.962241093914947,False
WRK_1876,22.99974746955992,False
WRK_1877,54.64815939115185,False
WRK_1878,42.73709786102423,False
WRK_1879,3.7946047158479104,False
WRK_1880,78.41935147436612,False
WRK_1881,7.256027260470893,False
WRK_1882,11.838697500912701,False
WRK_1883,3.205322962456228,False
WRK_1884,14.121270763942189,False
WRK_1885,45.09175993208037,False
WRK_1886,60.878497929975936,False
WRK_1887,2.923102539337969,False
WRK_1888,17.371173849403842,False
WRK_1889,63.61066366561534,False
WRK_1890,54.808256415538004,False
WRK_1891,55.2621993410664,False
WRK_1892,107.03332084120142,False
WRK_1893,69.64952995802457,False
WRK_1894,6.129781179089593,False
WRK_1895,10.740826687152573,False
WRK_1896,37.61957342256288,False
WRK_1897,17.241755578511594,False
WRK_1898,32.8869740785372,False
WRK_1899,7.543742865326903,False
WRK_1900,31.274971695106707,False
WRK_1901,11.63927932808969,False
WRK_1902,183.11447003079311,False
WRK_1903,15.594339922323758,False
WRK_1904,43.326976542583864,False
WRK_1905,3.9091474537014395,False
WRK_1906,12.563646982474344,False
WRK_1907,6.100565791800593,False
WRK_1908,10.137812570024128,False
WRK_1909,34.13910751995395,False
WRK_1910,3.326243263635431,False
WRK_1911,7.391084997244279,False
WRK_1912,66.3228479451729,False
WRK_1913,16.04969424480812,False
WRK_1914,23.91836904406382,False
WRK_1915,37.33415333216216,False
WRK_1916,7.509084001662814,False
WRK_1917,13.016832259866261,False
WRK_1918,67.7578044537075,False
WRK_1919,9.460241333356345,False
WRK_1920,4.587409304434938,False
WRK_1921,10.881537290926746,False
WRK_1922,92.78158053534244,False
WRK_1923,8.018991152430916,False
WRK_1924,25.354543109032935,False
WRK_1925,8.275845797643626,False
WRK_1926,5.720277447762564,False
WRK_1927,68.26714135771354,False
WRK_1928,3.6417656591857996,False
WRK_1929,3.6263209581111275,False
WRK_1930,14.067905391604837,False
WRK_1931,71.10472227433615,False
WRK_1932,76.70218038215961,False
WRK_1933,20.242587517797173,False
WRK_1934,143.70524225925732,False
WRK_1935,3.7930898108625097,False
WRK_1936,25.53008684500132,False
WRK_1937,51.99605569198273,False
WRK_1938,8.35598193879938,False
WRK_1939,16.39038268452469,False
WRK_1940,21.20879564704663,False
WRK_1941,10.143479253448477,False
WRK_1942,77.74487698650147,False
WRK_1943,13.29241845102173,False
WRK_1944,55.82808994617603,False
WRK_1945,16.75652159406708,False
WRK_1946,2.891981879449881,False
WRK_1947,10.572020452720801,False
WRK_1948,28.088245767865786,False
WRK_1949,5.470258572055985,False
WRK_1950,115.95040213598294,False
WRK_1951,2.8614577037036617,False
WRK_1952,4.591462310730995,False
WRK_1953,33.970799584533005,False
WRK_1954,95.93859108508988,False
WRK_1955,32.62852278516255,False
WRK_1956,17.62301027774,False
WRK_1957,32.64294509569551,False
WRK_1958,5.247481958604926,False
WRK_1959,9.385944109143741,False
WRK_1960,5.576111451096496,False
WRK_1961,40.015306368563,False
WRK_1962,5.057639071137406,False
WRK_1963,35.61039370665276,False
WRK_1964,9.354938076398298,False
WRK_1965,3.4058653880268346,False
WRK_1966,5.490764800931515,False
WRK_1967,19.224646970209935,False
WRK_1968,73.28861512957093,False
WRK_1969,61.28305325455088,False
WRK_1970,23.802168390412923,False
WRK_1971,11.691307791269582,False
WRK_1972,1.147814549202535,False
WRK_1973,2.7959779125867232,False
WRK_1974,24.310306815717134,False
WRK_1975,5.869025634056126,False
WRK_1976,23.069029730520434,False
WRK_1977,14.023874939348703,False
WRK_1978,368.7071020914151,False
WRK_1979,2.6030538911854486,False
WRK_1980,5.878304884020171,False
WRK_1981,13.251838506322109,False
WRK_1982,110.97917568664481,False
WRK_1983,8.161830111240466,False
WRK_1984,17.126916106740097,False
WRK_1985,136.7069884743991,False
WRK_1986,28.249642803270987,False
WRK_1987,63.5648400245503,False
WRK_1988,23.52493052087818,False
WRK_1989,21.040593535884494,False
WRK_1990,4.439812218188534,False
WRK_1991,34.336227066131414,False
WRK_1992,15.326808557249148,False
