id,municipality_code,formal_links_2024_weight,informal_spatial_weight,weight,address_units,representative_unit,representative_activity,grid_m,lon,lat
WRK_0000,3300456,10.573044586558545,4.983671176780629e-05,2.231342273775925e-05,36,40230643,other,1500,-43.427905,-22.7366139993268
WRK_0001,3300456,29.772850409008804,0.0002648228975564483,0.00011384278122031015,218,40250831,education,1500,-43.43033,-22.726987999327
WRK_0002,3300456,14.392122769410612,0.0001458182901954878,6.232654653948217e-05,94,95628416,personal_services,1500,-43.428389,-22.7122459993273
WRK_0003,3300456,97.85122847134784,0.0005834274879032169,0.0002565786561054337,455,196746924,other,1500,-43.429448,-22.7056679993275
WRK_0004,3300456,171.13177517067032,0.0001547028860232332,9.401815758374566e-05,69,40168199,personal_services,1500,-43.412963,-22.7631909993262
WRK_0005,3300456,244.54374101008483,0.0006456716415937746,0.00030833691176910155,418,94986403,personal_services,1500,-43.4154,-22.7529129993264
WRK_0006,3300456,2682.1824750478054,0.0021120941833514192,0.0013454756700527993,1391,40211942,other,1500,-43.418182,-22.7414169993267
WRK_0007,3300456,316.80350397562717,0.0007683891261174856,0.000371553946118213,648,40249380,retail,1500,-43.421745,-22.728816999327
WRK_0008,3300456,85.76541070978963,0.0008327668497899615,0.0003565855967782081,550,197017012,personal_services,1500,-43.420765,-22.7135529993273
WRK_0009,3300456,25.771173325289517,0.0005579574655234034,0.0002332421342298727,457,43071833,other,1500,-43.420903,-22.7049419993275
WRK_0010,3300456,11.68172561201764,2.307273322182978e-08,2.1000837585411716e-06,1,40202185,other,1500,-43.399332,-22.7751129993259
WRK_0011,3300456,17504.34282081609,0.0019407158889388587,0.003927911142156679,1139,40203043,other,1500,-43.400808,-22.7666629993261
WRK_0012,3300456,4829.092387500094,0.002384028277594953,0.0018411274893817761,1574,40163023,other,1500,-43.405784,-22.7557519993263
WRK_0013,3300456,2079.8383661422413,0.002065470378509604,0.001218571991153311,1686,40220343,other,1500,-43.405488,-22.7420249993266
WRK_0014,3300456,888.9770758023831,0.0015859545802444878,0.0008089610107343279,1266,224838687,retail,1500,-43.403818,-22.725582999327
WRK_0015,3300456,55.638755334663855,0.000496202260538015,0.00021328245068905486,430,40265580,personal_services,1500,-43.404904,-22.7165499993272
WRK_0016,3300456,1.2061658292738042,5.3444007509942916e-05,2.2115205812244408e-05,49,40262679,personal_services,1500,-43.407808,-22.7021259993276
WRK_0017,3300456,2703.2914831680355,0.00035526211550867073,0.0006293697824547564,161,40200804,other,1500,-43.395485,-22.769590999326
WRK_0018,3300456,1383.7943137219004,0.0006794712831530984,0.0005260736282496415,557,40279253,other,1500,-43.392967,-22.7541819993264
WRK_0019,3300456,5527.959089479546,0.0018132452310900063,0.0017323153148779762,1449,40227062,personal_services,1500,-43.39008,-22.7394979993267
WRK_0020,3300456,1961.7349561892217,0.0010494999294766694,0.0007811290566425521,880,40240013,other,1500,-43.390599,-22.7301729993269
WRK_0021,3300456,107.89868583885789,0.00047542969834023723,0.00021412337679531135,392,40262169,vehicle_trade,1500,-43.38881,-22.7150939993273
WRK_0022,3300456,2.4605151433723926,2.3881231855956245e-05,1.0225978322678729e-05,21,40296719,vehicle_trade,1500,-43.370862,-22.7617369993262
WRK_0023,3300456,865.1686613811156,0.0009108827387911066,0.0005280810785614229,725,224166081,vehicle_trade,1500,-43.374249,-22.7558619993263
WRK_0024,3300456,93.15935657757655,0.0008647799125598072,0.0003710266088361552,669,40294017,personal_services,1500,-43.377694,-22.7402379993267
WRK_0025,3300456,2823.56107906534,0.001569399184980884,0.0011484016149439602,1247,94931296,retail,1500,-43.378225,-22.728471999327
WRK_0026,3300456,135.16923517804418,0.0004972012999762806,0.0002279250557579192,384,94930685,personal_services,1500,-43.377991,-22.7168719993272
WRK_0027,3300456,2.131089716690615,1.9801645126237857e-06,1.192789096238103e-06,1,196993641,food,1500,-43.375358,-22.7006679993276
WRK_0028,3300456,4.4712048629999484e-05,1.085157056100936e-06,4.4466453301383193e-07,1,201741493,personal_services,1500,-43.377851,-22.6910489993278
WRK_0029,3300456,23.7758304609768,3.465971300697274e-05,1.8457306894674027e-05,29,197015254,vehicle_trade,1500,-43.364758,-22.7613629993262
WRK_0030,3300456,667.673278748778,0.0013825525457133458,0.0006860086982102094,1086,40310671,other,1500,-43.361405,-22.7555849993263
WRK_0031,3300456,244.70966077356312,0.0006573445138695825,0.00031314970958402953,707,218152554,other,1500,-43.360729,-22.7385589993267
WRK_0032,3300456,220.76068327047707,0.0012359205741345211,0.0005459423613499224,1019,197065781,other,1500,-43.361354,-22.727920999327
WRK_0033,3300456,20.072885516732,0.0002870219270140565,0.00012120314620415796,242,40349880,other,1500,-43.361506,-22.7175369993272
WRK_0034,3300456,0.6588691486718211,3.3069621485732263e-06,1.4729837067232502e-06,4,196993647,other,1500,-43.369063,-22.7018419993276
WRK_0035,3300456,0.20359318924934264,3.111467035168381e-06,1.3113983367290298e-06,4,40962847,other,1500,-43.36738,-22.6868689993279
WRK_0036,3300456,131.36666459484837,0.0006678429494667087,0.000297167052992797,409,108156348,food,1500,-43.348286,-22.7520969993264
WRK_0037,3300456,2409.8232092084677,0.0009891416626997464,0.0008365889846102209,746,196761315,education,1500,-43.344266,-22.7377189993267
WRK_0038,3300456,185.72037615443358,0.0011435245336905734,0.0005018109237536942,949,40960280,other,1500,-43.34753,-22.726646999327
WRK_0039,3300456,178.1888245418042,0.000845245889929106,0.00037823966848570976,655,40351383,personal_services,1500,-43.347116,-22.7129719993273
WRK_0040,3300456,142.48396777200486,0.00022235136706713957,0.00011661098185520827,183,40337443,other,1500,-43.342025,-22.7032739993275
WRK_0041,3300456,21.476700186507223,9.778815900401391e-05,4.391350307204661e-05,80,40328021,personal_services,1500,-43.334529,-22.7534239993264
WRK_0042,3300456,307.22552403519035,0.0007326510554447416,0.000355195698565538,646,40304280,personal_services,1500,-43.334617,-22.7397869993267
WRK_0043,3300456,179.46981298932096,0.001073975971370837,0.00047219390270930356,882,217308693,education,1500,-43.334921,-22.726017999327
WRK_0044,3300456,1147.383745022506,0.0019240937567912282,0.0009937636797507678,1425,98824282,other,1500,-43.331165,-22.7123719993273
WRK_0045,3300456,277.1804170424468,0.0004672677999603995,0.0002410745791320993,468,40341166,personal_services,1500,-43.336084,-22.7043859993275
WRK_0046,3300456,257.93282465991234,0.00041484787115304714,0.00021615020382470245,198,40324911,other,1500,-43.323969,-22.7147949993273
WRK_0047,3300803,1.281122602767616,3.9181582125390395e-05,1.628441523198978e-05,15,112709273,agriculture,1500,-42.909266,-22.6130399993296
WRK_0048,3300803,2.0413583746474853,1.0448421900104105e-05,4.646703502166946e-06,4,113565010,agriculture,1500,-42.905934,-22.6008109993299
WRK_0049,3300803,112.40691259448096,7.092332061930904e-05,4.917870173325235e-05,46,201908224,personal_services,1500,-42.892708,-22.6117859993296
WRK_0050,3300803,3.397965327723637,3.656947665036437e-05,1.5592915153331834e-05,14,113565001,agriculture,1500,-42.897251,-22.5989919993299
WRK_0051,3300803,4.783634194587186,9.229093288731913e-08,8.93924293182374e-07,4,201904982,other,1500,-42.887457,-22.6215139993294
WRK_0052,3300803,10.695888287348808,3.097269253715365e-05,1.460564226303662e-05,16,113564991,agriculture,1500,-42.881883,-22.6125849993296
WRK_0053,3300803,3.5346565803977317,2.590217486386573e-05,1.1246319312888715e-05,10,110859709,agriculture,1500,-42.882168,-22.59775499933
WRK_0054,3300803,28.355455518290164,5.3795924897764735e-05,2.7118202783733246e-05,28,112707439,agriculture,1500,-42.87881,-22.5860619993302
WRK_0055,3300803,0.004089582654618138,2.6121054750260264e-06,1.071074435108404e-06,1,40624071,agriculture,1500,-42.877916,-22.5789779993304
WRK_0056,3300803,0.9495333930558816,3.425013239375688e-06,1.5733755622003296e-06,2,201904650,other,1500,-42.864094,-22.6135749993296
WRK_0057,3300803,7.85567373318168,6.332440739374818e-06,4.0006929168798764e-06,4,201904880,personal_services,1500,-42.866175,-22.6054239993298
WRK_0058,3300803,27.10701842321403,4.2316428650797345e-05,2.219090960439291e-05,19,40623947,other,1500,-42.869664,-22.5817979993303
WRK_0059,3300803,21.39408968413692,2.4641253854484095e-05,1.3925869138146642e-05,12,201906094,agriculture,1500,-42.863415,-22.5746319993305
WRK_0060,3300803,2.633970502932243,9.047090792212522e-06,4.178548047353196e-06,5,112707206,agriculture,1500,-42.856713,-22.6039899993298
WRK_0061,3300803,3.316129662250522,1.002970327050178e-05,4.703268831487929e-06,6,201907222,other,1500,-42.852615,-22.5850399993303
WRK_0062,3300803,38.007560997356315,1.7390515655348666e-05,1.3928032699971067e-05,7,201906542,agriculture,1500,-42.855262,-22.5718949993306
WRK_0063,3300803,2.0530232662067283,5.224210950052053e-06,2.5081060395496123e-06,2,40623714,agriculture,1500,-42.830856,-22.6335749993291
WRK_0064,3300803,14.906071772441202,2.2466236535049066e-05,1.1873495534267208e-05,12,40623740,agriculture,1500,-42.836929,-22.6276989993293
WRK_0065,3300803,5.90994350424274,1.6780862639478925e-05,7.93384390000287e-06,8,113564931,agriculture,1500,-42.837755,-22.6147539993296
WRK_0066,3300803,25.161079661159782,1.6193991607790416e-05,1.1138661300435206e-05,15,196856191,personal_services,1500,-42.841537,-22.6033469993299
WRK_0067,3300803,26.81427472488874,1.2184026974730926e-05,9.791394058522595e-06,13,201905922,retail,1500,-42.840168,-22.5873209993302
WRK_0068,3300803,1.6670250573611718,7.617436538683546e-06,3.419679357484143e-06,3,40623267,agriculture,1500,-42.838602,-22.5787539993304
WRK_0069,3300803,2.654503218774585,5.224210950052053e-06,2.615750383074653e-06,2,197316753,agriculture,1500,-42.827912,-22.638149999329
WRK_0070,3300803,3.3777329405399192,7.882461891521738e-06,3.834434987498252e-06,5,40623705,agriculture,1500,-42.826229,-22.6251459993293
WRK_0071,3300803,4.967818870839723,2.658250941469686e-06,1.978320915717078e-06,3,112705765,agriculture,1500,-42.820984,-22.6188459993295
WRK_0072,3300803,9.959787337730166,1.310667284157379e-05,7.153082726430925e-06,7,112706680,agriculture,1500,-42.824935,-22.6010099993299
WRK_0073,3300803,50.36441100118428,5.489946565946298e-05,3.1509242687048686e-05,10,197090057,hotel,1500,-42.822246,-22.5825959993303
WRK_0074,3300803,0.11195776609849271,1.4411740858147118e-06,6.105755259053493e-07,2,197090043,personal_services,1500,-42.820403,-22.5765749993305
WRK_0075,3301702,1.4833645472539034,1.1257997477515991e-05,4.87857529825847e-06,9,224682752,other,1500,-43.414633,-22.5998969993299
WRK_0076,3301702,13.84061272392905,2.1709310460143296e-05,1.1372654973497063e-05,21,40766389,retail,1500,-43.41573,-22.5946319993301
WRK_0077,3301702,282.35588164378055,2.1829926800881283e-05,5.947713010002879e-05,10,197831333,entertainment,1500,-43.4094,-22.6063239993298
WRK_0078,3301702,12.758180395791205,2.6561881894958822e-06,3.3716839942349894e-06,1,197413844,education,1500,-43.406718,-22.5887659993302
WRK_0079,3301702,1.8506506512111938,3.297568916215215e-05,1.3843399846085579e-05,15,110072843,agriculture,1500,-43.393429,-22.6565619993286
WRK_0080,3301702,5.427945154562261,4.812579708094093e-05,2.0691557416142333e-05,23,110861894,agriculture,1500,-43.391208,-22.6492879993288
WRK_0081,3301702,0.06167760515425611,1.085157056100936e-06,4.556947133042642e-07,1,197831370,personal_services,1500,-43.387247,-22.6157619993296
WRK_0082,3301702,0.0003240389715587083,2.6121054750260264e-06,1.0704005315542667e-06,1,110861817,agriculture,1500,-43.397269,-22.6014769993299
WRK_0083,3301702,0.35484648573996536,7.772993572754068e-06,3.248585683452021e-06,4,197413781,agriculture,1500,-43.388971,-22.5935709993301
WRK_0084,3301702,0.2605617660388536,1.0448421900104105e-05,4.3280018046840715e-06,4,110861729,agriculture,1500,-43.382737,-22.6544519993287
WRK_0085,3301702,6.219748391045264e-05,4.609756586197769e-06,1.8889159319111177e-06,2,110861745,agriculture,1500,-43.38349,-22.6421959993289
WRK_0086,3301702,0.017432561771438412,6.309368006152989e-06,2.5884614428439243e-06,3,197413241,agriculture,1500,-43.376206,-22.6341689993291
WRK_0087,3301702,0.9000116730186813,1.2495741860419576e-05,5.281356158193105e-06,6,197831772,other,1500,-43.377524,-22.6143429993296
WRK_0088,3301702,4.217057981574563,1.6183419141173054e-05,7.386065414743673e-06,11,197831621,food,1500,-43.379645,-22.6076019993297
WRK_0089,3301702,13.44353198812959,8.253567045551358e-06,5.787933739486007e-06,2,197413816,education,1500,-43.37908,-22.5856159993303
WRK_0090,3301702,0.14790017227666255,5.224210950052053e-06,2.167154152616423e-06,2,110861819,agriculture,1500,-43.376274,-22.5842119993303
WRK_0091,3301702,26.25983054057865,4.3679438470446786e-05,2.2597802082524405e-05,41,197140085,other,1500,-43.35573,-22.682142999328
WRK_0092,3301702,187.0329564364052,0.00033601251755974615,0.0001711577902626283,268,40761258,food,1500,-43.35834,-22.6751189993282
WRK_0093,3301702,0.33636548920609816,1.162586988909236e-05,4.824041961787052e-06,9,110861759,agriculture,1500,-43.357137,-22.6439419993289
WRK_0094,3301702,0.787475791097255,9.122554729257733e-06,3.879010917948971e-06,6,197829977,agriculture,1500,-43.36351,-22.6268409993293
WRK_0095,3301702,3.7667718165518616,2.3555094741677896e-05,1.0326114880830217e-05,11,95245143,agriculture,1500,-43.361316,-22.6158819993296
WRK_0096,3301702,3.4345568481857818,5.259672651974195e-05,2.216682773371025e-05,29,95245141,agriculture,1500,-43.363997,-22.6031169993298
WRK_0097,3301702,2.8823222148626844,8.335677985220434e-06,3.931484310811146e-06,6,197357813,food,1500,-43.363712,-22.5915789993301
WRK_0098,3301702,9.227690524994124,2.2280709005964216e-05,1.0781237266091608e-05,13,110861859,agriculture,1500,-43.361953,-22.5751569993305
WRK_0099,3301702,0.14612084823407384,1.1082297893227657e-06,4.802615041573047e-07,2,99195124,personal_services,1500,-43.343813,-22.6964809993277
WRK_0100,3301702,69.04621942948452,0.0002681791455193846,0.00012224663542930028,191,95244630,other,1500,-43.351924,-22.6866149993279
WRK_0101,3301702,5.084879341298733,8.057188030584671e-06,4.211552013771448e-06,10,109351448,personal_services,1500,-43.354058,-22.6746579993282
WRK_0102,3301702,0.018378713565095628,1.0448421900104105e-05,4.284659319892798e-06,4,110861891,agriculture,1500,-43.344483,-22.6542099993287
WRK_0103,3301702,0.07634673301152867,6.631101683026804e-06,2.7308394200063363e-06,5,197358550,personal_services,1500,-43.34757,-22.6518879993287
WRK_0104,3301702,12.46625580466327,2.7102978774754868e-05,1.3336814413197972e-05,16,110861887,agriculture,1500,-43.348057,-22.6318859993292
WRK_0105,3301702,0.013754651766945625,7.933896120651347e-06,3.253473718972259e-06,3,95244992,agriculture,1500,-43.353855,-22.6225529993294
WRK_0106,3301702,6.909571184641051,2.481318566120618e-05,1.1404086819168406e-05,21,196948072,other,1500,-43.349147,-22.6043949993298
WRK_0107,3301702,1.0931318420490608,7.317390252319146e-06,3.194024418077887e-06,5,197357918,personal_services,1500,-43.347058,-22.59684599933
WRK_0108,3301702,10.062991123394923,2.403138356859842e-05,1.1648088073842752e-05,13,197795270,other,1500,-43.350424,-22.5823289993303
WRK_0109,3301702,0.0401146272285314,2.6121054750260264e-06,1.0775216861881177e-06,1,197795508,agriculture,1500,-43.352735,-22.5710279993306
WRK_0110,3301702,1.913513015365959,1.3747875935605052e-05,5.975815671928973e-06,22,197756924,vehicle_trade,1500,-43.329879,-22.8019559993252
WRK_0111,3301702,1180.4069641034673,0.0013027695429787608,0.0007450784220613287,681,41392078,industry,1500,-43.3271,-22.7945729993254
WRK_0112,3301702,1376.655134819232,0.0004054932951152888,0.00041253008864977706,297,218471699,personal_services,1500,-43.32667,-22.7810399993258
WRK_0113,3301702,141.71037833831122,0.0004843844185519276,0.00022384382094993403,288,196856339,personal_services,1500,-43.326775,-22.7655849993261
WRK_0114,3301702,111.97505196125087,0.00025089056927091614,0.00012284522043358228,120,197326451,retail,1500,-43.326105,-22.7499799993265
WRK_0115,3301702,59.074479862765145,0.0002025207373842413,9.355768986951115e-05,184,95222639,other,1500,-43.3261,-22.7403679993267
WRK_0116,3301702,54.75464085900581,0.0001588718849283619,7.489892901822169e-05,101,41077467,wholesale,1500,-43.326442,-22.7287229993269
WRK_0117,3301702,3.1837023972311944,9.447129287322967e-06,4.440851981311473e-06,18,222953911,other,1500,-43.327608,-22.6724609993282
WRK_0118,3301702,0.5507473327675718,4.242769557712977e-06,1.8370922642139174e-06,7,197358839,personal_services,1500,-43.335342,-22.6577819993286
WRK_0119,3301702,55.72078623483049,0.0001476867052624402,7.048857023298714e-05,111,197589014,other,1500,-43.33255,-22.6450159993289
WRK_0120,3301702,1.0632300927300902,2.6041741969768035e-07,2.969910888120946e-07,2,226231819,other,1500,-43.333443,-22.6278919993293
WRK_0121,3301702,14.96687896236634,1.4183841868484694e-05,8.490564243883514e-06,16,197829954,personal_services,1500,-43.335639,-22.6183989993295
WRK_0122,3301702,174.1203802329812,4.468788342216505e-05,4.9473007090243186e-05,28,216649964,food,1500,-43.330464,-22.6039949993298
WRK_0123,3301702,2.991534019830836,1.0182703777497646e-05,4.707871162162179e-06,17,109740896,education,1500,-43.330707,-22.5729879993306
WRK_0124,3301702,6938.8738120503995,0.0025112093944424665,0.002270820255398205,1763,41204885,other,1500,-43.314165,-22.7918889993255
WRK_0125,3301702,6453.351416010334,0.003208517166719944,0.0024696588371800675,2291,41201472,other,1500,-43.315309,-22.7832549993257
WRK_0126,3301702,658.463111137315,0.0015614793750680582,0.0007576778754604717,1192,95216657,other,1500,-43.317661,-22.7660889993261
WRK_0127,3301702,635.2510676973188,0.001149833844179061,0.0005848468635974731,847,202249925,other,1500,-43.316037,-22.7537469993264
WRK_0128,3301702,1231.5063000671812,0.001575204406209721,0.0008658570120462643,1420,41015322,personal_services,1500,-43.317374,-22.7409209993267
WRK_0129,3301702,2102.6740473040563,0.001646900360420614,0.0010511445530518365,1336,41079506,retail,1500,-43.317407,-22.726156999327
WRK_0130,3301702,491.63308538096175,0.0010978343607010313,0.000537836724091621,881,197073521,other,1500,-43.31576,-22.7156719993272
WRK_0131,3301702,51.339790982271836,1.782099981564968e-05,1.6490442174637962e-05,23,197096914,education,1500,-43.312076,-22.7060529993275
WRK_0132,3301702,0.9346212753809926,2.0955281787329347e-06,1.025933848890543e-06,6,222953779,food,1500,-43.319645,-22.6924219993278
WRK_0133,3301702,3.2360356987770973,3.0067046192194667e-05,1.2899483948031309e-05,15,197362943,other,1500,-43.324893,-22.6765859993282
WRK_0134,3301702,61.064718265555705,0.00013733449583023722,6.720300541796125e-05,95,40764037,other,1500,-43.314521,-22.6568489993286
WRK_0135,3301702,5.578745764631622,1.0976465317905671e-05,5.496147206057676e-06,24,40758226,other,1500,-43.31804,-22.6499889993288
WRK_0136,3301702,29.62117949378787,3.7664807307924515e-06,6.844540299097702e-06,5,197411988,other,1500,-43.316843,-22.6370329993291
WRK_0137,3301702,20.843201479489515,1.063918230189927e-05,8.089756912141478e-06,15,197361980,other,1500,-43.314313,-22.6143439993296
WRK_0138,3301702,429.21530665382704,0.0001854601995025263,0.00015280947416907267,62,40769023,other,1500,-43.321276,-22.6010809993299
WRK_0139,3301702,184.0851980735092,0.00019934045826019298,0.00011462717488651423,157,220712450,other,1500,-43.316102,-22.5943649993301
WRK_0140,3301702,88.9390148518487,0.00011289934636399775,6.217894648216668e-05,65,40766819,food,1500,-43.31688,-22.5732889993306
WRK_0141,3301702,9.67558183467844,1.5917363700986598e-05,8.25393501810698e-06,13,202285198,retail,1500,-43.314356,-22.5705479993306
WRK_0142,3301702,16752.617632463458,0.0029855361378812524,0.004221506064395849,1762,197275858,retail,1500,-43.302475,-22.7921109993255
WRK_0143,3301702,10463.488840752367,0.0031436172421757365,0.003160742759911316,2084,41204126,personal_services,1500,-43.30409,-22.7823129993257
WRK_0144,3301702,901.6486492157879,0.0018695152759551055,0.0009274212928098712,1528,220821543,other,1500,-43.30124,-22.7678269993261
WRK_0145,3301702,2026.8430971416706,0.0022277371954455925,0.001275578486280295,1605,41616275,other,1500,-43.303277,-22.7542989993264
WRK_0146,3301702,478.70327148565855,0.000390781729434113,0.0002457991650672358,380,41081634,entertainment,1500,-43.308554,-22.7415909993267
WRK_0147,3301702,161.05345969289888,0.0007340793213313533,0.0003296211471136743,539,41352107,other,1500,-43.305126,-22.727394999327
WRK_0148,3301702,760.9756612203703,0.0012678983612284427,0.0006557256633561545,1154,41140410,personal_services,1500,-43.30442,-22.7093829993274
WRK_0149,3301702,703.9137947550896,0.0008003049283243977,0.0004539113455574083,692,41144001,other,1500,-43.302377,-22.7034489993275
WRK_0150,3301702,1845.180894906725,0.0006731500848887647,0.0006060558596728315,299,41156148,other,1500,-43.299435,-22.683371999328
WRK_0151,3301702,3214.3668266953136,0.001105829297152276,0.0010283889823345961,542,223944655,other,1500,-43.301843,-22.6703199993283
WRK_0152,3301702,797.9338296627241,0.0004674166086129006,0.000334332608687907,228,197303050,other,1500,-43.302212,-22.6606679993285
WRK_0153,3301702,113.00518866059593,0.00023790583323545248,0.00011770892341754202,162,197415029,retail,1500,-43.301318,-22.6458759993289
WRK_0154,3301702,38.21451115458166,0.0001370452481169366,6.299507689270155e-05,111,197352367,other,1500,-43.307015,-22.6328259993292
WRK_0155,3301702,47.25092928104282,3.535930208365662e-05,2.294521211836175e-05,49,40730612,personal_services,1500,-43.308713,-22.6189019993295
WRK_0156,3301702,540.0839251816423,0.00032500315887367824,0.00022983061992097522,229,40732803,food,1500,-43.303414,-22.6020279993299
WRK_0157,3301702,1925.3530739514415,0.0011669504026356825,0.0008227447284907184,678,216500018,other,1500,-43.305732,-22.5876009993302
WRK_0158,3301702,728.3756496244895,0.0008455619137160331,0.0004768337908486621,606,40762312,retail,1500,-43.305096,-22.5799079993304
WRK_0159,3301702,1.5514343041585061,3.7644179788186477e-06,1.8201705345688324e-06,3,197837074,education,1500,-43.312356,-22.5707999993306
WRK_0160,3301702,326.3856444038905,0.0005791654825313254,0.0002957320922418489,374,41329851,retail,1500,-43.284,-22.8048749993252
WRK_0161,3301702,12427.673793294522,0.0023217658075477925,0.003175500905241626,1047,41328817,other,1500,-43.287497,-22.7944569993254
WRK_0162,3301702,6540.234054757349,0.0015466745722922946,0.0018042472923915324,1111,41323517,wholesale,1500,-43.288675,-22.7813449993257
WRK_0163,3301702,4202.544507368285,0.0022537941009796517,0.0016756317786966561,1082,41601489,other,1500,-43.287935,-22.7665019993261
WRK_0164,3301702,4270.53913366469,0.002992661189678757,0.001990560423758664,927,40658769,transport,1500,-43.287531,-22.7552659993263
WRK_0165,3301702,0.0,8.77845848080644e-07,3.5970819840437264e-07,1,41083497,public_admin,1500,-43.289066,-22.7218639993271
WRK_0166,3301702,1170.5563478297427,0.0004612031462738054,0.0003984732543022261,83,197763205,other,1500,-43.286796,-22.7088939993274
WRK_0167,3301702,1260.47671701936,0.0005571548999182315,0.00045388334383247684,407,214986140,food,1500,-43.290459,-22.7004879993276
WRK_0168,3301702,13002.749957933975,0.0017928042885151515,0.0030616713460156434,778,215508745,other,1500,-43.28845,-22.683082999328
WRK_0169,3301702,8681.725247398157,0.0016702248215974067,0.002238127229658166,528,41207803,other,1500,-43.288918,-22.6705379993283
WRK_0170,3301702,2527.2923100839544,0.0009204241323495789,0.0008294540783899364,532,41287839,retail,1500,-43.286518,-22.6610759993285
WRK_0171,3301702,3614.720083756245,0.0014419845023197616,0.0012377822798002426,885,41358007,personal_services,1500,-43.286619,-22.6444509993289
WRK_0172,3301702,241.41815326774048,0.00016816581952653023,0.00011211361936483676,171,224365977,vehicle_trade,1500,-43.284105,-22.6321889993292
WRK_0173,3301702,1047.2855209064212,0.0002052112264558898,0.0002715161349076136,171,197354707,other,1500,-43.285739,-22.6190039993295
WRK_0174,3301702,1544.7606087413544,0.00031227677303876446,0.0004044185966605595,163,220626318,other,1500,-43.291874,-22.6031259993298
WRK_0175,3301702,1736.4119157222567,0.00014284790861659395,0.0003692920533236838,21,197131055,wholesale,1500,-43.291711,-22.5929549993301
WRK_0176,3301702,479.95920290160416,8.975078327957058e-05,0.00012267277880629045,90,202410888,other,1500,-43.288293,-22.5809569993304
WRK_0177,3301702,10.732430479812269,2.0032372458456155e-06,2.7415893025207623e-06,2,202413272,food,1500,-43.287111,-22.5700749993306
WRK_0178,3301702,21.96953140265285,0.00012553659894338077,5.537196962157841e-05,115,196851247,other,1500,-43.279164,-22.8050119993252
WRK_0179,3301702,38.20210141623018,2.307273322182978e-08,6.846324146594277e-06,1,197783610,other,1500,-43.27914,-22.7954739993254
WRK_0180,3301702,89.64968193301667,0.0003341832619752921,0.00015297995409844348,245,224445049,other,1500,-43.276911,-22.7620979993262
WRK_0181,3301702,1207.6324618207652,0.001150443896783115,0.000687533536807525,660,40661720,other,1500,-43.275933,-22.7554569993263
WRK_0182,3301702,1702.6170268184242,0.0003840593526494656,0.0004620832977047097,142,202354819,personal_services,1500,-43.274162,-22.7084509993274
WRK_0183,3301702,2182.339059731683,0.0013926791829413485,0.0009612315929664076,804,202275719,other,1500,-43.275765,-22.7020829993276
WRK_0184,3301702,2615.5975152858277,0.0012216991127220228,0.0009687088415465536,505,95228152,other,1500,-43.276817,-22.682384999328
WRK_0185,3301702,3438.709486761803,0.001617764456660462,0.0012783104130610497,957,218303203,other,1500,-43.274579,-22.6714499993283
WRK_0186,3301702,758.1483131119735,0.0007606187558333204,0.0004473555695190366,572,41345360,retail,1500,-43.277134,-22.6601129993285
WRK_0187,3301702,3119.4441557010678,0.0016601616838589628,0.0012385456247324639,1172,40678231,other,1500,-43.275694,-22.6431019993289
WRK_0188,3301702,542.3450798737119,0.00044682862637540806,0.0002801547820232331,282,223888646,personal_services,1500,-43.279567,-22.6331689993292
WRK_0189,3301702,12.878778248460591,2.7570941237904395e-05,1.3602395233850882e-05,26,197363830,other,1500,-43.282169,-22.6185029993295
WRK_0190,3301702,2289.2100965351406,0.00034765610455327907,0.0005521467169174023,212,197130011,retail,1500,-43.280435,-22.6076359993298
WRK_0191,3301702,54.62366942046586,1.2195891534497544e-05,1.477318639949191e-05,18,197333063,personal_services,1500,-43.277324,-22.5886139993302
WRK_0192,3301702,48.02822092031509,5.262180363828056e-05,3.0157844353897733e-05,31,98945615,agriculture,1500,-43.275365,-22.5750979993305
WRK_0193,3301702,60.17383089199211,6.082095321817378e-05,3.569119620580111e-05,56,218412641,other,1500,-43.263042,-22.7097169993274
WRK_0194,3301702,621.423471665009,0.0006952199117374213,0.00039608851270141567,590,95229331,retail,1500,-43.258902,-22.6958749993277
WRK_0195,3301702,16877.36683013305,0.0014064527169704954,0.0035967829341649192,1190,197805531,personal_services,1500,-43.261538,-22.6872499993279
WRK_0196,3301702,1864.6281464243002,0.0012664983493716505,0.0008526680459364482,997,41408513,other,1500,-43.261596,-22.6711139993283
WRK_0197,3301702,195.6321032337891,0.00036589837711399045,0.00018494284423551974,203,103621703,education,1500,-43.260206,-22.6626739993285
WRK_0198,3301702,834.0874882413501,0.0009811509399608993,0.000551311876312768,780,197851805,other,1500,-43.260003,-22.6441409993289
WRK_0199,3301702,590.8988122230545,0.000529303434906957,0.0003226393130982499,570,41553279,other,1500,-43.261252,-22.6348869993291
WRK_0200,3301702,2.10892196318844,3.069617462097375e-06,1.6352386529528524e-06,4,197790983,personal_services,1500,-43.259312,-22.59927099933
WRK_0201,3301702,8.198578717911488,1.2335180999525378e-05,6.5217582806719794e-06,12,40740630,food,1500,-43.265014,-22.5862449993302
WRK_0202,3301702,10.393678863552609,2.09518348866467e-05,1.0445386693582675e-05,15,40765090,food,1500,-43.261506,-22.5775999993305
WRK_0203,3301702,0.8655429575198262,1.1082297893227657e-06,6.09013460628752e-07,2,196946809,personal_services,1500,-43.268337,-22.5703909993306
WRK_0204,3301702,0.00020293319669010442,2.307273322182978e-08,9.490656034245843e-09,1,197282832,other,1500,-43.244689,-22.7143689993273
WRK_0205,3301702,74.88607408447345,0.00040171042979743484,0.000178007865716753,190,197387495,personal_services,1500,-43.244608,-22.6950949993277
WRK_0206,3301702,367.9891519835289,0.0010942426158845726,0.0005142369262138894,864,196900959,personal_services,1500,-43.244759,-22.684555999328
WRK_0207,3301702,660.9955865914421,0.00077587389999799,0.00043621953775355973,704,41285748,other,1500,-43.248328,-22.6751529993282
WRK_0208,3301702,43.730096485203546,0.00013737284569292235,6.411641521831604e-05,48,197112448,industry,1500,-43.25072,-22.6530639993287
WRK_0209,3301702,654.6438149307226,0.001420321215635536,0.0006991530495742231,1193,40667107,retail,1500,-43.24711,-22.6445179993289
WRK_0210,3301702,338.4888616518614,0.0005563581143913177,0.0002885525529464668,553,196932784,industry,1500,-43.24656,-22.6315099993292
WRK_0211,3301702,58.61486697952495,4.578941199278416e-05,2.9252834963153377e-05,51,218648903,retail,1500,-43.240688,-22.6205579993294
WRK_0212,3301702,0.47301860911720306,7.836316425078079e-06,3.2956817748408863e-06,3,110072835,agriculture,1500,-43.251343,-22.6080389993298
WRK_0213,3301702,7.8834037568595745,1.5388310685966895e-05,7.716410407613178e-06,5,223083262,industry,1500,-43.250058,-22.5723499993306
WRK_0214,3301702,0.07000617390104705,1.059399897761665e-05,4.353550878689429e-06,6,223901575,personal_services,1500,-43.22454,-22.7064619993275
WRK_0215,3301702,67.44735114906305,0.00020018579078470808,9.409937425320787e-05,209,95230430,food,1500,-43.233242,-22.6993969993276
WRK_0216,3301702,14.619106615710393,3.004106185248842e-05,1.4926016986190077e-05,40,41223657,vehicle_trade,1500,-43.237744,-22.6872099993279
WRK_0217,3301702,0.0858240105697744,2.1933868454237016e-06,9.141269631896991e-07,3,197068428,personal_services,1500,-43.237986,-22.6779759993281
WRK_0218,3301702,141.4444710605937,0.000454227156599245,0.00021143892139970856,396,202377060,other,1500,-43.230776,-22.6557209993286
WRK_0219,3301702,669.5254739828501,0.001115616525005183,0.0005769598403632678,952,41478466,retail,1500,-43.231763,-22.6446229993289
WRK_0220,3301702,251.0654415999686,0.0004999680419539978,0.0002498002203239558,359,202346841,personal_services,1500,-43.233435,-22.6322269993292
WRK_0221,3301702,1496.0742112491268,0.0007489950967683364,0.0005746561333172937,539,41546330,personal_services,1500,-43.235588,-22.6177759993295
WRK_0222,3301702,4.1060761439115,8.049377966037579e-05,3.371816943724204e-05,62,41556951,personal_services,1500,-43.235946,-22.6078029993298
WRK_0223,3301702,0.1367931033404632,2.6561881894958822e-06,1.11288726514887e-06,1,98837110,education,1500,-43.238457,-22.5936249993301
WRK_0224,3301702,0.4719697400590537,5.0663308563794515e-06,2.1604582015524804e-06,10,197827497,personal_services,1500,-43.223604,-22.6540739993287
WRK_0225,3301702,856.0419123617071,0.0011367890117689545,0.0006190155932186731,1026,222964685,other,1500,-43.219769,-22.6420859993289
WRK_0226,3301702,416.8037610934094,0.0012031054678114357,0.0005675809726057223,843,41479503,food,1500,-43.217495,-22.6295549993292
WRK_0227,3301702,567.2835963638724,0.000664121157404752,0.000373656226976766,203,41488170,other,1500,-43.21753,-22.6207519993294
WRK_0228,3301702,0.6286598748066057,1.1543752557664253e-06,5.855281650517541e-07,4,197848255,personal_services,1500,-43.212404,-22.6103899993297
WRK_0229,3301702,6.289882553069346,2.1728877584880995e-05,1.0029350346349889e-05,27,40728032,personal_services,1500,-43.207975,-22.638972999329
WRK_0230,3301702,490.2610698007193,0.0007005317036847179,0.00037479150042502273,613,40729841,food,1500,-43.204312,-22.6286269993293
WRK_0231,3301702,1594.8022937651704,0.0010253312634075447,0.0007055572475850799,736,197083277,other,1500,-43.204497,-22.6194469993295
WRK_0232,3301702,0.0426570999375664,1.7833791579177217e-06,7.383958390607911e-07,2,197585814,other,1500,-43.203763,-22.6074039993298
WRK_0233,3301702,0.01418689415465363,1.085157056100936e-06,4.471955000100141e-07,1,40727022,personal_services,1500,-43.194911,-22.6249319993294
WRK_0234,3301702,0.01069089128168859,1.085157056100936e-06,4.4656983504376655e-07,1,40726907,personal_services,1500,-43.194613,-22.6233019993294
WRK_0235,3301801,5.327989097495591,1.8241378801152826e-05,8.428158530646553e-06,8,40773674,health,1500,-43.678284,-22.5762539993305
WRK_0236,3301801,1.961767547663345,1.2582585148300969e-05,5.506959264123223e-06,6,40773610,industry,1500,-43.674472,-22.5754679993305
WRK_0237,3301801,2.027782756106661,9.318603174105236e-06,4.181316727720505e-06,3,40773613,industry,1500,-43.67119,-22.5737339993305
WRK_0238,3301850,295.77039599558964,0.00018291685263894478,0.00012788523054592404,238,197432874,other,1500,-43.023531,-22.6678299993284
WRK_0239,3301850,5.965060682989597,3.540772505080639e-05,1.5576295345465733e-05,25,40789631,other,1500,-43.02143,-22.6523349993287
WRK_0240,3301850,0.02525237536203345,6.10338965866559e-07,2.5461325505079596e-07,1,215129997,vehicle_trade,1500,-43.019777,-22.6484669993288
WRK_0241,3301850,213.05701981529913,0.0001332685354387505,9.273835234202413e-05,67,40798459,industry,1500,-43.01782,-22.6675869993284
WRK_0242,3301850,1.8108939636583086,3.1786198319126295e-05,1.3348876167250641e-05,22,40800523,other,1500,-43.012212,-22.6577199993286
WRK_0243,3301850,7.421308202008359,4.31268275513224e-05,1.899991161709626e-05,28,215129836,personal_services,1500,-43.016087,-22.6425049993289
WRK_0244,3301850,0.11481054209891318,2.6121054750260264e-06,1.0908897006762105e-06,1,40787222,agriculture,1500,-43.006572,-22.6286609993293
WRK_0245,3301850,2.1910526610250276,2.6121054750260264e-06,1.4624660415611993e-06,1,197846903,agriculture,1500,-43.008026,-22.6118539993297
WRK_0246,3301850,6.340229128567215,4.299502331235385e-06,2.8964584866392648e-06,6,99847546,education,1500,-43.006603,-22.59583299933
WRK_0247,3301850,2.42587471341084,2.4007320271986966e-05,1.0271445158908813e-05,20,95248034,personal_services,1500,-43.011231,-22.5858349993303
WRK_0248,3301850,19.24546451340989,2.837444424215036e-05,1.5071059660693888e-05,13,202430684,personal_services,1500,-43.006887,-22.5793349993304
WRK_0249,3301850,23.46948592469714,5.215741995386039e-05,2.5572383630233776e-05,51,196968340,industry,1500,-42.999044,-22.6626389993285
WRK_0250,3301850,5598.720588811441,0.00022145097892168402,0.0010927218124007322,161,224175771,education,1500,-42.992052,-22.6536829993287
WRK_0251,3301850,3.0742681306045787,2.4788415890866983e-05,1.0707549003202887e-05,22,40788613,personal_services,1500,-42.995633,-22.6447089993289
WRK_0252,3301850,1.0272015282704952,5.385734750384795e-06,2.3907054029019844e-06,4,110861997,agriculture,1500,-43.004313,-22.6243649993294
WRK_0253,3301850,0.03162231727810779,2.307273322182978e-08,1.511365137925488e-08,1,197846646,other,1500,-43.002176,-22.6097679993297
WRK_0254,3301850,3.8184734284621524,2.169140465060351e-05,9.571697625934841e-06,19,40786893,other,1500,-43.000219,-22.6003529993299
WRK_0255,3301850,14.576892321024108,4.723708162835316e-05,2.1964743951598854e-05,37,197151063,retail,1500,-43.004205,-22.5864809993302
WRK_0256,3301850,29.680500323696428,6.138072440320285e-05,3.0463305942135486e-05,32,95247758,other,1500,-43.002784,-22.5764289993305
WRK_0257,3301850,0.16640594572123327,2.6121054750260264e-06,1.1001235135873857e-06,1,110862006,agriculture,1500,-42.9757,-22.6753869993282
WRK_0258,3301850,4.944323339110112,2.9665080078381986e-05,1.3040498430761603e-05,12,40798187,other,1500,-42.987772,-22.6494909993288
WRK_0259,3301850,12.785224264150415,2.2928833394744286e-05,1.1683491141264904e-05,15,40788103,other,1500,-42.987052,-22.6437259993289
WRK_0260,3301850,1.2078408811046497,8.161344283982188e-06,3.5603740207831667e-06,6,197149650,food,1500,-42.97799,-22.6296259993292
WRK_0261,3301850,0.6473705905045041,7.4483081678493724e-06,3.1678936329576575e-06,6,99847738,agriculture,1500,-42.988136,-22.59626799933
WRK_0262,3301850,0.9803229620979286,7.836316425078079e-06,3.3864719064335844e-06,3,99847780,agriculture,1500,-42.984923,-22.5905809993301
WRK_0263,3301850,0.6079900586129993,1.74816611100072e-05,7.272136381592753e-06,7,40794251,entertainment,1500,-42.973203,-22.6768219993282
WRK_0264,3301850,0.4104248993345728,5.247283683273882e-06,2.223591439493392e-06,3,110862000,agriculture,1500,-42.97459,-22.6751669993282
WRK_0265,3301850,1.0368514939069515,1.9795666741030356e-05,8.297080353321443e-06,9,40791157,food,1500,-42.970948,-22.6430899993289
WRK_0266,3301850,0.0,7.120340594275517e-06,2.9176476630747536e-06,1,RES_0770,domestic_construction,1500,-42.974631,-22.6342809993291
WRK_0267,3301850,0.7962625062852083,2.6121054750260264e-06,1.2128462995878053e-06,1,110862003,agriculture,1500,-42.954235,-22.6923799993278
WRK_0268,3301850,0.5948140679912528,5.547258550717538e-06,2.3795092090972577e-06,5,98688824,other,1500,-42.95071,-22.685724999328
WRK_0269,3301850,0.1336945342265421,2.307273322182978e-08,3.3381087789481966e-08,1,40791320,other,1500,-42.960165,-22.6375979993291
WRK_0270,3301850,0.3205323867780337,3.743407997570622e-06,1.5912720830351523e-06,4,40791347,agriculture,1500,-42.954831,-22.6282359993293
WRK_0271,3301850,0.20777156538431946,2.635178208247856e-06,1.1169808829152097e-06,2,110572468,agriculture,1500,-42.959078,-22.5882249993302
WRK_0272,3301850,0.7504521101234365,2.9860224431378808e-05,1.2369901706120193e-05,7,110861994,agriculture,1500,-42.949752,-22.5750059993305
WRK_0273,3301850,0.5261947721055126,7.836316425078079e-06,3.305198489623515e-06,3,98713340,agriculture,1500,-42.937898,-22.59746099933
WRK_0274,3301850,3.0665594485831593,2.0551970016071922e-05,8.97023329524756e-06,12,98713313,agriculture,1500,-42.939192,-22.5861099993302
WRK_0275,3301850,0.003349404094774245,2.6121054750260264e-06,1.0709419684570626e-06,1,202422723,agriculture,1500,-42.94567,-22.5779779993304
WRK_0276,3301850,0.308266852605908,3.6972625311269625e-06,1.5701682959830507e-06,2,197845707,agriculture,1500,-42.923422,-22.5794849993304
WRK_0277,3301850,3.7207623507450043,5.224210950052053e-06,2.8065743062969097e-06,2,197845255,agriculture,1500,-42.882784,-22.5796289993304
WRK_0278,3301850,2.03125949219322,8.388709154139311e-06,3.800903363730832e-06,5,197845238,agriculture,1500,-42.885158,-22.5733829993305
WRK_0279,3301900,2.3930041282694345,2.6121054750260264e-06,1.4986084483407343e-06,1,40872463,agriculture,1500,-42.966644,-22.7467129993265
WRK_0280,3301900,0.47954727480746995,5.335784143470734e-06,2.2722261396589955e-06,4,197888998,wholesale,1500,-42.96053,-22.725750999327
WRK_0281,3301900,1.95636130323463,2.1988489295642042e-05,9.360177340936946e-06,22,40905854,personal_services,1500,-42.947013,-22.7591469993263
WRK_0282,3301900,27.07339958453488,9.719488889085168e-05,4.467202111186156e-05,64,40872068,other,1500,-42.949145,-22.7480449993265
WRK_0283,3301900,101.9432831935817,0.00017118366087249444,8.8388984885519e-05,193,197216050,personal_services,1500,-42.949159,-22.7321659993269
WRK_0284,3301900,179.71372197384852,0.0003802652759721202,0.00018798101290706364,235,40873139,wholesale,1500,-42.948262,-22.727271999327
WRK_0285,3301900,7.100851862333903,0.0001443480041316296,6.041919046923733e-05,69,40913707,education,1500,-42.935646,-22.7978629993253
WRK_0286,3301900,505.18305651850943,0.0007052755637443041,0.0003794058811390609,568,40914137,food,1500,-42.937281,-22.7903559993255
WRK_0287,3301900,1101.793148260864,0.0007338687908353982,0.0004978951147073166,773,197916227,other,1500,-42.936726,-22.7770259993258
WRK_0288,3301900,279.3672864991086,0.0003826449958104652,0.00020679071289045223,194,108848731,other,1500,-42.936849,-22.7639559993261
WRK_0289,3301900,47.25545414943227,0.00018975061380390343,8.620977227580356e-05,168,222967991,vehicle_trade,1500,-42.941452,-22.7538439993264
WRK_0290,3301900,6.624236582646364,6.099026321434988e-05,2.617702685234075e-05,55,224681639,personal_services,1500,-42.940459,-22.7334469993268
WRK_0291,3301900,2717.313838873298,0.0006208337594645865,0.0007407005718230554,446,40878200,other,1500,-42.938682,-22.7227839993271
WRK_0292,3301900,0.045805990017310706,1.1952128238375173e-05,4.905730142920543e-06,10,40872539,personal_services,1500,-42.931708,-22.7146859993273
WRK_0293,3301900,0.1611606981944022,1.1082297893227657e-06,4.829531230030916e-07,2,197914263,personal_services,1500,-42.929134,-22.7985389993253
WRK_0294,3301900,106.63860215907742,0.00019188577847541026,9.771223526942192e-05,98,40911246,other,1500,-42.918546,-22.7861929993256
WRK_0295,3301900,7748.506743654116,0.0011406677488490877,0.001854120466370507,863,40906932,retail,1500,-42.922428,-22.772306999326
WRK_0296,3301900,3057.318499272732,0.0008459636862207164,0.0008937995525279557,749,223907611,other,1500,-42.921582,-22.7657379993261
WRK_0297,3301900,23.65006150115795,0.0001657262668338799,7.214094075326432e-05,129,40888854,other,1500,-42.921221,-22.7532189993264
WRK_0298,3301900,2.5522099008182813,4.909821228666692e-05,2.0575358306161903e-05,39,224368298,personal_services,1500,-42.923969,-22.7375659993267
WRK_0299,3301900,354.4725389925717,7.637147803376006e-05,9.47326211865794e-05,45,197463140,other,1500,-42.92901,-22.7227949993271
WRK_0300,3301900,0.4476344756736703,1.1962388752071744e-05,4.981848073522815e-06,9,197237477,personal_services,1500,-42.92243,-22.7134009993273
WRK_0301,3301900,0.9062676534637987,2.3988473059715496e-05,9.991764580658805e-06,30,40867891,other,1500,-42.902925,-22.8202699993248
WRK_0302,3301900,4.010098032923168,4.159627587793866e-05,1.7762259158630594e-05,24,40911741,personal_services,1500,-42.908317,-22.8008769993253
WRK_0303,3301900,307.92585923230877,6.697308762433331e-05,8.255125043981636e-05,52,40911424,food,1500,-42.913297,-22.7878129993256
WRK_0304,3301900,177.2032666650171,2.8670655064871143e-05,4.346148082943375e-05,9,223922852,food,1500,-42.903357,-22.769246999326
WRK_0305,3301900,1500.7289366703867,0.00043551077135338867,0.0004470350887137533,336,223945943,other,1500,-42.905975,-22.7638869993261
WRK_0306,3301900,2.2777750553491347,3.921867167221981e-05,1.6477979840591783e-05,35,217541062,other,1500,-42.910967,-22.7543319993263
WRK_0307,3301900,0.0,3.9557447745975096e-08,1.620915368374863e-08,1,RES_0941,domestic_construction,1500,-42.913896,-22.7288959993269
WRK_0308,3301900,0.15532192572837814,7.640987686499351e-06,3.1587865647906334e-06,12,40899742,other,1500,-42.903151,-22.7167699993272
WRK_0309,3301900,1.7226706761447774,4.629705917244337e-05,1.9279092002531214e-05,56,98252192,wholesale,1500,-42.907453,-22.7042719993275
WRK_0310,3301900,0.12427460276669769,1.0471271361853186e-05,4.312973912566295e-06,8,40900428,personal_services,1500,-42.903837,-22.7005369993276
WRK_0311,3301900,3.425228224195718,3.07051309312355e-05,1.3194806057780396e-05,26,40866907,retail,1500,-42.888558,-22.8397429993244
WRK_0312,3301900,0.24491140436522307,2.8037258112902605e-06,1.1926921099675953e-06,4,40868307,personal_services,1500,-42.887063,-22.8235249993248
WRK_0313,3301900,33.792093037646175,0.0002493661063319065,0.00010822847674919998,240,40867514,other,1500,-42.890704,-22.8186399993249
WRK_0314,3301900,2.0299827862084125,2.166803351397054e-05,9.24204234711028e-06,15,197213338,other,1500,-42.887787,-22.8065229993252
WRK_0315,3301900,3.7487984184035383,3.0112376222119087e-05,1.3009825481260567e-05,36,197221610,other,1500,-42.896574,-22.7886179993256
WRK_0316,3301900,1.0498558091255121,7.257418333166238e-06,3.1617052520915157e-06,10,40849339,other,1500,-42.889385,-22.7774889993258
WRK_0317,3301900,1598.6831248098379,0.0006896899668036921,0.0005687186092447731,314,216485879,construction,1500,-42.896585,-22.7599419993262
WRK_0318,3301900,252.09173332554812,0.0004726224306195369,0.0002387786888389487,461,218832011,other,1500,-42.893102,-22.7494479993265
WRK_0319,3301900,4.296770715822171,7.845776644165619e-06,3.9838790881656335e-06,15,218997192,other,1500,-42.890409,-22.7386239993267
WRK_0320,3301900,24.778627311196498,0.00011607748738487024,5.199871372561663e-05,108,95259713,other,1500,-42.89685,-22.7179819993272
WRK_0321,3301900,66.32528092149448,0.00043626212597966667,0.00019063376152338624,356,40897906,other,1500,-42.897652,-22.7087099993274
WRK_0322,3301900,0.280520517294883,2.728471197840438e-06,1.1682284144710573e-06,6,98496660,retail,1500,-42.900359,-22.7007049993276
WRK_0323,3301900,1.0700111186591668,5.224210950052053e-06,2.33218047985615e-06,2,99325661,agriculture,1500,-42.873345,-22.8503739993242
WRK_0324,3301900,3.7982754291519853,5.392878321973791e-05,2.277774763733871e-05,44,40867068,other,1500,-42.881101,-22.8427029993243
WRK_0325,3301900,0.7738798851914762,2.3068794339670114e-05,9.591221961903862e-06,19,40866708,food,1500,-42.882703,-22.8351399993245
WRK_0326,3301900,3.01317473940857,7.284066309601772e-05,3.038661824908864e-05,53,40867960,retail,1500,-42.884189,-22.814619999325
WRK_0327,3301900,1.9111101422757324,1.535558493889743e-05,6.634164297133907e-06,22,40870210,other,1500,-42.883379,-22.8055329993252
WRK_0328,3301900,1.1028048653560907,2.365855839159093e-05,9.891751403362983e-06,22,40865282,personal_services,1500,-42.875507,-22.7875729993256
WRK_0329,3301900,0.03853293329341671,1.0089012932530038e-05,4.140993964375342e-06,7,40849236,other,1500,-42.884689,-22.7743499993259
WRK_0330,3301900,55.03429974055722,9.272356493798796e-05,4.784388578299061e-05,79,197873624,other,1500,-42.882986,-22.7585199993262
WRK_0331,3301900,1143.854754386085,0.0009202401380447769,0.0005817906694927269,650,197884382,entertainment,1500,-42.879434,-22.7497049993265
WRK_0332,3301900,40.45215332253711,9.384370070807316e-05,4.569316971177221e-05,38,220161908,other,1500,-42.880007,-22.7402849993267
WRK_0333,3301900,22.57709801162135,9.994225313427923e-06,8.135785993217293e-06,14,216113281,personal_services,1500,-42.872957,-22.7199679993272
WRK_0334,3301900,53.89992921266431,0.0001910795013632681,8.794343422075897e-05,55,40893427,personal_services,1500,-42.877353,-22.7036249993275
WRK_0335,3301900,34.136086144164715,0.00017598341736641218,7.822057493721605e-05,106,40893146,agriculture,1500,-42.878405,-22.6995479993276
WRK_0336,3301900,0.010485946848898095,2.307273322182978e-08,1.133096384388324e-08,1,99325723,other,1500,-42.867964,-22.8665259993238
WRK_0337,3301900,5.3435439597911785,2.48893449971647e-05,1.1155028727482059e-05,24,40869956,other,1500,-42.862709,-22.8406779993244
WRK_0338,3301900,65.32066977692956,1.199944510895629e-05,1.6607087319031856e-05,5,98086186,retail,1500,-42.86518,-22.8174869993249
WRK_0339,3301900,0.27298623748804846,5.247283683273882e-06,2.1989946188241946e-06,3,110572596,agriculture,1500,-42.866339,-22.8083389993251
WRK_0340,3301900,1.008897607989596,2.7338691273267837e-05,1.138292520043879e-05,23,202462089,personal_services,1500,-42.865729,-22.7857209993256
WRK_0341,3301900,189.2754979528945,0.00014430963596721288,9.300650071292591e-05,50,40847725,agriculture,1500,-42.859615,-22.7766349993258
WRK_0342,3301900,175.5792938832518,0.0006052374262393787,0.0002794262139558553,494,40828634,personal_services,1500,-42.863,-22.7588179993263
WRK_0343,3301900,6991.678972719199,0.0017312893040459599,0.0019606886659576123,1531,219342345,other,1500,-42.861163,-22.7484439993265
WRK_0344,3301900,294.97671847000345,0.0002823118628562187,0.00016847152472429438,206,217001526,other,1500,-42.863403,-22.7358599993268
WRK_0345,3301900,37.23257492957026,0.00015101876426135393,6.854516502986036e-05,130,216114348,personal_services,1500,-42.863239,-22.7202079993272
WRK_0346,3301900,7.175300488502706,2.806787241416132e-05,1.2785291447142726e-05,34,40834341,other,1500,-42.868587,-22.7123259993273
WRK_0347,3301900,0.04825284762989086,1.1313025225445955e-06,4.7220081663834764e-07,3,40893809,personal_services,1500,-42.872709,-22.6985019993277
WRK_0348,3301900,0.5038604609626975,5.505638350997759e-06,2.3461772318260657e-06,3,110862014,agriculture,1500,-42.84489,-22.855265999324
WRK_0349,3301900,0.048364788147465074,2.7703352660099266e-06,1.1438347976081689e-06,2,98086179,agriculture,1500,-42.842415,-22.8170379993249
WRK_0350,3301900,0.09672957629493015,5.224210950052053e-06,2.157996365746349e-06,2,110572595,agriculture,1500,-42.845472,-22.8089919993251
WRK_0351,3301900,6.298025590832754,4.4653755818728263e-05,1.942456019228859e-05,6,197409524,other,1500,-42.8516,-22.771991999326
WRK_0352,3301900,249.39281513855695,0.00045306245201265203,0.00023028073151226677,405,224484533,personal_services,1500,-42.852859,-22.7591119993263
WRK_0353,3301900,3989.8227601934996,0.0019935967597431033,0.0015309427799447312,1335,215777095,other,1500,-42.851827,-22.7457269993265
WRK_0354,3301900,765.2690753878744,0.0007237794234701512,0.00043353457019483857,509,202476419,food,1500,-42.849215,-22.7369269993268
WRK_0355,3301900,30.179204162046897,0.00015527790671203276,6.902808917719989e-05,93,220528313,vehicle_trade,1500,-42.854235,-22.725411999327
WRK_0356,3301900,13.535637300406501,1.2029619082059252e-05,7.351701486272998e-06,7,219523309,health,1500,-42.846358,-22.7040669993275
WRK_0357,3301900,0.5595263145803863,2.6121054750260264e-06,1.1704786166153478e-06,1,40892209,agriculture,1500,-42.834199,-22.857821999324
WRK_0358,3301900,0.023282703478068493,3.185688467342665e-06,1.30954207582934e-06,2,110862015,agriculture,1500,-42.828405,-22.8464549993242
WRK_0359,3301900,1.0433614761600325,5.224210950052053e-06,2.3274111051500615e-06,2,110572594,agriculture,1500,-42.841381,-22.8101989993251
WRK_0360,3301900,663.9971309460374,2.307273322182978e-08,0.00011884223497850147,1,40870429,other,1500,-42.839148,-22.7967119993254
WRK_0361,3301900,4.677413867319323,1.2503727737410518e-05,5.960654292244765e-06,10,202517825,other,1500,-42.830561,-22.7884239993256
WRK_0362,3301900,3.9360151849873217,7.187278683108198e-06,3.649488496844454e-06,9,40865486,other,1500,-42.83439,-22.7764519993259
WRK_0363,3301900,130.15924158731548,0.0002019437107731588,0.00010604298763633548,50,40843042,personal_services,1500,-42.840811,-22.7627789993262
WRK_0364,3301900,73.16246922850485,0.0003870254926301674,0.00017168206467679028,221,223107800,other,1500,-42.836534,-22.7489239993265
WRK_0365,3301900,910.6472129768067,0.000662580050371612,0.0004344750851400956,449,40842200,other,1500,-42.837064,-22.7375759993267
WRK_0366,3301900,12.588711272126972,0.0002086108601379822,8.773383005719444e-05,51,214688402,other,1500,-42.833412,-22.7239089993271
WRK_0367,3301900,3.985337039821718,1.7208026846985608e-05,7.764440975602224e-06,12,196992846,agriculture,1500,-42.836109,-22.7113349993273
WRK_0368,3301900,9.111216458785058e-05,2.307273322182978e-08,9.470643893289937e-09,1,40893962,other,1500,-42.842347,-22.683211999328
WRK_0369,3301900,0.9818850039303404,2.6121054750260264e-06,1.2460663791884374e-06,1,110862066,agriculture,1500,-42.826743,-22.8369879993245
WRK_0370,3301900,0.0,3.9557447745975096e-08,1.620915368374863e-08,1,RES_1026,domestic_construction,1500,-42.8261385960637,-22.8140918
WRK_0371,3301900,19.774913127362105,1.0939396930048222e-05,8.021586486534991e-06,23,98569907,other,1500,-42.822637,-22.7870559993256
WRK_0372,3301900,14.069466920301853,3.5113374060007857e-06,3.956767414632563e-06,7,40891693,other,1500,-42.823037,-22.7777769993258
WRK_0373,3301900,183.47010616889565,1.17353272720395e-06,3.331574468461343e-05,3,197392878,other,1500,-42.821527,-22.7620009993262
WRK_0374,3301900,23.03182313319193,3.098608799272256e-05,1.681884171907558e-05,23,196989476,other,1500,-42.823745,-22.7478279993265
WRK_0375,3301900,281.32880834327057,0.000354609610430828,0.00019565391216585972,316,219992485,other,1500,-42.825561,-22.7309149993269
WRK_0376,3301900,50.30169359765554,0.00045859678547294995,0.0001969179904175795,396,40839571,personal_services,1500,-42.824452,-22.7223779993271
WRK_0377,3301900,0.09878113768817876,1.1082297893227657e-06,4.71789314780713e-07,2,40836955,personal_services,1500,-42.822744,-22.7137179993273
WRK_0378,3301900,4.394339548123769,2.3751269250400414e-06,1.7596741584281518e-06,6,197655341,retail,1500,-42.821118,-22.6911329993278
WRK_0379,3302007,5.472073683502221,2.307273322182978e-08,9.887684062832191e-07,1,197933236,other,1500,-43.878977,-22.9258499993224
WRK_0380,3302007,50.40087314192372,4.340996351323341e-05,2.6807802491951142e-05,30,105038694,other,1500,-43.879892,-22.9044259993229
WRK_0381,3302007,289.35840897622705,4.629460725897688e-05,7.075504857170613e-05,53,40956736,personal_services,1500,-43.889413,-22.8634399993239
WRK_0382,3302007,7.360279074092656,3.7536469747150465e-06,2.8553415590851273e-06,6,197933201,other,1500,-43.878206,-22.9411849993221
WRK_0383,3302007,111.09264876544762,0.0002545113337184813,0.00012417095347031035,110,40948641,health,1500,-43.867403,-22.9028099993229
WRK_0384,3302007,0.01927777080358678,1.1543752557664253e-06,4.7646960663884906e-07,4,40949008,personal_services,1500,-43.865045,-22.900344999323
WRK_0385,3302007,1.0492089300921985,1.1200013407277632e-05,4.777116598755933e-06,5,40956408,agriculture,1500,-43.872678,-22.8615629993239
WRK_0386,3302007,6.264729804649089,9.39435287649015e-06,4.970624742197371e-06,26,202481910,other,1500,-43.867725,-22.857368999324
WRK_0387,3302007,5.667660574014997,4.440188599849067e-06,2.8337396536448706e-06,5,40955710,education,1500,-43.860647,-22.9507269993219
WRK_0388,3302007,1679.3389066534735,0.00012840787030914667,0.0003531609519753574,48,197447372,other,1500,-43.851155,-22.9187039993226
WRK_0389,3302007,63.59747228253498,0.0001478687286010817,7.197281400260224e-05,48,40947647,other,1500,-43.852061,-22.901983999323
WRK_0390,3302007,94.32995016741572,0.00010107829789537641,5.8299918677754676e-05,103,40947475,food,1500,-43.853986,-22.898091999323
WRK_0391,3302007,11.897136050710559,6.958499457146878e-05,3.06424930687549e-05,51,110125738,agriculture,1500,-43.856273,-22.857164999324
WRK_0392,3302007,2.2161880211941236,1.2378692653640926e-05,5.468944356237004e-06,9,110862237,agriculture,1500,-43.855119,-22.8432629993243
WRK_0393,3302007,713.3807079432312,4.469509593988469e-06,0.0001295021890809118,16,197913923,other,1500,-43.845194,-22.9171139993226
WRK_0394,3302007,10.064459364124922,1.2186500341429948e-05,6.794763372007672e-06,12,197032519,food,1500,-43.845439,-22.901498999323
WRK_0395,3302007,279.1713465071558,0.00038948235821251095,0.00020955734017952048,234,202476558,other,1500,-43.84304,-22.8925939993232
WRK_0396,3302007,3.4880502340168036,7.273593662341328e-06,3.6046867198352056e-06,6,197461711,other,1500,-43.837078,-22.8867039993233
WRK_0397,3302007,5.338135265932358,4.508702975084539e-05,1.943031200304676e-05,26,110125749,agriculture,1500,-43.843848,-22.856409999324
WRK_0398,3302007,0.5536718485134657,1.1934401331900802e-05,4.989356945525141e-06,5,40956200,wholesale,1500,-43.839713,-22.8452559993243
WRK_0399,3302007,0.44216335007837354,2.6121054750260264e-06,1.1494746592697428e-06,1,40956898,agriculture,1500,-43.840876,-22.8272769993247
WRK_0400,3302007,721.0059551670502,5.898109009647639e-05,0.00015320364220172648,3,217005464,other,1500,-43.831565,-22.9147549993227
WRK_0401,3302007,31.013547436391896,1.679884634451272e-05,1.2433899616021879e-05,29,202550017,other,1500,-43.824241,-22.8874239993233
WRK_0402,3302007,100.51090064964248,0.0005223478394679869,0.000232026504751936,197,40954721,other,1500,-43.823839,-22.8834689993234
WRK_0403,3302007,11.04040957957272,4.901460094412152e-05,2.206019500715669e-05,33,110125739,agriculture,1500,-43.828205,-22.8529169993241
WRK_0404,3302007,11.488684785797078,1.9508331780614098e-05,1.0049862050156873e-05,14,110862233,agriculture,1500,-43.825752,-22.8448999993243
WRK_0405,3302007,3.2699557952839333,5.224210950052053e-06,2.7258953484825725e-06,2,110862238,agriculture,1500,-43.831183,-22.8321649993246
WRK_0406,3302007,0.0012112738310953973,2.6121054750260264e-06,1.0705593162545706e-06,1,110862153,agriculture,1500,-43.825193,-22.7235079993271
WRK_0407,3302007,0.009719117662103332,2.307273322182978e-08,1.119372764165246e-08,1,104640221,other,1500,-43.820262,-22.8880379993233
WRK_0408,3302007,3064.1618515910295,0.0005493778036031447,0.0007734945433290798,367,40945065,personal_services,1500,-43.814339,-22.8772289993235
WRK_0409,3302007,563.5113157412538,0.00022565139278797562,0.000193312706219667,179,40943172,food,1500,-43.809397,-22.8678459993237
WRK_0410,3302007,17.988871336731897,4.3870047758219266e-05,2.11956877298751e-05,28,197248627,personal_services,1500,-43.815577,-22.8538759993241
WRK_0411,3302007,68.58937640230286,4.509987723321172e-05,3.075538566542513e-05,32,218938940,personal_services,1500,-43.816799,-22.8425029993243
WRK_0412,3302007,0.06272026650369804,5.224210950052053e-06,2.151909862263419e-06,2,110862298,agriculture,1500,-43.813782,-22.8225569993248
WRK_0413,3302007,9.751609555824222,6.216142977456825e-05,2.721661966170663e-05,23,110862296,agriculture,1500,-43.812883,-22.8112389993251
WRK_0414,3302007,1.9491130310698996,2.6810565909980707e-05,1.1334785707470552e-05,14,110125760,agriculture,1500,-43.812329,-22.8017489993253
WRK_0415,3302007,1.1472207652189013,7.440670528697584e-06,3.2542201043931035e-06,6,197027361,personal_services,1500,-43.81247,-22.7913919993255
WRK_0416,3302007,0.4843565824848707,1.0471494633325935e-05,4.377507761955122e-06,5,99128161,agriculture,1500,-43.815357,-22.7742049993259
WRK_0417,3302007,1.7992434136953785,2.2738259937620834e-05,9.639286409401236e-06,9,41964401,agriculture,1500,-43.815272,-22.7402629993267
WRK_0418,3302007,1.3821746055733304,1.0448421900104105e-05,4.528732148705511e-06,4,110862150,agriculture,1500,-43.814673,-22.7310129993269
WRK_0419,3302007,0.3861080723354883,1.0006630537279951e-05,4.169440822889497e-06,5,110862151,agriculture,1500,-43.81599,-22.7145899993273
WRK_0420,3302007,0.0039784541431604455,2.307273322182978e-08,1.016634517735488e-08,1,41964445,other,1500,-43.81098,-22.7107899993274
WRK_0421,3302007,175.6282706503562,0.0002041076507304116,0.00011506709016993435,139,40935267,vehicle_trade,1500,-43.79621,-22.8749019993236
WRK_0422,3302007,2399.9793990072917,0.0006692001180740344,0.0007037272724458408,584,40936056,personal_services,1500,-43.797887,-22.8696139993237
WRK_0423,3302007,8.486112518256911,6.397740993942958e-05,2.7734259309294525e-05,28,197017523,other,1500,-43.796614,-22.855655999324
WRK_0424,3302007,41.14424873152118,0.00015882967876640805,7.24458397462011e-05,123,40939864,retail,1500,-43.798393,-22.8397789993244
WRK_0425,3302007,0.6827161398506749,1.005544876063699e-05,4.242527395355563e-06,7,40957205,agriculture,1500,-43.798463,-22.8299009993246
WRK_0426,3302007,3.1267225617544137,3.596060842118396e-05,1.5294880682713723e-05,15,110862247,agriculture,1500,-43.797732,-22.812017999325
WRK_0427,3302007,1.24414261638247,1.890117277459364e-05,7.967648404895795e-06,9,110862115,agriculture,1500,-43.802385,-22.8027609993252
WRK_0428,3302007,0.48790577723476125,5.224210950052053e-06,2.228003529198795e-06,2,40957003,agriculture,1500,-43.806023,-22.7825799993257
WRK_0429,3302007,2.044071651821191,5.532890434849825e-05,2.303752210440806e-05,23,41964331,agriculture,1500,-43.797377,-22.7731569993259
WRK_0430,3302007,0.2705496301188675,2.6121054750260264e-06,1.1187616718358898e-06,1,110862136,agriculture,1500,-43.792505,-22.7648249993261
WRK_0431,3302007,0.27389307903719123,1.104598440825519e-05,4.575246285579704e-06,9,41964229,agriculture,1500,-43.798755,-22.7417469993266
WRK_0432,3302007,2.4447831616475315,2.825376781778288e-05,1.2014863550483368e-05,13,202557007,food,1500,-43.798036,-22.7320409993269
WRK_0433,3302007,1.0396970570403754,1.792740737167674e-05,7.532047218044722e-06,7,110862160,agriculture,1500,-43.800843,-22.7194819993271
WRK_0434,3302007,631.2061747949873,0.00018183416650855702,0.0001874731204752624,199,40932692,personal_services,1500,-43.783279,-22.8735799993236
WRK_0435,3302007,12348.364915920905,0.002715613761254839,0.003322691400575026,2132,40921551,other,1500,-43.780314,-22.8686309993237
WRK_0436,3302007,322.4477940133103,0.0004228056318158818,0.00023095696810718506,366,197666903,other,1500,-43.783158,-22.8548719993241
WRK_0437,3302007,3.26859169649048,3.646363208772578e-05,1.552639057812939e-05,26,197498281,personal_services,1500,-43.784575,-22.8432869993243
WRK_0438,3302007,2.2132527714952537,1.6807107771047695e-05,7.283016936909831e-06,14,46855221,personal_services,1500,-43.779105,-22.8061979993252
WRK_0439,3302007,7.5030215729564915,3.0874485932943274e-05,1.3993986931993364e-05,29,223974521,other,1500,-43.783766,-22.8017869993253
WRK_0440,3302007,0.14766219495775024,2.6121054750260264e-06,1.0967690231550477e-06,1,110862184,agriculture,1500,-43.791725,-22.7672309993261
WRK_0441,3302007,1.998498654886308,1.4546762376948061e-05,6.318378799743735e-06,7,197670861,education,1500,-43.788795,-22.7592519993262
WRK_0442,3302007,1.5203858085530404,7.859389158299908e-06,3.492579026092413e-06,4,110862185,agriculture,1500,-43.786302,-22.7505869993265
WRK_0443,3302007,0.49635937111741846,9.322295856874776e-06,3.908757432248322e-06,4,110862159,agriculture,1500,-43.790877,-22.7159969993272
WRK_0444,3302007,2.715578263769183,2.02879755710278e-05,8.799244674757322e-06,9,110862162,agriculture,1500,-43.788852,-22.6977219993277
WRK_0445,3302007,1.9436936506469393,6.618579966717257e-06,3.059899734965732e-06,5,202515631,food,1500,-43.788733,-22.6968619993277
WRK_0446,3302007,1516.1978618942549,0.0008377120853158104,0.0006146104624517972,491,197452412,other,1500,-43.76798,-22.8760309993236
WRK_0447,3302007,4800.254065310697,0.001979008540333918,0.0016700045669410476,951,41960998,education,1500,-43.769696,-22.8689489993237
WRK_0448,3302007,147.1068775889684,0.0005030400153379644,0.0002324539713999415,344,40926374,personal_services,1500,-43.769928,-22.854877999324
WRK_0449,3302007,73.77977131637661,0.00013750775295703015,6.954955936636187e-05,98,40940417,personal_services,1500,-43.76503,-22.8365729993245
WRK_0450,3302007,25.500398838858523,0.0001543707435448285,6.781902168635728e-05,104,197458231,personal_services,1500,-43.767633,-22.8277079993247
WRK_0451,3302007,44.066388304998014,0.00011315402364592274,5.425263794547277e-05,82,46855620,personal_services,1500,-43.764867,-22.814053999325
WRK_0452,3302007,0.7316727663237587,2.6121054750260264e-06,1.2012869448214152e-06,1,110862189,agriculture,1500,-43.777455,-22.7456239993266
WRK_0453,3302007,0.8233155559673084,1.4029684844906522e-05,5.89618229427302e-06,6,110862174,agriculture,1500,-43.767577,-22.7288719993269
WRK_0454,3302007,0.33623691828365565,6.430713106304293e-06,2.695239177212734e-06,3,202557238,agriculture,1500,-43.765993,-22.7086749993274
WRK_0455,3302007,0.0012661966192027269,2.635178208247856e-06,1.080023483486989e-06,2,41964641,agriculture,1500,-43.77752,-22.6945749993277
WRK_0456,3302007,102.10561658202532,9.041219764718524e-05,5.532093051693525e-05,48,202544653,other,1500,-43.760589,-22.8799649993234
WRK_0457,3302007,738.0377047228742,0.0006926829101727032,0.0004159189049387589,355,223910296,personal_services,1500,-43.757791,-22.8658229993238
WRK_0458,3302007,174.24256471347095,0.0003584521715013631,0.00017806367338259885,158,40928931,other,1500,-43.758602,-22.857001999324
WRK_0459,3302007,6.586284561426593,9.865173040757543e-05,4.160248693040387e-05,20,202495847,other,1500,-43.754796,-22.8445269993243
WRK_0460,3302007,91.2984727053269,0.00012259148977850168,6.65726844460364e-05,86,46852073,personal_services,1500,-43.760183,-22.8234619993247
WRK_0461,3302007,21.91270917013382,8.497947482388433e-05,3.874301693758934e-05,63,46853751,personal_services,1500,-43.759204,-22.8161799993249
WRK_0462,3302007,0.6671951697646032,1.3060527375130132e-05,5.471117818525517e-06,5,41964569,agriculture,1500,-43.756138,-22.725392999327
WRK_0463,3302007,0.6572931572700256,1.1533578956205042e-05,4.843659688321531e-06,5,41964604,personal_services,1500,-43.749108,-22.7161399993272
WRK_0464,3302007,2485.1742992540017,1.2996568602590722e-05,0.00045008672227087797,10,41964716,other,1500,-43.760347,-22.7029629993275
WRK_0465,3302007,23.245102353163162,5.0981505287180585e-05,2.505038105884302e-05,31,197242809,other,1500,-43.745171,-22.8686069993237
WRK_0466,3302007,6.6612838908070895,6.353659075363679e-06,3.7956324537249632e-06,6,197018317,retail,1500,-43.73606,-22.857543999324
WRK_0467,3302007,0.5875223709817219,3.803310221696545e-05,1.5689680655235118e-05,15,99107181,agriculture,1500,-43.738721,-22.8411109993243
WRK_0468,3302007,9.761389347067626,1.580694374553953e-05,8.224045685541065e-06,8,197031533,education,1500,-43.74449,-22.8277149993247
WRK_0469,3302007,0.3778790495082962,5.224210950052053e-06,2.2083125073687904e-06,2,110862196,agriculture,1500,-43.746491,-22.7204639993271
WRK_0470,3302007,0.05278769896001952,5.224210950052053e-06,2.1501322723234833e-06,2,110862182,agriculture,1500,-43.743611,-22.7061589993275
WRK_0471,3302007,0.06452500448789746,9.229093288731913e-08,4.936512105615991e-08,4,197923643,other,1500,-43.722238,-22.8635999993238
WRK_0472,3302007,95.66161180154185,2.169308418681124e-05,2.6009166971680573e-05,13,224866189,industry,1500,-43.728383,-22.8491459993242
WRK_0473,3302007,3.6164548148624496,3.2230904940895935e-05,1.3854233858241487e-05,12,110862112,agriculture,1500,-43.725509,-22.8379309993244
WRK_0474,3302007,0.5060749165329042,4.9492889013873995e-06,2.1186024725997247e-06,3,40957327,other,1500,-43.705953,-22.8652879993238
WRK_0475,3302007,1.4852536863412853,6.378586205818478e-06,2.8795142448714276e-06,6,46856750,agriculture,1500,-43.707518,-22.8494319993242
WRK_0476,3302007,14.080506266969902,3.11521130537984e-05,1.5284892919033067e-05,17,46847429,other,1500,-43.714577,-22.8416489993243
WRK_0477,3302007,0.6405499717153698,5.224210950052053e-06,2.255321620246759e-06,2,110125687,agriculture,1500,-43.700535,-22.8609419993239
WRK_0478,3302007,2.184897285768821,1.1646879870340386e-05,5.163475041452868e-06,8,110125685,agriculture,1500,-43.695943,-22.857087999324
WRK_0479,3302007,47.945618867771614,3.190213734066546e-06,9.887855798899776e-06,2,197667944,education,1500,-43.674793,-22.8641269993238
WRK_0480,3302007,0.25649928612591644,7.836316425078079e-06,3.256932220039633e-06,3,46856822,agriculture,1500,-43.687173,-22.858744999324
WRK_0481,3302270,4.217634805923397,1.0564227224666116e-05,5.083635228899751e-06,15,42332248,other,1500,-43.662248,-22.6560539993286
WRK_0482,3302270,8.44017064749918,0.00015207067038475045,6.382334078768602e-05,103,42329641,other,1500,-43.66377,-22.6486199993288
WRK_0483,3302270,5.22139825380101,7.867346281655609e-05,3.3171876605062036e-05,68,107462736,retail,1500,-43.667064,-22.6380879993291
WRK_0484,3302270,0.29273992207066357,6.153715870671273e-06,2.5739516575314743e-06,5,220612988,other,1500,-43.647538,-22.683708999328
WRK_0485,3302270,0.20274124907854654,6.998879165873429e-06,2.9041610905871016e-06,7,220612903,personal_services,1500,-43.64955,-22.6800529993281
WRK_0486,3302270,27.923830795754302,7.763231689332005e-05,3.680821328132106e-05,77,219546854,personal_services,1500,-43.657902,-22.6563419993286
WRK_0487,3302270,817.4783717034179,0.0014938051219226737,0.0007584058068715952,975,42281125,office,1500,-43.655937,-22.6479819993288
WRK_0488,3302270,21.888923799700883,8.604547640268227e-05,3.917556750687562e-05,56,224372565,personal_services,1500,-43.649485,-22.640240999329
WRK_0489,3302270,1.0315692858232246,6.795571655320484e-07,4.6307258417919816e-07,4,197070924,other,1500,-43.658071,-22.6216429993294
WRK_0490,3302270,290.7667218707327,6.275377222485746e-05,7.775143492632115e-05,24,224233056,other,1500,-43.632669,-22.7151489993273
WRK_0491,3302270,52.89989819176643,0.0001381687081132614,6.608361063111773e-05,12,42453985,transport,1500,-43.632535,-22.6984019993276
WRK_0492,3302270,7.428194657050477,0.0001064459599536765,4.4946942047424524e-05,96,223314128,retail,1500,-43.638098,-22.6873129993279
WRK_0493,3302270,25.196008146002427,1.9325321769072618e-05,1.2428013584375317e-05,24,42451501,other,1500,-43.645757,-22.6802579993281
WRK_0494,3302270,66.62089792211914,0.0002863454474052079,0.00012925645279596921,276,216818634,other,1500,-43.643346,-22.6448949993289
WRK_0495,3302270,39.05141304030113,3.705143230392731e-05,2.217115039445015e-05,46,224864877,other,1500,-43.644402,-22.640855999329
WRK_0496,3302270,405.71815336021035,7.414005165628173e-05,0.00010298947921337914,27,42454459,personal_services,1500,-43.629435,-22.7117009993273
WRK_0497,3302270,1811.294295986163,0.0004478799485773815,0.000507684091473178,134,220461485,industry,1500,-43.6267,-22.7031029993275
WRK_0498,3302270,107.30725156841372,0.00032680364750827196,0.00015311616691090504,246,42339467,other,1500,-43.623555,-22.6890189993279
WRK_0499,3302270,6.170787450119171,0.00010908834532274107,4.580465925612675e-05,100,226142351,retail,1500,-43.621161,-22.6790139993281
WRK_0500,3302270,0.2834398355241037,2.2778472547424105e-06,9.84102136060825e-07,2,99145579,other,1500,-43.62283,-22.6577589993286
WRK_0501,3302270,5.097306393231328,1.1543752557664253e-06,1.385263083676527e-06,4,42283622,personal_services,1500,-43.623976,-22.641826999329
WRK_0502,3302270,0.539204092682699,5.304853880592083e-06,2.2702286121216847e-06,7,42340234,personal_services,1500,-43.616812,-22.6962479993277
WRK_0503,3302270,376.5849793791079,0.0007156833010231233,0.0003606559219547414,569,218834977,other,1500,-43.610534,-22.684743999328
WRK_0504,3302270,4201.953239576394,0.0016722241903259986,0.0014372204949504382,1353,197078950,retail,1500,-43.609877,-22.6748789993282
WRK_0505,3302270,172.10072460880457,9.903492530011687e-05,7.138093067742866e-05,98,42444652,personal_services,1500,-43.60801,-22.6669049993284
WRK_0506,3302270,25.8387017728294,7.829790384481345e-05,3.670777897762497e-05,61,95204654,personal_services,1500,-43.607985,-22.6470789993288
WRK_0507,3302270,2.6476910456919587,1.5762834694160418e-05,6.932862717382082e-06,10,224489345,other,1500,-43.606961,-22.641004999329
WRK_0508,3302270,42.60623522918411,0.0004152254660374842,0.00017776883172063976,318,42342543,other,1500,-43.59837,-22.6859039993279
WRK_0509,3302270,2130.9138981381984,0.0008003113271467068,0.0007092981888951527,623,42443214,retail,1500,-43.593451,-22.6759789993282
WRK_0510,3302270,2.208198008409303,2.7543526375299617e-05,1.1681492678898228e-05,11,224048904,personal_services,1500,-43.598294,-22.6560129993286
WRK_0511,3302270,14.0813911928708,4.8153287169184345e-05,2.2251492750789727e-05,34,42451359,personal_services,1500,-43.598479,-22.6526109993287
WRK_0512,3302270,5.1903526170193555,5.911624715423846e-05,2.515250938601491e-05,2,197084146,utilities,1500,-43.597948,-22.6337329993291
WRK_0513,3302270,13.781968776205009,0.00022133083779475867,9.315955058359336e-05,172,197981748,other,1500,-43.582222,-22.6888669993279
WRK_0514,3302270,615.8477211516051,0.0001633650458987753,0.00017715653176485265,142,42450247,food,1500,-43.586362,-22.6737949993282
WRK_0515,3302270,9.515329825654483,9.678913787763858e-05,4.136346553595761e-05,66,197989150,wholesale,1500,-43.581438,-22.6651849993284
WRK_0516,3302270,0.0,1.3845106711091285e-07,5.6732037893120225e-08,1,RES_1256,domestic_construction,1500,-43.582578,-22.6421389993289
WRK_0517,3302270,0.04026976633452711,3.1421443388916407e-06,1.2947394337649507e-06,2,197565513,personal_services,1500,-43.583058,-22.6206089993295
WRK_0518,3302270,2.271378347278061,3.422171729421605e-05,1.4429271161657412e-05,27,220924072,other,1500,-43.56787,-22.685244999328
WRK_0519,3302270,10.487625841778431,6.66982787390508e-05,2.9207371408910947e-05,53,220173126,personal_services,1500,-43.568253,-22.6787789993281
WRK_0520,3302270,0.00838868805200555,1.085157056100936e-06,4.461578193909381e-07,1,197302546,personal_services,1500,-43.571202,-22.6680889993284
WRK_0521,3302270,0.0,2.056987282790705e-06,8.428759915549289e-07,2,RES_1239,domestic_construction,1500,-43.560274,-22.6515929993287
WRK_0522,3302270,6.285640129545671,1.177447988988255e-06,1.607388524590075e-06,5,217181082,other,1500,-43.5689,-22.6342209993291
WRK_0523,3302270,0.009769194254389272,6.337474386115169e-06,2.5986068990799215e-06,2,224226495,retail,1500,-43.57242,-22.6260929993293
WRK_0524,3302270,0.4380459076866877,1.9879844248504223e-05,8.224407405191039e-06,8,197565649,retail,1500,-43.569136,-22.6133609993296
WRK_0525,3302270,0.0,2.6121054750260264e-06,1.0703425396590738e-06,1,42446082,agriculture,1500,-43.558059,-22.683002999328
WRK_0526,3302270,1.4833960376317443,1.1943206682950359e-05,5.159353884421805e-06,4,42385920,personal_services,1500,-43.54503,-22.6605989993285
WRK_0527,3302270,0.5235931879456007,1.2960382684992813e-05,5.404382448401181e-06,9,42454721,education,1500,-43.553276,-22.6512379993287
WRK_0528,3302270,7.951274226067433,6.113880882846937e-05,2.647538961506398e-05,57,197979541,retail,1500,-43.537746,-22.6569739993286
WRK_0529,3302270,0.15923437406441016,1.1313025225445955e-06,4.920627147871526e-07,3,197979727,personal_services,1500,-43.538425,-22.6537369993287
WRK_0530,3302502,0.0,9.889361936493773e-08,4.052288420937158e-08,1,RES_1323,domestic_construction,1500,-43.21195565,-22.724518450000005
WRK_0531,3302502,0.4166438432684896,2.7254063891613716e-06,1.1913339917186351e-06,4,224365811,education,1500,-43.209245,-22.7148549993273
WRK_0532,3302502,0.017794924348054415,2.307273322182978e-08,1.2639020881157836e-08,1,95407223,other,1500,-43.213027,-22.6760709993282
WRK_0533,3302502,0.07270668551876398,4.386773690847402e-06,1.8105468106643678e-06,6,197594406,other,1500,-43.211083,-22.6512519993287
WRK_0534,3302502,12.708175022950051,2.031151511360196e-05,1.0597223410370573e-05,19,42236502,personal_services,1500,-43.210295,-22.6455879993289
WRK_0535,3302502,0.006214384011952616,1.085157056100936e-06,4.4576869331946035e-07,1,224366044,personal_services,1500,-43.193968,-22.7186219993272
WRK_0536,3302502,7.125490398685415,5.176067969443842e-05,2.248479809384448e-05,43,202735200,personal_services,1500,-43.19595,-22.7147419993273
WRK_0537,3302502,0.10233335018991983,1.9801645126237857e-06,8.297110812321472e-07,1,202733270,food,1500,-43.198341,-22.7029809993275
WRK_0538,3302502,18.68499132551555,8.171535382863013e-05,3.682785185035937e-05,57,42235508,food,1500,-43.204235,-22.6536239993287
WRK_0539,3302502,86.25273693807583,0.00032022482290199397,0.00014665237397795512,270,42236213,other,1500,-43.204707,-22.6453469993289
WRK_0540,3302502,1.4209429589827591,5.391222481790805e-05,2.2345501409517212e-05,42,42235160,personal_services,1500,-43.199832,-22.6347699993291
WRK_0541,3302502,360.8671945564766,0.0002324185345393395,0.0001598192581373765,196,42222116,other,1500,-43.197264,-22.6140069993296
WRK_0542,3302502,88.72106819940679,0.0002036596326836248,9.93300918392779e-05,144,220722081,personal_services,1500,-43.19787,-22.6049739993298
WRK_0543,3302502,7.690006266977945,1.3070546787805809e-05,6.732066433812618e-06,27,42171331,personal_services,1500,-43.196544,-22.5885559993302
WRK_0544,3302502,4.027194256218303,1.4891898806048557e-05,6.822869862282149e-06,17,42104312,personal_services,1500,-43.183226,-22.7202039993271
WRK_0545,3302502,63.5488005235412,0.00024018993179998545,0.00010979385878269514,155,42105106,other,1500,-43.187193,-22.7159969993272
WRK_0546,3302502,6.044356041411553,4.165240354514408e-06,2.7884918153328506e-06,3,42107854,education,1500,-43.181661,-22.6996769993276
WRK_0547,3302502,0.4383312401879167,6.527912170289213e-06,2.7533390888287433e-06,4,42161070,personal_services,1500,-43.182715,-22.685807999328
WRK_0548,3302502,0.5873637679651489,3.7203352643487923e-06,1.6295714378695747e-06,3,110146213,agriculture,1500,-43.193989,-22.6630179993285
WRK_0549,3302502,53.64363538583978,0.0001300047221520314,6.287141989041442e-05,133,42234722,other,1500,-43.186798,-22.6426049993289
WRK_0550,3302502,242.16426366973423,0.0003168050039511924,0.00017315389263966097,311,42240812,other,1500,-43.183672,-22.6290729993292
WRK_0551,3302502,421.9568844448678,0.0007287216798427459,0.0003741185784943506,643,42177537,other,1500,-43.186691,-22.6165869993295
WRK_0552,3302502,453.5229767232415,0.0010438295430904518,0.0005088871755885779,708,202750202,retail,1500,-43.188932,-22.6029289993299
WRK_0553,3302502,971.4474472009454,0.001349101992458802,0.000726667108513401,1066,42169571,other,1500,-43.187918,-22.5911039993301
WRK_0554,3302502,134.78675547635567,0.0002698617727313807,0.00013470142066313417,61,197592572,other,1500,-43.184937,-22.5739679993305
WRK_0555,3302502,216.39255615369729,0.00041847124264636796,0.00021020063756135436,348,42107264,retail,1500,-43.170891,-22.7114119993273
WRK_0556,3302502,19.888556071880107,7.503848944468602e-05,3.430732098483243e-05,79,198032688,other,1500,-43.176155,-22.6958799993277
WRK_0557,3302502,13.591620569860915,3.556024335138952e-05,1.70036850310835e-05,40,42109460,other,1500,-43.172271,-22.684665999328
WRK_0558,3302502,26.67057118958795,6.82637084039914e-05,3.274501941547366e-05,67,224692999,other,1500,-43.168229,-22.6729219993282
WRK_0559,3302502,48.725428593099224,4.1977907350680906e-05,2.592115247822862e-05,42,198049454,vehicle_trade,1500,-43.17025,-22.6571179993286
WRK_0560,3302502,69.26154230463533,6.382176622574831e-05,3.8547206049516976e-05,31,197626786,industry,1500,-43.177995,-22.639400999329
WRK_0561,3302502,151.33186320574598,0.000513721392449645,0.00023758692578839397,461,42294890,personal_services,1500,-43.173668,-22.6297809993292
WRK_0562,3302502,2280.0221941682958,0.0018957204097460325,0.0011848409008314831,1770,42229239,other,1500,-43.175004,-22.6146369993296
WRK_0563,3302502,1535.7650311787265,0.0009486489814454323,0.0006635700825250172,830,198048209,other,1500,-43.176897,-22.6074089993298
WRK_0564,3302502,111.44817799626746,0.00018579391624187243,9.607676894907776e-05,156,42173925,food,1500,-43.170126,-22.5877729993302
WRK_0565,3302502,21.69600360804069,6.117274195180456e-05,2.8949130681949647e-05,33,42173000,other,1500,-43.168736,-22.5821679993303
WRK_0566,3302502,302.65662996843866,0.00027133940648164164,0.00016534986649435047,432,202738964,other,1500,-43.15852,-22.7070039993274
WRK_0567,3302502,69.4009654512232,0.00021769402345725837,0.00010162321938646886,170,42111652,other,1500,-43.157761,-22.7020719993276
WRK_0568,3302502,0.36865931020534287,2.1452871220224856e-05,8.856556842700783e-06,13,219450999,other,1500,-43.164017,-22.682259999328
WRK_0569,3302502,8.46825897815416,2.2921409005727994e-05,1.0907859741143668e-05,17,219451232,retail,1500,-43.162802,-22.6729269993282
WRK_0570,3302502,78.3980698212357,8.891903486021628e-05,5.04662484133722e-05,95,197795326,other,1500,-43.155849,-22.6541789993287
WRK_0571,3302502,8.461967955476267,2.478794733449266e-05,1.1671571039304715e-05,13,42349885,other,1500,-43.152424,-22.6488459993288
WRK_0572,3302502,351.03881550292095,0.00013779409491792904,0.00011928677939023777,161,95407773,personal_services,1500,-43.159666,-22.6256449993293
WRK_0573,3302502,488.781924126808,0.0007527424608474091,0.0003959207877145208,632,42226870,education,1500,-43.160551,-22.6189589993295
WRK_0574,3302502,24.17256992505495,0.00014769906917544721,6.484758459094229e-05,81,197669284,agriculture,1500,-43.156855,-22.6054789993298
WRK_0575,3302502,4.4637172829567735,6.169826921689322e-05,2.608048199816764e-05,40,215531657,other,1500,-43.16537,-22.5846529993303
WRK_0576,3302502,0.3822127498017967,1.5585975642867183e-05,6.454949387211801e-06,14,42295889,food,1500,-43.164229,-22.5821739993304
WRK_0577,3302502,221.8285006434018,0.0003202987321291531,0.00017094608480320493,197,202731005,other,1500,-43.141284,-22.7085169993274
WRK_0578,3302502,17.024601133538418,5.036185878435084e-05,2.3683216232654175e-05,56,42112569,other,1500,-43.14546,-22.7021319993275
WRK_0579,3302502,0.05599518505450596,4.057932403311289e-06,1.672809237008075e-06,3,110146223,other,1500,-43.150314,-22.681787999328
WRK_0580,3302502,50.835450887837304,8.393248182538635e-06,1.2537044656636515e-05,10,198075825,other,1500,-43.1486,-22.6740169993282
WRK_0581,3302502,6.807005411703389,8.262771074391889e-05,3.5075948082193284e-05,65,223007597,other,1500,-43.148925,-22.6549669993286
WRK_0582,3302502,0.0072724627680831894,1.085157056100936e-06,4.459580532351404e-07,1,216953962,personal_services,1500,-43.149183,-22.6472779993288
WRK_0583,3302502,0.07567254551345368,8.80936264704807e-06,3.623288146535137e-06,7,198083922,other,1500,-43.151189,-22.6265699993293
WRK_0584,3302502,73.26986419368498,0.00010080787473114162,5.442007421365334e-05,60,197797614,personal_services,1500,-43.149447,-22.6135999993296
WRK_0585,3302502,46.31266522326173,0.00012138863470139718,5.802887847313117e-05,72,42285633,other,1500,-43.145136,-22.6015699993299
WRK_0586,3302502,2.017605100882514,7.2001313245270896e-06,3.3114252218823763e-06,4,197611380,wholesale,1500,-43.138239,-22.5934349993301
WRK_0587,3302502,49.98669916155151,0.00012137657934363941,5.868146508017787e-05,114,223813307,other,1500,-43.129986,-22.7089029993274
WRK_0588,3302502,35.769387014834805,0.00017048116733785185,7.62582649092234e-05,131,202737841,other,1500,-43.124076,-22.6971639993277
WRK_0589,3302502,2.0642433140747185,2.3856985002232512e-05,1.0145123767663168e-05,31,197771477,personal_services,1500,-43.129175,-22.6879759993279
WRK_0590,3302502,66.05037686292744,0.0002730329271962242,0.00012369937915566282,282,197634670,other,1500,-43.130838,-22.6671159993284
WRK_0591,3302502,400.2707614908985,0.0006627732439105066,0.0003432143164103771,477,97398793,retail,1500,-43.128764,-22.6613049993285
WRK_0592,3302502,1.6190319521434833,7.535434254976314e-06,3.3774887823883142e-06,12,223873722,other,1500,-43.122726,-22.6463609993288
WRK_0593,3302502,0.6079482223298975,4.39379007756373e-06,1.9092117941084648e-06,4,198084586,personal_services,1500,-43.130707,-22.6129949993296
WRK_0594,3302502,12.0650012816984,4.713840578417525e-05,2.1474767703118874e-05,33,198061127,personal_services,1500,-43.130606,-22.5998149993299
WRK_0595,3302502,13.483254727697565,6.956656168922666e-05,3.091880097203094e-05,61,42285352,other,1500,-43.131694,-22.5931889993301
WRK_0596,3302502,0.6217348610088189,4.2883890458138185e-06,1.868489754034698e-06,5,110863507,agriculture,1500,-43.128897,-22.5786299993304
WRK_0597,3302502,10.022420174131852,2.91240021810362e-05,1.3727590751977504e-05,28,197363413,other,1500,-43.119752,-22.7047729993275
WRK_0598,3302502,4.256544470578406,6.028267055530457e-05,2.5463346081454337e-05,60,42115519,food,1500,-43.118468,-22.6994149993276
WRK_0599,3302502,0.030896085572980455,4.614546644365956e-08,2.443801866945258e-08,2,42350401,other,1500,-43.119584,-22.6894089993279
WRK_0600,3302502,30.82513938650449,0.00013551728151726041,6.104652880968822e-05,63,95410805,entertainment,1500,-43.119442,-22.6643499993284
WRK_0601,3302502,12.296493392318055,6.154057423912611e-05,2.741766360664476e-05,37,197794654,other,1500,-43.119358,-22.6591209993285
WRK_0602,3302502,33.827092609588995,0.00012189562189896273,5.600213220476047e-05,79,202773193,food,1500,-43.117718,-22.6444329993289
WRK_0603,3302502,17.010468152213832,8.870921552314959e-05,3.939399083260422e-05,40,110863662,agriculture,1500,-43.113137,-22.6326749993292
WRK_0604,3302502,2.8552035109986096,5.232871542247785e-05,2.1953322434326568e-05,27,42350304,retail,1500,-43.109299,-22.6185859993295
WRK_0605,3302502,2.5808450851573523,9.211320278563134e-05,3.820640763415483e-05,39,110863532,agriculture,1500,-43.113296,-22.6046119993298
WRK_0606,3302502,129.79183273270647,0.00013271894268069456,7.761152872650945e-05,87,42351580,other,1500,-43.114738,-22.5945559993301
WRK_0607,3302502,0.5029154969473661,1.1258258953753304e-05,4.703215588448084e-06,15,202700897,retail,1500,-43.096967,-22.683740999328
WRK_0608,3302502,4.353358466136726,1.6522860442899347e-05,7.549548814108343e-06,17,202702780,other,1500,-43.093539,-22.6691479993283
WRK_0609,3302502,0.4583268401016833,8.990691680844504e-06,3.766071995461856e-06,7,202713906,other,1500,-43.093409,-22.6516519993287
WRK_0610,3302502,0.19007997963844164,1.0448421900104105e-05,4.3153879750873345e-06,4,42350662,agriculture,1500,-43.106096,-22.640246999329
WRK_0611,3302502,0.19052841345606905,7.4987641954456206e-06,3.1068094869036126e-06,3,110863656,agriculture,1500,-43.107416,-22.6228749993294
WRK_0612,3302502,6.259238117178543,8.397417872065379e-05,3.552964838190443e-05,48,98735781,education,1500,-43.105744,-22.6153349993296
WRK_0613,3302502,3.0322337430689124,8.53724220467941e-05,3.552507245263262e-05,39,110863443,agriculture,1500,-43.103804,-22.6038979993298
WRK_0614,3302502,0.6507214244417616,1.4468299748754902e-05,6.045021730811839e-06,7,202779114,other,1500,-43.099324,-22.5916709993301
WRK_0615,3302502,1.536563358781323,1.940716440122012e-05,8.227318048245529e-06,23,42098699,other,1500,-43.087665,-22.6780949993281
WRK_0616,3302502,0.3534696838701314,4.708635710464224e-06,1.9926807316467855e-06,7,42098777,other,1500,-43.091686,-22.6741519993282
WRK_0617,3302502,47.874314440144985,0.0003159102816102299,0.00013801601204417322,65,202714482,agriculture,1500,-43.090507,-22.6546799993287
WRK_0618,3302502,0.949619382862323,2.506355307305325e-05,1.044005039590565e-05,21,95270032,other,1500,-43.083799,-22.6474179993288
WRK_0619,3302502,0.0640863962226842,2.6121054750260264e-06,1.08181181310838e-06,1,42098783,agriculture,1500,-43.08128,-22.6289729993292
WRK_0620,3302502,1.045616872191825,1.9651983214654382e-05,8.239772953475246e-06,19,95410183,other,1500,-43.088495,-22.59741799933
WRK_0621,3302502,74.53026054376798,8.210797847101562e-05,4.698312818179983e-05,65,202776959,vehicle_trade,1500,-43.087213,-22.5919829993301
WRK_0622,3302502,2.9176068599000122,3.956469399686719e-05,1.673427478323798e-05,31,110863535,agriculture,1500,-43.064521,-22.681967999328
WRK_0623,3302502,0.4883313842444829,2.593826649917981e-05,1.071592026793499e-05,13,197764458,food,1500,-43.065907,-22.6758499993282
WRK_0624,3302502,39.47296925348207,6.908707331195767e-05,3.537359484193584e-05,53,42042926,personal_services,1500,-43.066826,-22.6533009993287
WRK_0625,3302502,8.444382892502901,3.456698144331973e-05,1.5675504142758045e-05,26,224275366,other,1500,-43.071025,-22.640805999329
WRK_0626,3302502,8.20742734161632,6.757337904997672e-06,4.237751655495061e-06,5,224275542,personal_services,1500,-43.075608,-22.6320659993292
WRK_0627,3302502,0.00013652737472153383,2.307273322182978e-08,9.478771662902242e-09,1,101256546,other,1500,-43.067069,-22.59726199933
WRK_0628,3302502,10.162445263108971,3.537843189256235e-05,1.6315480419052483e-05,18,197396791,other,1500,-43.069906,-22.5863109993303
WRK_0629,3302502,39.195345731673086,6.416816567377633e-05,3.3308326455478495e-05,49,202745039,other,1500,-43.065231,-22.5786919993304
WRK_0630,3302502,2.187998816133585,1.7476233311587626e-05,7.5526798122334225e-06,16,202703977,personal_services,1500,-43.062598,-22.682438999328
WRK_0631,3302502,44.84744525632883,8.212979717065673e-05,4.167985975000756e-05,78,42098053,other,1500,-43.059026,-22.6701529993283
WRK_0632,3302502,160.64257668488798,5.844321613472903e-05,5.269735891967244e-05,48,42101351,industry,1500,-43.05538,-22.6585749993286
WRK_0633,3302502,1.0341803150093178,1.1287441463760293e-05,4.810251718516573e-06,9,224419405,agriculture,1500,-43.050971,-22.6468709993288
WRK_0634,3302502,0.0025676467915667746,2.307273322182978e-08,9.913858904862748e-09,1,42042988,other,1500,-43.055639,-22.6350529993291
WRK_0635,3302502,10.18256798286218,1.688890154971328e-05,8.742767856902921e-06,8,197766637,industry,1500,-43.051573,-22.6055749993298
WRK_0636,3302502,156.63753654301772,6.336728655844863e-05,5.399829247396075e-05,43,197667593,personal_services,1500,-43.05634,-22.5843419993303
WRK_0637,3302502,293.7080855723695,8.107024308981786e-05,8.578323902557051e-05,47,42298171,industry,1500,-43.060833,-22.5758849993305
WRK_0638,3302502,344.6438085783492,0.00036189430214598274,0.00020997012468023217,254,197560281,personal_services,1500,-43.037146,-22.6650429993284
WRK_0639,3302502,13699.552549011714,0.0025534552974893327,0.0034980613451695884,1620,42041443,retail,1500,-43.041697,-22.6571509993286
WRK_0640,3302502,11.972952958165575,0.00016913812976237697,7.144919068226062e-05,191,197599065,other,1500,-43.043116,-22.6470229993288
WRK_0641,3302502,0.09009508207096652,9.019719338517784e-06,3.712065544600083e-06,3,42043246,personal_services,1500,-43.037332,-22.6328039993292
WRK_0642,3302502,0.3081180462989206,7.066034613565115e-06,2.9505377095131803e-06,8,197598401,personal_services,1500,-43.03877,-22.6139799993296
WRK_0643,3302502,154.10925428042646,0.00017929542265307803,0.00010104880462359028,75,42049401,vehicle_trade,1500,-43.038675,-22.6019889993299
WRK_0644,3302502,22.789501030286207,8.20165556139522e-05,3.768583988972685e-05,73,202710742,vehicle_trade,1500,-43.044964,-22.5916009993301
WRK_0645,3302502,1506.3864937193916,0.00033331749862267176,0.0004061726399570693,290,202720459,other,1500,-43.030655,-22.6665839993284
WRK_0646,3302502,50.22224143207245,0.0002483082866228009,0.00011073545675767045,224,42038443,personal_services,1500,-43.026632,-22.6518419993287
WRK_0647,3302502,99.4328522228887,0.00021940038397099657,0.00010769710249377822,178,42038141,education,1500,-43.030862,-22.6429719993289
WRK_0648,3302502,73.41798862709501,0.0002465782593258493,0.00011417780222077077,203,42043835,other,1500,-43.027362,-22.6333609993292
WRK_0649,3302502,25.20529753124101,5.071726048589431e-05,2.5292911388615623e-05,38,218487877,personal_services,1500,-43.029955,-22.6125359993296
WRK_0650,3302502,107.27561208209407,0.0001532674647344591,8.200190635800883e-05,144,218736121,other,1500,-43.032646,-22.6046409993298
WRK_0651,3302502,10.23843442689009,3.0540581082415125e-05,1.43467106495634e-05,26,42051759,food,1500,-43.02476,-22.5847879993303
WRK_0652,3302502,2.5387939060933484,1.4237975364118386e-05,6.288543874646474e-06,10,110863503,agriculture,1500,-43.028864,-22.5761099993305
WRK_0653,3302502,9.918741734900356,9.229093288731913e-08,1.812932944672111e-06,4,42102216,other,1500,-43.018549,-22.6449069993289
WRK_0654,3302502,0.5090429356576279,2.136780551304131e-05,8.84682398505917e-06,12,197138713,personal_services,1500,-43.015773,-22.6304839993292
WRK_0655,3302502,0.012419130682269939,1.6059918954962966e-06,6.602976508661556e-07,4,198045647,personal_services,1500,-43.018123,-22.6199819993295
WRK_0656,3302502,24.929281674911614,6.574085290015644e-05,3.139961687721876e-05,42,197622320,personal_services,1500,-43.016016,-22.59728199933
WRK_0657,3302502,794.3541696397419,0.00014493064303817415,0.00020154935723125383,134,197558558,wholesale,1500,-43.016275,-22.5918819993301
WRK_0658,3302601,29.659498684377244,4.3498717493172435e-05,2.3132173769862284e-05,34,42415246,retail,1500,-43.897179,-22.9352729993222
WRK_0659,3302601,4.18091617331927,1.6096611840164683e-05,7.344026901246853e-06,15,197808045,personal_services,1500,-43.898318,-22.9156619993227
WRK_0660,3302601,0.14510415717236666,2.6516629227720014e-06,1.1125203755489208e-06,2,110863756,agriculture,1500,-43.899113,-22.9095249993228
WRK_0661,3302601,1.222501311834202,5.332903931046886e-06,2.4040093038276356e-06,6,198076867,other,1500,-43.886431,-22.9482759993219
WRK_0662,3302601,1.9776199990913,2.1933868454237016e-06,1.2526937539834965e-06,3,197807281,personal_services,1500,-43.891359,-22.9399529993221
WRK_0663,3302601,0.0,1.8987574918068044e-06,7.780393768199344e-07,1,RES_1511,domestic_construction,1500,-43.88789705000001,-22.927769850000004
WRK_0664,3302601,2.9997034488602012,7.990845065534085e-06,3.811191982089922e-06,6,42414858,other,1500,-43.88914,-22.9060179993229
WRK_0665,3302601,0.0,7.911489549195019e-07,3.241830736749726e-07,1,RES_1515,domestic_construction,1500,-43.8749118,-23.064196799999998
WRK_0666,3302700,5.943601863043888,2.054317647274004e-05,9.481522241975943e-06,2,41699539,hotel,1500,-43.018797,-22.9654789993215
WRK_0667,3302700,73.5594233486993,0.0002706262395651578,0.00012405707166372797,171,41699367,other,1500,-43.008425,-22.9662969993215
WRK_0668,3302700,1.0933080056277795,1.9186004058898842e-05,8.057367310600315e-06,17,103987734,other,1500,-43.00216,-22.9580919993217
WRK_0669,3302700,423.818162202575,0.0002944347480423726,0.0001964972395476759,308,41994342,other,1500,-42.992314,-22.9624669993216
WRK_0670,3302700,23.1150618798241,0.00019653914912403834,8.467115390176823e-05,76,41701407,personal_services,1500,-42.992398,-22.9560219993217
WRK_0671,3302700,829.0879829309858,0.0002176205815862206,0.00023755112382542722,267,41697371,other,1500,-42.978987,-22.9640849993215
WRK_0672,3302700,680.1084043823348,0.00031968087557093057,0.0002527093420335736,283,41701605,other,1500,-42.980777,-22.9572109993217
WRK_0673,3302700,1.5974533335973915,1.9626522909333426e-05,8.32810013453053e-06,20,41702973,other,1500,-42.97463,-22.9408199993221
WRK_0674,3302700,0.03423118760005395,2.307273322182978e-08,1.5580549954924653e-08,1,41702880,other,1500,-42.974016,-22.9318619993223
WRK_0675,3302700,595.381009312915,0.00047894126576313115,0.0003028049511354811,368,95415990,other,1500,-42.964388,-22.9645969993215
WRK_0676,3302700,228.3253293301602,0.0003966332951943829,0.00020338782672779958,286,41992115,personal_services,1500,-42.964306,-22.9540249993218
WRK_0677,3302700,24.639940038363523,8.164339213308945e-05,3.7864096841572896e-05,61,41704553,industry,1500,-42.960522,-22.943605999322
WRK_0678,3302700,4.993886164557102,5.0975379311851946e-05,2.1781527278687228e-05,42,41703170,personal_services,1500,-42.96499,-22.9249229993224
WRK_0679,3302700,0.03621282298876418,1.724042986298759e-06,7.129288033274287e-07,2,41703096,other,1500,-42.958778,-22.9186649993226
WRK_0680,3302700,57.56162666359535,0.00020965579147534557,9.621061758028466e-05,178,224454475,other,1500,-42.948168,-22.9645409993215
WRK_0681,3302700,61.766412919674515,0.0002885845334771026,0.0001293051592063102,125,215266636,personal_services,1500,-42.94971,-22.9529909993218
WRK_0682,3302700,182.64038673777736,8.585400430066667e-05,6.786612431258261e-05,86,202807951,other,1500,-42.953878,-22.9385039993221
WRK_0683,3302700,90.94786220861141,0.0001900028177771772,9.413256292780309e-05,195,197682495,other,1500,-42.950601,-22.9265449993224
WRK_0684,3302700,1812.6619622435926,6.75940350209605e-05,0.0003521019983622247,93,224376570,other,1500,-42.944764,-22.9080949993228
WRK_0685,3302700,229.42383318240104,4.957189581050339e-06,4.309029061697666e-05,19,41637677,other,1500,-42.943889,-22.9041929993229
WRK_0686,3302700,0.1950425006394097,9.229093288731913e-08,7.272328973955677e-08,4,224872997,other,1500,-42.930555,-22.9734369993213
WRK_0687,3302700,42.231901697218646,0.00018671209490636145,8.406565745456386e-05,161,41691559,other,1500,-42.934981,-22.9670069993215
WRK_0688,3302700,132.19434414057204,9.455992051551249e-05,6.240536461473512e-05,69,197458939,other,1500,-42.933482,-22.9560879993217
WRK_0689,3302700,56.67785105033074,3.569102308376775e-05,2.4768235539949474e-05,26,198142495,other,1500,-42.934553,-22.9417099993221
WRK_0690,3302700,77.19681310549468,0.00014648307555754876,7.383884249174733e-05,116,41636114,retail,1500,-42.932588,-22.9240839993225
WRK_0691,3302700,1566.7176109076872,0.000899160045083002,0.0006488308318205438,928,202829649,food,1500,-42.934021,-22.9130639993227
WRK_0692,3302700,1671.388876896169,0.0003050207182563816,0.00042410746829620955,232,223954377,other,1500,-42.938668,-22.901332999323
WRK_0693,3302700,5.573339036617711,1.7457273847095356e-05,8.150771072692419e-06,21,202831562,food,1500,-42.931605,-22.8897449993233
WRK_0694,3302700,18.81990114066769,5.253140680344974e-06,5.520658140116193e-06,12,197693228,other,1500,-42.92159,-22.9728369993213
WRK_0695,3302700,110.41615186882564,0.00022097690252058762,0.00011030873553255045,112,41690321,other,1500,-42.92084,-22.9679289993215
WRK_0696,3302700,0.1164553752514372,1.177447988988255e-06,5.033154127172855e-07,5,104587170,other,1500,-42.926442,-22.9571809993217
WRK_0697,3302700,42.46763568697432,1.6150913255280845e-07,7.666434946023853e-06,7,197852669,other,1500,-42.91775,-22.9350789993222
WRK_0698,3302700,130.20343236633164,0.0002305831219234528,0.00011778624936740186,110,41704433,wholesale,1500,-42.925553,-22.9257199993224
WRK_0699,3302700,21.44876895550056,0.00019295764967011204,8.290538073079613e-05,90,41705575,retail,1500,-42.925605,-22.9089149993228
WRK_0700,3302700,6.9398914250739985,0.00013963312562068574,5.8458404245016505e-05,66,41639643,other,1500,-42.926023,-22.8953749993231
WRK_0701,3302700,1.5740639169143402,5.724260940406608e-05,2.373757111809618e-05,28,41639314,other,1500,-42.924643,-22.8899189993232
WRK_0702,3302700,0.281739111450398,2.679260922717712e-06,1.1482819820122658e-06,2,41689708,education,1500,-42.910579,-22.9731849993213
WRK_0703,3302700,14.708640649160468,7.603562825401957e-05,3.378888321999217e-05,38,103004484,other,1500,-42.908171,-22.9691519993214
WRK_0704,3302700,195.14797085401048,0.00014895336033897527,9.596029607045674e-05,91,41690767,personal_services,1500,-42.902352,-22.9357909993222
WRK_0705,3302700,0.02428922729364701,4.2851457094817326e-08,2.1905855873526677e-08,2,197827690,other,1500,-42.900622,-22.9291879993223
WRK_0706,3302700,0.3052875377695765,5.224210950052053e-06,2.195321109079879e-06,2,110572841,agriculture,1500,-42.900956,-22.8844589993234
WRK_0707,3302700,15.304601264499375,1.6863234023802247e-05,9.648919076829231e-06,12,197827385,other,1500,-42.891018,-22.9547309993218
WRK_0708,3302700,979.4065474449837,0.0006318408075201743,0.00043418486962641727,408,41645777,other,1500,-42.890287,-22.9347489993222
WRK_0709,3302700,119.12337943898038,8.423578083503844e-05,5.583566492167578e-05,44,198099943,education,1500,-42.890436,-22.9292779993223
WRK_0710,3302700,2.461851375569343,3.2318339337863247e-06,1.7648711556098598e-06,4,110863824,agriculture,1500,-42.888298,-22.8800669993235
WRK_0711,3302700,385.67665977026644,0.0002515434025419802,0.0001720959553438247,192,95414577,other,1500,-42.877961,-22.9329349993222
WRK_0712,3302700,461.84438837316117,0.00017944099062599964,0.0001561825187081849,146,197213559,other,1500,-42.874902,-22.9291189993223
WRK_0713,3302700,10.42619097648929,1.2902851635222502e-05,7.153034767489764e-06,14,197646718,agriculture,1500,-42.874998,-22.9111729993228
WRK_0714,3302700,0.6232288743903045,1.1618660617959212e-05,4.872426610209695e-06,6,110572842,agriculture,1500,-42.883565,-22.8797999993235
WRK_0715,3302700,0.6148851550278942,7.882461891521738e-06,3.339979711206227e-06,5,98069003,agriculture,1500,-42.875974,-22.8746099993236
WRK_0716,3302700,689.109626700921,0.00024241653676556886,0.0002226602341591168,200,224405136,personal_services,1500,-42.862435,-22.9247519993224
WRK_0717,3302700,15.193016858334046,0.00013411394122668854,5.767387737889281e-05,88,197420233,personal_services,1500,-42.865627,-22.9128969993227
WRK_0718,3302700,1.4120322922600628,2.2222018299698377e-05,9.358452460661969e-06,9,98182460,agriculture,1500,-42.856862,-22.899141999323
WRK_0719,3302700,0.33568895215562067,5.723572510194408e-06,2.4053815008507807e-06,5,98182448,agriculture,1500,-42.862388,-22.8865149993233
WRK_0720,3302700,0.17962374345708823,6.10338965866559e-07,2.822404511139596e-07,1,197707026,vehicle_trade,1500,-42.864143,-22.8741319993236
WRK_0721,3302700,0.0,9.889361936493773e-08,4.052288420937158e-08,1,RES_1545,domestic_construction,1500,-42.841938,-22.9603579993216
WRK_0722,3302700,73.95347866906957,0.0001047863292575392,5.617263879829836e-05,65,215393407,other,1500,-42.849363,-22.9204379993225
WRK_0723,3302700,105.92485899049106,0.00012782613831635375,7.133526944268907e-05,93,197196058,food,1500,-42.845197,-22.9137029993227
WRK_0724,3302700,8.505223073087736,3.3043085230690956e-05,1.5061957125338404e-05,19,42534855,food,1500,-42.85136,-22.8927619993232
WRK_0725,3302700,2.8010806267233668,2.6788749392932896e-05,1.1478319185715508e-05,15,95411619,other,1500,-42.827559,-22.9581139993217
WRK_0726,3302700,8.147411926982686,1.1693528581775453e-05,6.249676157023679e-06,19,95411616,other,1500,-42.827553,-22.9575959993217
WRK_0727,3302700,60.45958246356232,8.577131600904779e-05,4.59660558461627e-05,52,224286148,education,1500,-42.826087,-22.9364809993222
WRK_0728,3302700,559.2871395206216,0.00023497381629428792,0.0001963767015086069,63,202787373,food,1500,-42.826467,-22.9227569993225
WRK_0729,3302700,654.0329297189294,0.00045520627915944674,0.000303575934799746,411,42472369,retail,1500,-42.831958,-22.9093259993228
WRK_0730,3302700,81.27072775072072,0.00018936365982538325,9.213878389606754e-05,64,214736928,vehicle_trade,1500,-42.831404,-22.8967639993231
WRK_0731,3302700,4.828823435471583,4.8279257554581845e-05,2.06472174437083e-05,29,197629938,food,1500,-42.831778,-22.8825919993234
WRK_0732,3302700,0.0,3.9557447745975096e-08,1.620915368374863e-08,1,RES_1566,domestic_construction,1500,-42.830057323000005,-22.874753749999996
WRK_0733,3302700,1.122518045701192,2.80613690020204e-05,1.1699385514981355e-05,10,42526971,hotel,1500,-42.821844,-22.9603209993216
WRK_0734,3302700,1.8792443476893181,4.937279052384482e-05,2.0567432314848824e-05,17,216807462,other,1500,-42.822601,-22.9488369993219
WRK_0735,3302700,20.221369165117263,7.29236009558754e-05,3.350028142059862e-05,79,197693605,vehicle_trade,1500,-42.82372,-22.9342319993222
WRK_0736,3302700,642.5692116205421,0.00021318508831130912,0.00020235314363472863,186,198109483,other,1500,-42.822432,-22.9222359993225
WRK_0737,3302700,1978.4620593293178,0.00045434207870167196,0.0005402493424835175,374,197830517,retail,1500,-42.821415,-22.9094309993228
WRK_0738,3302700,15.156412329346374,3.640638573541757e-05,1.7630446558716148e-05,28,198104111,other,1500,-42.823515,-22.901472999323
WRK_0739,3302700,0.720229638110333,1.6202414085176725e-06,7.928104419500235e-07,4,103149696,retail,1500,-42.82439,-22.8882829993233
WRK_0740,3302700,1.4143868209928923,2.7353030849878323e-06,1.373951159856864e-06,2,98093711,education,1500,-42.823352,-22.8760689993236
WRK_0741,3302809,0.0,5.933617161896264e-08,2.431373052562295e-08,1,RES_1666,domestic_construction,1500,-43.764441,-22.573851349999998
WRK_0742,3302858,21.89703046079464,0.00012990665191823378,5.7149677712133365e-05,89,42416125,other,1500,-43.442497,-22.8057839993252
WRK_0743,3302858,36.60156624276088,5.8267156233817234e-05,3.0426116987859138e-05,42,42193168,other,1500,-43.442177,-22.7974179993254
WRK_0744,3302858,0.643621490243676,2.541287513650494e-05,1.0528426274803675e-05,11,197684296,other,1500,-43.441451,-22.7774259993258
WRK_0745,3302858,1.4600650735903733,1.0040317571528038e-05,4.375446080594774e-06,18,197735482,other,1500,-43.442561,-22.7748499993259
WRK_0746,3302858,123.1789619146889,0.0007458073415432286,0.00032764860855378537,620,42255336,other,1500,-43.436195,-22.8049269993252
WRK_0747,3302858,819.2256768535408,0.0023549718495483713,0.001111592237159705,1776,42252591,other,1500,-43.433261,-22.7956269993254
WRK_0748,3302858,7362.166435973727,0.002092226716849671,0.0021748918238366777,1461,42121380,other,1500,-43.430792,-22.7827239993257
WRK_0749,3302858,2122.399278351641,0.000898029099293184,0.0007478154293782189,643,95419618,other,1500,-43.432889,-22.770914999326
WRK_0750,3302858,3033.20787025594,0.0010374244545808859,0.0009679379933153011,720,42185629,other,1500,-43.422901,-22.7946059993254
WRK_0751,3302858,2140.5635300241784,0.002002007086881777,0.0012034348499362986,1532,42178502,other,1500,-43.420533,-22.7825219993257
WRK_0752,3302858,445.4069370415775,0.00139040197999497,0.0006494470264047335,992,220164152,other,1500,-43.419991,-22.770949999326
WRK_0753,3302858,91.0022833904172,0.00010111600396482151,5.771983064484327e-05,60,42244696,other,1500,-43.410373,-22.7893619993255
WRK_0754,3302858,2184.6064424332476,0.0014544768754080626,0.0009869597460863883,801,223141383,other,1500,-43.405929,-22.7795619993258
WRK_0755,3302858,2.640300493652204,6.795571655320483e-07,7.509804588069223e-07,4,42246098,other,1500,-43.402793,-22.7749609993259
WRK_0756,3302908,1.2732792457885027,1.1082297893227657e-06,6.819843134304782e-07,2,42475349,personal_services,1500,-43.653848,-22.6156899993296
WRK_0757,3302908,0.14649279017305078,1.085157056100936e-06,4.708737311141271e-07,1,214720416,personal_services,1500,-43.649343,-22.6122449993297
WRK_0758,3302908,3.1006324814503525,1.4926660609063446e-05,6.671291067875876e-06,7,42475394,food,1500,-43.641715,-22.6097299993297
WRK_0759,3302908,0.11673347369739558,2.307273322182978e-08,3.0345637948878216e-08,1,42475449,other,1500,-43.62011,-22.5906529993302
WRK_0760,3302908,0.043064653182866224,2.9483437808668148e-06,1.215827446267817e-06,2,110863890,agriculture,1500,-43.600335,-22.5740419993305
WRK_0761,3302908,0.0,1.085157056100936e-06,4.446565310860837e-07,1,197750349,personal_services,1500,-43.599484,-22.5731419993306
WRK_0762,3303203,982.3301741377187,0.00024569229611103103,0.0002764789682144791,111,41714812,other,1500,-43.428376,-22.8176629993249
WRK_0763,3303203,1682.5475788742547,0.0014242237923572643,0.0008847118026063865,1026,41718272,food,1500,-43.430538,-22.811521999325
WRK_0764,3303203,13.298413022954339,1.795419275398449e-05,9.736913823287894e-06,8,41707425,other,1500,-43.427541,-22.8018809993253
WRK_0765,3303203,596.7255300070597,0.001283875566102814,0.0006328773638988728,861,42072379,other,1500,-43.418554,-22.8199249993248
WRK_0766,3303203,10050.467372184605,0.005048336237458312,0.0038673082172007733,3078,219488615,other,1500,-43.418233,-22.8084329993251
WRK_0767,3303203,881.8155028581441,0.000927365130090522,0.0005378141577188177,592,41648494,retail,1500,-43.416432,-22.7990959993253
WRK_0768,3303203,1019.6861773522602,0.0008393741396577403,0.0005264328967798356,482,42009851,other,1500,-43.408845,-22.8180449993249
WRK_0769,3303203,1620.5636289733134,0.0021064090215195093,0.001153152633921622,1431,197719786,industry,1500,-43.406183,-22.8092969993251
WRK_0770,3303203,238.45059956818312,0.0005170476147045435,0.0002545411612438242,405,41653488,vehicle_trade,1500,-43.408898,-22.7980409993253
WRK_0771,3303203,0.040498340130143445,1.085157056100936e-06,4.519043491032125e-07,1,198183747,personal_services,1500,-43.395798,-22.815629999325
WRK_0772,3303203,95.07452468137822,0.00018610747556156292,9.327492972418263e-05,185,42069097,retail,1500,-43.394773,-22.812580999325
WRK_0773,3303302,70.02451385776173,1.4765967823093594e-05,1.8582531472688344e-05,13,42430035,other,1500,-43.134494,-22.901992999323
WRK_0774,3303302,52.70600139551935,4.4656813995076124e-05,2.773125403705781e-05,21,202948199,retail,1500,-43.120186,-22.9270419993224
WRK_0775,3303302,33365.54201205276,0.003453115662936246,0.007386247935017636,1584,42490839,other,1500,-43.122441,-22.8966089993231
WRK_0776,3303302,26109.035109344477,0.0036075977158357905,0.0061508822729239975,2397,42501969,other,1500,-43.121826,-22.8898049993232
WRK_0777,3303302,3331.5142329201235,0.0003600646600638444,0.0007437680742455009,103,197792268,other,1500,-43.124516,-22.8775579993235
WRK_0778,3303302,57.24942448296177,6.27341299553041e-05,3.595177530150775e-05,48,42259865,personal_services,1500,-43.110818,-22.9358179993222
WRK_0779,3303302,191.90363849083505,6.68034189682306e-05,6.17177165485153e-05,39,202921429,personal_services,1500,-43.115417,-22.9316319993223
WRK_0780,3303302,3957.8953854599145,0.0007575332111562879,0.0010187365379984285,344,42323749,retail,1500,-43.107619,-22.9097579993228
WRK_0781,3303302,29652.22135867021,0.002971926925931284,0.006524517478346604,1383,42372670,other,1500,-43.112052,-22.900712999323
WRK_0782,3303302,18274.42437314347,0.0009903164961302066,0.003676291495492601,950,41748719,other,1500,-43.113541,-22.8884069993233
WRK_0783,3303302,10026.142866144944,0.001541616635019393,0.0024260332144068505,769,42554689,industry,1500,-43.113582,-22.8715959993237
WRK_0784,3303302,812.3418261808539,6.649607879156677e-05,0.0001726289994313639,58,197781216,retail,1500,-43.107084,-22.8658549993238
WRK_0785,3303302,144.6544743455291,0.00012965593007320007,7.901632602129048e-05,69,41793498,retail,1500,-43.093707,-22.9511609993218
WRK_0786,3303302,262.38187942991,0.0002633944709930858,0.00015488652774408324,237,104660832,food,1500,-43.09937,-22.9364919993222
WRK_0787,3303302,2958.1856857626417,0.0005219793775585068,0.0007433015894771223,168,42259434,food,1500,-43.094991,-22.9256539993224
WRK_0788,3303302,3715.071355052165,0.0008164968547058575,0.0009994404226152725,382,197527856,other,1500,-43.095501,-22.9144319993227
WRK_0789,3303302,11189.456105978403,0.0022483604985294534,0.002923823547181714,971,197788048,other,1500,-43.099101,-22.9021649993229
WRK_0790,3303302,5570.888219547174,0.0009810955747986505,0.0013990145427812929,610,41726123,other,1500,-43.095671,-22.8831809993234
WRK_0791,3303302,3349.7908513517496,0.0012653300142019845,0.0011179826442549994,935,42563868,other,1500,-43.097813,-22.8738819993236
WRK_0792,3303302,2471.0975496664246,0.0009272260750865413,0.0008221843180916103,545,42560962,education,1500,-43.099841,-22.8627279993239
WRK_0793,3303302,470.75427477003086,8.760954379618985e-05,0.00012014801206578187,48,104110067,other,1500,-43.079188,-22.9544509993218
WRK_0794,3303302,12.77315892920741,2.9728114716344162e-05,1.4467421512314096e-05,7,41772653,other,1500,-43.076524,-22.9370809993222
WRK_0795,3303302,12.734179768602266,2.7574439788925204e-05,1.3577950625162647e-05,12,197344783,other,1500,-43.083627,-22.9267379993224
WRK_0796,3303302,3384.4271923420765,0.0003759668709962207,0.0007597538122880246,285,42204296,health,1500,-43.084327,-22.9160929993226
WRK_0797,3303302,1684.233880324744,0.0008122010726031646,0.0006342297105304718,531,41802981,other,1500,-43.083596,-22.9025439993229
WRK_0798,3303302,4088.1236407898987,0.0012738703470667918,0.001253618472877551,720,202977168,health,1500,-43.083606,-22.8827739993234
WRK_0799,3303302,682.1904677922184,0.000740277198944692,0.00042542650799868057,503,41721891,personal_services,1500,-43.084577,-22.8753789993236
WRK_0800,3303302,218.0464274656201,0.00028688996528901975,0.00015657956743376667,153,42561301,other,1500,-43.086775,-22.8645089993238
WRK_0801,3303302,317.58414697558175,0.00011735021424445857,0.00010492240465595157,109,197765166,food,1500,-43.065235,-22.9526749993218
WRK_0802,3303302,2433.6945284220383,0.0005954405102392513,0.0006795372157155206,474,95451119,education,1500,-43.064114,-22.9387399993221
WRK_0803,3303302,1296.1828758671077,0.00020131783909577123,0.0003144648865980545,193,42202044,other,1500,-43.066346,-22.9309369993223
WRK_0804,3303302,1689.7057689011976,0.0008346978628266061,0.0006444273296323541,514,42255942,personal_services,1500,-43.066272,-22.9100569993228
WRK_0805,3303302,1736.698307297213,0.0005578220307933428,0.0005393840889268641,550,220468183,other,1500,-43.068095,-22.9030939993229
WRK_0806,3303302,1526.8571722553295,0.0005958594979269139,0.0005174160242238392,428,202907717,other,1500,-43.066921,-22.8842789993234
WRK_0807,3303302,210.09208370549467,0.0003309127846512341,0.00017319490686091118,148,197909781,personal_services,1500,-43.068211,-22.8740889993236
WRK_0808,3303302,15.77830371132034,4.7086357104642235e-06,4.753198560676615e-06,7,41784540,retail,1500,-43.073492,-22.8659759993238
WRK_0809,3303302,186.78103128164184,0.00014659983677528022,9.349851459786415e-05,101,224385278,other,1500,-43.046841,-22.9682399993214
WRK_0810,3303302,600.3030936273615,0.00016620807210216744,0.00017553954016174894,47,224346769,other,1500,-43.057245,-22.9528069993218
WRK_0811,3303302,4800.798074570583,0.0006253075318759435,0.0011154061875637811,399,203040118,other,1500,-43.052119,-22.9411309993221
WRK_0812,3303302,21.356807043803006,7.05496554093984e-05,3.273073241184266e-05,29,197810841,other,1500,-43.049997,-22.9312529993223
WRK_0813,3303302,486.6417432229371,0.0004609752544281255,0.000275982545463275,367,197838265,other,1500,-43.052157,-22.9104969993228
WRK_0814,3303302,1629.1133907253072,0.0005237486267444056,0.0005061680688729854,294,197297563,other,1500,-43.054644,-22.9029599993229
WRK_0815,3303302,1000.1724181818781,0.00042843604652210055,0.00035455363270896743,159,42195324,vehicle_trade,1500,-43.051797,-22.8857609993233
WRK_0816,3303302,1743.8347164102684,0.00043749875353584324,0.0004913573104302721,287,42138498,other,1500,-43.050336,-22.8742039993236
WRK_0817,3303302,3.6876457439150006,9.229093288731913e-08,6.977798385252192e-07,4,41769105,other,1500,-43.031578,-22.9745749993213
WRK_0818,3303302,1015.5688650841906,0.00024192750240912688,0.0002808848864724145,94,41803186,education,1500,-43.033397,-22.9647109993215
WRK_0819,3303302,221.59522225710933,0.00010039453357676391,8.079586957572088e-05,40,223330860,other,1500,-43.031914,-22.9530389993218
WRK_0820,3303302,2287.4550140437923,0.0004369733405525129,0.0005884314597981001,245,41804725,food,1500,-43.036403,-22.943781999322
WRK_0821,3303302,11.378481796118852,1.5415910767808048e-05,8.353219335300759e-06,9,41788232,food,1500,-43.044421,-22.9287009993223
WRK_0822,3303302,48.08960348136666,2.52118621684571e-05,1.8937267055151635e-05,21,197836910,other,1500,-43.044114,-22.9115289993227
WRK_0823,3303302,769.801996879774,0.0001759991041603243,0.000209886044259107,91,197775945,retail,1500,-43.039983,-22.898396999323
WRK_0824,3303302,426.9439529988654,0.0002676752480180421,0.0001860916129642966,133,42141446,other,1500,-43.032955,-22.8842869993234
WRK_0825,3303302,236.6271777423044,5.352445589386612e-05,6.428048129612225e-05,67,198187628,other,1500,-43.036278,-22.8765449993235
WRK_0826,3303302,11.869067429450249,9.25056267555633e-06,5.914689719151516e-06,10,41761057,office,1500,-43.029232,-22.9616329993216
WRK_0827,3303302,1392.3606394905046,0.00017930182999490374,0.0003226560852802597,139,41760373,other,1500,-43.027881,-22.9526259993218
WRK_0828,3303302,2560.058056536089,0.0004940443975588023,0.0006606036543573894,429,41787120,personal_services,1500,-43.024596,-22.9395339993221
WRK_0829,3303302,249.48643950557368,0.00016506444529723984,0.00011228674023553846,112,41790248,retail,1500,-43.02003,-22.9304759993223
WRK_0830,3303302,0.6514134150398697,1.054816380626222e-07,1.5980313218998758e-07,3,197810219,other,1500,-43.018165,-22.9070959993229
WRK_0831,3303302,0.0,5.933617161896264e-08,2.431373052562295e-08,1,RES_2040,domestic_construction,1500,-43.017077,-22.8970779993231
WRK_0832,3303302,492.32654370759053,0.000210965482903036,0.00017455533294001612,100,42141005,other,1500,-43.026384,-22.8829939993234
WRK_0833,3303302,64.38362222461471,7.89698322930628e-06,1.4758353332501285e-05,20,42140800,other,1500,-43.026548,-22.8787179993235
WRK_0834,3303302,276.00628318050576,0.00037165508399467475,0.0002016859558762479,191,41764900,personal_services,1500,-43.008083,-22.9363229993222
WRK_0835,3303302,640.4243742260564,0.0004524051251063184,0.0002999926611858641,266,99948212,vehicle_trade,1500,-43.011324,-22.9285649993224
WRK_0836,3303302,44.623368124936995,3.4737038869860563e-06,9.409450120347764e-06,4,224388865,education,1500,-43.001512,-22.9071149993229
WRK_0837,3303302,28.889333397262696,2.4819132788726962e-05,1.5340149552548533e-05,13,41762393,other,1500,-43.009708,-22.8963349993231
WRK_0838,3303302,39.63112217594135,2.9560869027263797e-05,1.9205547518024435e-05,20,41762165,other,1500,-43.008151,-22.8916989993232
WRK_0839,3303302,11.394774157454307,1.619064803095647e-05,8.673593290751596e-06,27,41789221,other,1500,-42.998405,-22.9348399993222
WRK_0840,3303302,7.598014593990728,2.3130462031982888e-05,1.0837777819187478e-05,18,197599876,other,1500,-42.995866,-22.9317249993223
WRK_0841,3303302,134.55596755277347,2.87916037744048e-05,3.587863286981845e-05,20,41763025,other,1500,-42.988917,-22.9114969993227
WRK_0842,3303302,17.82693354087821,4.8872314415586654e-05,2.3216447061112498e-05,22,198217176,personal_services,1500,-42.99303,-22.8959779993231
WRK_0843,3303302,270.7893654569488,0.00011143566922363088,9.4124180934282e-05,30,41788568,other,1500,-42.989807,-22.8901279993232
WRK_0844,3303302,22.977792323131844,1.549949733226176e-06,4.74735016752391e-06,6,223968501,other,1500,-42.980625,-22.9195409993226
WRK_0845,3303302,336.22446749437097,0.00013045553360529767,0.00011362845138003153,87,41788742,other,1500,-42.979285,-22.9133569993227
WRK_0846,3303302,16.709934827980515,4.5248025640779404e-06,4.84460076642988e-06,7,41762711,other,1500,-42.985659,-22.902341999323
WRK_0847,3303302,101.05803246047903,4.988011434250563e-06,2.0129831472627803e-05,10,95450017,personal_services,1500,-42.970613,-22.9060949993229
WRK_0848,3303302,295.6019464916959,2.2524975320809538e-05,6.213252748162647e-05,38,99799172,vehicle_trade,1500,-42.964535,-22.9029129993229
WRK_0849,3303500,0.010700361466471143,2.6121054750260264e-06,1.0722575384559938e-06,1,98949333,agriculture,1500,-43.667813,-22.8595199993239
WRK_0850,3303500,0.0032293465746169817,2.6121054750260264e-06,1.0709204822663967e-06,1,98949354,agriculture,1500,-43.66293,-22.858602999324
WRK_0851,3303500,0.11024816068902729,1.1773596399594272e-05,4.844107457800138e-06,5,98949324,agriculture,1500,-43.651528,-22.854374999324
WRK_0852,3303500,0.04470479169543083,7.836316425078079e-06,3.2190282479822843e-06,3,110864568,agriculture,1500,-43.644107,-22.8436079993243
WRK_0853,3303500,0.19734336146205547,3.851099846106925e-05,1.581567585428754e-05,22,197949936,personal_services,1500,-43.620046,-22.859348999324
WRK_0854,3303500,13.022846420151614,0.0001830789126525785,7.734949399775558e-05,131,219473238,food,1500,-43.620647,-22.854775999324
WRK_0855,3303500,51.67948373747084,0.0002758969760400527,0.00012230106016040282,195,198356190,personal_services,1500,-43.620736,-22.8371569993244
WRK_0856,3303500,65.54451969068191,0.0002946707329274602,0.00013247520665684597,212,42660022,other,1500,-43.618632,-22.8237539993248
WRK_0857,3303500,18.076256658709596,8.52662644843076e-05,3.817393873993872e-05,59,43405994,personal_services,1500,-43.622001,-22.8106659993251
WRK_0858,3303500,2.287130408409709,8.96555619564887e-06,4.083065721026301e-06,4,197712633,personal_services,1500,-43.618081,-22.7786029993258
WRK_0859,3303500,7.097918960961288,2.635178208247856e-06,2.3500816538074473e-06,2,197712586,other,1500,-43.620582,-22.7767219993258
WRK_0860,3303500,0.11917275250069857,2.3532022008456067e-05,9.663865042373663e-06,10,98939463,agriculture,1500,-43.618464,-22.6359939993291
WRK_0861,3303500,32.47373937350712,5.983942366143246e-06,8.263683315660613e-06,9,42653748,other,1500,-43.613491,-22.8602999993239
WRK_0862,3303500,824.9760730784725,0.0008917501148253809,0.0005130481502557784,852,220895093,other,1500,-43.605881,-22.8520349993241
WRK_0863,3303500,267.5497634775005,0.0007752127630867189,0.0003655352805130358,602,107361957,other,1500,-43.609936,-22.8364609993245
WRK_0864,3303500,397.39291330446633,0.0007153597920357821,0.0003642472687764676,674,43484267,personal_services,1500,-43.606528,-22.8265209993247
WRK_0865,3303500,70.39367497337693,0.0003664983303131346,0.00016277528643054637,318,224887653,other,1500,-43.608983,-22.812843999325
WRK_0866,3303500,1.3156741704401909,2.4313000053008534e-05,1.0198013298368486e-05,22,197451997,personal_services,1500,-43.604261,-22.7984939993253
WRK_0867,3303500,0.052735257605039214,2.873316022528629e-05,1.178320574404587e-05,11,110864557,agriculture,1500,-43.602277,-22.7785229993258
WRK_0868,3303500,9.908953416199395,2.158885896372472e-05,1.061966591189027e-05,19,197712976,other,1500,-43.609673,-22.770793999326
WRK_0869,3303500,6.844013140817845,2.4427252590945842e-05,1.1234213320184347e-05,21,110864521,agriculture,1500,-43.609872,-22.7570629993263
WRK_0870,3303500,0.08325657142021821,6.921819966548934e-08,4.326309306788744e-08,3,198091602,other,1500,-43.603409,-22.7479849993265
WRK_0871,3303500,0.14402830394324806,1.177447988988255e-06,5.082500240795119e-07,5,43473861,personal_services,1500,-43.600862,-22.858237999324
WRK_0872,3303500,48.58598566110683,0.0002266269246441616,0.0001015584165792264,165,43474359,other,1500,-43.599004,-22.854719999324
WRK_0873,3303500,171.64752141181836,0.0006526563699813851,0.0002981530600763839,596,95619791,retail,1500,-43.596718,-22.8228749993248
WRK_0874,3303500,3315.709926479029,0.0006559771331392895,0.0008621934411894309,576,43478821,health,1500,-43.590538,-22.8090749993251
WRK_0875,3303500,85.02480233281005,0.0004919358337720037,0.00021679332706877092,336,43471904,vehicle_trade,1500,-43.592361,-22.8008099993253
WRK_0876,3303500,0.10517130396981098,1.4501701460944843e-05,5.961073679547018e-06,8,113100992,agriculture,1500,-43.594122,-22.7844069993257
WRK_0877,3303500,1.5400018748684916,2.6672781004635294e-05,1.1205109730456479e-05,15,110864643,agriculture,1500,-43.598532,-22.768695999326
WRK_0878,3303500,12.327220032649635,2.23629131991805e-05,1.1369631242940368e-05,23,43471072,other,1500,-43.594194,-22.7618209993262
WRK_0879,3303500,0.06770079094501569,5.224210950052053e-06,2.1528012058262544e-06,2,98939474,agriculture,1500,-43.591545,-22.6163859993295
WRK_0880,3303500,0.0,2.6305702751073438e-06,1.077908719969284e-06,1,RES_2496,domestic_construction,1500,-43.591568,-22.6122989993296
WRK_0881,3303500,0.22453916621433817,3.7895534640142813e-06,1.5930012549656283e-06,6,43479338,agriculture,1500,-43.5867,-22.8176389993249
WRK_0882,3303500,31.200346353807657,0.00018508384207837128,8.142418953536196e-05,107,43298043,other,1500,-43.58601,-22.8056469993252
WRK_0883,3303500,176.0670767743407,0.0006722258798539153,0.00030696285817325217,528,197929303,personal_services,1500,-43.580757,-22.7968969993254
WRK_0884,3303500,0.20824706689760591,8.836979478806073e-05,3.624788597475708e-05,35,110864682,agriculture,1500,-43.576558,-22.7830799993257
WRK_0885,3303500,8.83291166327177e-05,2.631884198899014e-06,1.0784629243923557e-06,2,113101065,agriculture,1500,-43.578258,-22.7752869993259
WRK_0886,3303500,5.059794026748879,6.111782758877957e-05,2.5949316212789424e-05,68,198357020,other,1500,-43.574751,-22.7562229993263
WRK_0887,3303500,1.8459725338676143,1.9440584317634758e-05,8.296385934422071e-06,13,203311258,other,1500,-43.584699,-22.6094509993297
WRK_0888,3303500,0.47360047254618937,1.753703738218273e-06,8.033600959635761e-07,5,198349520,other,1500,-43.560935,-22.8239079993247
WRK_0889,3303500,6.050520335731931,2.8522478752386214e-05,1.2770274834585575e-05,34,198352156,other,1500,-43.563193,-22.8077879993251
WRK_0890,3303500,44.66249557346715,0.00025979951815247623,0.0001144491266756901,102,198090308,personal_services,1500,-43.56615,-22.7978019993253
WRK_0891,3303500,57.49002508772821,0.00017867844315170466,8.350445156832668e-05,135,197713774,food,1500,-43.569564,-22.7837689993257
WRK_0892,3303500,35.44484178440929,0.00013730723916615046,6.26067548602234e-05,56,197932475,other,1500,-43.561209,-22.7649179993261
WRK_0893,3303500,2.9866821007035775,5.04254370518838e-05,2.119696074304808e-05,53,224435088,retail,1500,-43.565205,-22.7610099993262
WRK_0894,3303500,0.00044611048707115847,2.6041741969768035e-07,1.0678909855611573e-07,2,98939422,other,1500,-43.561324,-22.6347769993291
WRK_0895,3303500,0.03351414326893479,1.0543328838763996e-05,4.3262573367049675e-06,6,98941201,personal_services,1500,-43.569081,-22.6149829993296
WRK_0896,3303500,2.6456906767212227,3.781382425850211e-05,1.596817054485702e-05,26,197986012,personal_services,1500,-43.567287,-22.6034689993298
WRK_0897,3303500,4.177915202794692,7.247262926442563e-05,3.0444260546588314e-05,16,197930866,agriculture,1500,-43.560502,-22.5945449993301
WRK_0898,3303500,83.76966619662255,0.00019203759416730958,9.368168610803486e-05,166,43416368,other,1500,-43.551985,-22.7931539993255
WRK_0899,3303500,672.1710546336263,0.0011043972739476823,0.0005728360818886193,927,43286284,personal_services,1500,-43.548105,-22.7836179993257
WRK_0900,3303500,185.60109529732182,0.0004676170515972482,0.00022482812233184,414,43418044,retail,1500,-43.551924,-22.770043999326
WRK_0901,3303500,2.9621689325999094,4.125362251238453e-05,1.743430922785916e-05,59,43406835,other,1500,-43.554006,-22.7608939993262
WRK_0902,3303500,0.08989010616940188,5.867576643328835e-06,2.4203993880730317e-06,4,203313377,agriculture,1500,-43.551566,-22.6720049993283
WRK_0903,3303500,0.00954796334592173,2.6121054750260264e-06,1.0720512985993927e-06,1,98939416,agriculture,1500,-43.548282,-22.6328969993292
WRK_0904,3303500,0.12474369098043855,6.534015069827445e-06,2.699718379444636e-06,7,217718218,personal_services,1500,-43.539927,-22.7906369993255
WRK_0905,3303500,468.4701337291956,0.0005784466111330833,0.0003208657907122714,570,43281955,retail,1500,-43.540379,-22.7821549993257
WRK_0906,3303500,382.27424425672496,0.000874909007737874,0.00042691880934866923,696,43283267,vehicle_trade,1500,-43.533924,-22.770532999326
WRK_0907,3303500,13.66131988437239,0.00014778780448752944,6.300279066455953e-05,95,43417301,other,1500,-43.531093,-22.7526029993264
WRK_0908,3303500,40.56735241780975,2.640495524791588e-05,1.8079925995091824e-05,35,42593906,retail,1500,-43.532525,-22.7381269993267
WRK_0909,3303500,56.86397782944639,0.00026455630387664097,0.00011858192657142094,218,99465221,other,1500,-43.536387,-22.7296749993269
WRK_0910,3303500,443.24123038082246,0.0005856109410618084,0.00031928635256827607,519,197917759,personal_services,1500,-43.533189,-22.7140299993273
WRK_0911,3303500,47.21549078726787,0.00018032063758173473,8.23385707603319e-05,122,42599189,personal_services,1500,-43.5328,-22.7054319993275
WRK_0912,3303500,0.15397924590370576,1.0321012105179132e-05,4.256719438241928e-06,9,203313072,other,1500,-43.537105,-22.6857879993279
WRK_0913,3303500,0.05734573037806347,2.170314112201872e-06,8.995759869365872e-07,2,198143235,personal_services,1500,-43.534665,-22.6792589993281
WRK_0914,3303500,0.8365366421843485,9.184991495381507e-06,3.913375370116583e-06,6,203310188,food,1500,-43.532459,-22.6543459993287
WRK_0915,3303500,0.09924464592785048,4.614546644365956e-08,3.667007375104163e-08,2,95630198,other,1500,-43.532323,-22.6507169993288
WRK_0916,3303500,4.150649067099502,2.098754744102662e-05,9.342731505392685e-06,32,109725035,personal_services,1500,-43.527193,-22.7775949993258
WRK_0917,3303500,1052.3041923961,0.0013164721303678174,0.0007277672112140403,1149,198334583,other,1500,-43.522064,-22.768908999326
WRK_0918,3303500,300.72561782526515,0.0008165199075083689,0.00038839873751885033,679,197922570,other,1500,-43.51923,-22.7557719993263
WRK_0919,3303500,206.19040884391717,0.000566652886562332,0.00026909406420343407,537,198367043,other,1500,-43.520011,-22.7436849993266
WRK_0920,3303500,466.1076498344655,0.0012550067828326537,0.0005976718887513586,962,42940479,food,1500,-43.522261,-22.728264999327
WRK_0921,3303500,1042.0199296006044,0.0012551051611380164,0.0007007808048754359,1097,42723733,personal_services,1500,-43.523697,-22.7149719993273
WRK_0922,3303500,123.29966732444038,0.0007357832307108962,0.0003235627072461915,696,42944109,other,1500,-43.521513,-22.7028579993276
WRK_0923,3303500,0.43830014287933583,8.516047389904293e-06,3.5679965301915945e-06,5,218426599,retail,1500,-43.520776,-22.6941769993278
WRK_0924,3303500,0.1562189832483399,2.504732242503387e-05,1.0291408146341308e-05,11,197740026,food,1500,-43.524381,-22.6696569993283
WRK_0925,3303500,2.2660694827063503,3.1071326293478e-05,1.3137409362065184e-05,28,197740601,other,1500,-43.526739,-22.6599719993285
WRK_0926,3303500,0.0033438307845927596,8.95929213504262e-06,3.6717792428045822e-06,1,203310569,industry,1500,-43.528575,-22.6513649993287
WRK_0927,3303500,0.0,6.329191639356015e-07,2.593464589399781e-07,1,RES_2505,domestic_construction,1500,-43.523089,-22.6367519993291
WRK_0928,3303500,779.3899979532027,0.0011153689713072979,0.0005965203950767373,933,43173424,other,1500,-43.50749,-22.7669279993261
WRK_0929,3303500,247.67933738343328,0.0009605498510051374,0.00043792331879388956,882,43174396,other,1500,-43.506282,-22.7558539993263
WRK_0930,3303500,1438.9678676939618,0.0014714118959711351,0.0008604552730109142,1173,198365747,vehicle_trade,1500,-43.508596,-22.7433839993266
WRK_0931,3303500,581.445304632861,0.0007307016390781903,0.00040347286469737825,546,218136028,vehicle_trade,1500,-43.505158,-22.7298219993269
WRK_0932,3303500,3.443660729373365,6.440335427407705e-05,2.7006368830495095e-05,38,219024078,other,1500,-43.511271,-22.7203589993271
WRK_0933,3303500,12.327636694771297,8.722226250257501e-05,3.794662673487375e-05,92,197964617,food,1500,-43.512284,-22.6999469993276
WRK_0934,3303500,131.2327227478951,8.86201537660499e-05,5.979937434653279e-05,84,42722160,other,1500,-43.510652,-22.6914569993278
WRK_0935,3303500,0.8842136123357197,3.742786745135159e-06,1.6918971811039853e-06,3,110864658,agriculture,1500,-43.503743,-22.6786949993281
WRK_0936,3303500,0.00433963489536076,2.307273322182978e-08,1.0230984181196154e-08,1,198144725,other,1500,-43.503476,-22.6552499993286
WRK_0937,3303500,0.048701390557163424,3.7723907459138633e-06,1.554499669899093e-06,3,197513240,personal_services,1500,-43.507081,-22.6489359993288
WRK_0938,3303500,192.93275147867695,0.0001449620255860277,9.392834875070778e-05,153,197870400,other,1500,-43.490568,-22.7647819993261
WRK_0939,3303500,494.87933269608556,0.0014174920981270677,0.0006694014045954062,1164,198338968,personal_services,1500,-43.491942,-22.7550509993263
WRK_0940,3303500,1812.0786424229686,0.0015644166241994672,0.0009653391811293103,1236,43239739,retail,1500,-43.491386,-22.7433329993266
WRK_0941,3303500,21.76086081287385,0.00012796775163844516,5.6330819620654046e-05,135,217238062,personal_services,1500,-43.495101,-22.7314149993269
WRK_0942,3303500,4.655196935533206,3.486929752247696e-05,1.5121247184239907e-05,17,98974793,other,1500,-43.489977,-22.7156999993272
WRK_0943,3303500,0.19281194757739173,1.987362425371887e-05,8.177970192433399e-06,10,110864586,agriculture,1500,-43.494835,-22.6991199993276
WRK_0944,3303500,0.28002720212339055,2.1646921247386647e-05,8.920209125920485e-06,12,110507153,agriculture,1500,-43.493622,-22.6872419993279
WRK_0945,3303500,8.83291166327177e-05,2.6121054750260264e-06,1.0703583475504814e-06,1,110864659,agriculture,1500,-43.493168,-22.6759649993282
WRK_0946,3303500,118.96496318542953,7.577947463814718e-05,5.2342237729922114e-05,47,197513809,other,1500,-43.488747,-22.6588719993286
WRK_0947,3303500,0.506576865122155,4.409846424069233e-06,1.8976490742816524e-06,7,198144519,other,1500,-43.495822,-22.6538319993287
WRK_0948,3303500,90.41550249939247,4.3551601720869505e-05,3.4027090829724606e-05,52,43227135,other,1500,-43.481089,-22.7627319993262
WRK_0949,3303500,3167.404178312089,0.0019331014218808653,0.0013589692636707888,1285,41913904,education,1500,-43.478561,-22.7573499993263
WRK_0950,3303500,1930.044523338164,0.001844832033165756,0.0011013547234805703,1190,43349196,personal_services,1500,-43.479168,-22.7420959993266
WRK_0951,3303500,916.6218382956683,0.00120218834102751,0.0006566555127840601,997,198326912,personal_services,1500,-43.476656,-22.7304599993269
WRK_0952,3303500,133.381375520689,6.755318775417588e-05,5.155145971979775e-05,72,198130270,personal_services,1500,-43.481931,-22.7140989993273
WRK_0953,3303500,116.41384724066285,0.0006971166877700394,0.00030648628650002506,538,219972273,other,1500,-43.475015,-22.7018359993276
WRK_0954,3303500,193.57517997327125,0.0003461506688013402,0.00017648285747741876,204,203286869,industry,1500,-43.476491,-22.6906929993278
WRK_0955,3303500,0.36155816738215696,1.200520722210085e-06,5.566347689962905e-07,6,197934759,personal_services,1500,-43.47246,-22.6699379993283
WRK_0956,3303500,363.879484337994,9.662684569970876e-05,0.00010471603026086942,19,43125848,other,1500,-43.485931,-22.6579659993286
WRK_0957,3303500,3.009904310671204,1.200520722210085e-06,1.0305981667859465e-06,6,197988160,personal_services,1500,-43.472473,-22.6529239993287
WRK_0958,3303500,47.47147053228299,2.8111864181251474e-05,2.001495410304929e-05,18,203079683,retail,1500,-43.458468,-22.7630799993262
WRK_0959,3303500,11756.115680495637,0.002002668357454907,0.0029245608388276303,1322,41935657,other,1500,-43.462225,-22.7582979993263
WRK_0960,3303500,7112.62670142862,0.0018347044295327945,0.002024709800803413,890,42985881,other,1500,-43.46194,-22.7395979993267
WRK_0961,3303500,2056.866963672827,0.0017143202681884088,0.001070572792921723,1052,42989580,other,1500,-43.463807,-22.7297469993269
WRK_0962,3303500,888.794319682434,0.0008614785276598896,0.0005120652766819293,601,43109290,retail,1500,-43.46211,-22.7143329993273
WRK_0963,3303500,807.9528621994408,0.0009251228658958956,0.00052367647532155,863,43008926,other,1500,-43.466739,-22.6987599993276
WRK_0964,3303500,942.8848892855667,0.0014034361912509822,0.0007438194976283589,1151,95625550,other,1500,-43.464755,-22.6890169993279
WRK_0965,3303500,5.86010423506205,6.852693219716125e-05,2.9128516663885746e-05,76,220061624,other,1500,-43.463191,-22.6777859993281
WRK_0966,3303500,30.388117002645917,6.396294254476258e-05,3.1648040965226836e-05,77,43127104,personal_services,1500,-43.465306,-22.6578069993286
WRK_0967,3303500,5.710102577918531,3.1345397683902108e-06,2.3063295566865777e-06,5,197988132,food,1500,-43.470186,-22.6532599993287
WRK_0968,3303500,0.0723807184897352,2.307273322182978e-08,2.240801143701737e-08,1,203064682,other,1500,-43.448166,-22.7765399993259
WRK_0969,3303500,7399.592826399627,0.0007179751557854237,0.0016184732862562744,464,41946702,other,1500,-43.446753,-22.7628179993262
WRK_0970,3303500,27482.696440632637,0.005116405672901588,0.007014973407875429,3847,41944193,other,1500,-43.450612,-22.7574219993263
WRK_0971,3303500,2702.8234663342964,0.001528131061456271,0.001109883586712232,1166,43054569,other,1500,-43.450468,-22.7417649993266
WRK_0972,3303500,1544.3209482935897,0.0016326031790004118,0.000945359994568553,1258,42991992,other,1500,-43.449837,-22.7292749993269
WRK_0973,3303500,463.25201568505224,0.0008469773028550844,0.00042996569965586794,722,223909152,other,1500,-43.449879,-22.7152779993273
WRK_0974,3303500,125.68879495670397,0.00034708111249865867,0.00016471477679496672,301,224180002,personal_services,1500,-43.449103,-22.7034889993275
WRK_0975,3303500,499.40776894319515,0.0004978962875188002,0.0002933960776816157,477,42946353,vehicle_trade,1500,-43.447749,-22.683222999328
WRK_0976,3303500,350.39058268763665,0.0008067459647091701,0.0003932820739032851,700,43014978,personal_services,1500,-43.449113,-22.6754139993282
WRK_0977,3303500,8.925145181247183,5.7748944559533325e-06,3.9636302463239734e-06,10,98301729,other,1500,-43.451296,-22.6665679993284
WRK_0978,3303500,0.14468505138163493,1.2604841388278579e-05,5.190883403287227e-06,5,99023542,agriculture,1500,-43.45156,-22.6428579993289
WRK_0979,3303500,0.01953924804579211,4.614546644365956e-08,2.240553310627528e-08,2,99023545,other,1500,-43.453322,-22.6371719993291
WRK_0980,3303500,2092.0520526813657,0.0007874163874873897,0.0006970593863807663,634,41876958,vehicle_trade,1500,-43.434813,-22.7656439993261
WRK_0981,3303500,7876.645048117424,0.002553084551568979,0.0024558081027589614,1599,41922386,other,1500,-43.435251,-22.7542559993264
WRK_0982,3303500,1758.5503934093585,0.0023477567305468902,0.0012767427563365951,1579,41886344,personal_services,1500,-43.435625,-22.7421219993266
WRK_0983,3303500,320.5959700815149,0.000620933196736216,0.000311810776234035,512,43166656,other,1500,-43.435288,-22.727994999327
WRK_0984,3303500,571.7849168512776,0.0010401582373514096,0.0005285476558761969,867,197986065,retail,1500,-43.433502,-22.7141529993273
WRK_0985,3303500,712.4992273417816,0.0009287495695937443,0.0005080796254947411,785,95629630,food,1500,-43.434485,-22.7023929993276
WRK_0986,3303500,172.1669323600525,0.00036670363415425864,0.00018107334509158613,231,43018733,other,1500,-43.439704,-22.6860649993279
WRK_0987,3303500,54.791311430589744,0.00012419699189298276,6.06970253204812e-05,96,42948921,personal_services,1500,-43.437909,-22.6777169993281
WRK_0988,3303500,1.4683853809009153,1.1543752557664253e-06,7.358103157017491e-07,4,198381562,personal_services,1500,-43.43533,-22.6667739993284
WRK_0989,3303500,0.04885249405120595,6.921819966548934e-08,3.710593968785982e-08,3,197987944,other,1500,-43.429572,-22.641271999329
WRK_0990,3303500,0.7706249168815065,9.229093288731913e-08,1.7573285984480022e-07,4,197987618,other,1500,-43.432348,-22.6362129993291
WRK_0991,3303500,0.04370489859265428,4.177918670340885e-06,1.719775553588375e-06,3,110507170,agriculture,1500,-43.428846,-22.6077149993298
WRK_0992,3303500,0.7555125657218384,5.839938233008819e-06,2.528197866338497e-06,10,99322494,other,1500,-43.431651,-22.5914229993301
WRK_0993,3303500,418.3092228850459,0.00047239890882152044,0.00026843434473617,312,41875865,vehicle_trade,1500,-43.420907,-22.7647589993261
WRK_0994,3303500,1519.7608568175215,0.0017990188984346952,0.0010091554782494,1044,41884592,other,1500,-43.422153,-22.7567899993263
WRK_0995,3303500,22.292502786712767,7.290157291331398e-05,3.3861917252142974e-05,78,41875972,other,1500,-43.425568,-22.7458489993266
WRK_0996,3303500,0.6892100494206446,3.949149129573556e-06,1.741557752090073e-06,8,43064488,vehicle_trade,1500,-43.427219,-22.7156919993273
WRK_0997,3303500,218.75351789360073,0.000546181161820991,0.0002629538885972969,483,43070863,other,1500,-43.42311,-22.6979759993277
WRK_0998,3303500,64.43015305344086,0.0004230955021667762,0.00018489941141362453,407,43073136,personal_services,1500,-43.419704,-22.6902209993278
WRK_0999,3303500,3.5098919438206027,5.296451868201667e-05,2.2331017529119886e-05,72,197502154,other,1500,-43.419548,-22.6742769993282
WRK_1000,3303500,31.598768701787947,7.522440208069338e-05,3.647922861053409e-05,50,198383756,other,1500,-43.418508,-22.6588379993286
WRK_1001,3303500,1.6713782342314076,1.5534750778029058e-05,6.6646759028958415e-06,22,198409379,other,1500,-43.414899,-22.6449649993289
WRK_1002,3303500,6.9208001508593044,4.0580690670818085e-05,1.7867026699345826e-05,30,198374798,food,1500,-43.416342,-22.637758999329
WRK_1003,3303500,0.5388015445914216,5.630333617323833e-06,2.403525919275445e-06,6,97999721,other,1500,-43.414775,-22.6227729993294
WRK_1004,3303500,0.8807288956104751,1.4738338980966002e-05,6.196837119669388e-06,13,110864604,agriculture,1500,-43.419327,-22.6057239993298
WRK_1005,3303500,111.98707805324875,0.00024256277111757158,0.00011943495435425508,220,43126471,other,1500,-43.417949,-22.5922229993301
WRK_1006,3303500,5.21956579754005,1.587264767362639e-05,7.438137578214107e-06,16,203302696,food,1500,-43.41181,-22.6974449993277
WRK_1007,3303500,25.506627926202157,9.583372309207572e-05,4.383386803312903e-05,101,203303712,retail,1500,-43.411418,-22.6854479993279
WRK_1008,3303500,0.5663162711799954,9.39941568610892e-06,3.952878129421522e-06,13,197501988,other,1500,-43.409572,-22.6736149993282
WRK_1009,3303500,4.500958220944858,1.5045721189153697e-05,6.970688036132955e-06,23,224550412,other,1500,-43.412271,-22.6569439993286
WRK_1010,3303500,88.20765477861846,0.0002533693543674018,0.00011960738194385275,287,43126637,other,1500,-43.405702,-22.6452609993289
WRK_1011,3303500,6.104846544041102,4.1769609330712636e-05,1.8208173037921044e-05,39,43122804,other,1500,-43.403395,-22.6368449993291
WRK_1012,3303500,21.379728432767028,6.385528465884221e-05,2.9991733307845017e-05,67,197933552,personal_services,1500,-43.409237,-22.6223629993294
WRK_1013,3303500,1.7879708512517498,3.0829104957402726e-05,1.2952592866299886e-05,20,197782166,personal_services,1500,-43.413114,-22.6079149993297
WRK_1014,3303500,16.091323655703828,3.066992243663745e-05,1.544717689861592e-05,16,98925349,personal_services,1500,-43.409592,-22.5892579993302
WRK_1015,3303500,8.05909461659,2.6815645120280496e-05,1.2430344745890985e-05,11,203239296,hotel,1500,-43.401002,-22.5816519993304
WRK_1016,3303500,2.5921665077683613,2.8539754282257575e-06,1.633360909925083e-06,2,219882262,education,1500,-43.398085,-22.6748999993282
WRK_1017,3303500,2.6376509467546545,4.562451444925195e-05,1.9167258660487903e-05,41,224260618,other,1500,-43.39832,-22.6429529993289
WRK_1018,3303500,1.524430705821497,4.0101331583046666e-05,1.6704837783291483e-05,27,113101026,agriculture,1500,-43.394015,-22.6307869993292
WRK_1019,3303500,4.473434612561977,6.104105632037488e-05,2.5812919951408982e-05,35,198356750,other,1500,-43.39471,-22.6214769993294
WRK_1020,3303500,0.2191112104149826,4.614546644365956e-08,5.81220898818097e-08,2,98925321,other,1500,-43.39787,-22.5777929993305
WRK_1021,3303500,0.06085796844197716,7.836316425078079e-06,3.221919114251896e-06,3,110507147,agriculture,1500,-43.383862,-22.6268179993293
WRK_1022,3303500,0.024610778092612317,5.224210950052053e-06,2.1450895670157167e-06,2,110864615,agriculture,1500,-43.383722,-22.6225439993294
WRK_1023,3303609,2.4962153728789707,1.4680768783647804e-05,6.462363855821759e-06,9,98839789,retail,1500,-43.830566,-22.6521129993287
WRK_1024,3303609,65.30473925395833,0.0001246615139424901,6.276891304521588e-05,4,98814221,transport,1500,-43.80869,-22.6873159993279
WRK_1025,3303609,13.131571646928139,3.6316180859405776e-05,1.723110675315269e-05,21,98814273,other,1500,-43.811052,-22.6774479993281
WRK_1026,3303609,2.375199888884531,4.7111984100489483e-05,1.972979799082459e-05,20,110153564,agriculture,1500,-43.815957,-22.6660209993284
WRK_1027,3303609,0.16216084436464415,7.836316425078079e-06,3.24004886492661e-06,3,98839778,agriculture,1500,-43.818737,-22.6519869993287
WRK_1028,3303609,0.08242879230247635,2.6121054750260264e-06,1.0850944747769129e-06,1,110153536,agriculture,1500,-43.810172,-22.641227999329
WRK_1029,3303609,2.1598841493720444,3.1603408075396854e-05,1.3336432912405077e-05,9,98814186,food,1500,-43.800452,-22.6895109993279
WRK_1030,3303609,1.964229809367479,2.2028146322752807e-05,9.377835492026849e-06,11,98814154,other,1500,-43.797712,-22.6782249993281
WRK_1031,3303609,0.45062152974549463,8.921473481179016e-06,3.736329994601625e-06,4,98826073,agriculture,1500,-43.802481,-22.6577869993286
WRK_1032,3303609,1.4731692136622927,4.405212574797427e-05,1.831455052391942e-05,11,110153472,agriculture,1500,-43.795833,-22.6508059993287
WRK_1033,3303609,14.776705459386502,3.797993152924153e-05,1.820727187282534e-05,13,98814179,hotel,1500,-43.789695,-22.6898859993278
WRK_1034,3303609,1.517224045738482,2.406401476120885e-05,1.0132059029751699e-05,10,110864747,agriculture,1500,-43.789333,-22.6731259993282
WRK_1035,3303609,0.3316799682166224,1.1232911417405179e-05,4.66218381765162e-06,6,197943538,agriculture,1500,-43.783065,-22.6569079993286
WRK_1036,3303609,0.24330020926777693,1.3653889091319759e-05,5.638392421207123e-06,6,98814379,agriculture,1500,-43.787494,-22.6484769993288
WRK_1037,3303609,0.0007424350081081605,2.6121054750260264e-06,1.070475410137494e-06,1,99062760,agriculture,1500,-43.784929,-22.6316869993292
WRK_1038,3303609,0.11955782079700134,5.224210950052053e-06,2.1620818408860666e-06,2,99062762,agriculture,1500,-43.789954,-22.6283979993293
WRK_1039,3303609,4.11016960884234,1.7652797362779942e-05,7.969031959008264e-06,7,98814196,agriculture,1500,-43.769258,-22.6759779993282
WRK_1040,3303609,30.601685603175664,5.169962812794137e-05,2.6661217617411532e-05,28,198412775,other,1500,-43.770434,-22.6658689993284
WRK_1041,3303609,1.4268304697868572,1.4546506806926828e-05,6.215965020184901e-06,6,198414174,wholesale,1500,-43.770741,-22.6512309993287
WRK_1042,3303609,1.3448742120380959,3.325590003739043e-05,1.3867703032175396e-05,16,98814366,health,1500,-43.767889,-22.6302939993292
WRK_1043,3303609,1.1976080188129965,2.7367720938914006e-05,1.1428593175606513e-05,18,203247490,agriculture,1500,-43.76753,-22.6282709993293
WRK_1044,3303609,13.140420806759565,1.435794888437033e-05,8.235033195010873e-06,12,95631663,food,1500,-43.753157,-22.6979419993277
WRK_1045,3303609,293.38836578918347,2.3315321557464198e-05,6.206022638059202e-05,8,99111235,industry,1500,-43.749751,-22.685326999328
WRK_1046,3303609,0.05190723374563991,2.307273322182978e-08,1.8743957771489022e-08,1,197787271,other,1500,-43.752565,-22.6711849993283
WRK_1047,3303609,2.9070599915263773,1.861123674809099e-05,8.146448876117809e-06,12,197788068,vehicle_trade,1500,-43.759282,-22.6619029993285
WRK_1048,3303609,75.71495526684825,6.604142835736744e-05,4.061168031498848e-05,4,197788038,utilities,1500,-43.750333,-22.6537819993287
WRK_1049,3303609,0.8281872637895544,2.6121054750260264e-05,1.0851642596425622e-05,10,99062803,agriculture,1500,-43.75644,-22.6316389993292
WRK_1050,3303609,0.565344762931701,1.955387066240223e-05,8.11361783682873e-06,9,203247561,agriculture,1500,-43.759693,-22.6166349993295
WRK_1051,3303609,1.0081469703689991,2.089684380020821e-05,8.743164150750044e-06,8,99062691,agriculture,1500,-43.756213,-22.6096059993297
WRK_1052,3303609,0.01781679622745873,5.224210950052053e-06,2.14387367658633e-06,2,99062698,agriculture,1500,-43.751966,-22.6005119993299
WRK_1053,3303609,0.22324803275932545,7.836316425078079e-06,3.250981382734498e-06,3,110864752,agriculture,1500,-43.751497,-22.5871099993302
WRK_1054,3303609,25.669604143069073,1.0027343224183947e-05,8.702809314279265e-06,2,99111230,industry,1500,-43.746731,-22.683509999328
WRK_1055,3303609,361.2784926118691,2.9628418279484862e-05,7.679710703421135e-05,10,99111223,industry,1500,-43.739787,-22.6767999993281
WRK_1056,3303609,3.2279028864754813,1.0598283030309622e-05,4.920461847579836e-06,12,203331280,personal_services,1500,-43.73841,-22.6638119993284
WRK_1057,3303609,0.36350130924804525,7.836316425078079e-06,3.2760819231771345e-06,3,198413727,agriculture,1500,-43.744698,-22.6497039993288
WRK_1058,3303609,0.3810750062907837,5.224210950052053e-06,2.208884474345107e-06,2,198414261,agriculture,1500,-43.740745,-22.6362829993291
WRK_1059,3303609,8.496954925005255,1.0245461696511856e-05,5.71886907672439e-06,10,198414246,other,1500,-43.740562,-22.6262909993293
WRK_1060,3303609,0.0022273050243244814,7.836316425078079e-06,3.2114262304124817e-06,3,99062711,agriculture,1500,-43.743608,-22.6084669993297
WRK_1061,3303609,4.064118037429474,4.368124920427271e-05,1.862627051137545e-05,19,99062714,agriculture,1500,-43.740662,-22.5937609993301
WRK_1062,3303609,17.89427953255017,8.95929213504262e-06,6.873644941641815e-06,1,95631617,industry,1500,-43.732983,-22.6695669993283
WRK_1063,3303609,0.0,5.340255445706638e-07,2.1882357473060654e-07,1,RES_2766,domestic_construction,1500,-43.73052775000001,-22.6522129
WRK_1064,3303609,11.053788789853733,2.5942324215791214e-05,1.260843855068001e-05,23,197519696,other,1500,-43.72347,-22.638563999329
WRK_1065,3303609,175.099019693932,0.00011388970041975096,7.8004450882075e-05,100,197788807,retail,1500,-43.726531,-22.6195269993295
WRK_1066,3303609,0.10907631247320003,4.782419587227899e-06,1.9791765318309572e-06,3,203330530,agriculture,1500,-43.733726,-22.6115239993297
WRK_1067,3303609,0.5299695390434574,1.7020856400377703e-05,7.069352944945649e-06,7,98817520,agriculture,1500,-43.733419,-22.5888699993302
WRK_1068,3303609,0.9720237433184294,2.540770676704104e-05,1.0585081244843428e-05,10,110864806,agriculture,1500,-43.728388,-22.5851339993303
WRK_1069,3303609,0.38127651740176344,5.701643968410668e-06,2.404554624802536e-06,5,197787198,personal_services,1500,-43.72,-22.6439369993289
WRK_1070,3303609,644.5028354095332,0.0006176083979961609,0.00036841665150551305,427,43191222,other,1500,-43.711773,-22.6339549993291
WRK_1071,3303609,417.28601410459544,0.0005243630547024604,0.0002895441771143711,278,198402267,other,1500,-43.710158,-22.6224039993294
WRK_1072,3303609,3862.151128234348,0.0014535000677432133,0.0012867826211236959,909,43128226,retail,1500,-43.710628,-22.6099519993297
WRK_1073,3303609,88.38140274393267,5.9398787603857305e-05,4.015663703383007e-05,36,219192258,other,1500,-43.713684,-22.59751799933
WRK_1074,3303609,0.3177860713966959,1.5672632850156158e-05,6.4789280778402245e-06,6,98817492,agriculture,1500,-43.720127,-22.5765549993305
WRK_1075,3303609,2.925097709826932,5.931436940135672e-06,2.9539721442249675e-06,4,197994606,vehicle_trade,1500,-43.69319,-22.6428829993289
WRK_1076,3303609,1022.8511845584237,0.00021851196759644934,0.00027259336750979415,230,198147262,personal_services,1500,-43.699511,-22.6314589993292
WRK_1077,3303609,587.1134515065075,0.0007362274396832697,0.00040675153433414915,588,216387193,other,1500,-43.702484,-22.6252169993293
WRK_1078,3303609,52.54779385545145,0.00011909340794458724,5.820425572022984e-05,96,43187305,other,1500,-43.702339,-22.6041599993298
WRK_1079,3303609,1575.8131485265828,8.629148152921137e-05,0.0003173756699630967,84,203320949,education,1500,-43.705167,-22.6002739993299
WRK_1080,3303609,23.24218945925912,1.1571397610068646e-05,8.901080483044262e-06,2,198413135,industry,1500,-43.691737,-22.5759979993305
WRK_1081,3303609,9.642532413810244,1.2399722674229863e-05,6.806623365160633e-06,14,197994746,food,1500,-43.689704,-22.6426549993289
WRK_1082,3303609,167.66354195016504,5.793784841246795e-05,5.374679093840428e-05,37,224469369,retail,1500,-43.687912,-22.6374119993291
WRK_1083,3303609,8.645435011697407,7.25628744999834e-05,3.1280772924669545e-05,30,99096916,agriculture,1500,-43.685327,-22.6169389993295
WRK_1084,3303609,2.7546075698688544,4.447293326103932e-05,1.8716315255492672e-05,24,110153599,agriculture,1500,-43.680918,-22.6116079993296
WRK_1085,3303609,68.41950094644712,9.847877593246176e-05,5.2597648001412265e-05,73,217699877,vehicle_trade,1500,-43.687224,-22.59631099933
WRK_1086,3303609,0.28818962148325206,5.854595817127067e-05,2.4041506875030547e-05,2,43187378,utilities,1500,-43.690786,-22.5843419993303
WRK_1087,3303609,0.031691876714857646,2.635178208247856e-06,1.0854686397988784e-06,2,197787642,agriculture,1500,-43.676245,-22.6367889993291
WRK_1088,3303609,0.2112602495760767,5.224210950052053e-06,2.1784934398153954e-06,2,110864798,agriculture,1500,-43.67661,-22.6178769993295
WRK_1089,3303609,2.3887289995392815,9.698941497670975e-05,4.017011370617478e-05,39,99096797,agriculture,1500,-43.671102,-22.6073649993298
WRK_1090,3303609,0.38602419144318023,7.836316425078079e-06,3.2801127489059663e-06,3,110153569,agriculture,1500,-43.663163,-22.6004829993299
WRK_1091,3303609,0.0789213872715621,2.6121054750260264e-06,1.0844667692142964e-06,1,198401564,agriculture,1500,-43.664805,-22.5864149993302
WRK_1092,3303609,0.37285557829838023,2.658250941469686e-06,1.1559796140068264e-06,3,99096734,agriculture,1500,-43.658654,-22.6177259993295
WRK_1093,3303609,3.656301569265106,1.6843312538439347e-05,7.5561086771746925e-06,10,198400704,other,1500,-43.653173,-22.59562399933
WRK_1094,3303609,0.1284205057878199,2.7703352660099266e-06,1.1581620335102662e-06,2,110153561,agriculture,1500,-43.658261,-22.5810559993304
WRK_1095,3303609,0.15195778001154261,2.6121054750260264e-06,1.0975377859894487e-06,1,198400715,agriculture,1500,-43.646557,-22.59601999933
WRK_1096,3303609,0.038520513885226176,2.635178208247856e-06,1.0866907323428389e-06,2,99056094,agriculture,1500,-43.61198,-22.5816599993303
WRK_1097,3303609,0.16926995742056816,2.6121054750260264e-06,1.1006360737448886e-06,1,99056093,agriculture,1500,-43.602955,-22.5732519993306
WRK_1098,3303906,3.8423521461623613,1.4161590190327137e-05,6.490536453502368e-06,5,198042108,industry,1500,-43.251856,-22.5705249993306
WRK_1099,3303906,11.064286438011152,1.551023208852183e-06,2.615679873821279e-06,1,198042125,retail,1500,-43.251526,-22.5700029993306
WRK_1100,3304003,0.003378668887975701,2.6121054750260264e-06,1.0709472058543177e-06,1,203400500,agriculture,1500,-43.898677,-22.6888769993279
WRK_1101,3304003,0.38610591032359837,2.307273322182978e-08,7.855409274537772e-08,1,108997187,other,1500,-43.895912,-22.683576999328
WRK_1102,3304003,0.7551932404685328,5.2880723883948965e-06,2.3020068596148025e-06,3,108913920,agriculture,1500,-43.89775,-22.6689019993283
WRK_1103,3304003,0.2459365060365044,2.889007609247852e-06,1.227820840072618e-06,2,203471158,agriculture,1500,-43.896043,-22.6457309993289
WRK_1104,3304003,24.298746235791334,2.1416736451765943e-06,5.226221941745183e-06,8,95652459,other,1500,-43.899772,-22.6310549993292
WRK_1105,3304003,1634.2649660956713,0.0007468089958185017,0.0005984917710009697,207,216295871,retail,1500,-43.897775,-22.6284429993293
WRK_1106,3304003,0.4965391340731762,1.1082297893227657e-06,5.429743945492164e-07,2,99287843,personal_services,1500,-43.897628,-22.6073819993298
WRK_1107,3304003,0.10246200827586978,2.6121054750260264e-06,1.0886797353877528e-06,1,95653086,agriculture,1500,-43.897428,-22.5990559993299
WRK_1108,3304003,0.3256896785641668,2.6121054750260264e-06,1.1286298549590232e-06,1,110865816,agriculture,1500,-43.887007,-22.7927869993255
WRK_1109,3304003,2.1735132863535402,9.816480937701865e-06,4.411409083484388e-06,4,110865817,agriculture,1500,-43.889187,-22.7901199993255
WRK_1110,3304003,0.6371078905760147,5.224210950052053e-06,2.25470560542694e-06,2,197885319,agriculture,1500,-43.88674,-22.7785099993258
WRK_1111,3304003,28.239418111786566,2.9719588635933932e-06,6.271687095700695e-06,2,198489738,wholesale,1500,-43.881526,-22.684419999328
WRK_1112,3304003,0.1556348915969656,2.9087863331208397e-06,1.219764515850215e-06,2,203400491,agriculture,1500,-43.893238,-22.6751679993282
WRK_1113,3304003,0.6973242198618251,2.6121054750260264e-06,1.1951397295748406e-06,1,110865771,agriculture,1500,-43.893772,-22.6502559993288
WRK_1114,3304003,13.673519433958399,1.3335528843345616e-05,7.911490356764192e-06,11,43214747,personal_services,1500,-43.891143,-22.6320949993292
WRK_1115,3304003,515.1224642132015,0.0002708721216383046,0.00020318250967499407,145,43214313,personal_services,1500,-43.890074,-22.6245029993294
WRK_1116,3304003,9.770947871250824,1.2709065572296158e-05,6.956362420977329e-06,7,95653094,agriculture,1500,-43.883501,-22.5998959993299
WRK_1117,3304003,3.838863409462059,8.293109544123215e-06,4.085229529651353e-06,6,100002388,wholesale,1500,-43.88964,-22.5856889993302
WRK_1118,3304003,9.555824948220891,1.0945720708272656e-05,6.195310396980512e-06,5,110865829,agriculture,1500,-43.870152,-22.7852619993257
WRK_1119,3304003,0.5050562396118693,7.836316425078079e-06,3.3014154151525426e-06,3,110865780,agriculture,1500,-43.87675,-22.7760349993259
WRK_1120,3304003,0.003378668887975701,2.6121054750260264e-06,1.0709472058543177e-06,1,110155061,agriculture,1500,-43.870592,-22.7360699993268
WRK_1121,3304003,59.900225758479955,6.446444923425799e-05,3.713519781892034e-05,6,197627540,utilities,1500,-43.872384,-22.6900739993278
WRK_1122,3304003,116.52617026560382,0.00010019602058828586,6.191075901808162e-05,30,198489942,wholesale,1500,-43.877082,-22.6793439993281
WRK_1123,3304003,10.584653612553208,2.5935879686839994e-06,2.9570458100777383e-06,2,43215111,wholesale,1500,-43.870747,-22.6642019993284
WRK_1124,3304003,1.1040852416881193,4.431748071340881e-06,2.0135571124856658e-06,2,95652983,agriculture,1500,-43.869509,-22.6359349993291
WRK_1125,3304003,0.06642943717889875,1.085157056100936e-06,4.565451287447958e-07,1,43213996,personal_services,1500,-43.880918,-22.6185069993295
WRK_1126,3304003,66.10201306434669,5.32308966204583e-05,3.364201848915771e-05,48,198089513,retail,1500,-43.871859,-22.6059659993298
WRK_1127,3304003,3.6788240765040334,5.224210950052053e-06,2.799068789313394e-06,2,99287844,agriculture,1500,-43.877287,-22.5994099993299
WRK_1128,3304003,2.8226144934109563,2.089684380020821e-05,9.067891790518425e-06,8,110865827,agriculture,1500,-43.856138,-22.7900399993255
WRK_1129,3304003,0.5974648978965751,1.0448421900104105e-05,4.388295944672491e-06,4,110865853,agriculture,1500,-43.859147,-22.7770719993258
WRK_1130,3304003,1.8598609793025451,1.7767863656901168e-05,7.613453502842746e-06,6,110155068,agriculture,1500,-43.857112,-22.7463999993265
WRK_1131,3304003,5.349380719586383,1.4431823658573506e-05,6.87097454174413e-06,7,198091736,agriculture,1500,-43.856652,-22.727024999327
WRK_1132,3304003,3.3775815600069925,1.3083600108351961e-05,5.965638636946092e-06,6,43263559,agriculture,1500,-43.853495,-22.7232709993271
WRK_1133,3304003,0.42623690822057075,5.224210950052053e-06,2.216966910450948e-06,2,110865782,agriculture,1500,-43.857345,-22.7108749993274
WRK_1134,3304003,254.27290842586882,0.00017559172904736835,0.00011745703927345382,4,203400555,utilities,1500,-43.86412,-22.6914429993278
WRK_1135,3304003,4.738222403162051,1.0230110559884326e-05,5.0398941693502356e-06,5,198087269,other,1500,-43.855954,-22.6735459993282
WRK_1136,3304003,9.922955794098574,3.2737663866515104e-06,3.1173360507955044e-06,7,219175008,other,1500,-43.85302,-22.6677339993284
WRK_1137,3304003,1.068907044169583,5.247283683273882e-06,2.341437226208501e-06,3,95652981,other,1500,-43.860877,-22.6455619993289
WRK_1138,3304003,2.4028067416823076,6.334116990883888e-07,6.895685225893328e-07,2,198093908,vehicle_trade,1500,-43.859624,-22.6028389993299
WRK_1139,3304003,211.36270249784226,1.4449736949203115e-05,4.374765457766037e-05,6,95652041,industry,1500,-43.857714,-22.5999339993299
WRK_1140,3304003,0.17849177157350846,3.0076799524857773e-06,1.2643779999700266e-06,2,203469992,agriculture,1500,-43.852749,-22.5835089993303
WRK_1141,3304003,43.46786556958499,5.673609938819787e-05,3.102758028269711e-05,28,198091830,other,1500,-43.844123,-22.7846549993256
WRK_1142,3304003,8.089854756592896,1.8377029258069502e-05,8.978022493107048e-06,11,198091802,other,1500,-43.84494,-22.7725379993259
WRK_1143,3304003,1.0838633485525868,1.5672632850156158e-05,6.6160297139576685e-06,6,110155083,agriculture,1500,-43.8477,-22.7599079993262
WRK_1144,3304003,0.20284678246637963,2.6121054750260264e-06,1.1066451772474757e-06,1,110865855,agriculture,1500,-43.84916,-22.726982999327
WRK_1145,3304003,167.55164995654147,0.0001621144089338922,9.641440081524562e-05,46,95654454,other,1500,-43.848563,-22.7180419993272
WRK_1146,3304003,3.9998155456921096,2.750541874357005e-06,1.8428987737229666e-06,7,198091534,agriculture,1500,-43.838403,-22.7095099993274
WRK_1147,3304003,0.39328277179113913,2.307273322182978e-08,7.983850553078378e-08,1,197882694,other,1500,-43.83828,-22.6793569993281
WRK_1148,3304003,391.91606688500735,0.00019629559820795106,0.00015057412441430573,45,43214987,other,1500,-43.843202,-22.6666309993284
WRK_1149,3304003,0.6409916490549328,2.6121054750260264e-06,1.1850581257280328e-06,1,95653042,agriculture,1500,-43.842173,-22.6531119993287
WRK_1150,3304003,1.4364340191167133,7.836316425078079e-06,3.468100188635992e-06,3,103177696,agriculture,1500,-43.843593,-22.6228169993294
WRK_1151,3304003,0.003378668887975701,2.6121054750260264e-06,1.0709472058543177e-06,1,110865665,agriculture,1500,-43.850368,-22.6046399993298
WRK_1152,3304003,5.031004633947743,8.561167117152241e-06,4.4084219502146816e-06,7,198088707,other,1500,-43.849685,-22.59858799933
WRK_1153,3304003,19.542219638814476,2.536381689095811e-05,1.3890526870826882e-05,13,203469795,entertainment,1500,-43.842958,-22.5790809993304
WRK_1154,3304003,5.224472039489937,1.0494567366547764e-05,5.235280675466452e-06,6,110865837,agriculture,1500,-43.830318,-22.7799309993258
WRK_1155,3304003,1.3986283308442646,5.224210950052053e-06,2.3909917235653956e-06,2,110865838,agriculture,1500,-43.831304,-22.7775389993258
WRK_1156,3304003,5.4402681554196155,5.564028795418837e-06,3.2535516126777084e-06,5,197628092,personal_services,1500,-43.828141,-22.7039479993275
WRK_1157,3304003,1.187939031943262,5.960804249414977e-05,2.4637733445161523e-05,2,197882992,utilities,1500,-43.824133,-22.685942999328
WRK_1158,3304003,6.780925572228888,8.103280686102806e-06,4.533973327674984e-06,13,97515168,other,1500,-43.83038,-22.6737279993282
WRK_1159,3304003,0.007118912902934368,2.307273322182978e-08,1.0728379905395443e-08,1,95652766,other,1500,-43.824943,-22.6615779993285
WRK_1160,3304003,0.0358411944751356,1.085157056100936e-06,4.510708792849857e-07,1,95652776,personal_services,1500,-43.836261,-22.6563959993286
WRK_1161,3304003,0.11836080802967366,2.6121054750260264e-06,1.0915250768742443e-06,1,95653036,agriculture,1500,-43.82973,-22.640396999329
WRK_1162,3304003,1.004885774063724,5.224210950052053e-06,2.3205252701756116e-06,2,197880770,agriculture,1500,-43.832868,-22.6150749993296
WRK_1163,3304003,0.006757337775951402,5.224210950052053e-06,2.1418944117086353e-06,2,103249239,agriculture,1500,-43.82983,-22.59792699933
WRK_1164,3304003,62.6600040933453,1.4642178674106231e-05,1.721381192337225e-05,8,198496757,personal_services,1500,-43.836776,-22.5781759993304
WRK_1165,3304003,7.926318462773259,5.620353973686558e-06,3.7215495443859184e-06,4,198496771,wholesale,1500,-43.830071,-22.5721169993306
WRK_1166,3304003,6.460399955089937,4.6153427208716414e-06,3.0473844630204443e-06,3,197628399,food,1500,-43.80892,-22.7070259993274
WRK_1167,3304003,2.6544492706063383,7.250520929119498e-06,3.4460463149615702e-06,5,197882732,agriculture,1500,-43.817537,-22.6766629993282
WRK_1168,3304003,1.651852944765587,1.3843639933097868e-07,3.523512185533076e-07,6,95652753,other,1500,-43.817903,-22.6666199993284
WRK_1169,3304003,0.3622170037995927,2.6121054750260264e-06,1.135166997101345e-06,1,197880784,agriculture,1500,-43.814937,-22.6299249993292
WRK_1170,3304003,0.3438349057445445,3.6405991164213787e-06,1.5533152259143395e-06,2,98229452,agriculture,1500,-43.821228,-22.6049929993298
WRK_1171,3304003,1.811299504521747,2.307273322182978e-08,3.33615010717112e-07,1,95653013,other,1500,-43.807033,-22.59504999933
WRK_1172,3304003,56.513046377325715,4.902597750821958e-05,3.0202903716498787e-05,8,95653019,hotel,1500,-43.791173,-22.5924219993301
WRK_1173,3304003,16.105868746293893,1.478306623481483e-05,8.93994406542945e-06,12,198489262,food,1500,-43.7905,-22.5838069993303
WRK_1174,3304003,0.003378668887975701,2.6121054750260264e-06,1.0709472058543177e-06,1,98799714,agriculture,1500,-43.777938,-22.5871149993302
WRK_1175,3304144,3.11177623739961,1.9310836976483935e-05,8.469755933917792e-06,19,198513755,retail,1500,-43.633988,-22.724668999327
WRK_1176,3304144,0.5747615851572312,6.024145419323816e-05,2.478754393148788e-05,4,198513949,utilities,1500,-43.633665,-22.7220959993271
WRK_1177,3304144,34.590576408209444,2.3654872368561812e-05,1.588340698061544e-05,14,103976385,other,1500,-43.622245,-22.7510109993264
WRK_1178,3304144,1093.2980235922437,0.0001883661008543562,0.0002728483008111174,28,197669494,transport,1500,-43.622331,-22.7424939993266
WRK_1179,3304144,97.04519737352342,9.229093288731913e-08,1.740558916013439e-05,4,42625820,other,1500,-43.619581,-22.7362929993268
WRK_1180,3304144,0.0069619769409412224,1.085157056100936e-06,4.4590248688933976e-07,1,198513975,personal_services,1500,-43.631831,-22.7228009993271
WRK_1181,3304144,40.289074553358084,8.95929213504262e-06,1.088154744629055e-05,1,103976398,industry,1500,-43.615397,-22.7549119993263
WRK_1182,3304144,980.0401027218911,0.0001409156417167436,0.00023313559313423821,23,203538341,other,1500,-43.612984,-22.7464219993265
WRK_1183,3304144,1615.509795853404,1.819463783524979e-05,0.0002965764880730152,13,42625819,industry,1500,-43.616629,-22.7362489993268
WRK_1184,3304144,0.21867146997747813,2.8593321895484035e-06,1.2107814605481057e-06,5,198041392,other,1500,-43.607007,-22.7216449993271
WRK_1185,3304144,0.0,2.6121054750260264e-06,1.0703425396590738e-06,1,198041361,agriculture,1500,-43.607597,-22.7041529993275
WRK_1186,3304144,0.06934272999228346,4.614546644365956e-08,3.1318653313363905e-08,2,198535678,other,1500,-43.603946,-22.6930329993278
WRK_1187,3304144,2.6776991305038558,1.1313025225445955e-06,9.427817857062965e-07,3,218378589,personal_services,1500,-43.593305,-22.7534839993264
WRK_1188,3304144,0.17070431410005546,6.339694919838005e-06,2.6283186734238614e-06,7,43503204,other,1500,-43.592691,-22.7450859993266
WRK_1189,3304144,97.13864183919995,8.494727392648762e-05,5.2192691771204614e-05,73,95660069,personal_services,1500,-43.594073,-22.727723999327
WRK_1190,3304144,50.824171708493665,5.1918458403821886e-05,3.037001952292507e-05,55,203461148,other,1500,-43.591383,-22.7143149993273
WRK_1191,3304144,17.51585323023998,5.44790147536022e-05,2.545818916191907e-05,60,203526007,other,1500,-43.592522,-22.7027149993276
WRK_1192,3304144,42.61560124230522,0.00014419044266830738,6.671055339989393e-05,139,42616966,personal_services,1500,-43.595045,-22.6916329993278
WRK_1193,3304144,9.128002312129992,8.930868332890832e-05,3.822893834410924e-05,85,218463238,personal_services,1500,-43.574834,-22.7521329993264
WRK_1194,3304144,26.279502376743853,8.825261398484869e-05,4.0865732868206045e-05,79,43448335,wholesale,1500,-43.580908,-22.7403269993267
WRK_1195,3304144,320.6091973393181,0.00039253021302692367,0.00021822219470843296,321,103975524,other,1500,-43.580182,-22.725804999327
WRK_1196,3304144,1519.2220089352443,0.0009715002230486919,0.0006699730262425643,748,198513280,vehicle_trade,1500,-43.58147,-22.7169989993272
WRK_1197,3304144,199.8008477307177,0.0002613550282678668,0.00014285097617559728,216,198127487,other,1500,-43.578981,-22.7048739993275
WRK_1198,3304144,2.0897698376317706,3.295807704284388e-05,1.3878977219811475e-05,49,42619100,food,1500,-43.578836,-22.6922419993278
WRK_1199,3304144,21.501119452553418,4.98640051550885e-05,2.428035824954888e-05,23,197655954,food,1500,-43.572595,-22.7515039993264
WRK_1200,3304144,36.87700704344354,0.0001226956768415765,5.687579500701374e-05,134,198119253,other,1500,-43.565309,-22.7402359993267
WRK_1201,3304144,1401.4359287029235,0.0005576367594848709,0.00047930767045488247,414,203457141,other,1500,-43.565994,-22.727821999327
WRK_1202,3304144,1847.8112094495268,0.001681247238323258,0.0010196068784873269,1508,220592088,retail,1500,-43.566185,-22.7155979993272
WRK_1203,3304144,3686.6911912703026,0.0010221478429706947,0.0010786293808697804,734,42622010,retail,1500,-43.564814,-22.7059809993275
WRK_1204,3304144,51.4315264758206,0.0003046105572235642,0.00013402242947124014,181,224529924,other,1500,-43.563781,-22.6919839993278
WRK_1205,3304144,655.7336858779835,0.00021957604538579788,0.0002073279081000573,181,43503005,other,1500,-43.556214,-22.7388089993267
WRK_1206,3304144,836.3969086885184,0.0004436302292051283,0.00033146942127782733,293,43444848,other,1500,-43.557033,-22.728198999327
WRK_1207,3304144,3850.441271975473,0.002783591365110564,0.0018297083244537137,1933,105708812,other,1500,-43.554892,-22.7162599993272
WRK_1208,3304144,573.8577152515529,0.0009963895523467973,0.0005109838556503713,817,43385736,other,1500,-43.554299,-22.7021899993276
WRK_1209,3304144,86.37980739886103,0.00019874696892360264,9.689806145363426e-05,195,203442284,health,1500,-43.554613,-22.6931789993278
WRK_1210,3304144,0.09140707365616832,1.551023208852183e-06,6.519096921007146e-07,1,95658942,retail,1500,-43.53292,-22.7492239993265
WRK_1211,3304144,581.3316512170771,4.149750930169722e-05,0.00012104260447890509,55,198506802,other,1500,-43.533309,-22.7401699993267
WRK_1212,3304144,59.14866394649586,7.789625468518954e-05,4.25045424386215e-05,59,198526711,other,1500,-43.541164,-22.7299419993269
WRK_1213,3304144,168.90701243540533,0.00023642669287573249,0.00012710734221051833,214,43442561,other,1500,-43.541228,-22.7174449993272
WRK_1214,3304144,53.55709326850487,0.0001293321125360368,6.258032169798676e-05,108,198033380,other,1500,-43.537173,-22.7034409993275
WRK_1215,3304144,7.885966352946597,2.7862858536170096e-05,1.282846936193682e-05,27,215065399,other,1500,-43.542459,-22.6924769993278
WRK_1216,3304144,11.430042375912688,9.891444770016627e-05,4.25770056052671e-05,80,43437971,personal_services,1500,-43.525689,-22.6970009993277
WRK_1217,3304144,5.913375762445792,5.033396360157613e-05,2.1683256450249094e-05,50,219127227,other,1500,-43.522533,-22.6941379993277
WRK_1218,3304144,0.351131481871009,1.200520722210085e-06,5.547687488368526e-07,6,219127362,personal_services,1500,-43.515213,-22.6935069993277
WRK_1219,3304409,0.03640573166634915,5.224210950052053e-06,2.147200460369573e-06,2,110867022,agriculture,1500,-43.897376,-22.8057579993252
WRK_1220,3304409,34.79736349735889,4.9051490045369574e-05,2.6326993140174888e-05,15,43274705,agriculture,1500,-43.890373,-22.7990419993253
WRK_1221,3304557,29.858854959554904,2.307273322182978e-08,5.3531683334001376e-06,1,199149884,other,1500,-43.747725,-22.8799879993235
WRK_1222,3304557,3300.9506401126237,3.486586808807379e-05,0.0006050440073675618,25,44537617,public_admin,1500,-43.740074,-22.8888699993233
WRK_1223,3304557,346.0622603832577,0.00012607883048227706,0.00011359567163720732,18,44537621,other,1500,-43.739245,-22.8829209993234
WRK_1224,3304557,4635.243710521522,8.57696243348076e-05,0.0008646952839686349,77,44536911,other,1500,-43.720069,-22.902236999323
WRK_1225,3304557,1305.456138990942,0.0005605242861929131,0.0004633137699834582,424,198522189,personal_services,1500,-43.723978,-22.8954929993231
WRK_1226,3304557,19.892952485612646,3.2037579680557006e-06,4.872937712501197e-06,8,199149422,food,1500,-43.720846,-22.8840859993234
WRK_1227,3304557,4.211758970472318,4.614546644365956e-08,7.726695078352095e-07,2,218303847,other,1500,-43.702535,-22.9809939993212
WRK_1228,3304557,680.5152359887198,0.0005853831896365716,0.0003616569618738938,414,45135523,health,1500,-43.706117,-22.9712739993214
WRK_1229,3304557,498.8315547119504,0.0004751567921968883,0.0002839751654596229,405,45064715,other,1500,-43.705466,-22.9628569993216
WRK_1230,3304557,20.404147890190313,9.201352449956761e-06,7.422012760339734e-06,16,44541469,retail,1500,-43.704777,-22.9316379993223
WRK_1231,3304557,68.58360457110405,3.0064494485236722e-05,2.4593418581533086e-05,14,44540643,education,1500,-43.705015,-22.9241529993224
WRK_1232,3304557,1083.3894410449757,0.0006426617886545235,0.0004572282827352696,508,224774167,education,1500,-43.709119,-22.9038709993229
WRK_1233,3304557,96.02251397011159,0.00014189919755869859,7.53296984605431e-05,125,218193507,other,1500,-43.715521,-22.8938709993232
WRK_1234,3304557,0.9024717854074311,6.921819966548934e-08,1.8987460279302754e-07,3,44529992,other,1500,-43.71641,-22.8809379993234
WRK_1235,3304557,449.89915559729167,0.0005272304316342053,0.00029655575739240297,394,199063248,industry,1500,-43.693251,-22.9831949993211
WRK_1236,3304557,1427.7007528421427,0.0012702260028673446,0.0007760004356363057,1386,199102514,other,1500,-43.694873,-22.9739469993213
WRK_1237,3304557,785.8797162077922,0.0010354753315236134,0.0005649444252473775,790,45067954,other,1500,-43.692067,-22.9608019993216
WRK_1238,3304557,108.99528321080473,0.00019330715347617113,9.871642658364511e-05,177,45069388,personal_services,1500,-43.690869,-22.944214999322
WRK_1239,3304557,1514.1469058114928,0.0010590225544979532,0.000704928114611388,948,44600708,other,1500,-43.69481,-22.9327939993223
WRK_1240,3304557,1067.412339862471,0.0009794271805233087,0.000592362714304418,793,44542222,other,1500,-43.695445,-22.9202269993225
WRK_1241,3304557,1595.7875635606024,0.0009698393737354871,0.0006829950887564465,732,103722290,other,1500,-43.696194,-22.9066199993228
WRK_1242,3304557,7.688366052697342,2.2347547969942343e-06,2.291673045060685e-06,8,104991491,other,1500,-43.695497,-22.8970549993231
WRK_1243,3304557,11.670674222556823,1.2023541931523332e-05,7.015446681292633e-06,7,44529953,industry,1500,-43.690205,-22.8853569993233
WRK_1244,3304557,60.5682662816399,6.128499698334915e-05,3.5951934327275936e-05,76,98604121,other,1500,-43.685665,-22.9826049993211
WRK_1245,3304557,366.6835481383405,0.0005336716475992963,0.0002843023772102122,449,198792921,retail,1500,-43.682377,-22.9753119993213
WRK_1246,3304557,600.2237459153766,0.0008643169538296772,0.0004615840920743193,541,225203617,education,1500,-43.68344,-22.9576079993217
WRK_1247,3304557,1136.2015001408877,0.0008334047187409459,0.0005448391111602303,712,45248936,retail,1500,-43.681331,-22.9469969993219
WRK_1248,3304557,2397.0988873578317,0.0014947017893094253,0.0010414712836152335,1159,198895432,other,1500,-43.680822,-22.9327569993222
WRK_1249,3304557,8735.715489769853,0.0023034403311146846,0.0025072575270214106,1424,44610279,retail,1500,-43.682811,-22.9183539993226
WRK_1250,3304557,6129.239763200844,0.0006796582018360644,0.0013754226824631002,413,44531051,other,1500,-43.683637,-22.9120469993227
WRK_1251,3304557,759.8305651268882,0.0001440921155861359,0.00019502721558067027,95,224257440,wholesale,1500,-43.677208,-22.8923579993232
WRK_1252,3304557,82.80615920495435,0.00010154188929487485,5.642751647100116e-05,131,198201562,personal_services,1500,-43.676202,-22.8782439993235
WRK_1253,3304557,4.771831947753638,7.250520929119497e-06,3.824985408940933e-06,5,198576909,other,1500,-43.677463,-22.8710189993237
WRK_1254,3304557,181.20353889969007,0.0001466921599868391,9.253816476565945e-05,173,219295856,other,1500,-43.662498,-22.9829859993211
WRK_1255,3304557,256.27094127817656,0.00030019205828833647,0.00016887114549681915,219,46158127,other,1500,-43.667287,-22.9757709993213
WRK_1256,3304557,120.14284172511216,5.086538124173922e-05,4.23441796628913e-05,96,214332508,personal_services,1500,-43.666618,-22.9614999993216
WRK_1257,3304557,298.59336184720223,0.0004334363463588924,0.00023104390729142797,297,44938852,other,1500,-43.667257,-22.943163999322
WRK_1258,3304557,4585.3510077415995,0.00135218863175216,0.0013746970547924386,1240,45257406,personal_services,1500,-43.667582,-22.9327049993223
WRK_1259,3304557,532.0232250455047,0.0008895912904711174,0.00045973500317275374,781,224501242,other,1500,-43.667173,-22.9192879993225
WRK_1260,3304557,704.1504321633987,0.0005838882731439726,0.00036527429323838,529,45470032,food,1500,-43.666617,-22.9078519993228
WRK_1261,3304557,585.7733357075821,0.00030990327305810265,0.00023182009697347405,200,204298578,other,1500,-43.66945,-22.8880329993233
WRK_1262,3304557,924.3411297065926,0.0004120278892906827,0.0003342589797161156,296,45207853,other,1500,-43.664609,-22.8815079993234
WRK_1263,3304557,36.366840552373674,5.513053501412629e-05,2.909883975966477e-05,31,198787407,personal_services,1500,-43.670192,-22.8711129993237
WRK_1264,3304557,133.28744484177577,0.00013659885929018532,7.982696759883365e-05,86,219052824,other,1500,-43.649697,-22.9981969993208
WRK_1265,3304557,674.0032525812431,0.0003397302711954868,0.00025983221657195285,370,46309441,other,1500,-43.650022,-22.985444999321
WRK_1266,3304557,1549.7432971878836,0.00168193006546743,0.0009665427116832742,1406,46211399,food,1500,-43.649839,-22.9748589993213
WRK_1267,3304557,633.6387596504637,0.0003020382138441367,0.00023716356573864965,147,220951754,other,1500,-43.650252,-22.9625839993216
WRK_1268,3304557,515.3654242321337,0.00037734304639803476,0.0002468537700639911,259,44937798,other,1500,-43.648568,-22.9484509993219
WRK_1269,3304557,869.3596409512687,0.0010889819877182658,0.0006018094915761765,949,45201389,other,1500,-43.653189,-22.9328239993222
WRK_1270,3304557,983.3939692916463,0.0013020766163301173,0.0007095358977047509,1117,45307520,retail,1500,-43.652699,-22.9195289993226
WRK_1271,3304557,575.0719700729555,0.0006977782021082351,0.00038884147006995503,534,198749042,personal_services,1500,-43.655519,-22.9081209993228
WRK_1272,3304557,88.66909876824397,1.2325349454581447e-05,2.091920103253366e-05,12,204261586,vehicle_trade,1500,-43.657598,-22.8877049993233
WRK_1273,3304557,189.29587282905436,0.0001720720604508795,0.00010438614407360808,130,217048378,personal_services,1500,-43.651299,-22.8764749993236
WRK_1274,3304557,134.03416419768516,3.162412873015893e-05,3.694591006193092e-05,17,216903228,personal_services,1500,-43.649288,-22.8704009993237
WRK_1275,3304557,1104.9016666582038,0.0009347663336849688,0.000580771687220291,626,198960987,other,1500,-43.635405,-23.0005709993207
WRK_1276,3304557,290.40559175612935,0.00020636047006972075,0.00013653142636518156,150,46249553,other,1500,-43.635431,-22.987914999321
WRK_1277,3304557,984.6671278894238,0.0005201087204180702,0.00038934272841379693,577,224750389,education,1500,-43.638045,-22.9735769993213
WRK_1278,3304557,117.90098998778126,1.4012664751262009e-05,2.6842108279014083e-05,18,46249129,other,1500,-43.638541,-22.9649129993215
WRK_1279,3304557,345.76015670720335,0.00014740691503277328,0.00012228105196054174,142,45005824,other,1500,-43.64081,-22.9468309993219
WRK_1280,3304557,1495.3608610024662,0.0011023954667427147,0.0007193386424645006,970,45462482,retail,1500,-43.635639,-22.9307639993223
WRK_1281,3304557,1747.253205601909,0.0020493702800061455,0.00115245340579626,1660,199091905,other,1500,-43.636202,-22.9202209993225
WRK_1282,3304557,25.16269579881606,1.0159118590118495e-05,8.666086641440404e-06,13,45457307,wholesale,1500,-43.630522,-22.9114629993227
WRK_1283,3304557,846.209933753239,0.0010023680804904862,0.0005621753653901348,774,45210339,other,1500,-43.637435,-22.8894409993232
WRK_1284,3304557,1510.7327206573498,0.0005578273943653025,0.0004989461737434094,478,198701621,other,1500,-43.637521,-22.8786359993235
WRK_1285,3304557,24.779497305828077,9.284128448732918e-05,4.2477547771100756e-05,52,45070118,personal_services,1500,-43.634566,-22.8718109993237
WRK_1286,3304557,923.3166804788181,0.0005584619609220385,0.0003940788111102682,593,198673236,personal_services,1500,-43.621296,-22.9970909993208
WRK_1287,3304557,266.81245314779414,0.00037360708701720033,0.000200840432081056,255,219371374,other,1500,-43.62415,-22.9899659993209
WRK_1288,3304557,8168.964396181742,0.00012100943043616823,0.0015115503954992897,130,199203582,other,1500,-43.626762,-22.9700999993214
WRK_1289,3304557,479.7671827606496,0.0002752018160297584,0.0001986292691420354,238,100000918,other,1500,-43.617825,-22.9628489993216
WRK_1290,3304557,193.33581529594738,0.000431894835237385,0.0002115747525504918,339,198880330,retail,1500,-43.62694,-22.9286919993224
WRK_1291,3304557,2500.5406220936925,0.0015856182060255892,0.0010972379435948481,1435,204188417,other,1500,-43.622241,-22.9192049993226
WRK_1292,3304557,484.02759006436565,0.0007304436135192078,0.0003859326958840193,497,45130409,personal_services,1500,-43.621312,-22.9085579993228
WRK_1293,3304557,1966.1534651825432,0.00046754848285856853,0.0005434580125460012,324,45206032,other,1500,-43.619594,-22.8866369993233
WRK_1294,3304557,2567.9801542497767,0.0006790674223089601,0.0007378369127477294,474,199079397,other,1500,-43.622637,-22.8797349993235
WRK_1295,3304557,84.4116730515342,7.204914994770055e-05,4.462983366777876e-05,78,45070684,vehicle_trade,1500,-43.627801,-22.8707759993237
WRK_1296,3304557,593.1159335331884,0.0004680553042923452,0.00029793892261491565,362,198969607,other,1500,-43.611985,-22.9959109993208
WRK_1297,3304557,250.20115763162568,0.000167096077613057,0.00011324713681997086,124,101339019,office,1500,-43.608122,-22.9927589993209
WRK_1298,3304557,276.34736085244606,0.0002619356358883285,0.00015678809562502926,261,46369955,retail,1500,-43.608967,-22.9707949993214
WRK_1299,3304557,1680.5774287487216,0.0015623797225767927,0.0009409703150043928,1374,224138617,other,1500,-43.607624,-22.9602109993216
WRK_1300,3304557,876.6108115809643,0.0004564672457404328,0.00034392646112195116,400,46254901,other,1500,-43.604484,-22.9493659993219
WRK_1301,3304557,58.52293215772721,0.0001029047319960768,5.2640090869892114e-05,92,224496224,personal_services,1500,-43.603162,-22.9274669993224
WRK_1302,3304557,1544.6597983646689,0.0016064940794400884,0.0009347221105345002,1313,45122215,vehicle_trade,1500,-43.606664,-22.9176209993226
WRK_1303,3304557,1734.8953244982836,0.0017783381038300333,0.0010391829798199847,1672,220673761,other,1500,-43.608681,-22.9069669993229
WRK_1304,3304557,1483.3283064970356,0.0014462251394359617,0.0008580736894813247,1452,45127166,food,1500,-43.607986,-22.8909139993232
WRK_1305,3304557,212.11574097738963,0.00037843708544194076,0.00019303074261019216,266,45445181,other,1500,-43.611963,-22.8803189993235
WRK_1306,3304557,248.19350324403257,9.592703834131008e-06,4.834887904076664e-05,3,45125165,industry,1500,-43.60229,-22.8626429993238
WRK_1307,3304557,14.411705390715577,1.5361662068665663e-05,8.873833560020637e-06,13,204545128,other,1500,-43.592374,-22.9948269993208
WRK_1308,3304557,765.2992622576364,0.0002197778403434497,0.0002270190875891794,201,46197456,other,1500,-43.592546,-22.988312999321
WRK_1309,3304557,362.0627018072028,0.0002860136543847301,0.00018199447657779783,249,46369014,personal_services,1500,-43.589818,-22.9719799993214
WRK_1310,3304557,174.16349759699528,7.586960026042535e-05,6.225781792996381e-05,63,46259561,other,1500,-43.590091,-22.9628019993216
WRK_1311,3304557,906.2385539359806,0.0008207261340573001,0.0004984884005624392,629,46256606,personal_services,1500,-43.595074,-22.944753999322
WRK_1312,3304557,38.69635986569868,3.4954721665406176e-05,2.1248454889374345e-05,34,198692060,other,1500,-43.591149,-22.9326989993222
WRK_1313,3304557,550.0818490125989,0.00022795834414445702,0.00019185459276800052,274,44915794,personal_services,1500,-43.598963,-22.9162299993226
WRK_1314,3304557,1460.2788840927328,0.0017548796431103774,0.0009804236331224275,1468,204133212,personal_services,1500,-43.593818,-22.9049799993229
WRK_1315,3304557,1613.5238955791121,0.0018432453224842254,0.0010440581803981349,1302,198519997,other,1500,-43.593324,-22.8919609993232
WRK_1316,3304557,431.2474831316216,0.000321714294107131,0.00020900496549114888,251,45385286,other,1500,-43.590781,-22.8803739993235
WRK_1317,3304557,35.38294636922728,1.0506281360689952e-05,1.0637416246569876e-05,24,204218179,other,1500,-43.600672,-22.8654519993238
WRK_1318,3304557,34.91083073965097,6.644390692276582e-06,8.970466206117607e-06,21,198389830,personal_services,1500,-43.577527,-23.0539399993195
WRK_1319,3304557,34.10890529024444,1.4157245764082123e-05,1.1905434300095736e-05,15,46197098,wholesale,1500,-43.583227,-22.9952829993208
WRK_1320,3304557,167.41466959087052,0.0001642416209093065,9.726153744221304e-05,75,224715387,personal_services,1500,-43.576978,-22.986166999321
WRK_1321,3304557,124.87912520797563,0.0001435214724706082,8.115879232079202e-05,133,217016414,other,1500,-43.579166,-22.9720339993213
WRK_1322,3304557,1034.0811482577358,0.0004752580245072593,0.0003798080207002081,320,46373655,food,1500,-43.577743,-22.9565569993217
WRK_1323,3304557,419.60516219530956,0.0005166635147491373,0.0002868042435506319,281,46258243,food,1500,-43.578105,-22.943986999322
WRK_1324,3304557,778.3841387074899,0.00043218228853816865,0.00031639618389326876,325,198422656,agriculture,1500,-43.575621,-22.9332159993223
WRK_1325,3304557,319.67691252182294,0.000509096752361352,0.00026581992945148305,309,204177796,other,1500,-43.581765,-22.9144209993227
WRK_1326,3304557,2837.957443254024,0.0009459207946902174,0.0008955000867188429,714,198394563,other,1500,-43.577373,-22.9058649993229
WRK_1327,3304557,1270.6658846371329,0.0013978832246699891,0.0008002056903523603,918,45439694,other,1500,-43.579893,-22.8912909993232
WRK_1328,3304557,3641.4268666392036,0.0014874733868413836,0.00126120151397715,1247,198442023,personal_services,1500,-43.578615,-22.8769759993235
WRK_1329,3304557,402.6090689171323,0.00019525507841367437,0.00015206144026341028,71,204218693,industry,1500,-43.577329,-22.8638409993238
WRK_1330,3304557,307.16830812543856,9.005437601486278e-06,5.866271282860884e-05,3,198574016,industry,1500,-43.572925,-22.854297999324
WRK_1331,3304557,154.92513298544006,0.0002803350412704948,0.000142597052969212,144,46204987,other,1500,-43.566897,-23.0660929993192
WRK_1332,3304557,12.39798395551365,2.9260365389534006e-05,1.4208611946941869e-05,38,199361388,other,1500,-43.559168,-23.0562619993194
WRK_1333,3304557,96.20769067027271,4.707627676903951e-05,3.650797365886837e-05,38,199326976,food,1500,-43.558477,-23.0395109993198
WRK_1334,3304557,364.22995436158317,4.9679625779551546e-05,8.554154814000841e-05,54,224216772,vehicle_trade,1500,-43.561693,-23.0276069993201
WRK_1335,3304557,13.649629470874052,7.595231837177789e-06,5.55505714362689e-06,13,46196403,other,1500,-43.559139,-22.9936639993209
WRK_1336,3304557,355.12002793920345,0.0001421284243573594,0.00012179322197597333,108,204493331,other,1500,-43.562994,-22.987679999321
WRK_1337,3304557,22.87957971164786,7.947343020443935e-06,7.3511845270243305e-06,14,46197864,other,1500,-43.569489,-22.9696649993214
WRK_1338,3304557,119.42676662453438,7.704181722986043e-05,5.2942145250597576e-05,38,46260604,other,1500,-43.563213,-22.9543599993218
WRK_1339,3304557,827.0875671359802,0.0003294039352447442,0.0002829977301327664,188,204489632,retail,1500,-43.563245,-22.9464549993219
WRK_1340,3304557,1033.3830904610052,0.0009513590169583304,0.0005747713649868478,711,204170930,other,1500,-43.562798,-22.9322249993223
WRK_1341,3304557,5132.220138734287,0.0014022573570901813,0.0014930842084467663,718,44512965,personal_services,1500,-43.56249,-22.9176059993226
WRK_1342,3304557,21204.401195211816,0.0026219819465542957,0.004869252262207005,1962,44589789,other,1500,-43.561551,-22.9044129993229
WRK_1343,3304557,6122.020480362117,0.0015315492159156526,0.0017232035617194027,1267,198563639,other,1500,-43.56206,-22.8910609993232
WRK_1344,3304557,3867.181624768832,0.001027073895068096,0.0011129495072824589,924,45337660,retail,1500,-43.562485,-22.8805409993234
WRK_1345,3304557,492.132938883142,0.0003745441716845378,0.00024154907608980533,306,198614918,other,1500,-43.561434,-22.8674819993237
WRK_1346,3304557,1104.764885993812,0.00014744021392271348,0.0002581305884917816,77,198574020,construction,1500,-43.570262,-22.8514629993241
WRK_1347,3304557,39.409660995904034,5.343110188503853e-05,2.8947036815074456e-05,48,98994954,other,1500,-43.567564,-22.8414639993244
WRK_1348,3304557,37.32120189883493,3.046529065073738e-05,1.9162748728807355e-05,28,46203920,other,1500,-43.552841,-23.0504399993196
WRK_1349,3304557,15.04789400440362,2.6912890573739363e-05,1.3720948377762306e-05,21,198851904,food,1500,-43.555004,-23.0451639993197
WRK_1350,3304557,113.55560764715068,8.893803878670309e-05,5.6766032544157844e-05,28,217982815,other,1500,-43.548677,-23.0242259993202
WRK_1351,3304557,3296.8887099357617,0.00012582893239717445,0.0006415903019115216,128,204508634,personal_services,1500,-43.545231,-23.0093439993205
WRK_1352,3304557,609.7365907888225,0.00010337973480123407,0.00015148312494466177,80,46313326,other,1500,-43.542846,-22.9998679993207
WRK_1353,3304557,718.0702557541927,0.00018137430417420328,0.0002028303863135009,170,198408734,retail,1500,-43.5494,-22.9902359993209
WRK_1354,3304557,31.02415632378044,3.336393462583304e-05,1.9223548137887953e-05,38,215785037,other,1500,-43.546607,-22.9752359993213
WRK_1355,3304557,6.742513185590571,1.3787069968165507e-05,6.8561018115212744e-06,8,223308411,retail,1500,-43.554692,-22.943306999322
WRK_1356,3304557,4464.002615512397,0.0004316783870092662,0.0009757893793170205,302,204172421,food,1500,-43.555024,-22.9309499993223
WRK_1357,3304557,2433.5893858833706,0.0010616810441368193,0.0008705662266561274,660,219234263,other,1500,-43.550772,-22.9184519993226
WRK_1358,3304557,6114.730260269819,0.0014901968590203415,0.001704954221699276,1157,104990919,retail,1500,-43.552332,-22.9045949993229
WRK_1359,3304557,2137.6972524661096,0.0007326956946988085,0.0006828058353113961,482,204173544,food,1500,-43.549591,-22.8933929993231
WRK_1360,3304557,2079.5818151167196,0.0009492140348032479,0.0007611262282987011,665,100652680,other,1500,-43.553215,-22.8801719993235
WRK_1361,3304557,701.8696660150833,0.00045357194834039547,0.00031146738751379,204,101127588,other,1500,-43.550867,-22.8658019993238
WRK_1362,3304557,760.2811784755091,0.0002467270598916309,0.0002371637983586605,162,45392046,other,1500,-43.545949,-22.8512439993241
WRK_1363,3304557,3.507946115532406,7.5849910278741515e-06,3.735846325922025e-06,11,45288573,education,1500,-43.55273,-22.8362159993245
WRK_1364,3304557,0.0,6.329191639356015e-07,2.593464589399781e-07,1,RES_4516,domestic_construction,1500,-43.552384,-22.8295139993246
WRK_1365,3304557,28.000871784721998,4.42512170237281e-06,6.824446914509249e-06,6,44841396,food,1500,-43.53524,-23.0501839993196
WRK_1366,3304557,0.8241395116207998,5.460170293815489e-06,2.384865130714591e-06,5,198712081,personal_services,1500,-43.5357,-23.0433299993197
WRK_1367,3304557,693.5894289378293,8.488369834756739e-05,0.0001589109357725999,106,218047668,other,1500,-43.539831,-23.0116059993205
WRK_1368,3304557,274.42633909640085,8.932593875646186e-05,8.571533921025746e-05,126,199312409,other,1500,-43.538946,-23.0027379993206
WRK_1369,3304557,15.229406279852148,8.018525731896426e-06,6.011233082023711e-06,8,46261095,agriculture,1500,-43.536193,-22.989097999321
WRK_1370,3304557,3.00979506636605,2.0765459899646802e-07,6.237394364307832e-07,9,217414153,other,1500,-43.540462,-22.9729399993214
WRK_1371,3304557,42.664034917586065,5.0243048328036175e-06,9.694174400996268e-06,11,204492657,other,1500,-43.539835,-22.9620799993216
WRK_1372,3304557,0.9937245971234956,6.921819966548934e-08,2.062057356430151e-07,3,204492546,other,1500,-43.529478,-22.9483979993219
WRK_1373,3304557,46.93565590202191,7.129275684504765e-05,3.7612966680798965e-05,40,96097076,other,1500,-43.535823,-22.9267739993224
WRK_1374,3304557,1064.3133843988896,0.000959948758352404,0.0005838265827435454,706,96262815,wholesale,1500,-43.534136,-22.9173709993226
WRK_1375,3304557,1121.1500625795873,0.0011751291396445741,0.0006821712283722197,912,44593982,retail,1500,-43.536144,-22.9043489993229
WRK_1376,3304557,2662.457952283594,0.0006638160575446047,0.000748495772440987,416,44597321,other,1500,-43.53261,-22.8927329993232
WRK_1377,3304557,875.0721129668675,0.000970128039239347,0.0005541299526795396,601,45184654,personal_services,1500,-43.534533,-22.8775539993235
WRK_1378,3304557,3928.863237972659,0.0007214247933653277,0.0009987449053881132,506,198439480,wholesale,1500,-43.536711,-22.8606889993239
WRK_1379,3304557,1102.4096977766444,0.0009141387468856629,0.0005718733010754702,728,204103126,other,1500,-43.536466,-22.8533019993241
WRK_1380,3304557,19.51020831912106,1.9447148205024898e-05,1.146036973442693e-05,27,105551643,other,1500,-43.531674,-22.8427609993243
WRK_1381,3304557,271.2128989128472,4.98406045068397e-05,6.896063901669476e-05,43,96301460,other,1500,-43.520584,-23.0259489993201
WRK_1382,3304557,3623.7115375148733,0.0001561805332161972,0.0007125173561319475,121,199158772,food,1500,-43.516915,-23.0166729993203
WRK_1383,3304557,0.0,1.9778723872987545e-06,8.104576841874315e-07,1,RES_5229,domestic_construction,1500,-43.512483,-23.0022679993207
WRK_1384,3304557,0.0018537807055828488,2.307273322182978e-08,9.786101286570623e-09,1,199252391,other,1500,-43.512989,-22.9790689993212
WRK_1385,3304557,7.927080316772495,1.0500909961982797e-05,5.7215540966737375e-06,13,198511078,wholesale,1500,-43.520656,-22.9397469993221
WRK_1386,3304557,191.7892167194662,8.860501788554108e-05,7.063071388578892e-05,91,198724190,other,1500,-43.518593,-22.9279519993224
WRK_1387,3304557,522.5520489411912,0.00037750228287051894,0.00024820517925070454,337,44529310,other,1500,-43.520949,-22.9178669993226
WRK_1388,3304557,89.04862889556874,0.00011603538854452702,6.348359573541764e-05,22,198138125,other,1500,-43.515466,-22.9108099993228
WRK_1389,3304557,635.5873356230693,0.0003312532097159048,0.00024948350025942644,279,44596187,food,1500,-43.524388,-22.8895799993232
WRK_1390,3304557,1595.2599298276073,0.0012020438170164101,0.0007780493042108302,924,198585619,other,1500,-43.520662,-22.8749299993236
WRK_1391,3304557,512.369995226672,0.0004037323000546487,0.0002571310139196563,195,45051187,other,1500,-43.519532,-22.8641529993238
WRK_1392,3304557,161.32903940030386,0.00026398868866144704,0.00013704501298634244,221,224723973,personal_services,1500,-43.524546,-22.8490729993242
WRK_1393,3304557,58.40135632936554,0.0001044576586429726,5.3254663862906516e-05,80,109313858,retail,1500,-43.521978,-22.8419589993243
WRK_1394,3304557,1051.35867551634,0.0002232662155278723,0.000279643345476989,65,199252227,other,1500,-43.504171,-23.0198969993203
WRK_1395,3304557,1830.9927029200944,0.00012487608494958307,0.00037885460285816506,100,198616596,other,1500,-43.504035,-23.0178889993203
WRK_1396,3304557,926.8332989033274,0.00024642847743604483,0.00026684858470518545,103,44841597,other,1500,-43.505148,-22.9975619993208
WRK_1397,3304557,329.47289860862577,0.00011930170666909384,0.00010784973282301001,92,204377385,retail,1500,-43.503953,-22.986962999321
WRK_1398,3304557,20.168405989056833,8.546990958656977e-06,7.1116903034819475e-06,19,198323051,food,1500,-43.502154,-22.9742989993213
WRK_1399,3304557,0.0,7.120340594275517e-07,2.917647663074754e-07,1,RES_5241,domestic_construction,1500,-43.50164,-22.9588329993216
WRK_1400,3304557,13.419692500979519,9.8561548811135e-06,6.440347481967723e-06,10,44518026,food,1500,-43.512612,-22.9276829993224
WRK_1401,3304557,16.696831194009743,2.6070929016665388e-05,1.3671047582114455e-05,25,199024617,other,1500,-43.509425,-22.9177519993226
WRK_1402,3304557,4.929447693589698,6.648971209836153e-06,3.606700796836876e-06,7,198137911,other,1500,-43.511494,-22.9088729993228
WRK_1403,3304557,145.9208666319192,5.81470728020146e-05,4.9941327843356685e-05,64,45177000,other,1500,-43.503331,-22.8863099993233
WRK_1404,3304557,1885.1521324056978,0.0017605720500488296,0.0010587939499418298,1396,45042700,other,1500,-43.505424,-22.8783739993235
WRK_1405,3304557,1312.9978203866503,0.0007318969127825888,0.0005348855273100095,569,105129287,personal_services,1500,-43.508459,-22.8645959993238
WRK_1406,3304557,10.950730278231715,2.269201541151144e-05,1.1258140350527623e-05,17,44904236,personal_services,1500,-43.501821,-22.855784999324
WRK_1407,3304557,86.73561925891457,7.673411391712081e-05,4.696546252665355e-05,49,198987394,other,1500,-43.503585,-22.8401769993244
WRK_1408,3304557,17.977609626331795,1.3587488614521657e-05,8.785018954032935e-06,20,204430081,other,1500,-43.490039,-23.0341609993199
WRK_1409,3304557,6612.93986072584,0.0006549662546719949,0.0014518706286116797,336,198802402,food,1500,-43.48637,-23.0222389993202
WRK_1410,3304557,2284.3293179848215,7.802151085952706e-05,0.0004407871133292898,58,103956573,other,1500,-43.486987,-23.0194479993203
WRK_1411,3304557,1531.958903235305,0.0003723797146223505,0.0004267554531437008,114,99707798,other,1500,-43.494501,-22.9977929993208
WRK_1412,3304557,1374.328680839503,0.00028683566971806967,0.00036349230270805684,217,44845146,other,1500,-43.493163,-22.9845969993211
WRK_1413,3304557,765.448438682349,0.00031849012115570466,0.0002674943635616122,289,96303307,personal_services,1500,-43.492448,-22.9757549993213
WRK_1414,3304557,12.71846303227876,4.8502261819228174e-05,2.2150571897171963e-05,14,198891875,other,1500,-43.489887,-22.9620149993216
WRK_1415,3304557,150.80010004745387,0.0001758117701018676,9.902910943615455e-05,110,98491286,retail,1500,-43.490884,-22.898516999323
WRK_1416,3304557,1177.885579397324,0.0010203013967234715,0.0006288823623304502,917,204139235,personal_services,1500,-43.489413,-22.8927099993232
WRK_1417,3304557,2599.385815496603,0.0027418945059535624,0.0015887263743890464,1874,45035912,other,1500,-43.491675,-22.8767609993235
WRK_1418,3304557,806.2913168753103,0.0011079269463303842,0.0005982853494370353,1077,198942873,other,1500,-43.49172,-22.8627999993239
WRK_1419,3304557,3163.274372550228,0.002592911569840556,0.0016285955420440685,1358,198377674,other,1500,-43.489775,-22.8537179993241
WRK_1420,3304557,14.177491419622086,5.3093946595284804e-05,2.4293187738983565e-05,32,44908758,other,1500,-43.492668,-22.8425279993243
WRK_1421,3304557,0.6008931886757718,2.307273322182978e-08,1.1699367078458341e-07,1,204403465,other,1500,-43.470575,-23.0332969993199
WRK_1422,3304557,8077.878186743168,0.0017679432055396817,0.0021701005716832653,1139,198320587,wholesale,1500,-43.47826,-23.0237169993202
WRK_1423,3304557,8828.218857599233,0.00041271823672669577,0.0017490656933517143,211,225220431,other,1500,-43.474859,-23.0169199993203
WRK_1424,3304557,63.366135143700475,2.307273322182978e-08,1.134982568387939e-05,1,103248616,other,1500,-43.479716,-23.0046679993206
WRK_1425,3304557,624.3073065598519,0.00026575026783222193,0.0002206241198377651,202,199182783,other,1500,-43.472958,-22.9846469993211
WRK_1426,3304557,18.57915366825838,2.140895272832592e-05,1.2097616468017157e-05,23,44871263,other,1500,-43.481824,-22.9780999993212
WRK_1427,3304557,1.2030375999793739,2.307273322182978e-08,2.247569297017387e-07,1,204454667,other,1500,-43.476409,-22.9639159993215
WRK_1428,3304557,2.8460095438124338,4.2658422909348065e-06,2.257320049990071e-06,8,217188610,personal_services,1500,-43.476989,-22.897926999323
WRK_1429,3304557,2191.2382546946264,0.0019531625874053696,0.0011924892547533045,1313,96074897,other,1500,-43.47739,-22.8899609993232
WRK_1430,3304557,3221.2277576582474,0.0016847865279249565,0.001266851743483759,1355,44497326,personal_services,1500,-43.475836,-22.8772959993235
WRK_1431,3304557,1392.746562343213,0.0017122694312008268,0.0009508775952658093,1471,45176647,personal_services,1500,-43.476924,-22.8646119993238
WRK_1432,3304557,1559.3734617619548,0.0011862076269717114,0.0007651377787651675,715,220397450,other,1500,-43.476172,-22.8523109993241
WRK_1433,3304557,30.68161793836291,0.00040289978679312985,0.0001705841334113979,40,45276776,other,1500,-43.482736,-22.8403739993244
WRK_1434,3304557,2885.5317715438287,0.00038329637373048133,0.0006734719464453063,90,96299133,other,1500,-43.458653,-23.0229779993202
WRK_1435,3304557,14395.445719249823,0.0009927068968871087,0.0029830664568441627,491,44822429,other,1500,-43.460823,-23.0139679993204
WRK_1436,3304557,80.81511746930876,5.536371431740701e-06,1.6731739202579386e-05,13,198873086,other,1500,-43.453607,-23.0013449993207
WRK_1437,3304557,1682.4745846448666,0.0006249239732486437,0.0005571757480030414,368,96304469,education,1500,-43.461137,-22.9844879993211
WRK_1438,3304557,57.90536677152647,1.1038303048376439e-05,1.4886161799852802e-05,14,45786958,retail,1500,-43.46315,-22.9782849993212
WRK_1439,3304557,1746.4726758513857,0.0008283483189112831,0.0006519848606101055,420,44568453,retail,1500,-43.464662,-22.8869819993233
WRK_1440,3304557,12569.5599224572,0.0021776494648079827,0.0031418402157943055,1741,113140766,other,1500,-43.463084,-22.8778509993235
WRK_1441,3304557,4998.764440880789,0.0023824162896352373,0.001870832452881869,1389,223307189,other,1500,-43.461969,-22.8625999993239
WRK_1442,3304557,1553.0614588048234,0.0016301353709240998,0.0009459130321677681,1105,44968065,other,1500,-43.464137,-22.8508719993241
WRK_1443,3304557,45.58541164837382,3.571577966637572e-05,2.2793212515981497e-05,31,198114961,industry,1500,-43.467332,-22.8426589993243
WRK_1444,3304557,370.95872417583143,4.6915669584053636e-05,8.561320259093113e-05,26,44857341,other,1500,-43.452665,-23.0208219993202
WRK_1445,3304557,11989.740599688379,0.0006402705238010691,0.002408112340244857,260,96298305,education,1500,-43.447619,-23.0110099993204
WRK_1446,3304557,1592.6034246464915,0.0006973918449841719,0.0005707864906994601,558,198904002,food,1500,-43.446973,-22.9977139993208
WRK_1447,3304557,1389.2613027502439,4.7540152599965395e-05,0.00026811043230265597,78,204449253,other,1500,-43.443476,-22.9902999993209
WRK_1448,3304557,6.893328951885655,1.2778298126820882e-05,6.469735932272162e-06,5,198969248,other,1500,-43.451715,-22.9786749993212
WRK_1449,3304557,7.012956910859436,1.3096397077301732e-05,6.621490227178481e-06,15,203973798,food,1500,-43.442094,-22.9314049993223
WRK_1450,3304557,59.38364197470726,0.00012672476783503475,6.255468292031127e-05,76,45553353,other,1500,-43.442917,-22.8982719993231
WRK_1451,3304557,1416.5945325500224,0.0017574167710439684,0.0009736452475744201,1174,45433819,education,1500,-43.447122,-22.8894299993232
WRK_1452,3304557,4668.8478293206845,0.002622378458440577,0.0019101161289930726,1978,45429256,vehicle_trade,1500,-43.447899,-22.8759649993235
WRK_1453,3304557,7112.310871529411,0.002009518909037973,0.002096285674121101,1368,45368806,agriculture,1500,-43.447505,-22.8644779993238
WRK_1454,3304557,152.62135162350015,0.0001147000599699927,7.431377178825287e-05,68,45116091,food,1500,-43.452085,-22.856177999324
WRK_1455,3304557,3.416354862083679,1.3843639933097868e-07,6.681367235023744e-07,6,199221420,other,1500,-43.435255,-23.0197469993203
WRK_1456,3304557,1408.7885278871,0.00024651446530881164,0.0003531373245264888,23,204445723,personal_services,1500,-43.431441,-23.0073459993205
WRK_1457,3304557,2522.7630670697986,0.00030634645745456206,0.0005770175731030186,104,198609902,other,1500,-43.431875,-23.0015699993207
WRK_1458,3304557,4194.33940179296,0.0005992757894532727,0.000996203994806414,445,204461544,other,1500,-43.433102,-22.9898899993209
WRK_1459,3304557,32.080691216422736,3.207791101071653e-05,1.8885667665702632e-05,16,204403502,food,1500,-43.428287,-22.9697569993214
WRK_1460,3304557,23.474018953622053,9.41925623363602e-05,4.2797614606581297e-05,46,198501605,other,1500,-43.431398,-22.9273399993224
WRK_1461,3304557,33.984466871039025,5.3693844792440384e-05,2.8083774742038327e-05,37,198059946,other,1500,-43.431928,-22.9171889993226
WRK_1462,3304557,36.58850321982544,0.00012558360429657902,5.8007526697033313e-05,70,45822392,personal_services,1500,-43.437569,-22.898373999323
WRK_1463,3304557,1390.7309769501965,0.0019492179008551015,0.0010476094417618718,1289,45824593,retail,1500,-43.433001,-22.8890469993233
WRK_1464,3304557,4192.818112690242,0.0020816530960263485,0.0016033541798580718,1428,198757548,other,1500,-43.433226,-22.8778499993235
WRK_1465,3304557,2305.6630873609306,0.00193218884801965,0.0012043731377366657,1079,46277722,vehicle_trade,1500,-43.432683,-22.8651299993238
WRK_1466,3304557,7.9856947930104205,6.399734776651009e-05,2.7652871419923538e-05,6,199221398,other,1500,-43.41313,-23.0158479993204
WRK_1467,3304557,3844.643734905413,0.00016293197313795203,0.0007548231505975197,52,44809458,retail,1500,-43.416677,-23.0011579993207
WRK_1468,3304557,3786.8213951753605,0.0003571876022740909,0.0008240735767458741,46,44851476,hotel,1500,-43.418981,-22.9796179993212
WRK_1469,3304557,4633.298384156762,0.0005924929149684485,0.0010719832754224994,215,225050408,other,1500,-43.41542,-22.9715279993214
WRK_1470,3304557,0.5748891950094528,8.505402466527472e-06,3.588079410704332e-06,1,45023463,entertainment,1500,-43.419077,-22.9632569993216
WRK_1471,3304557,370.5445293877358,0.0003510452088185404,0.00021015991777994866,194,198455922,food,1500,-43.418134,-22.9161239993226
WRK_1472,3304557,69.41535281426013,0.00019809367914635272,9.359431062336177e-05,124,96496357,other,1500,-43.420219,-22.9058939993229
WRK_1473,3304557,1542.5193595850649,0.0018061564309268354,0.0010161531642594508,1276,45502304,other,1500,-43.418528,-22.8882129993233
WRK_1474,3304557,5728.795360034901,0.001916454490755272,0.001810549410807656,1352,46269329,other,1500,-43.418484,-22.8778949993235
WRK_1475,3304557,1098.4383400378754,0.0005855368214530386,0.00043651385889354757,411,199046637,other,1500,-43.422578,-22.8667359993238
WRK_1476,3304557,348.17949590705604,0.0004454290466891068,0.00024483228701288384,225,44714563,retail,1500,-43.414649,-22.8335309993245
WRK_1477,3304557,344.35752776838035,0.0004852328909972641,0.0002604584031345874,300,44695336,retail,1500,-43.414628,-22.8266789993247
WRK_1478,3304557,22.571007283725713,1.8458186577463825e-07,4.115073177473789e-06,8,199221374,other,1500,-43.401137,-23.0140969993204
WRK_1479,3304557,3786.7529667777244,0.00011493127339951356,0.0007247938020523576,33,44807104,education,1500,-43.403589,-22.9955379993208
WRK_1480,3304557,146.65760512464394,2.052010373951821e-05,3.465506268418474e-05,1,198880737,hotel,1500,-43.40964,-22.9802529993212
WRK_1481,3304557,4296.816665885336,0.00021405047560372537,0.0008566930818132414,60,45221031,other,1500,-43.398341,-22.9714999993214
WRK_1482,3304557,971.8583816873745,0.0003504829976132736,0.0003175441620389209,184,45029878,health,1500,-43.401789,-22.9631799993216
WRK_1483,3304557,88.4385051548577,5.122926856397133e-05,3.681929489940705e-05,34,45021178,health,1500,-43.397329,-22.9397779993221
WRK_1484,3304557,504.9886490412283,0.00021134131764115045,0.00017697541974048402,88,45017233,personal_services,1500,-43.39907,-22.9282589993224
WRK_1485,3304557,1745.6142755362828,0.000646413997238788,0.0005772813968111341,457,43872612,other,1500,-43.40344,-22.9172799993226
WRK_1486,3304557,103.65185894722117,3.366677751724705e-05,3.234551697962218e-05,19,198257285,other,1500,-43.408454,-22.9077229993228
WRK_1487,3304557,1295.1986981674197,0.0004593879178698413,0.0004200361604897291,235,46263968,other,1500,-43.40077,-22.8877169993233
WRK_1488,3304557,807.5818090082914,0.000878907161944795,0.0005046726129380305,653,46264953,personal_services,1500,-43.408563,-22.8785059993235
WRK_1489,3304557,150.65029918442357,4.801266115947624e-05,4.6635033974192434e-05,29,46220095,education,1500,-43.401772,-22.8659689993238
WRK_1490,3304557,97.25832589469786,7.201448443071277e-05,4.6914740602821005e-05,90,44722318,personal_services,1500,-43.403624,-22.8445299993243
WRK_1491,3304557,2085.4042775055595,0.002006178071652505,0.0011952723425608294,1055,96290056,food,1500,-43.403616,-22.8359269993245
WRK_1492,3304557,1585.5604105912735,0.001568210529377988,0.0009263547631559261,958,44690391,other,1500,-43.403051,-22.8243129993248
WRK_1493,3304557,64.90405851530006,1.4773935208720423e-06,1.2220987315130014e-05,18,198953759,other,1500,-43.380457,-23.0052329993206
WRK_1494,3304557,5987.710172347295,0.002067114508979433,0.0019186211151380188,384,198807053,office,1500,-43.390124,-23.0010839993207
WRK_1495,3304557,237.63074915387085,5.663307446706103e-05,6.573388118634896e-05,5,199263014,other,1500,-43.382155,-22.9837179993211
WRK_1496,3304557,4409.015813941625,0.00103161642384222,0.0012117806561569475,184,45148962,education,1500,-43.389093,-22.9702969993214
WRK_1497,3304557,6090.343235572498,0.0016844562021689508,0.001780189947759466,1391,45100337,other,1500,-43.389514,-22.9578829993217
WRK_1498,3304557,5071.726647072082,0.0015810584764889364,0.0015555239131474653,1244,203990394,retail,1500,-43.387237,-22.944427999322
WRK_1499,3304557,3087.003904583786,0.0012715316118504525,0.001073493948320995,766,45273269,food,1500,-43.387956,-22.9296249993223
WRK_1500,3304557,3525.8948062211603,0.001083542756833015,0.0010750096521133091,744,43869710,other,1500,-43.388312,-22.9172669993226
WRK_1501,3304557,541.4523828532001,0.00012849672852895315,0.00014955458571425597,80,198384189,other,1500,-43.384384,-22.9075149993228
WRK_1502,3304557,1278.595260960044,0.00025460215862212014,0.00033315121419642596,164,46224705,public_admin,1500,-43.390447,-22.8882149993233
WRK_1503,3304557,96.22208507214587,6.259440426737897e-06,1.978534602025659e-05,6,46222282,other,1500,-43.382061,-22.8812409993234
WRK_1504,3304557,901.067879840411,0.00012537209136673875,0.00021263310365689957,56,224217408,other,1500,-43.391938,-22.8621079993239
WRK_1505,3304557,1589.2709794978518,0.0006284082713349103,0.0005419232240918369,345,46217310,other,1500,-43.388914,-22.8540459993241
WRK_1506,3304557,675.7584886577685,0.0009877393523416616,0.000525676083042548,735,44718680,retail,1500,-43.390278,-22.8342949993245
WRK_1507,3304557,1967.709237201885,0.0014774549487351191,0.000957558113154377,1029,199145936,wholesale,1500,-43.390082,-22.8210189993248
WRK_1508,3304557,124.9023055181266,3.266803130252761e-05,3.5739371623839175e-05,33,44702393,personal_services,1500,-43.389828,-22.8153159993249
WRK_1509,3304557,692.7688074045433,7.395459676698738e-05,0.00015428573797433896,24,199221194,other,1500,-43.376338,-23.0111229993205
WRK_1510,3304557,11753.322669306042,0.00020204878838979006,0.0021862348366808028,52,198852761,health,1500,-43.370107,-22.9932969993209
WRK_1511,3304557,308.55290772880574,0.0001245044144628324,0.00010623764372269083,18,44801250,transport,1500,-43.369038,-22.986767999321
WRK_1512,3304557,24962.865553230884,0.00026401030375362925,0.004575680801901232,67,198535815,retail,1500,-43.368669,-22.9729959993213
WRK_1513,3304557,3624.283521320249,0.0006034862031484821,0.0008959087547303086,634,198660916,other,1500,-43.377286,-22.9551129993217
WRK_1514,3304557,4388.301954852417,0.001275392858363233,0.0013079639941515632,1019,43816654,other,1500,-43.371979,-22.944205999322
WRK_1515,3304557,9862.445886370539,0.0018729010946741047,0.002532484959288211,901,43821705,retail,1500,-43.37347,-22.9293129993223
WRK_1516,3304557,10688.267115918217,0.0019007082546865022,0.0026916730477928455,1333,43880684,other,1500,-43.373314,-22.9195229993225
WRK_1517,3304557,550.3346403893777,0.00033974535877312625,0.00023770594623707193,309,43836545,other,1500,-43.374833,-22.9069449993228
WRK_1518,3304557,1792.1340038945061,0.0003322694928288997,0.0004568822396212529,179,43845445,other,1500,-43.370355,-22.8863289993233
WRK_1519,3304557,2450.8176248103264,0.0010352696375965742,0.0008628270916583589,673,43780254,health,1500,-43.371223,-22.8769989993235
WRK_1520,3304557,3059.0773979867563,0.001173482102339694,0.0010283190588526476,771,43784256,other,1500,-43.371873,-22.8619559993239
WRK_1521,3304557,2592.410362836128,0.0017570506839630728,0.0011839260647238743,1268,44685654,other,1500,-43.375204,-22.8481239993242
WRK_1522,3304557,1846.5918180670842,0.002521804809961033,0.0013638175148677168,924,44669313,other,1500,-43.376065,-22.8377349993244
WRK_1523,3304557,866.8120656552285,0.0013624035508687997,0.000713391431436548,1113,46032262,personal_services,1500,-43.375196,-22.8216179993248
WRK_1524,3304557,1063.5038405273099,0.0007539056342203004,0.0004992529824556881,482,198375133,other,1500,-43.374108,-22.8101029993251
WRK_1525,3304557,637.8469244470098,0.00011876865191569496,0.0001628197126236247,33,198963384,other,1500,-43.36145,-23.0107419993205
WRK_1526,3304557,16255.967509696591,0.0003399220735792383,0.0030485495769450245,58,44795828,other,1500,-43.356418,-23.0003719993207
WRK_1527,3304557,21321.69831804026,0.00012182651443269128,0.0038657748117956947,23,44867840,other,1500,-43.358414,-22.987813999321
WRK_1528,3304557,1657.7292566294732,0.00010576743319127099,0.0003400163643228185,61,198393105,other,1500,-43.3603,-22.9717399993214
WRK_1529,3304557,4702.534539089237,0.0016449821206891695,0.0015156446547540166,1443,96060387,vehicle_trade,1500,-43.356263,-22.9571149993217
WRK_1530,3304557,2888.568490515302,0.0020344173141206793,0.0013505826510087676,1376,45887779,other,1500,-43.360337,-22.9457509993219
WRK_1531,3304557,15415.330652392273,0.0015468972755799935,0.0033926773492957535,1001,197991516,personal_services,1500,-43.358556,-22.9300409993223
WRK_1532,3304557,5318.5279118768885,0.0011603633957633576,0.0014273078851642271,843,43839823,personal_services,1500,-43.360008,-22.9183999993226
WRK_1533,3304557,1851.434094960584,0.0010823734251901563,0.0007748592959234092,755,44884783,retail,1500,-43.356871,-22.9021819993229
WRK_1534,3304557,3052.628395835576,0.001319605812155681,0.0010870409061753488,906,223350405,other,1500,-43.35945,-22.8887419993233
WRK_1535,3304557,6814.548923624518,0.0021097559932698835,0.0020840698531650495,1168,43761945,other,1500,-43.360313,-22.8773819993235
WRK_1536,3304557,3400.2331342324037,0.00165585610201263,0.0012870329846968857,1138,43752501,health,1500,-43.359639,-22.8632609993239
WRK_1537,3304557,2076.6795500851213,0.0014574385889489158,0.0009688581217544753,973,43788213,retail,1500,-43.359864,-22.8494269993242
WRK_1538,3304557,3349.741339139505,0.0015735206546334689,0.0012442587116206411,1288,45916541,personal_services,1500,-43.361026,-22.8368899993245
WRK_1539,3304557,3894.211793052621,0.002613921719745293,0.0017680175143456104,2202,45974879,other,1500,-43.360421,-22.8224389993248
WRK_1540,3304557,3075.137472514333,0.0016802552808768785,0.0012388498435460242,1031,46035821,other,1500,-43.360798,-22.8077549993251
WRK_1541,3304557,413.1198026661318,0.0003060024905104549,0.0001993226246392149,29,44789359,other,1500,-43.346329,-23.0056279993206
WRK_1542,3304557,25825.252942965373,0.00022372905576718176,0.00471351291499715,67,44789413,other,1500,-43.345635,-22.9997719993207
WRK_1543,3304557,1205.6045889715833,0.0015828159301220024,0.0008643404075907811,1182,198482502,vehicle_trade,1500,-43.341218,-22.9804499993212
WRK_1544,3304557,563.1150037103288,0.0010326212307339207,0.0005239076561753261,873,45228545,other,1500,-43.345926,-22.9679999993214
WRK_1545,3304557,8819.556218278194,0.0020291068918554204,0.0024098506291968438,1336,103948270,other,1500,-43.345342,-22.9566879993217
WRK_1546,3304557,12666.607215152795,0.0016614926953971458,0.002947706739586735,741,203939381,wholesale,1500,-43.34301,-22.9409139993221
WRK_1547,3304557,3681.8573704969167,0.0008601830884304811,0.0010113972299795717,351,43807660,other,1500,-43.346984,-22.9297189993223
WRK_1548,3304557,548.7857442355445,0.0003556184306328211,0.00024393293439328639,206,45275895,retail,1500,-43.345413,-22.9186069993226
WRK_1549,3304557,1418.792692842836,0.0009070034497463343,0.0006255712619846898,433,44881502,other,1500,-43.348428,-22.899924999323
WRK_1550,3304557,2755.8598676234596,0.0010040821984923646,0.0009046397829356361,694,198890739,wholesale,1500,-43.346643,-22.8893789993232
WRK_1551,3304557,14733.754007270767,0.0021938216753081235,0.0035357837143620875,1661,43648572,vehicle_trade,1500,-43.342725,-22.8753079993236
WRK_1552,3304557,5051.428314647601,0.001487530820622808,0.0015135670914884999,1052,43712580,other,1500,-43.345197,-22.8620139993239
WRK_1553,3304557,3835.9425981315635,0.0023598654059430704,0.0016534866028232197,1621,43720598,food,1500,-43.346894,-22.8493399993242
WRK_1554,3304557,2397.538147595709,0.0021282925111338236,0.0013011715342715656,1131,45852464,industry,1500,-43.346563,-22.8361629993245
WRK_1555,3304557,11380.888409228837,0.00304612845559814,0.003284978675022532,2244,224727076,wholesale,1500,-43.346478,-22.8228059993248
WRK_1556,3304557,3069.9800185015783,0.0012234210573935581,0.0010507333598630947,222,198955340,other,1500,-43.346937,-22.8108389993251
WRK_1557,3304557,2639.829320631322,0.0008198573602701747,0.0008083858757670625,104,44778883,other,1500,-43.328118,-23.0088499993205
WRK_1558,3304557,13562.904073791167,9.306805922432512e-05,0.0024654318260469432,73,99169932,vehicle_trade,1500,-43.328962,-23.0017599993207
WRK_1559,3304557,1108.6603958270498,0.000714127243808196,0.0004910347740225212,580,198962975,other,1500,-43.329943,-22.9835399993211
WRK_1560,3304557,5249.198211290532,0.0038779109835647765,0.0025284489896040237,2878,198001473,other,1500,-43.333195,-22.9733029993213
WRK_1561,3304557,2866.5495069601634,0.0005067023636381037,0.0007206419015419054,264,198471855,personal_services,1500,-43.332304,-22.9569329993217
WRK_1562,3304557,3598.403182518875,0.0007232175474337966,0.0009403384589134137,322,44947384,other,1500,-43.333667,-22.9405689993221
WRK_1563,3304557,3790.0022914996807,0.0006899644326252355,0.0009610022723140919,179,198892071,industry,1500,-43.33249,-22.9336719993222
WRK_1564,3304557,0.34430365565923793,1.085157056100936e-06,5.062751117694176e-07,1,198838134,personal_services,1500,-43.337322,-22.9154659993227
WRK_1565,3304557,55.62920629027364,4.1783926252939504e-05,2.7077206451957203e-05,14,43673658,other,1500,-43.325969,-22.8964759993231
WRK_1566,3304557,9057.887800730425,0.001147895117258517,0.002091416404114508,662,43692033,industry,1500,-43.328572,-22.8884589993233
WRK_1567,3304557,11675.679447421688,0.002806148932380948,0.0032394016112346304,2069,43646057,industry,1500,-43.333017,-22.8770929993235
WRK_1568,3304557,2610.4676043125783,0.0015061101852210227,0.0010843317190611212,858,43704532,retail,1500,-43.331092,-22.8625039993239
WRK_1569,3304557,4455.128254845647,0.0022184693919956857,0.0017063608956336728,1155,43630429,personal_services,1500,-43.328589,-22.8472719993242
WRK_1570,3304557,2884.110970305019,0.001853229981422913,0.0012755411557980954,1285,203947181,personal_services,1500,-43.329103,-22.8361379993245
WRK_1571,3304557,4033.420027009718,0.0015321097698890594,0.0013496451954998132,791,108772779,other,1500,-43.332059,-22.8232509993248
WRK_1572,3304557,5702.713793675126,0.002276770754961071,0.0019535257499888404,726,46122181,other,1500,-43.330369,-22.8094979993251
WRK_1573,3304557,12988.049949438413,0.0008771213595725751,0.002683828136700782,257,44858722,construction,1500,-43.313532,-23.0097019993205
WRK_1574,3304557,7391.696722054999,0.0006025384954064633,0.0015697585536282388,431,199228166,office,1500,-43.318478,-23.0018429993207
WRK_1575,3304557,1123.5763092191796,0.0011019624690207389,0.0006526244949271183,675,104558196,personal_services,1500,-43.312038,-22.987856999321
WRK_1576,3304557,6.823634758359373,9.233491130292749e-06,5.004734525855114e-06,10,96068858,other,1500,-43.321094,-22.9664589993215
WRK_1577,3304557,0.0,1.226280880125228e-06,5.024837641962076e-07,1,RES_3892,domestic_construction,1500,-43.317377,-22.9633609993216
WRK_1578,3304557,3.6235340357767605,4.614546644365956e-08,6.673973592456525e-07,2,105722716,other,1500,-43.32224,-22.9399719993221
WRK_1579,3304557,248.80767936631023,2.8341843083696282e-05,5.6141487367228135e-05,42,45212502,other,1500,-43.321279,-22.9294129993223
WRK_1580,3304557,7.477593909009081,2.555978502428173e-05,1.1811671790112657e-05,20,198803418,food,1500,-43.317138,-22.9099739993228
WRK_1581,3304557,2117.8155090083874,0.001155919129659354,0.0008526687223929993,544,44294656,retail,1500,-43.312343,-22.901866999323
WRK_1582,3304557,3541.8336996698877,0.0020547343035573675,0.0014758199224503793,1122,43675033,other,1500,-43.31561,-22.8877309993233
WRK_1583,3304557,2498.462010041498,0.001503643597102497,0.0010632758327859617,936,43682489,personal_services,1500,-43.316159,-22.8760959993235
WRK_1584,3304557,1056.4200735744766,0.001274449355970363,0.0007112844614155585,636,44357748,other,1500,-43.313535,-22.8593149993239
WRK_1585,3304557,5659.913315729467,0.002305974785458305,0.0019578326408823442,1167,198211104,other,1500,-43.315026,-22.8487869993242
WRK_1586,3304557,4907.377837684422,0.002216578031066764,0.0017865230974597368,1174,44343038,other,1500,-43.314973,-22.8356589993245
WRK_1587,3304557,6410.273971250152,0.004971007822525617,0.0031841518022792128,1132,46064403,hotel,1500,-43.316645,-22.8195519993248
WRK_1588,3304557,3579.7278981893005,0.003101439587805674,0.0019115021299503196,1397,46119173,other,1500,-43.318629,-22.8092049993251
WRK_1589,3304557,0.7510512071548758,2.8037258112902605e-06,1.2832738268986164e-06,4,198488557,vehicle_trade,1500,-43.31107,-22.8007639993253
WRK_1590,3304557,10179.636209956945,0.0009916622994176115,0.0022281526801951187,448,44761658,food,1500,-43.301719,-23.0109829993205
WRK_1591,3304557,993.1548024950916,0.00014106993767401289,0.00023554590060594318,66,199219009,other,1500,-43.300829,-22.9955579993208
WRK_1592,3304557,438.97038283506873,0.000554438412343766,0.0003057486875418617,405,204409950,personal_services,1500,-43.298449,-22.988811999321
WRK_1593,3304557,4.135561996149036,1.4319032588080917e-05,6.607524960771105e-06,9,197853280,other,1500,-43.298113,-22.9691489993214
WRK_1594,3304557,329.9906541604471,0.00042972011143100936,0.00023514017572030232,227,44065691,other,1500,-43.297823,-22.9140569993227
WRK_1595,3304557,5475.914435303785,0.002213560637294276,0.0018870352925332643,1088,44054001,personal_services,1500,-43.299257,-22.901003999323
WRK_1596,3304557,5703.941947434098,0.0025095475083791057,0.0020491287025242748,1321,44175233,other,1500,-43.300493,-22.8886199993233
WRK_1597,3304557,2815.3368969583853,0.0017431382440608809,0.0012181214968214412,1208,44181406,vehicle_trade,1500,-43.298935,-22.8764009993236
WRK_1598,3304557,1912.1715928623876,0.0013200221209591252,0.0008831087247630089,657,198420431,other,1500,-43.302762,-22.8658499993238
WRK_1599,3304557,7298.731742259449,0.001562436142730063,0.0019464509396647364,1081,44350242,other,1500,-43.304627,-22.8479399993242
WRK_1600,3304557,3911.943888940473,0.0028376394069606374,0.001862862043689226,1272,203805747,personal_services,1500,-43.302322,-22.8362299993245
WRK_1601,3304557,6819.566981867049,0.003739156383642441,0.002752634885572776,1406,45939038,other,1500,-43.302242,-22.8214139993248
WRK_1602,3304557,2549.4909697461558,0.0019552848862410786,0.0012574738782795197,1083,46058569,industry,1500,-43.304309,-22.8089579993251
WRK_1603,3304557,0.4165001226993157,4.614546644365956e-08,9.344795534292288e-08,2,198488367,other,1500,-43.308957,-22.8008499993253
WRK_1604,3304557,226.19911671111635,8.514369280806047e-05,7.537058853645331e-05,28,96293388,entertainment,1500,-43.290432,-23.0121359993204
WRK_1605,3304557,14.303582342299714,1.3282577599767687e-05,8.002552644704592e-06,13,220986852,food,1500,-43.29131,-22.9815049993211
WRK_1606,3304557,471.3994103440632,0.00020963299157403668,0.00017026408687457605,153,198729686,personal_services,1500,-43.284108,-22.9734529993213
WRK_1607,3304557,23.888579132550756,1.4825025079970764e-05,1.0349976245888064e-05,7,44206153,other,1500,-43.279952,-22.9560139993217
WRK_1608,3304557,4.006653340518458,6.81997042746358e-06,3.511621208475923e-06,9,198300833,food,1500,-43.28245,-22.9230619993225
WRK_1609,3304557,1476.6767694023767,0.0009035233737335836,0.0006345045280990568,506,43611177,other,1500,-43.284773,-22.9122689993227
WRK_1610,3304557,15005.474497227864,0.002905459151769785,0.0038760146519416843,1638,43613829,education,1500,-43.284497,-22.901923999323
WRK_1611,3304557,10400.332266158026,0.002719499173231299,0.0029756522661010293,1792,43939883,office,1500,-43.285084,-22.8888549993233
WRK_1612,3304557,12526.29082447998,0.0018734142489054825,0.003009432382655594,1124,45483173,other,1500,-43.285358,-22.8747039993236
WRK_1613,3304557,3163.099312867128,0.0018462719057986258,0.0013226193713513686,1265,45473516,office,1500,-43.28713,-22.8649319993238
WRK_1614,3304557,1791.4789887452812,0.0025430461807442488,0.0013626581175485287,1752,44156102,other,1500,-43.284374,-22.8461149993242
WRK_1615,3304557,10378.401880043119,0.0028961719941912314,0.003044121351384972,1487,44217506,vehicle_trade,1500,-43.285544,-22.8349469993245
WRK_1616,3304557,6074.488297414964,0.004323951139137552,0.0028589181665963684,1293,44338757,food,1500,-43.284729,-22.8218389993248
WRK_1617,3304557,2554.17113083912,0.0001245278161479404,0.0005081361044644661,40,97934402,other,1500,-43.287188,-22.8112519993251
WRK_1618,3304557,712.4529618929855,0.00016134701950327576,0.00019361865509480165,108,224838503,other,1500,-43.270309,-22.9981439993208
WRK_1619,3304557,26.442435422889282,1.2292893178567948e-05,9.769456812837107e-06,5,44486970,entertainment,1500,-43.273042,-22.986227999321
WRK_1620,3304557,300.32556702024385,3.385799980599598e-05,6.76217410426995e-05,27,44207957,other,1500,-43.277207,-22.9649559993215
WRK_1621,3304557,86.28803849254007,2.490027579515077e-05,2.5645804330762715e-05,28,44207946,other,1500,-43.273649,-22.9616649993216
WRK_1622,3304557,0.7700047427753766,2.170314112201872e-06,1.0271175803333478e-06,2,198730646,personal_services,1500,-43.264281,-22.9455649993219
WRK_1623,3304557,327.3983134592663,0.00010952058632884647,0.00010347051793548428,62,198228307,other,1500,-43.265482,-22.9278769993224
WRK_1624,3304557,3012.308380602509,0.0013358960897087674,0.0010865001450143619,742,203895723,personal_services,1500,-43.270168,-22.9141509993227
WRK_1625,3304557,17727.1712459034,0.0029935494127909332,0.004399201374276596,1733,95879920,other,1500,-43.27474,-22.901748999323
WRK_1626,3304557,7231.586706385475,0.0021889137932372725,0.0021911412434176434,1067,95882817,other,1500,-43.273391,-22.8886929993233
WRK_1627,3304557,7699.847789637876,0.002052356616304523,0.0022189879718798,1067,198887465,other,1500,-43.270774,-22.8762559993236
WRK_1628,3304557,5030.307438545965,0.003298339339379674,0.002251788373771233,2924,224327090,other,1500,-43.271667,-22.8633309993238
WRK_1629,3304557,5460.352811935873,0.002634446310081217,0.00205671340640445,1772,43988577,other,1500,-43.271834,-22.8469009993242
WRK_1630,3304557,19607.438850382503,0.006948640191173994,0.006356352363880807,1782,44157265,other,1500,-43.274239,-22.8337019993245
WRK_1631,3304557,12937.804710656996,0.005443610730134059,0.004546011480834618,747,44270953,office,1500,-43.278398,-22.8200439993248
WRK_1632,3304557,0.0,2.3734468647585055e-07,9.72549221024918e-08,1,RES_3404,domestic_construction,1500,-43.275352757947516,-22.8138407
WRK_1633,3304557,4767.007145287613,0.0013717982284184296,0.0014152425664437037,1348,223978826,other,1500,-43.253223,-22.9926459993209
WRK_1634,3304557,3379.3120953772177,0.0017601365976380667,0.0013260190575622743,845,215401351,vehicle_trade,1500,-43.250259,-22.987629999321
WRK_1635,3304557,20.12588094025659,9.682850455515727e-06,7.569512257478071e-06,6,44207642,other,1500,-43.261054,-22.9517089993218
WRK_1636,3304557,1689.9781742335456,0.0009119481694216292,0.0006761303498669924,480,219308103,other,1500,-43.254234,-22.942301999322
WRK_1637,3304557,7579.8365435381365,0.0018278976509200756,0.0021055352242459096,1095,198114249,other,1500,-43.255145,-22.9272219993224
WRK_1638,3304557,9821.12907304228,0.0022255823888471535,0.0026696061867975407,1408,44375622,vehicle_trade,1500,-43.256414,-22.9184369993226
WRK_1639,3304557,12737.693487510638,0.0024389403683613723,0.0032789975553580686,1215,44448812,other,1500,-43.256423,-22.899886999323
WRK_1640,3304557,8858.58762312651,0.005113607838636734,0.0036807483454262056,3855,199336073,other,1500,-43.257683,-22.8897669993232
WRK_1641,3304557,7631.722650394564,0.003393791653147875,0.002756465506325327,1856,203789464,health,1500,-43.256846,-22.8731869993236
WRK_1642,3304557,29995.009842584077,0.00474993902304703,0.007314427352384329,2000,197876385,health,1500,-43.254545,-22.8621089993239
WRK_1643,3304557,16732.37630654205,0.007451049038564628,0.006047682724949393,2012,43982871,food,1500,-43.257545,-22.8475489993242
WRK_1644,3304557,6771.958248308585,0.002464973066648405,0.002222002169845371,463,44046887,other,1500,-43.259456,-22.8395079993244
WRK_1645,3304557,11.040446565419414,0.00010236890028934455,4.392278597024969e-05,11,198769843,transport,1500,-43.251638,-22.8094339993251
WRK_1646,3304557,1268.3982339295985,0.0009959534894905333,0.0006351041760936098,561,203759122,personal_services,1500,-43.238895,-22.9950759993208
WRK_1647,3304557,2784.3867035655926,0.001615723157640824,0.0011603725623156966,1172,198278568,education,1500,-43.243088,-22.9848699993211
WRK_1648,3304557,988.0576260045085,3.5372288617306635e-05,0.00019132276074905393,22,198281476,health,1500,-43.23571,-22.9753379993213
WRK_1649,3304557,2727.1115247873668,0.0004571775577274234,0.0006753938688780255,264,44144987,retail,1500,-43.247213,-22.9386899993221
WRK_1650,3304557,16247.176350630514,0.002734620251845504,0.004028233469782344,1316,44151569,other,1500,-43.241241,-22.9287709993223
WRK_1651,3304557,13400.008199139444,0.0027069802755421758,0.003507361909070365,1462,44315476,wholesale,1500,-43.24205,-22.9155279993226
WRK_1652,3304557,13580.915258470159,0.0026379278483868343,0.0035114430000029342,1593,215399385,personal_services,1500,-43.241602,-22.899754999323
WRK_1653,3304557,6657.465009598056,0.0025593190729109863,0.0022401712387544953,1836,43584639,other,1500,-43.241786,-22.8901639993232
WRK_1654,3304557,6343.486491050392,0.0033231499191109255,0.0024969689612295695,2485,46109083,other,1500,-43.242111,-22.8718889993236
WRK_1655,3304557,21032.26221213238,0.008520707657216532,0.00725552111932109,3889,46050967,wholesale,1500,-43.246016,-22.8604199993239
WRK_1656,3304557,10713.897143694563,0.003574576781729387,0.003382148287141511,2801,198460422,vehicle_trade,1500,-43.246524,-22.8496729993242
WRK_1657,3304557,2210.847086827752,0.0003840960271638325,0.0005530541270364541,199,198769822,other,1500,-43.240834,-22.8318619993246
WRK_1658,3304557,1166.0089911406528,1.8458186577463825e-07,0.00020875137170811998,8,224753939,other,1500,-43.238826,-22.813995999325
WRK_1659,3304557,201.75087546259314,5.913330855284312e-06,3.852956819736476e-05,16,198278423,other,1500,-43.238363,-22.8077039993251
WRK_1660,3304557,527.7954631753846,6.359223596178242e-05,0.00012051504516428897,21,44481170,hotel,1500,-43.233363,-22.9936499993209
WRK_1661,3304557,16265.027812121658,0.0025424747260283497,0.003952694264203124,1088,44306209,other,1500,-43.225662,-22.9831239993211
WRK_1662,3304557,7226.574049208966,0.0007966781426909501,0.0016197583643522578,381,203750852,education,1500,-43.225383,-22.9713619993214
WRK_1663,3304557,168.47313502331068,3.675155545497806e-05,4.521033472294391e-05,21,44425157,other,1500,-43.223842,-22.9611969993216
WRK_1664,3304557,0.11685780722778293,1.9801645126237857e-06,8.323104623689973e-07,1,198103728,food,1500,-43.233842,-22.9357929993222
WRK_1665,3304557,16161.13461379016,0.003957988893399506,0.004514125379545771,2328,43967132,other,1500,-43.229668,-22.9246799993224
WRK_1666,3304557,53862.3427918986,0.002413880492363467,0.010628634903369058,1158,44023487,health,1500,-43.230141,-22.9176599993226
WRK_1667,3304557,20270.84351237555,0.0020563301752904986,0.004470394548120558,1286,43524723,other,1500,-43.225432,-22.899830999323
WRK_1668,3304557,15801.721811111533,0.0041572051283665515,0.004531434095521552,2114,43522090,personal_services,1500,-43.226217,-22.8892379993232
WRK_1669,3304557,2523.264500399161,0.0011400241550625144,0.0009187170647492978,728,224670309,other,1500,-43.225791,-22.8771189993235
WRK_1670,3304557,1976.3714892074752,0.00021873873510999968,0.0004433338166111253,221,44655070,education,1500,-43.230003,-22.8633249993238
WRK_1671,3304557,82.92053060948066,1.2674135470272804e-05,2.0033323293696396e-05,8,44655042,other,1500,-43.231093,-22.8411749993244
WRK_1672,3304557,821.6819822997177,9.420115539340746e-06,0.00015091298580380242,8,44655036,other,1500,-43.235337,-22.8396999993244
WRK_1673,3304557,1123.015558427613,0.0005361128379812859,0.000420660251769496,457,199117542,other,1500,-43.229771,-22.8173589993249
WRK_1674,3304557,6238.573728525244,0.0008167204863468636,0.0014511526905510008,461,198651807,vehicle_trade,1500,-43.228014,-22.811024999325
WRK_1675,3304557,3.4690673445788462,1.9553126132367928e-05,8.632979803932737e-06,17,199175910,personal_services,1500,-43.227318,-22.7874429993256
WRK_1676,3304557,22.523582831889247,0.0001276919999575769,5.635432811701019e-05,75,44654963,other,1500,-43.226479,-22.7853459993256
WRK_1677,3304557,23850.89721603488,0.0015741696857436128,0.004913530512216704,706,198429452,other,1500,-43.213541,-22.9834879993211
WRK_1678,3304557,5893.901522512046,0.0005776541611086228,0.00129150776706879,197,44420480,personal_services,1500,-43.21533,-22.9645509993215
WRK_1679,3304557,3736.487382120476,0.0005017408360865423,0.0008742979858173509,152,44362531,other,1500,-43.209291,-22.9607759993216
WRK_1680,3304557,739.7300046405988,0.0001442020850291036,0.00019147496394488896,79,42877882,hotel,1500,-43.207421,-22.9400149993221
WRK_1681,3304557,13663.111609004496,0.0016693152001311473,0.0031292523181004634,983,42760985,office,1500,-43.212679,-22.9248579993224
WRK_1682,3304557,122511.10667840562,0.0029660640128902852,0.023140680181531887,1619,44201847,other,1500,-43.210601,-22.9145929993227
WRK_1683,3304557,33523.76334728327,0.0027916989528315823,0.0071435404624447165,1211,43527233,other,1500,-43.216378,-22.901726999323
WRK_1684,3304557,12145.815007671812,0.0008584776445581968,0.002525457389959314,235,43523885,other,1500,-43.216924,-22.8917059993232
WRK_1685,3304557,3503.232881317822,0.0008439894733167722,0.0009727940204261723,268,42644621,other,1500,-43.215085,-22.8774989993235
WRK_1686,3304557,379.94779238688994,1.7290303547420583e-05,7.50825781065919e-05,15,198742787,other,1500,-43.215861,-22.8603019993239
WRK_1687,3304557,119.81269170087559,4.992400189382041e-05,4.189935226213625e-05,15,44547448,other,1500,-43.212488,-22.814342999325
WRK_1688,3304557,3257.2858340798684,0.00046519364664493517,0.0007735616322202102,199,96286943,other,1500,-43.209455,-22.8069569993251
WRK_1689,3304557,247.624282957824,0.00038013622472271786,0.00020008180073264906,310,44648938,food,1500,-43.209643,-22.7953239993254
WRK_1690,3304557,31067.94438921683,0.0034862783533705596,0.006988645351072054,1723,107064400,food,1500,-43.19801,-22.9823639993211
WRK_1691,3304557,6800.572333494578,0.001419864588502291,0.001798876981894867,378,198690006,entertainment,1500,-43.193573,-22.9670239993215
WRK_1692,3304557,27261.403594866082,0.0031233626241820907,0.0061586955053100426,1189,42826987,other,1500,-43.196544,-22.9559899993217
WRK_1693,3304557,4182.819190805971,0.0008977739464758988,0.0011164555843309891,366,42876745,other,1500,-43.19733,-22.9407859993221
WRK_1694,3304557,3151.1912595899857,0.0016036208973020604,0.001221058983809091,993,224663544,food,1500,-43.199326,-22.9278079993224
WRK_1695,3304557,20278.05257278753,0.0028982046182877107,0.004816653193489976,1797,95684418,other,1500,-43.199357,-22.9123219993227
WRK_1696,3304557,23809.36579229932,0.0030708158332050143,0.0055193670854523265,1450,224173417,other,1500,-43.199719,-22.899045999323
WRK_1697,3304557,442.9336778132993,2.423929590284052e-05,8.920233335802386e-05,26,198128137,wholesale,1500,-43.195152,-22.8933289993232
WRK_1698,3304557,1486.5434336671956,0.0003331248313798732,0.00040254246296688996,125,45416494,other,1500,-43.201851,-22.8163259993249
WRK_1699,3304557,8684.318045249898,0.0017608751726020998,0.0022757363548107585,805,44554970,utilities,1500,-43.199067,-22.8062409993252
WRK_1700,3304557,1253.9800969251755,0.000324022746664286,0.00035719188650119724,152,44622641,other,1500,-43.198745,-22.7980929993254
WRK_1701,3304557,3603.497433786252,0.00040671632806935445,0.0008115598647806842,203,44138562,food,1500,-43.189867,-22.9825059993211
WRK_1702,3304557,28678.661907398116,0.005501777367242007,0.007386921149845167,2424,43899248,retail,1500,-43.18454,-22.9688449993214
WRK_1703,3304557,50690.02730321628,0.0027320590252184534,0.010191276501080437,1249,42796801,other,1500,-43.185098,-22.9534399993218
WRK_1704,3304557,40733.48186603083,0.0027788670408581727,0.00842857550174066,1047,42816657,education,1500,-43.18272,-22.9409969993221
WRK_1705,3304557,22668.914946012643,0.0038840516758634905,0.005648498831621046,1904,198630982,other,1500,-43.179583,-22.9296099993223
WRK_1706,3304557,142890.78690002044,0.007335005106473242,0.028578173718064696,3124,101665802,other,1500,-43.180743,-22.9120739993227
WRK_1707,3304557,197453.01313713862,0.006048957665940103,0.03781597257307323,5027,95680126,office,1500,-43.182135,-22.9023089993229
WRK_1708,3304557,431.6929080577522,1.9980123891651514e-05,8.544537152389073e-05,25,198362981,entertainment,1500,-43.190133,-22.8932539993231
WRK_1709,3304557,2747.9139650796483,0.000843131360572743,0.0008372661407092437,609,198650300,personal_services,1500,-43.18436,-22.8175749993249
WRK_1710,3304557,5568.8914954614775,0.002428991155162559,0.0019919503272499326,1683,199178656,vehicle_trade,1500,-43.186258,-22.8071739993251
WRK_1711,3304557,3274.748636237655,0.0015060180187464352,0.0012031775419153695,1068,44614778,other,1500,-43.184652,-22.7948539993254
WRK_1712,3304557,34.76333069729349,2.307273322182978e-08,6.23090177882831e-06,1,199166030,other,1500,-43.185677,-22.7850999993256
WRK_1713,3304557,5863.192163567686,0.0006029370069275195,0.0012963718008588232,325,42910496,personal_services,1500,-43.172915,-22.9636169993215
WRK_1714,3304557,13545.781190273405,0.0007005977545497405,0.0027113102254416868,357,42786049,entertainment,1500,-43.172552,-22.9551819993217
WRK_1715,3304557,2373.74131539875,0.00028396336110926394,0.0005411760247582744,117,42830463,other,1500,-43.171677,-22.9399329993221
WRK_1716,3304557,7718.524354896314,0.0022501816419916625,0.0023033916904962306,669,203615732,retail,1500,-43.174932,-22.9296979993223
WRK_1717,3304557,158668.78231038176,0.0011813232154893759,0.02888034805975151,480,42709028,other,1500,-43.171219,-22.9100849993228
WRK_1718,3304557,154753.1312364016,0.001049073532845044,0.028125389471781694,576,220889540,other,1500,-43.174744,-22.9043099993229
WRK_1719,3304557,638.5304195751881,0.00035979926888511703,0.00026170731260965357,28,45345467,other,1500,-43.172302,-22.8276519993247
WRK_1720,3304557,1337.1256497042837,0.00047095147333365867,0.0004322779610310321,198,96281020,food,1500,-43.171312,-22.8230669993248
WRK_1721,3304557,109.1813943287666,2.130047509155683e-05,2.8267869291815877e-05,9,45357011,industry,1500,-43.177192,-22.8013719993253
WRK_1722,3304557,1520.947387877502,0.000999021765804695,0.0006815591027588982,596,45409716,education,1500,-43.172705,-22.7924409993255
WRK_1723,3304557,26.631516427504284,2.0765459899646802e-07,4.851219800482135e-06,9,198028816,other,1500,-43.156309,-22.9495019993219
WRK_1724,3304557,80.5001340116334,2.4849645098517945e-05,2.4589220795276378e-05,11,197789621,education,1500,-43.15835,-22.944161999322
WRK_1725,3304557,21.209955146549305,5.558246419931769e-06,6.0734169298376724e-06,13,45411139,other,1500,-43.16225,-22.7890949993255
WRK_1726,3304557,0.4699442999817675,1.9801645126237857e-06,8.955008705576623e-07,1,204367702,food,1500,-43.109117,-22.8005329993253
WRK_1727,3304557,457.0732776222144,0.00035243580415485,0.0002262154184548356,109,44667656,other,1500,-43.10904,-22.7625219993262
WRK_1728,3304557,50.59316091423483,7.333441896581546e-05,3.910413132409281e-05,27,44668997,other,1500,-43.10843,-22.7536749993264
WRK_1729,3304557,8.466929263590025,4.589258284661605e-05,2.032034448617285e-05,5,44668563,hotel,1500,-43.105536,-22.7652609993261
WRK_1730,3304557,6.993296174980489,3.324281841867857e-06,2.6137264933586074e-06,1,204372106,health,1500,-43.104553,-22.7535319993264
WRK_1731,3304904,599.4557941572872,0.0006386852770500221,0.0003689912835233678,402,46704637,vehicle_trade,1500,-43.095986,-22.857201999324
WRK_1732,3304904,1518.8789747988458,0.0009581094749002731,0.0006644246101162315,648,99060852,other,1500,-43.09403,-22.8469759993242
WRK_1733,3304904,3143.9825294483862,0.0007357336800199185,0.0008641413414106782,314,45744489,other,1500,-43.093312,-22.8293109993246
WRK_1734,3304904,18.012503365843987,1.783717036866209e-05,1.0532623423006845e-05,17,218167763,other,1500,-43.091154,-22.8256909993247
WRK_1735,3304904,1505.4217587736134,0.0005713043341882032,0.0005035180360292059,476,104033302,other,1500,-43.08573,-22.858696999324
WRK_1736,3304904,774.2642959158868,0.0012793253093786269,0.000662786207950989,712,199299444,other,1500,-43.080596,-22.8468009993242
WRK_1737,3304904,2727.2447716166816,0.0017555963875773646,0.0012074608972093399,1130,45762833,other,1500,-43.083362,-22.8332149993245
WRK_1738,3304904,997.5320974977453,0.0005932144346614305,0.00042160108904338277,387,96543274,wholesale,1500,-43.082295,-22.8234009993248
WRK_1739,3304904,3.3742800083049214,4.0408139277067984e-05,1.71616158006326e-05,59,198834550,other,1500,-43.080311,-22.7904539993255
WRK_1740,3304904,65.52117225227373,7.397530521626911e-05,4.2038345952104474e-05,115,220178878,other,1500,-43.069487,-22.8669849993238
WRK_1741,3304904,26.361295181053826,0.0002660462085125034,0.00011373349629583881,203,198949312,other,1500,-43.069388,-22.8635029993239
WRK_1742,3304904,433.6431474636513,0.0008043955557032932,0.00040721832695118476,676,199242106,personal_services,1500,-43.069804,-22.8437109993243
WRK_1743,3304904,2726.4384417926685,0.0014188708418820266,0.0010693391328725978,1012,216342957,personal_services,1500,-43.066246,-22.8324489993245
WRK_1744,3304904,2459.669170957799,0.001419950355639268,0.0010220388998554084,1111,45763368,retail,1500,-43.068089,-22.8191229993249
WRK_1745,3304904,1682.4711411079206,0.000533174102565717,0.0005195794869349781,313,215235127,food,1500,-43.066972,-22.8079369993251
WRK_1746,3304904,7.470846706910948,3.152575866535453e-05,1.4255095791934386e-05,29,218242548,industry,1500,-43.071312,-22.7852369993257
WRK_1747,3304904,6.2252320773570125,6.047426048463418e-05,2.589418018676766e-05,108,45892193,other,1500,-43.064563,-22.7797169993258
WRK_1748,3304904,3.309949926073289,2.383550387555718e-05,1.035926049603616e-05,88,224700418,other,1500,-43.06651,-22.769506999326
WRK_1749,3304904,5.751400146287432,6.949030709883375e-05,2.9503817135619475e-05,53,199306749,other,1500,-43.048463,-22.8700749993237
WRK_1750,3304904,5.110854231609104,1.2843774992670489e-05,6.177563866154215e-06,11,199245752,food,1500,-43.048843,-22.855562999324
WRK_1751,3304904,241.91770879126523,0.00043119974352838237,0.00021998442776922223,368,46657042,personal_services,1500,-43.052066,-22.8471729993242
WRK_1752,3304904,5807.746700100712,0.0016522842983854112,0.0017164319958169316,1291,45516326,health,1500,-43.053803,-22.8286099993246
WRK_1753,3304904,17539.407707901824,0.0019476217726425219,0.003937016329177729,1581,45519217,personal_services,1500,-43.050394,-22.8230409993248
WRK_1754,3304904,1431.6198609350554,0.0010567103168141923,0.0006892111276408879,866,199539131,food,1500,-43.053106,-22.8056739993252
WRK_1755,3304904,88.96719114195335,0.00034675597088925926,0.00015800963463278537,282,45842744,other,1500,-43.050258,-22.7935089993255
WRK_1756,3304904,20.206011150494078,0.00014986471920404778,6.502510810546832e-05,122,46353252,food,1500,-43.055759,-22.7750839993259
WRK_1757,3304904,3.8576774226344326,4.1108779811034e-05,1.7535223535989676e-05,42,46355616,retail,1500,-43.058589,-22.769825999326
WRK_1758,3304904,472.91559995127886,0.00023796218266704426,0.00018214366955293987,161,99703748,other,1500,-43.038928,-22.8724519993236
WRK_1759,3304904,77.21593380921937,0.00023231267486596553,0.00010901200478552871,149,223407087,other,1500,-43.033543,-22.8597669993239
WRK_1760,3304904,19.090007264059558,9.835597949153048e-05,4.371903812416073e-05,84,199538652,personal_services,1500,-43.039405,-22.8427639993243
WRK_1761,3304904,1822.3773496469864,0.001383888478253879,0.0008932086559591643,1214,45513802,other,1500,-43.038678,-22.8318209993246
WRK_1762,3304904,4831.128710387115,0.001635576818941233,0.0015348046752888273,1275,199118111,other,1500,-43.04025,-22.8202229993248
WRK_1763,3304904,1222.1741404483205,0.0011960800877657651,0.0007088359939612173,916,45828367,other,1500,-43.03841,-22.8050309993252
WRK_1764,3304904,835.8564377085402,0.0012488180743259404,0.000661308378101366,1175,45840287,education,1500,-43.039656,-22.7913879993255
WRK_1765,3304904,69.58937523470104,0.0002441886860850603,0.0001125134541422254,160,46304040,personal_services,1500,-43.037642,-22.7821589993257
WRK_1766,3304904,241.23653548306942,0.00011981278851263433,9.226786323070629e-05,63,199181611,wholesale,1500,-43.020024,-22.8825819993234
WRK_1767,3304904,932.4474423756234,0.0005981519200482332,0.0004119763571191032,407,199181252,other,1500,-43.024624,-22.8744899993236
WRK_1768,3304904,1115.9602367242835,0.0012090042745626106,0.0006951231827050502,654,198946381,food,1500,-43.023596,-22.856261999324
WRK_1769,3304904,2165.2721139890086,0.00029825824337139056,0.0005097246713278683,240,46020273,other,1500,-43.019779,-22.8418009993243
WRK_1770,3304904,1719.8976904876613,0.0006270569349848595,0.0005647472117062288,497,46083435,food,1500,-43.022433,-22.8291309993246
WRK_1771,3304904,2686.1303638255667,0.001564428446376167,0.0011217693947961913,1214,46078666,other,1500,-43.024812,-22.8176359993249
WRK_1772,3304904,1239.3989241389475,0.001655474197490176,0.0009001610620689832,1339,199070310,personal_services,1500,-43.023531,-22.8054219993252
WRK_1773,3304904,2764.9095642117068,0.001628640007112419,0.0011621796593038619,1188,45903714,utilities,1500,-43.026172,-22.7921969993255
WRK_1774,3304904,509.35387415697005,0.0009424817396610362,0.00047735048055963015,959,199077116,food,1500,-43.025774,-22.7805959993257
WRK_1775,3304904,0.198892941532257,2.8267985445120903e-06,1.193910716682189e-06,5,204766837,personal_services,1500,-43.019169,-22.769671999326
WRK_1776,3304904,44.48822617620861,0.00014295100827906742,6.653781565016452e-05,91,199566927,wholesale,1500,-43.008217,-22.8868329993233
WRK_1777,3304904,500.75953471545114,0.00030707976109550143,0.00021544856473236992,203,204783187,other,1500,-43.007346,-22.8671879993238
WRK_1778,3304904,945.5366397262048,0.0009170984201138197,0.0005450111507843357,785,96531435,other,1500,-43.009534,-22.8597989993239
WRK_1779,3304904,1368.4062619031047,0.0009632307811157963,0.000639593658607821,864,199142422,other,1500,-43.010171,-22.8438699993243
WRK_1780,3304904,5029.226236946643,0.001793575536291381,0.0016349992879280315,1240,96522311,other,1500,-43.010794,-22.8313239993246
WRK_1781,3304904,4852.714625755262,0.002569048326492995,0.0019211693166606516,1605,46071471,personal_services,1500,-43.00875,-22.8185029993249
WRK_1782,3304904,944.448958685656,0.0015714831261732962,0.0008129587235042582,1124,198862417,food,1500,-43.01208,-22.8048829993252
WRK_1783,3304904,511.6713634443019,0.0011430143470569595,0.0005599359490939363,1001,45711933,education,1500,-43.009078,-22.7915279993255
WRK_1784,3304904,11.991449381057874,0.00012873220306113656,5.4895672475015135e-05,88,45711517,other,1500,-43.012431,-22.7799119993258
WRK_1785,3304904,50.42681105283655,0.0002649695537425208,0.00011759922808731879,111,204761681,utilities,1500,-43.009112,-22.7636329993261
WRK_1786,3304904,1.126737482590086,4.614546644365956e-08,2.2055615575094028e-07,2,45531412,other,1500,-42.989916,-22.8922789993232
WRK_1787,3304904,529.1407793182049,0.0004694254751467246,0.00028705100214258795,414,204780619,other,1500,-42.990404,-22.8863639993233
WRK_1788,3304904,1540.2798873599854,0.000192720527626619,0.00035462704985015037,103,45633455,industry,1500,-42.988673,-22.8769359993235
WRK_1789,3304904,70.84212156639997,0.0003389575682629896,0.00015157037500611136,271,199560059,other,1500,-42.997868,-22.858469999324
WRK_1790,3304904,372.85755329486807,0.0010396644874531707,0.0004927441401153996,831,204787725,food,1500,-42.994582,-22.8448259993243
WRK_1791,3304904,2926.1836553908233,0.0016155139596044205,0.0011856636463726622,1242,45627792,other,1500,-42.994776,-22.8292389993246
WRK_1792,3304904,5460.207608604858,0.002333506219039923,0.0019333734939433434,1801,199272295,personal_services,1500,-42.999241,-22.8198649993248
WRK_1793,3304904,928.2553952884059,0.0018626874956340965,0.0009293852230514168,1517,218738989,other,1500,-42.996604,-22.8044769993252
WRK_1794,3304904,228.84267196882803,0.0010770797949645272,0.0004823017862538521,764,96537181,other,1500,-42.996048,-22.7919029993255
WRK_1795,3304904,44.04822095935955,0.00012549062688967054,5.930446243972817e-05,14,199151185,transport,1500,-42.991469,-22.7804469993258
WRK_1796,3304904,10.105417736849185,7.734614462120152e-05,3.350206402610374e-05,59,45895954,other,1500,-43.002482,-22.7633529993262
WRK_1797,3304904,9.258449154296677,3.918694691685909e-05,1.7714282184709966e-05,42,104422370,other,1500,-42.980745,-22.9072569993228
WRK_1798,3304904,1622.7567856753267,0.00025723292441948696,0.000395822347138683,159,45631899,other,1500,-42.983646,-22.9034349993229
WRK_1799,3304904,461.3914443818712,0.0006578931684358443,0.0003521531572776694,613,45528463,other,1500,-42.982656,-22.8839699993234
WRK_1800,3304904,211.03572172913368,0.0003535649251116061,0.0001826457806420412,221,199558733,retail,1500,-42.980466,-22.8740169993236
WRK_1801,3304904,0.4585702680329385,1.1830091834495766e-05,4.929594907426923e-06,7,45525641,other,1500,-42.973368,-22.8642829993238
WRK_1802,3304904,87.80579188719344,0.0002263055567966847,0.00010844573629580315,176,45635599,personal_services,1500,-42.984799,-22.8419639993243
WRK_1803,3304904,1277.1144890196006,0.0010812982813961716,0.0006716351722064407,877,224288657,wholesale,1500,-42.982983,-22.8282809993247
WRK_1804,3304904,1133.1221481863045,0.0012750098007120651,0.0007252411590631352,987,45702029,other,1500,-42.979982,-22.8188769993249
WRK_1805,3304904,2978.036698894863,0.0015947785682263616,0.0011864469848229659,1307,45666655,other,1500,-42.981868,-22.8040489993252
WRK_1806,3304904,886.5517714081811,0.0005876330113042843,0.00039945234843213363,271,199587328,other,1500,-42.982807,-22.7912199993255
WRK_1807,3304904,132.95884293624667,3.789460836256241e-05,3.9322870945488486e-05,40,45716533,other,1500,-42.985001,-22.7813699993257
WRK_1808,3304904,0.32000237548842253,6.795571655320484e-07,3.3572643970651124e-07,4,204779406,vehicle_trade,1500,-42.971815,-22.9057489993229
WRK_1809,3304904,7.157198468969277,4.195730186854007e-05,1.847341738646414e-05,16,224212575,wholesale,1500,-42.964818,-22.9022319993229
WRK_1810,3304904,0.4127337728102527,3.6793662772203982e-06,1.5815310909075881e-06,4,199552761,other,1500,-42.971502,-22.8836119993234
WRK_1811,3304904,2.408792095755709,7.344597482838834e-06,3.4406311130210562e-06,7,219396396,education,1500,-42.971295,-22.8681869993237
WRK_1812,3304904,4.264542035428466,3.32373579256176e-05,1.4382625872955556e-05,28,198875041,other,1500,-42.968128,-22.8533349993241
WRK_1813,3304904,221.6354492330966,0.00036754456326810667,0.00019027109911462663,340,45630329,retail,1500,-42.960595,-22.8444339993243
WRK_1814,3304904,1291.5160064399106,0.0010376256397837686,0.0006563171460652788,893,198993613,food,1500,-42.966105,-22.8306109993246
WRK_1815,3304904,1436.5680623246817,0.0009005905786388138,0.0006261246919951205,651,198635657,other,1500,-42.967253,-22.8170379993249
WRK_1816,3304904,2188.536492200736,0.001306034419909605,0.0009268369576894349,879,45677171,health,1500,-42.96582,-22.8030899993252
WRK_1817,3304904,765.7271281249774,0.0008949917991347051,0.0005037729354211717,552,199164672,personal_services,1500,-42.966258,-22.7909269993255
WRK_1818,3304904,267.9199143964505,0.00038650740058554495,0.00020632469288276887,308,224378106,education,1500,-42.968556,-22.7783479993258
WRK_1819,3304904,1.6514422975782879,1.0270199128484984e-05,4.503892871860285e-06,14,199579005,personal_services,1500,-42.962732,-22.7667129993261
WRK_1820,3304904,0.21468178381169933,4.200991403562715e-06,1.759828907312116e-06,4,98803221,other,1500,-42.94558,-22.8660279993238
WRK_1821,3304904,84.79388177459123,0.00035971425111802966,0.00016257257062986602,283,104421439,retail,1500,-42.945027,-22.856393999324
WRK_1822,3304904,135.01755847356296,0.0005277530367231631,0.0002404168629828922,474,45623532,personal_services,1500,-42.952039,-22.8471099993242
WRK_1823,3304904,40.37235179225509,0.00017932040927900748,8.070402696214597e-05,135,199542372,wholesale,1500,-42.954556,-22.8325909993245
WRK_1824,3304904,166.96010932625776,0.00047632388609884313,0.00022505975645555027,355,45691279,other,1500,-42.951999,-22.814610999325
WRK_1825,3304904,925.5713873233317,0.000989647492538225,0.0005711659334509659,632,45722326,other,1500,-42.953579,-22.8023009993253
WRK_1826,3304904,2230.5814060898933,0.0014599112641593744,0.0009974145004722312,914,198993919,other,1500,-42.951745,-22.7921589993255
WRK_1827,3304904,177.24446800767873,0.00044345424094198774,0.0002134315611590643,400,45681483,education,1500,-42.948518,-22.7788009993258
WRK_1828,3304904,0.22724098494414519,6.343865470249359e-06,2.6401457388339633e-06,6,199202461,food,1500,-42.955917,-22.768959999326
WRK_1829,3304904,0.0,2.6121054750260264e-06,1.0703425396590738e-06,1,199551806,agriculture,1500,-42.933962,-22.8841479993234
WRK_1830,3304904,0.7004921494546408,7.4007773586933005e-06,3.1579242383035884e-06,7,224744725,personal_services,1500,-42.934606,-22.8667579993238
WRK_1831,3304904,241.8608922074532,0.0004957548906656791,0.0002464265298656119,244,45520280,education,1500,-42.93871,-22.8595149993239
WRK_1832,3304904,126.86612301140636,0.00019776888325003832,0.00010374294478607057,149,223291512,personal_services,1500,-42.941576,-22.8469229993242
WRK_1833,3304904,16.728907367007295,4.496720080261227e-05,2.1419769300276253e-05,26,199163666,personal_services,1500,-42.940023,-22.8344829993245
WRK_1834,3304904,97.88037290530262,0.00031899977434533973,0.00014823134439737102,251,199285234,education,1500,-42.939756,-22.8162669993249
WRK_1835,3304904,26.109913835366186,0.00012602221523211907,5.6311943777211665e-05,89,219073115,vehicle_trade,1500,-42.941447,-22.8030859993252
WRK_1836,3304904,192.39728335485137,0.00017837910666152127,0.0001075255807290101,159,220989510,personal_services,1500,-42.943179,-22.7887039993256
WRK_1837,3304904,48.52930783597546,0.00017490183820253119,8.035327898932053e-05,180,45682443,other,1500,-42.94315,-22.7796889993258
WRK_1838,3304904,0.0,2.6121054750260264e-06,1.0703425396590738e-06,1,98683601,agriculture,1500,-42.92869,-22.8691129993237
WRK_1839,3304904,18.549081109978392,8.154180134120084e-05,3.673241329011225e-05,73,98413972,personal_services,1500,-42.927182,-22.856696999324
WRK_1840,3304904,2.5884395161382696,3.282725831116471e-05,1.3914617445931251e-05,15,204822359,other,1500,-42.918738,-22.8462299993242
WRK_1841,3304904,29.58771693899529,0.00011984344951044303,5.440252589878724e-05,82,204778473,food,1500,-42.917248,-22.8260169993247
WRK_1842,3304904,4.032856915351998,3.5285343034836815e-05,1.518034939862432e-05,37,96539075,retail,1500,-42.916407,-22.8223689993248
WRK_1843,3304904,0.0,2.6121054750260264e-06,1.0703425396590738e-06,1,98747027,agriculture,1500,-42.903915,-22.8750919993236
WRK_1844,3304904,0.0,5.382440741035953e-06,2.205521694053142e-06,3,98747037,agriculture,1500,-42.900322,-22.8592449993239
WRK_1845,3304904,0.0,9.062597305203307e-06,3.713511383173429e-06,5,98743490,agriculture,1500,-42.90439,-22.8385499993244
WRK_1846,3304904,1.1686792991839239,1.975175935334707e-05,8.302681427133778e-06,10,199240341,wholesale,1500,-42.909562,-22.8252049993247
WRK_1847,3304904,17.832506277654765,5.814908475359617e-05,2.7018715823899224e-05,52,96539029,retail,1500,-42.913484,-22.8219359993248
WRK_1848,3304904,0.0,2.6121054750260264e-06,1.0703425396590738e-06,1,98743507,agriculture,1500,-42.896848,-22.8437679993243
WRK_1849,3305109,17.957895779094475,6.0113970471527465e-05,2.784629249260588e-05,40,46775839,other,1500,-43.397718,-22.8023799993252
WRK_1850,3305109,913.2861251929941,0.0013845472828639973,0.0007307823670678862,852,46609549,other,1500,-43.401521,-22.7933869993255
WRK_1851,3305109,855.8607276768989,0.0004745525333795936,0.0003476235760563543,298,96705948,personal_services,1500,-43.400371,-22.7852719993256
WRK_1852,3305109,516.0757389470615,0.0013201047108322174,0.0006332891495088398,978,46725306,personal_services,1500,-43.388901,-22.8071039993251
WRK_1853,3305109,1057.524615616857,0.0020702530969998684,0.0010375725665508558,1556,46615885,other,1500,-43.390422,-22.7941859993254
WRK_1854,3305109,2231.547742962456,0.002298430085021715,0.0013411809041109033,1752,46716529,other,1500,-43.388567,-22.7806039993258
WRK_1855,3305109,239.32136947951233,0.00048434527105025815,0.0002412968093218774,452,219185360,other,1500,-43.386839,-22.771398999326
WRK_1856,3305109,4798.952956328868,0.002071827328581511,0.001707805359916772,1481,46936555,health,1500,-43.372713,-22.8038399993252
WRK_1857,3305109,7890.146031374707,0.0031366936262435113,0.0026973653568071066,1884,46947216,other,1500,-43.373564,-22.7956279993254
WRK_1858,3305109,4715.325740720459,0.002467709903885417,0.0018550567317494305,1740,224286256,other,1500,-43.374104,-22.7810119993257
WRK_1859,3305109,822.2918705695151,0.0010752194889859872,0.0005877466160419696,822,46668122,retail,1500,-43.375875,-22.770288999326
WRK_1860,3305109,1551.4742069983545,0.0007226333925386847,0.0005737688036202861,428,46879079,education,1500,-43.364902,-22.8026939993252
WRK_1861,3305109,6121.115258683907,0.002268286897473804,0.002024928939142978,1169,199202180,other,1500,-43.362768,-22.7967779993254
WRK_1862,3305109,21789.551147783077,0.002774870885931491,0.005036622228850599,1847,217223851,office,1500,-43.362203,-22.7779139993258
WRK_1863,3305109,2188.082183447447,0.0019146266859462802,0.0011761338634714515,1322,46714618,personal_services,1500,-43.361749,-22.769425999326
WRK_1864,3305109,210.7699625570357,8.664435671058162e-05,7.322421315522728e-05,71,199366931,other,1500,-43.346566,-22.8020429993253
WRK_1865,3305109,3352.4065335489936,0.0011962963973719807,0.001090163383229815,572,199368167,retail,1500,-43.351379,-22.7950709993254
WRK_1866,3305109,1252.9579383358769,0.0014246517393697161,0.0008080053036211016,1069,224347308,personal_services,1500,-43.348309,-22.7800489993258
WRK_1867,3305109,551.3598322947935,0.001533576958378584,0.0007270766905183982,1092,46440659,retail,1500,-43.34787,-22.7667369993261
WRK_1868,3305109,40.487498666572165,6.517944259902656e-05,3.395396087814802e-05,60,223879946,retail,1500,-43.344725,-22.7605129993262
WRK_1869,3305109,11.317234914678387,1.7781685423394415e-05,9.311663676281916e-06,25,47049551,personal_services,1500,-43.33398,-22.8017849993253
WRK_1870,3305109,2899.808582012386,0.0015607915190123227,0.001158520213001422,980,217411823,entertainment,1500,-43.335468,-22.7958239993254
WRK_1871,3305109,348.2595195070177,0.0008764064426227653,0.00042144492924615256,609,96701044,other,1500,-43.335243,-22.7803429993258
WRK_1872,3305109,905.0582645792408,0.0012118377294881816,0.0006585399848323552,905,46447456,retail,1500,-43.333924,-22.7658049993261
WRK_1873,3305109,242.06102202219952,0.00015040138793951947,0.00010494947523502763,132,46387402,office,1500,-43.336286,-22.7600659993262
WRK_1874,3305554,0.15021180097447123,1.085157056100936e-06,4.715393068736721e-07,1,46855237,personal_services,1500,-43.777513,-22.8054819993252
WRK_1875,3305554,2.6168602199451207,1.4573061809365763e-05,6.439820892480325e-06,20,199766264,other,1500,-43.778722,-22.8032779993252
WRK_1876,3305554,0.0008391748868486895,2.635178208247856e-06,1.0799470611991738e-06,2,113565198,agriculture,1500,-43.780795,-22.7902969993255
WRK_1877,3305554,6.033508340425484,7.053632325655133e-05,2.998292291916128e-05,43,46855456,other,1500,-43.772261,-22.8083819993251
WRK_1878,3305554,4.649367677444,3.4822848698173384e-05,1.51011709658774e-05,33,46855889,retail,1500,-43.77494,-22.8035399993252
WRK_1879,3305554,0.0005087363381351933,2.307273322182978e-08,9.545384339434099e-09,1,205117483,other,1500,-43.766818,-22.7854549993256
WRK_1880,3305554,23.421537966827117,0.0001820692887996992,7.879679832837951e-05,141,46854330,other,1500,-43.758284,-22.8095099993251
WRK_1881,3305554,5.634988862952183,3.948082772672049e-05,1.718622799727655e-05,23,46854986,other,1500,-43.752961,-22.8046959993252
WRK_1882,3305554,0.10287849811445296,7.836316425078079e-06,3.2294393521448752e-06,3,46857297,agriculture,1500,-43.754615,-22.7836199993257
WRK_1883,3305554,0.21344467352233815,8.647244103870569e-06,3.5815145671799483e-06,4,110869508,agriculture,1500,-43.752642,-22.7748759993259
WRK_1884,3305554,3.877841267348846,5.229387429367319e-06,2.836807187408175e-06,5,205117544,wholesale,1500,-43.752296,-22.7596489993262
WRK_1885,3305554,0.7424320544616118,1.4214902630896557e-05,5.957602192994256e-06,9,110869467,agriculture,1500,-43.753888,-22.7412999993266
WRK_1886,3305554,0.0,1.799863872441867e-06,7.375164926105629e-07,1,RES_6564,domestic_construction,1500,-43.749535449999996,-22.73572085
WRK_1887,3305554,1.072400508054504,1.3253228714934582e-05,5.622597476231406e-06,10,46858367,personal_services,1500,-43.751499,-22.6989469993276
WRK_1888,3305554,0.11188614580669348,2.6121054750260264e-06,1.0903663337414705e-06,1,110869554,agriculture,1500,-43.749211,-22.6872439993279
WRK_1889,3305554,0.7610030460424708,2.1100526386279564e-05,8.782395299476104e-06,12,110869498,agriculture,1500,-43.737657,-22.8223239993248
WRK_1890,3305554,24.582371823579468,2.207222903722266e-05,1.3443772908722154e-05,11,110869495,agriculture,1500,-43.741495,-22.8080819993251
WRK_1891,3305554,0.45330298185290874,1.9360608690396234e-05,8.014374704970087e-06,9,110869480,agriculture,1500,-43.738033,-22.7976069993253
WRK_1892,3305554,0.1675819053297469,1.4092315025874326e-05,5.804491885647985e-06,7,46857332,agriculture,1500,-43.739735,-22.7797629993258
WRK_1893,3305554,0.07851217907607483,5.224210950052053e-06,2.154736074599509e-06,2,110869513,agriculture,1500,-43.746296,-22.7764329993258
WRK_1894,3305554,0.26398108613894794,1.5672632850156158e-05,6.469298825374339e-06,6,205117526,agriculture,1500,-43.748249,-22.7598209993262
WRK_1895,3305554,0.11043802657316171,5.1833395785144075e-06,2.1437021593616757e-06,2,46857632,agriculture,1500,-43.74193,-22.7451379993266
WRK_1896,3305554,1.9266669009593305,1.4840469685857522e-05,6.425873576178503e-06,12,205063552,other,1500,-43.738656,-22.725716999327
WRK_1897,3305554,14.261932585668319,6.823050435695315e-05,3.051069165743061e-05,41,46856460,personal_services,1500,-43.735289,-22.7219739993271
WRK_1898,3305554,0.5531865025387479,9.839553670923694e-06,4.130880335204671e-06,5,205060877,agriculture,1500,-43.740708,-22.7044499993275
WRK_1899,3305554,0.01867208745384631,2.307273322182978e-08,1.2796003081951472e-08,1,205061487,other,1500,-43.748405,-22.6860909993279
WRK_1900,3305554,0.08037209550082176,2.307273322182978e-08,2.3838194651847734e-08,1,46858469,other,1500,-43.74188,-22.681152999328
WRK_1901,3305554,0.03930761910548123,2.307273322182978e-08,1.648905760263367e-08,1,46856851,other,1500,-43.722558,-22.8355559993245
WRK_1902,3305554,2.217238412249605,2.094298926665187e-05,8.978458849068644e-06,10,110869499,agriculture,1500,-43.725402,-22.8294049993246
WRK_1903,3305554,1.9273008464705148,2.2683516967474776e-05,9.639772701476221e-06,11,46856953,agriculture,1500,-43.725047,-22.812047999325
WRK_1904,3305554,0.4917505153537032,1.0448421900104105e-05,4.369376685166999e-06,4,110157059,agriculture,1500,-43.731559,-22.7943359993254
WRK_1905,3305554,99.15740321177465,5.478689724362462e-05,4.019539348447052e-05,59,46784932,other,1500,-43.721317,-22.7550859993263
WRK_1906,3305554,73.74401822800723,1.9979492334495783e-05,2.138450174302629e-05,23,46857651,other,1500,-43.728874,-22.7413309993267
WRK_1907,3305554,1.3881316360447695,1.9119847305921312e-05,8.083022110633063e-06,18,46857780,vehicle_trade,1500,-43.733194,-22.7311879993269
WRK_1908,3305554,1847.661009587775,0.0004935732828948065,0.0005329158987549484,254,205052343,industry,1500,-43.725297,-22.7186079993272
WRK_1909,3305554,83.66406211387532,6.708782586124363e-05,4.246307294087203e-05,29,223419197,other,1500,-43.722645,-22.7059709993275
WRK_1910,3305554,0.08215081171935276,2.6121054750260264e-06,1.0850447257582543e-06,1,110869547,agriculture,1500,-43.724268,-22.6962649993277
WRK_1911,3305554,0.7922085114647666,1.4859794317966966e-06,7.50676692646178e-07,1,205061496,wholesale,1500,-43.722679,-22.6596409993286
WRK_1912,3305554,1005.4884013768096,0.00029212384579337136,0.00029964940099003125,162,46904597,other,1500,-43.71296,-22.8378319993244
WRK_1913,3305554,0.9418427420886784,3.245517174114415e-06,1.4984484649023514e-06,3,110157052,agriculture,1500,-43.71571,-22.8218469993248
WRK_1914,3305554,0.07528819150444425,6.377016912132271e-05,2.6144089878680554e-05,4,198796056,agriculture,1500,-43.705875,-22.815292999325
WRK_1915,3305554,0.8457597802635656,3.901016536119059e-06,1.7498518748509942e-06,3,110157051,agriculture,1500,-43.715942,-22.8044849993252
WRK_1916,3305554,0.014003048928914352,2.6121054750260264e-06,1.0728486065742998e-06,1,198796067,agriculture,1500,-43.718142,-22.7792039993258
WRK_1917,3305554,7.332631105466611,3.1362343237702293e-06,2.597401044770801e-06,5,46857501,other,1500,-43.712094,-22.768890999326
WRK_1918,3305554,195.42202635572664,0.0001759629000646717,0.00010707683574283781,122,46783834,personal_services,1500,-43.712759,-22.7532909993264
WRK_1919,3305554,3517.7693476254585,0.0004731154210374338,0.0008234253188261401,338,46858230,other,1500,-43.707173,-22.7416419993267
WRK_1920,3305554,128.72509767179233,5.458657452731336e-06,2.527414308246723e-05,21,220434134,other,1500,-43.709416,-22.7338179993268
WRK_1921,3305554,45.11349097622815,0.00014385997306604254,6.702217623671673e-05,36,46792101,office,1500,-43.716342,-22.7159669993273
WRK_1922,3305554,20.531117713818116,8.166495084572192e-05,3.7137592098499333e-05,78,46850060,other,1500,-43.717125,-22.7074379993274
WRK_1923,3305554,10.103892393687332,1.6803935372700754e-05,8.693871674429553e-06,9,110869544,agriculture,1500,-43.714308,-22.6909789993278
WRK_1924,3305554,28.70112649663566,1.2475733763195361e-05,1.0248606469634025e-05,8,46856803,other,1500,-43.69435,-22.8473049993242
WRK_1925,3305554,20.21533230843811,2.37796871119834e-06,4.592255310785687e-06,11,46856756,other,1500,-43.698479,-22.8420849993243
WRK_1926,3305554,29.4887638188651,3.1494178782050315e-05,1.818260979053282e-05,28,199465059,other,1500,-43.695076,-22.8241399993247
WRK_1927,3305554,2.3651467000070605,1.6585624486556608e-05,7.219445239629326e-06,12,96722657,other,1500,-43.693681,-22.8177829993249
WRK_1928,3305554,0.2518979065093359,2.6121054750260264e-06,1.1154236511171824e-06,1,214396581,agriculture,1500,-43.695531,-22.7779279993258
WRK_1929,3305554,13.0888578986205,0.00014927735021924747,6.351069933948924e-05,29,214396380,other,1500,-43.690146,-22.7666039993261
WRK_1930,3305554,115.64852757708519,0.00010091448098992,6.204808902792345e-05,57,214396631,other,1500,-43.69636,-22.7572009993263
WRK_1931,3305554,1614.3712244187736,0.001259416111362468,0.000804978579932661,963,46781689,other,1500,-43.700588,-22.7445859993266
WRK_1932,3305554,141.7715777085588,0.00021799982245432323,0.000114700389144905,122,199299901,other,1500,-43.697785,-22.7355839993268
WRK_1933,3305554,0.04767055609556562,2.0263099790674453e-06,8.388369861807536e-07,3,199398415,other,1500,-43.690651,-22.7136289993273
WRK_1934,3305554,14.523087096726883,7.818420171171516e-06,5.802830371729901e-06,5,46858516,agriculture,1500,-43.698885,-22.6996589993276
WRK_1935,3305554,4.434366304036464,1.9014250930813124e-05,8.584924526983891e-06,7,46858522,office,1500,-43.694158,-22.6946609993277
WRK_1936,3305554,0.9125478070127202,3.428830887668241e-05,1.421337368590958e-05,13,110869525,agriculture,1500,-43.696223,-22.6772059993281
WRK_1937,3305554,1.618694504485192,2.6523599300909547e-05,1.1158063971190852e-05,14,205069274,retail,1500,-43.67454,-22.8609309993239
WRK_1938,3305554,20.086807157592215,3.5618401082416645e-05,1.818993217321566e-05,33,110869559,agriculture,1500,-43.679542,-22.8536979993241
WRK_1939,3305554,89.71753588983599,7.042591066009532e-06,1.89421598086361e-05,17,199466483,other,1500,-43.679787,-22.8379339993244
WRK_1940,3305554,9.796471062748122,2.8036846986390353e-05,1.3241678294432424e-05,11,46856710,other,1500,-43.676933,-22.8280079993247
WRK_1941,3305554,0.9955804058594303,4.614546644365956e-08,1.970835240147362e-07,2,199464939,other,1500,-43.67898,-22.814798999325
WRK_1942,3305554,1397.3088475683387,1.5939191888949098e-05,0.00025660178296382314,8,46791882,education,1500,-43.680908,-22.7806819993258
WRK_1943,3305554,1599.8797949962825,0.0002396617255361302,0.00038452813193795186,80,214396395,education,1500,-43.686795,-22.7730629993259
WRK_1944,3305554,16.100465598785924,8.257509441097563e-05,3.671759946649589e-05,30,224570981,education,1500,-43.68426,-22.7584889993263
WRK_1945,3305554,24.216305899661293,0.00018984137745162123,8.212374410496322e-05,126,219781005,other,1500,-43.687396,-22.7444379993266
WRK_1946,3305554,570.2511127697524,3.577758300449956e-05,0.00011671575642618584,18,199392961,personal_services,1500,-43.68891,-22.7327879993268
WRK_1947,3305554,255.2986420331154,4.673008019601036e-06,4.760454968475512e-05,5,199392974,other,1500,-43.683855,-22.7225149993271
WRK_1948,3305554,479.00174480177594,1.970220375755967e-05,9.379815433186722e-05,12,46858486,other,1500,-43.688751,-22.7017009993276
WRK_1949,3305554,78.14497596414743,3.887226273827071e-05,2.9913669129672836e-05,18,110157026,agriculture,1500,-43.67969,-22.6856239993279
WRK_1950,3305554,150.51628376495862,0.0001297697506090912,8.011202883207138e-05,15,110869538,agriculture,1500,-43.684032,-22.681615999328
WRK_1951,3305554,143.63528129095468,2.3825479745695572e-05,3.546858878629749e-05,12,205061267,other,1500,-43.681126,-22.6639489993284
WRK_1952,3305554,3.8019771673785665,2.9850471166645352e-05,1.2912023821645717e-05,34,199301124,other,1500,-43.673967,-22.8605139993239
WRK_1953,3305554,5.332018493838081,5.3845891463020465e-05,2.3018269275622303e-05,35,199758433,personal_services,1500,-43.67364,-22.856725999324
WRK_1954,3305554,0.9880107397257571,5.339574616161201e-06,2.364776905738841e-06,7,46856631,agriculture,1500,-43.669925,-22.8381639993244
WRK_1955,3305554,1.013292984883138,6.913670558235214e-06,3.0143068526497653e-06,9,46856601,agriculture,1500,-43.665978,-22.8210739993248
WRK_1956,3305554,7.6705172459059705,5.387190819291009e-06,3.580228386258092e-06,11,46847184,agriculture,1500,-43.668388,-22.8069669993251
WRK_1957,3305554,2.369861901202789,1.555197631462186e-06,1.0613857143555215e-06,4,46847192,wholesale,1500,-43.664262,-22.8041829993252
WRK_1958,3305554,17.0319133899419,2.0124929835362707e-05,1.1294569098615456e-05,12,46791942,education,1500,-43.665474,-22.7777719993258
WRK_1959,3305554,15.296402197350341,4.6457766944113055e-05,2.1774177780538282e-05,40,46791231,health,1500,-43.665932,-22.7736959993259
WRK_1960,3305554,7.496715465867584,4.0549596923420545e-05,1.7957354799207386e-05,14,224570942,education,1500,-43.673936,-22.7559489993263
WRK_1961,3305554,0.2431906090448265,4.614546644365956e-08,6.243147882639782e-08,2,46793773,other,1500,-43.662315,-22.7376559993267
WRK_1962,3305554,8.143552682828446,4.233492270376718e-05,1.8804675871523978e-05,35,46793154,agriculture,1500,-43.669026,-22.727807999327
WRK_1963,3305554,0.014328323321894225,2.635178208247856e-06,1.0823611574991474e-06,2,46858771,agriculture,1500,-43.662818,-22.7098009993274
WRK_1964,3305554,0.0006608770974269923,5.224210950052053e-06,2.1408033537194796e-06,2,46858686,agriculture,1500,-43.66366,-22.7040609993275
WRK_1965,3305554,1.1247657711747707,1.2641808745527807e-05,5.381432169708505e-06,7,199096550,agriculture,1500,-43.671383,-22.6747649993282
WRK_1966,3305554,183.99051301639093,8.304320789262034e-05,6.695599214004335e-05,15,46858384,other,1500,-43.666141,-22.6613839993285
WRK_1967,3305554,0.037375153124573665,5.224210950052053e-06,2.14737395366062e-06,2,110157053,agriculture,1500,-43.672069,-22.6536369993287
WRK_1968,3305554,2.7488239830829273,5.982940309437983e-06,2.9435293177846026e-06,9,46856506,personal_services,1500,-43.65387,-22.8347499993245
WRK_1969,3305554,103.31341965930847,0.00011280575054567757,6.471312135622675e-05,68,218775719,personal_services,1500,-43.648741,-22.8228879993248
WRK_1970,3305554,49.269468464398685,0.00021297622232818692,9.608719244597019e-05,145,46844553,personal_services,1500,-43.648334,-22.8108249993251
WRK_1971,3305554,300.2074308061805,0.000449950558826983,0.0002380996733407946,366,46845743,other,1500,-43.649507,-22.7974559993254
WRK_1972,3305554,0.572938733865832,3.670259868340893e-06,1.6064708369094594e-06,5,199097579,other,1500,-43.65366,-22.7816719993257
WRK_1973,3305554,19.021898289042987,5.62156965472414e-05,2.6439346581316996e-05,31,224331933,personal_services,1500,-43.654643,-22.7673649993261
WRK_1974,3305554,0.15298763465480278,3.6972625311269625e-06,1.5423786258401497e-06,2,46791677,agriculture,1500,-43.646392,-22.7617709993262
WRK_1975,3305554,8.080820161805086,6.9052374896246024e-06,4.275696984578766e-06,10,46793803,wholesale,1500,-43.651709,-22.7390679993267
WRK_1976,3305554,177.26110896511216,0.0002705547126325681,0.00014258681819914154,273,46793745,other,1500,-43.654787,-22.7293079993269
WRK_1977,3305554,1.069917169798003,6.751866015386341e-06,2.9581392319055924e-06,9,46858757,personal_services,1500,-43.653645,-22.7107769993274
WRK_1978,3305554,0.751397684075451,1.8572203380883645e-05,7.744664632111832e-06,11,46858720,agriculture,1500,-43.650804,-22.7048579993275
WRK_1979,3305554,0.0005087363381351933,2.307273322182978e-08,9.545384339434099e-09,1,46858737,other,1500,-43.65262,-22.6865809993279
WRK_1980,3305554,20.71887886697955,2.4028354706096286e-05,1.3553886481284589e-05,10,98719731,industry,1500,-43.654076,-22.6787629993281
WRK_1981,3305554,0.5758027998968385,4.121157640044552e-06,1.7917443479952326e-06,3,199096472,other,1500,-43.653815,-22.6598809993285
WRK_1982,3305554,0.09279765521612729,2.170314112201872e-06,9.059206691817728e-07,2,217012155,personal_services,1500,-43.638843,-22.8350179993245
WRK_1983,3305554,158.065877226106,0.000251952517281399,0.00013152904838874778,226,199098034,other,1500,-43.634964,-22.8228469993248
WRK_1984,3305554,297.7686463102922,0.0007221940092872117,0.0003492183367818223,682,46842866,personal_services,1500,-43.637807,-22.8090559993251
WRK_1985,3305554,2760.1398019209405,0.0006333997530047333,0.0007535140260881138,432,46794830,vehicle_trade,1500,-43.642976,-22.7991459993253
WRK_1986,3305554,10.601816466502981,3.1578000697131204e-05,1.4836839132369583e-05,25,46859608,other,1500,-43.63997,-22.7892619993256
WRK_1987,3305554,1.4727133984704444,4.1932804829292835e-05,1.74460509784315e-05,16,46791580,agriculture,1500,-43.641514,-22.770567999326
WRK_1988,3305554,0.16794989104117586,6.467597797136889e-06,2.6802355124836277e-06,4,46791669,personal_services,1500,-43.642055,-22.7620309993262
WRK_1989,3305554,4.181710501530696,2.3438545177470423e-05,1.0352617090275582e-05,13,199747815,wholesale,1500,-43.642446,-22.6626919993285
WRK_1990,3305554,0.1471442494103575,3.6972625311269625e-06,1.541332859699621e-06,2,199096501,agriculture,1500,-43.646715,-22.6542739993287
WRK_1991,3305554,19.391735898395044,3.0491669322815556e-05,1.5964796411359548e-05,39,219239037,other,1500,-43.627601,-22.8215649993248
WRK_1992,3305554,26.86643057939107,1.0794603544848542e-05,9.23139473034904e-06,14,199768993,other,1500,-43.628961,-22.8159419993249
